ISO-10303-21;
HEADER;
FILE_DESCRIPTION (( 'STEP AP203' ),
    '1' );
FILE_NAME ('µ××ù.STEP',
    '2026-05-20T15:57:29',
    ( '' ),
    ( '' ),
    'SwSTEP 2.0',
    'SolidWorks 2025',
    '' );
FILE_SCHEMA (( 'CONFIG_CONTROL_DESIGN' ));
ENDSEC;

DATA;
#1 = VERTEX_POINT ( 'NONE', #23 ) ;
#2 = CARTESIAN_POINT ( 'NONE',  ( 11.50000000000000355, 10.87054224807963010, -150.0000000000000000 ) ) ;
#3 = CARTESIAN_POINT ( 'NONE',  ( -3.038308963553172592, -0.7673595925041266641, 4.066994592440462110E-15 ) ) ;
#4 = CARTESIAN_POINT ( 'NONE',  ( -3.176582343749998039, 1.315783488776162580, -0.3125000017069959335 ) ) ;
#5 = CARTESIAN_POINT ( 'NONE',  ( 2.499999999999997780, 1.035533905932736642, -4.921875000000003553 ) ) ;
#6 = PLANE ( 'NONE',  #583 ) ;
#7 = CARTESIAN_POINT ( 'NONE',  ( 1.945095699750716087E-16, 3.176582343749998039, -8.046875001706995434 ) ) ;
#8 = CARTESIAN_POINT ( 'NONE',  ( 2.246182916263079310, -2.246182916263080198, -3.359375001706994990 ) ) ;
#9 = ORIENTED_EDGE ( 'NONE', *, *, #1420, .F. ) ;
#10 = CARTESIAN_POINT ( 'NONE',  ( -4.592425496802570028E-16, -2.499999999999997780, -1.875000003413986871 ) ) ;
#11 = VERTEX_POINT ( 'NONE', #833 ) ;
#12 = LINE ( 'NONE', #441, #540 ) ;
#13 = EDGE_CURVE ( 'NONE', #358, #385, #1049, .T. ) ;
#14 = LINE ( 'NONE', #426, #1859 ) ;
#15 = CARTESIAN_POINT ( 'NONE',  ( -1.315783488776164134, -3.176582343749997150, -8.593750001706997210 ) ) ;
#16 = CARTESIAN_POINT ( 'NONE',  ( -2.499999999999997780, 1.035533905932737087, -2.265625003413987315 ) ) ;
#17 = CARTESIAN_POINT ( 'NONE',  ( -1.035533905932738197, -2.499999999999997335, -4.140625000000003553 ) ) ;
#18 = CARTESIAN_POINT ( 'NONE',  ( 0.000000000000000000, 0.000000000000000000, 0.000000000000000000 ) ) ;
#19 = CARTESIAN_POINT ( 'NONE',  ( 3.176582343749998039, 1.315783488776162580, -8.281250001706995434 ) ) ;
#20 =( LENGTH_UNIT ( ) NAMED_UNIT ( * ) SI_UNIT ( .MILLI., .METRE. ) );
#21 = CARTESIAN_POINT ( 'NONE',  ( -1.315783488776161914, 3.176582343749997595, -2.812500001706996322 ) ) ;
#22 = CARTESIAN_POINT ( 'NONE',  ( 2.246182916263079310, -2.246182916263080198, -8.515625001706993658 ) ) ;
#23 = CARTESIAN_POINT ( 'NONE',  ( -2.499999999999997780, 3.061616997868380676E-16, -6.875000000000003553 ) ) ;
#24 = CARTESIAN_POINT ( 'NONE',  ( 1.767766952966367544, 1.767766952966367544, -2.656250003413986871 ) ) ;
#25 =( BOUNDED_CURVE ( )  B_SPLINE_CURVE ( 2, ( #194, #996, #1011, #1358, #348, #2084, #1612, #625, #1668 ),
 .UNSPECIFIED., .F., .F. ) 
 B_SPLINE_CURVE_WITH_KNOTS ( ( 3, 2, 2, 2, 3 ),
 ( 0.7500000000000000000, 0.7656250000000000000, 0.7812500000000000000, 0.7968750000000000000, 0.8125000000000000000 ),
 .UNSPECIFIED. ) 
 CURVE ( )  GEOMETRIC_REPRESENTATION_ITEM ( )  RATIONAL_B_SPLINE_CURVE ( ( 1.000000000000000000, 0.9238795325112867385, 1.000000000000000000, 0.9238795325112867385, 1.000000000000000000, 0.9238795325112867385, 1.000000000000000000, 0.9238795325112867385, 1.000000000000000000 ) ) 
 REPRESENTATION_ITEM ( '' )  );
#26 = ORIENTED_EDGE ( 'NONE', *, *, #2504, .F. ) ;
#27 = CARTESIAN_POINT ( 'NONE',  ( -2.246182916263080198, -2.246182916263079754, -7.421875001706995434 ) ) ;
#28 = ORIENTED_EDGE ( 'NONE', *, *, #438, .T. ) ;
#29 = DIRECTION ( 'NONE',  ( -0.000000000000000000, -0.000000000000000000, 1.000000000000000000 ) ) ;
#30 = CARTESIAN_POINT ( 'NONE',  ( -3.176582343749998039, 3.890191399501432173E-16, -0.2343750017069958780 ) ) ;
#31 = AXIS2_PLACEMENT_3D ( 'NONE', #1497, #2272, #1079 ) ;
#32 = EDGE_CURVE ( 'NONE', #347, #1274, #204, .T. ) ;
#33 = AXIS2_PLACEMENT_3D ( 'NONE', #1097, #2342, #685 ) ;
#34 = DIRECTION ( 'NONE',  ( 1.000000000000000000, 0.000000000000000000, 0.000000000000000000 ) ) ;
#35 = CARTESIAN_POINT ( 'NONE',  ( -1.315783488776162136, 3.176582343749998039, -6.718750001706995434 ) ) ;
#36 = CARTESIAN_POINT ( 'NONE',  ( -0.7663164869611848173, -3.038438457652687497, -2.766933936737950957E-16 ) ) ;
#37 = AXIS2_PLACEMENT_3D ( 'NONE', #553, #830, #1811 ) ;
#38 = CARTESIAN_POINT ( 'NONE',  ( 3.176582343749997595, 1.315783488776162136, -3.125000001706994990 ) ) ;
#39 = CARTESIAN_POINT ( 'NONE',  ( 1.767766952966366878, -1.767766952966367766, -0.1562500000000036082 ) ) ;
#40 = ORIENTED_EDGE ( 'NONE', *, *, #1747, .F. ) ;
#41 = CARTESIAN_POINT ( 'NONE',  ( 1.035533905932736864, 2.499999999999997780, -3.828125003413986871 ) ) ;
#42 = VERTEX_POINT ( 'NONE', #2245 ) ;
#43 =( BOUNDED_CURVE ( )  B_SPLINE_CURVE ( 2, ( #1743, #164, #1798, #2543, #369, #1985, #780, #967, #180 ),
 .UNSPECIFIED., .F., .F. ) 
 B_SPLINE_CURVE_WITH_KNOTS ( ( 3, 2, 2, 2, 3 ),
 ( 0.6875000000000000000, 0.7031250000000000000, 0.7187500000000000000, 0.7343750000000000000, 0.7500000000000000000 ),
 .UNSPECIFIED. ) 
 CURVE ( )  GEOMETRIC_REPRESENTATION_ITEM ( )  RATIONAL_B_SPLINE_CURVE ( ( 1.000000000000000000, 0.9238795325112867385, 1.000000000000000000, 0.9238795325112867385, 1.000000000000000000, 0.9238795325112867385, 1.000000000000000000, 0.9238795325112867385, 1.000000000000000000 ) ) 
 REPRESENTATION_ITEM ( '' )  );
#44 = CARTESIAN_POINT ( 'NONE',  ( -3.176582343749998927, -1.315783488776161692, -7.500000001706995434 ) ) ;
#45 = CC_DESIGN_PERSON_AND_ORGANIZATION_ASSIGNMENT ( #1109, #459, ( #212 ) ) ;
#46 = CARTESIAN_POINT ( 'NONE',  ( -2.246182916263080198, -2.246182916263079754, -8.828125001706995434 ) ) ;
#47 = LINE ( 'NONE', #1866, #1052 ) ;
#48 = CYLINDRICAL_SURFACE ( 'NONE', #166, 2.499999999999997780 ) ;
#49 = CARTESIAN_POINT ( 'NONE',  ( 6.500000000000000000, 0.000000000000000000, 0.000000000000000000 ) ) ;
#50 = CARTESIAN_POINT ( 'NONE',  ( -2.246182916263079754, 2.246182916263080198, -6.640625001706995434 ) ) ;
#51 = PERSON_AND_ORGANIZATION ( #1352, #1944 ) ;
#52 = EDGE_CURVE ( 'NONE', #687, #659, #422, .T. ) ;
#53 = CARTESIAN_POINT ( 'NONE',  ( -3.176582343749998039, 3.890191399501432173E-16, -8.984375001706995434 ) ) ;
#54 = ORIENTED_EDGE ( 'NONE', *, *, #1581, .F. ) ;
#55 = CARTESIAN_POINT ( 'NONE',  ( 1.315783488776163024, -3.176582343749997595, -4.687500001706995434 ) ) ;
#56 = CARTESIAN_POINT ( 'NONE',  ( 2.499999999999997780, 0.000000000000000000, -1.562500003413987537 ) ) ;
#57 = CARTESIAN_POINT ( 'NONE',  ( -3.176582343749998039, 3.890191399501432173E-16, -0.2343750017069958780 ) ) ;
#58 = ORIENTED_EDGE ( 'NONE', *, *, #1319, .F. ) ;
#59 = B_SPLINE_CURVE_WITH_KNOTS ( 'NONE', 3,
 ( #397, #1210, #3, #2424, #413, #1221 ),
 .UNSPECIFIED., .F., .F.,
 ( 4, 2, 4 ),
 ( 0.000000000000000000, 0.0006856336676424628533, 0.001371267335284925707 ),
 .UNSPECIFIED. ) ;
#60 = CARTESIAN_POINT ( 'NONE',  ( 1.945095699750716087E-16, 3.176582343749998039, -9.140625001706995434 ) ) ;
#61 = CARTESIAN_POINT ( 'NONE',  ( 2.342185710582818992, -1.103546117148341610, -0.4459432847754752349 ) ) ;
#62 = LINE ( 'NONE', #1306, #751 ) ;
#63 = CARTESIAN_POINT ( 'NONE',  ( 1.767766952966367544, 1.767766952966367544, -3.906250003413986871 ) ) ;
#64 = CARTESIAN_POINT ( 'NONE',  ( -1.315783488776162136, 3.176582343749998039, -5.468750001706996322 ) ) ;
#65 = CARTESIAN_POINT ( 'NONE',  ( 0.6409138145551629417, 2.736122209853653064, -0.2206724302505538304 ) ) ;
#66 = CARTESIAN_POINT ( 'NONE',  ( -1.315783488776161914, 3.176582343749997595, -7.968750001706996322 ) ) ;
#67 = CARTESIAN_POINT ( 'NONE',  ( 9.000000000000000000, -1.419319207617387730E-15, -10.00000000000000000 ) ) ;
#68 = EDGE_CURVE ( 'NONE', #678, #1736, #2500, .T. ) ;
#69 = CARTESIAN_POINT ( 'NONE',  ( 3.176582343749996706, -1.315783488776164800, -2.187500001706995878 ) ) ;
#70 = EDGE_LOOP ( 'NONE', ( #1232, #2001, #1381, #303 ) ) ;
#71 = CARTESIAN_POINT ( 'NONE',  ( -2.246182916263080198, -2.246182916263079754, -8.671875001706995434 ) ) ;
#72 = CARTESIAN_POINT ( 'NONE',  ( 1.945095699750716087E-16, 3.176582343749998039, -9.296875001706995434 ) ) ;
#73 = DIRECTION ( 'NONE',  ( -0.000000000000000000, -0.000000000000000000, 1.000000000000000000 ) ) ;
#74 = CARTESIAN_POINT ( 'NONE',  ( 1.530808498934190338E-16, 2.499999999999997780, -0.9375000000000043299 ) ) ;
#75 = CARTESIAN_POINT ( 'NONE',  ( 1.945095699750716087E-16, 3.176582343749998039, -4.296875001706995434 ) ) ;
#76 = CARTESIAN_POINT ( 'NONE',  ( 0.1039813855464669506, 2.832429749154282916, -0.1966083731513860178 ) ) ;
#77 = SECURITY_CLASSIFICATION_LEVEL ( 'unclassified' ) ;
#78 = CIRCLE ( 'NONE', #288, 8.000000000000000000 ) ;
#79 = CARTESIAN_POINT ( 'NONE',  ( -1.315783488776164134, -3.176582343749996706, -5.000000001706996322 ) ) ;
#80 = DIRECTION ( 'NONE',  ( 1.000000000000000000, 0.000000000000000000, 0.000000000000000000 ) ) ;
#81 = APPROVAL ( #2117, 'æœª' ) ;
#82 = CARTESIAN_POINT ( 'NONE',  ( -1.035533905932736864, 2.499999999999997780, -8.359375000000003553 ) ) ;
#83 = CARTESIAN_POINT ( 'NONE',  ( -1.315783488776164134, -3.176582343749996706, -1.706995655936793810E-09 ) ) ;
#84 = ORIENTED_EDGE ( 'NONE', *, *, #1645, .T. ) ;
#85 = EDGE_CURVE ( 'NONE', #1368, #1342, #206, .T. ) ;
#86 = CARTESIAN_POINT ( 'NONE',  ( -1.315783488776161914, 3.176582343749997595, -1.562500001706995434 ) ) ;
#87 = ORIENTED_EDGE ( 'NONE', *, *, #1434, .T. ) ;
#88 = EDGE_CURVE ( 'NONE', #333, #42, #1029, .T. ) ;
#89 = DIRECTION ( 'NONE',  ( -0.000000000000000000, -0.000000000000000000, 1.000000000000000000 ) ) ;
#90 = CARTESIAN_POINT ( 'NONE',  ( -1.035533905932738197, -2.499999999999997335, -8.203125003413987315 ) ) ;
#91 = CARTESIAN_POINT ( 'NONE',  ( 1.767766952966367544, 1.767766952966367544, -7.656250003413987315 ) ) ;
#92 = CARTESIAN_POINT ( 'NONE',  ( -2.499999999999997780, 3.061616997868380676E-16, 0.000000000000000000 ) ) ;
#93 = CARTESIAN_POINT ( 'NONE',  ( -1.315783488776164134, -3.176582343749997150, -3.750000001706995434 ) ) ;
#94 = FACE_OUTER_BOUND ( 'NONE', #450, .T. ) ;
#95 = PERSON_AND_ORGANIZATION ( #1352, #1944 ) ;
#96 = CARTESIAN_POINT ( 'NONE',  ( 2.246182916263079310, -2.246182916263080198, -6.015625001706995434 ) ) ;
#97 = CARTESIAN_POINT ( 'NONE',  ( 2.499999999999997780, 0.000000000000000000, 0.9374999965860130180 ) ) ;
#98 = CARTESIAN_POINT ( 'NONE',  ( 1.945095699750716087E-16, 3.176582343749998039, -1.796875001706995434 ) ) ;
#99 = ORIENTED_EDGE ( 'NONE', *, *, #1645, .F. ) ;
#100 = CARTESIAN_POINT ( 'NONE',  ( 3.176582343749998039, 0.000000000000000000, -3.203125001706994990 ) ) ;
#101 = ORIENTED_EDGE ( 'NONE', *, *, #2380, .T. ) ;
#102 = CARTESIAN_POINT ( 'NONE',  ( -1.315783488776161914, 3.176582343749997595, -9.218750001706997210 ) ) ;
#103 = CARTESIAN_POINT ( 'NONE',  ( -0.8585645058173555499, -2.742331264048075923, -0.1631855249101765160 ) ) ;
#104 = CARTESIAN_POINT ( 'NONE',  ( -1.035533905932736864, 2.499999999999997780, -3.359375000000004441 ) ) ;
#105 = CARTESIAN_POINT ( 'NONE',  ( -1.315783488776162136, 3.176582343749998039, -4.218750001706995434 ) ) ;
#106 = CARTESIAN_POINT ( 'NONE',  ( 3.176582343749996706, -1.315783488776164800, -3.437500001706995434 ) ) ;
#107 = CARTESIAN_POINT ( 'NONE',  ( 1.035533905932737309, -2.499999999999997335, -0.5468750034139867600 ) ) ;
#108 = CARTESIAN_POINT ( 'NONE',  ( -2.246182916263079754, 2.246182916263080198, -1.640625001706995434 ) ) ;
#109 = ORIENTED_EDGE ( 'NONE', *, *, #1281, .F. ) ;
#110 = CARTESIAN_POINT ( 'NONE',  ( 3.176582343749998039, 0.000000000000000000, -5.703125001706995434 ) ) ;
#111 = CARTESIAN_POINT ( 'NONE',  ( -3.176582343749997595, 1.315783488776162580, -5.156250001706996322 ) ) ;
#112 = VERTEX_POINT ( 'NONE', #471 ) ;
#113 = CARTESIAN_POINT ( 'NONE',  ( 3.176582343749997595, 1.315783488776162136, -5.781250001706997210 ) ) ;
#114 = DIRECTION ( 'NONE',  ( -0.000000000000000000, -0.000000000000000000, 1.000000000000000000 ) ) ;
#115 = CARTESIAN_POINT ( 'NONE',  ( 1.035533905932737309, -2.499999999999997335, -7.734375000000003553 ) ) ;
#116 = CARTESIAN_POINT ( 'NONE',  ( 1.945095699750716087E-16, 3.176582343749998039, -1.796875001706995434 ) ) ;
#117 = ADVANCED_FACE ( 'NONE', ( #94 ), #1282, .F. ) ;
#118 = CARTESIAN_POINT ( 'NONE',  ( -9.000000000000001776, 10.87054224807963010, -150.0000000000000000 ) ) ;
#119 = CARTESIAN_POINT ( 'NONE',  ( 1.035533905932737309, -2.499999999999997335, -7.734375000000002665 ) ) ;
#120 = VECTOR ( 'NONE', #2251, 1000.000000000000000 ) ;
#121 = CARTESIAN_POINT ( 'NONE',  ( 1.315783488776162580, 3.176582343749997595, -0.6250000017069944347 ) ) ;
#122 = CARTESIAN_POINT ( 'NONE',  ( 1.945095699750716087E-16, 3.176582343749998039, -4.140625001706995434 ) ) ;
#123 = LINE ( 'NONE', #67, #2021 ) ;
#124 = VECTOR ( 'NONE', #2592, 1000.000000000000000 ) ;
#125 = CARTESIAN_POINT ( 'NONE',  ( 1.945095699750716087E-16, 3.176582343749998039, -5.390625001706995434 ) ) ;
#126 = ORIENTED_EDGE ( 'NONE', *, *, #1071, .F. ) ;
#127 = CARTESIAN_POINT ( 'NONE',  ( -5.835287099252147767E-16, -3.176582343749998039, -2.265625001706994990 ) ) ;
#128 = EDGE_LOOP ( 'NONE', ( #2419, #156 ) ) ;
#129 = CARTESIAN_POINT ( 'NONE',  ( 3.176582343749998039, 1.315783488776162580, -1.875000001706995656 ) ) ;
#130 = CARTESIAN_POINT ( 'NONE',  ( 3.176582343749996706, -1.315783488776164800, -7.187500001706994546 ) ) ;
#131 = CARTESIAN_POINT ( 'NONE',  ( -15.00000000000000178, 14.99999999999999822, -10.00000000000000000 ) ) ;
#132 = CARTESIAN_POINT ( 'NONE',  ( 2.499999999999997780, 0.000000000000000000, -6.250000000000003553 ) ) ;
#133 =( BOUNDED_CURVE ( )  B_SPLINE_CURVE ( 2, ( #779, #1579, #2393, #2542, #735, #1445, #790, #1201, #1796 ),
 .UNSPECIFIED., .F., .T. ) 
 B_SPLINE_CURVE_WITH_KNOTS ( ( 3, 2, 2, 2, 3 ),
 ( 0.000000000000000000, 0.01562500000000001388, 0.03125000000000002776, 0.04687500000000004163, 0.06250000000000005551 ),
 .UNSPECIFIED. ) 
 CURVE ( )  GEOMETRIC_REPRESENTATION_ITEM ( )  RATIONAL_B_SPLINE_CURVE ( ( 1.000000000000000000, 0.9238795325112867385, 1.000000000000000000, 0.9238795325112867385, 1.000000000000000000, 0.9238795325112867385, 1.000000000000000000, 0.9238795325112865164, 1.000000000000000222 ) ) 
 REPRESENTATION_ITEM ( '' )  );
#134 = CARTESIAN_POINT ( 'NONE',  ( -11.49999999999999645, -11.12945775192036812, -10.00000000000000888 ) ) ;
#135 = CARTESIAN_POINT ( 'NONE',  ( -2.499999999999997780, 3.061616997868380676E-16, -8.125000000000003553 ) ) ;
#136 = CARTESIAN_POINT ( 'NONE',  ( -2.246182916263079754, 2.246182916263080198, -2.890625001706995434 ) ) ;
#137 = PLANE ( 'NONE',  #757 ) ;
#138 = EDGE_CURVE ( 'NONE', #729, #659, #149, .T. ) ;
#139 = CARTESIAN_POINT ( 'NONE',  ( -3.176582343749998039, 3.890191399501432173E-16, -7.578125001706995434 ) ) ;
#140 = CARTESIAN_POINT ( 'NONE',  ( 2.499999999999997780, 1.035533905932736642, -2.421875000000003553 ) ) ;
#141 = CARTESIAN_POINT ( 'NONE',  ( -1.767766952966367766, -1.767766952966367100, -5.781250003413988203 ) ) ;
#142 = EDGE_LOOP ( 'NONE', ( #1356, #1099, #2057, #1692 ) ) ;
#143 = CARTESIAN_POINT ( 'NONE',  ( 2.246182916263080198, 2.246182916263080198, -6.796875001706994546 ) ) ;
#144 = CARTESIAN_POINT ( 'NONE',  ( -3.176582343749998927, -1.315783488776161692, -6.406250001706995434 ) ) ;
#145 = CARTESIAN_POINT ( 'NONE',  ( -15.00000000000000178, 14.99999999999999822, -10.00000000000000000 ) ) ;
#146 = CARTESIAN_POINT ( 'NONE',  ( 1.767766952966366878, -1.767766952966367766, -6.406250000000003553 ) ) ;
#147 = CARTESIAN_POINT ( 'NONE',  ( 2.499999999999997780, 0.000000000000000000, -6.250000000000003553 ) ) ;
#148 = CARTESIAN_POINT ( 'NONE',  ( -2.499999999999998224, -1.035533905932736642, -9.296875000000003553 ) ) ;
#149 =( BOUNDED_CURVE ( )  B_SPLINE_CURVE ( 2, ( #682, #274, #1108, #2515, #2526, #2328, #2303, #513, #1324 ),
 .UNSPECIFIED., .F., .T. ) 
 B_SPLINE_CURVE_WITH_KNOTS ( ( 3, 2, 2, 2, 3 ),
 ( 0.5625000000000000000, 0.5781250000000000000, 0.5937500000000000000, 0.6093750000000000000, 0.6250000000000000000 ),
 .UNSPECIFIED. ) 
 CURVE ( )  GEOMETRIC_REPRESENTATION_ITEM ( )  RATIONAL_B_SPLINE_CURVE ( ( 1.000000000000000000, 0.9238795325112867385, 1.000000000000000000, 0.9238795325112867385, 1.000000000000000000, 0.9238795325112867385, 1.000000000000000000, 0.9238795325112867385, 1.000000000000000000 ) ) 
 REPRESENTATION_ITEM ( '' )  );
#150 = CARTESIAN_POINT ( 'NONE',  ( 2.246182916263079310, -2.246182916263080198, -2.265625001706994990 ) ) ;
#151 = CARTESIAN_POINT ( 'NONE',  ( 3.176582343749998039, 0.000000000000000000, -4.453125001706995434 ) ) ;
#152 = DIRECTION ( 'NONE',  ( 1.000000000000000000, 0.000000000000000000, 0.000000000000000000 ) ) ;
#153 = CARTESIAN_POINT ( 'NONE',  ( -2.246182916263080198, -2.246182916263079754, -7.421875001706995434 ) ) ;
#154 = CARTESIAN_POINT ( 'NONE',  ( -1.315783488776161914, 3.176582343749997595, -0.3125000017069959335 ) ) ;
#155 = EDGE_CURVE ( 'NONE', #11, #2266, #312, .T. ) ;
#156 = ORIENTED_EDGE ( 'NONE', *, *, #387, .T. ) ;
#157 = CARTESIAN_POINT ( 'NONE',  ( 8.000000000000000000, 0.000000000000000000, 0.000000000000000000 ) ) ;
#158 = CARTESIAN_POINT ( 'NONE',  ( 1.315783488776163024, -3.176582343749997150, -7.343750001706995434 ) ) ;
#159 = LINE ( 'NONE', #1160, #791 ) ;
#160 = CARTESIAN_POINT ( 'NONE',  ( -2.499999999999998224, -1.035533905932736642, -6.796875000000003553 ) ) ;
#161 = CARTESIAN_POINT ( 'NONE',  ( 0.000000000000000000, 0.000000000000000000, -10.00000000000000000 ) ) ;
#162 = CARTESIAN_POINT ( 'NONE',  ( 3.176582343749998039, 0.000000000000000000, -9.609375001706995434 ) ) ;
#163 = CARTESIAN_POINT ( 'NONE',  ( -3.176582343749998927, -1.315783488776161692, -0.1562500017069958225 ) ) ;
#164 = CARTESIAN_POINT ( 'NONE',  ( -2.499999999999998224, -1.035533905932736642, -2.109375003413987315 ) ) ;
#165 = CARTESIAN_POINT ( 'NONE',  ( -1.315783488776164134, -3.176582343749996706, -7.343750001706995434 ) ) ;
#166 = AXIS2_PLACEMENT_3D ( 'NONE', #854, #1659, #652 ) ;
#167 = CARTESIAN_POINT ( 'NONE',  ( 2.499999999999997780, 1.035533905932736642, -6.484375003413986427 ) ) ;
#168 = AXIS2_PLACEMENT_3D ( 'NONE', #2129, #1928, #732 ) ;
#169 = EDGE_CURVE ( 'NONE', #644, #1720, #1122, .T. ) ;
#170 = ORIENTED_EDGE ( 'NONE', *, *, #88, .F. ) ;
#171 = CARTESIAN_POINT ( 'NONE',  ( -2.499999999999997780, 3.061616997868380676E-16, -5.937500003413987315 ) ) ;
#172 = CARTESIAN_POINT ( 'NONE',  ( 2.499999999999997780, 0.000000000000000000, -6.250000000000003553 ) ) ;
#173 = APPROVAL_PERSON_ORGANIZATION ( #486, #2234, #1312 ) ;
#174 = EDGE_CURVE ( 'NONE', #1843, #1779, #2391, .T. ) ;
#175 = CARTESIAN_POINT ( 'NONE',  ( -4.592425496802570028E-16, -2.499999999999997780, -1.562500000000003109 ) ) ;
#176 = DIRECTION ( 'NONE',  ( -0.000000000000000000, 0.000000000000000000, 1.000000000000000000 ) ) ;
#177 = CARTESIAN_POINT ( 'NONE',  ( -2.499999999999997780, 3.061616997868380676E-16, -6.875000000000003553 ) ) ;
#178 = CARTESIAN_POINT ( 'NONE',  ( 3.176582343749998039, 0.000000000000000000, -3.359375001706994990 ) ) ;
#179 = CARTESIAN_POINT ( 'NONE',  ( 2.246182916263080198, 2.246182916263080198, -4.296875001706995434 ) ) ;
#180 = CARTESIAN_POINT ( 'NONE',  ( 2.499999999999997780, 0.000000000000000000, -1.562500003413987537 ) ) ;
#181 = CARTESIAN_POINT ( 'NONE',  ( 3.176582343749996706, -1.315783488776164800, 0.3124999982930046216 ) ) ;
#182 = CARTESIAN_POINT ( 'NONE',  ( -1.767766952966367766, -1.767766952966367100, -7.031250003413987315 ) ) ;
#183 = ORIENTED_EDGE ( 'NONE', *, *, #356, .T. ) ;
#184 = CARTESIAN_POINT ( 'NONE',  ( 1.945095699750716087E-16, 3.176582343749998039, -0.3906250017069959890 ) ) ;
#185 = CARTESIAN_POINT ( 'NONE',  ( -2.499999999999997780, 3.061616997868380676E-16, -8.437500003413987315 ) ) ;
#186 = CARTESIAN_POINT ( 'NONE',  ( 11.49999999999999645, -11.12945775192036812, -150.0000000000000000 ) ) ;
#187 = ADVANCED_FACE ( 'NONE', ( #380 ), #574, .F. ) ;
#188 = CARTESIAN_POINT ( 'NONE',  ( -13.99999999999999645, -11.12945775192036812, -10.00000000000000000 ) ) ;
#189 = DIRECTION ( 'NONE',  ( 3.154042683594195121E-16, -1.000000000000000000, 0.000000000000000000 ) ) ;
#190 = CARTESIAN_POINT ( 'NONE',  ( -1.315783488776164134, -3.176582343749996706, 0.1562499982930044828 ) ) ;
#191 = VERTEX_POINT ( 'NONE', #147 ) ;
#192 = CARTESIAN_POINT ( 'NONE',  ( -1.035533905932738197, -2.499999999999997335, -8.203125003413987315 ) ) ;
#193 = ORIENTED_EDGE ( 'NONE', *, *, #250, .F. ) ;
#194 = CARTESIAN_POINT ( 'NONE',  ( 2.499999999999997780, 0.000000000000000000, -2.500000000000003997 ) ) ;
#195 = CYLINDRICAL_SURFACE ( 'NONE', #1980, 8.000000000000000000 ) ;
#196 = CARTESIAN_POINT ( 'NONE',  ( -2.246182916263080198, -2.246182916263079754, -8.671875001706995434 ) ) ;
#197 = CARTESIAN_POINT ( 'NONE',  ( -1.767766952966367100, 1.767766952966367544, -4.843750003413987315 ) ) ;
#198 = CARTESIAN_POINT ( 'NONE',  ( 2.499999999999997780, 0.000000000000000000, -3.750000000000003553 ) ) ;
#199 = EDGE_CURVE ( 'NONE', #1452, #1941, #408, .T. ) ;
#200 = DIRECTION ( 'NONE',  ( 3.154042683594195121E-16, -1.000000000000000000, 0.000000000000000000 ) ) ;
#201 = CARTESIAN_POINT ( 'NONE',  ( -2.246182916263080198, -2.246182916263079754, -7.578125001706995434 ) ) ;
#202 = DIRECTION ( 'NONE',  ( 1.000000000000000000, 0.000000000000000000, 0.000000000000000000 ) ) ;
#203 = CARTESIAN_POINT ( 'NONE',  ( -3.176582343749998927, -1.315783488776161692, -2.500000001706995878 ) ) ;
#204 = LINE ( 'NONE', #1813, #1384 ) ;
#205 = CARTESIAN_POINT ( 'NONE',  ( -2.499999999999997780, 3.061616997868380676E-16, -2.187500003413987315 ) ) ;
#206 = CIRCLE ( 'NONE', #918, 2.500000000000002220 ) ;
#207 = AXIS2_PLACEMENT_3D ( 'NONE', #134, #176, #975 ) ;
#208 = ORIENTED_EDGE ( 'NONE', *, *, #1830, .F. ) ;
#209 = CARTESIAN_POINT ( 'NONE',  ( 1.767766952966366878, -1.767766952966367766, -5.468750003413987315 ) ) ;
#210 = CIRCLE ( 'NONE', #412, 2.499999999999998668 ) ;
#211 = DIRECTION ( 'NONE',  ( 1.000000000000000000, 2.312964634635742957E-16, -0.000000000000000000 ) ) ;
#212 = PRODUCT_DEFINITION_FORMATION_WITH_SPECIFIED_SOURCE ( 'ä»', '', #2284, .NOT_KNOWN. ) ;
#213 = CARTESIAN_POINT ( 'NONE',  ( 2.246182916263080198, 2.246182916263080198, -9.296875001706995434 ) ) ;
#214 = CARTESIAN_POINT ( 'NONE',  ( -14.99999999999999645, -15.00000000000000000, -10.00000000000000000 ) ) ;
#215 = LINE ( 'NONE', #429, #2607 ) ;
#216 = CARTESIAN_POINT ( 'NONE',  ( 3.176582343749996706, -1.315783488776164800, -4.531250001706997210 ) ) ;
#217 = ORIENTED_EDGE ( 'NONE', *, *, #1404, .T. ) ;
#218 = CARTESIAN_POINT ( 'NONE',  ( 1.767766952966366878, -1.767766952966367766, -5.468750003413987315 ) ) ;
#219 = ORIENTED_EDGE ( 'NONE', *, *, #859, .T. ) ;
#220 = CARTESIAN_POINT ( 'NONE',  ( 1.315783488776163024, -3.176582343749997150, -8.437500001706997210 ) ) ;
#221 = DIRECTION ( 'NONE',  ( -2.312964634635742957E-16, 1.000000000000000000, 0.000000000000000000 ) ) ;
#222 = CARTESIAN_POINT ( 'NONE',  ( 2.499999999999997780, 0.000000000000000000, -2.500000000000003997 ) ) ;
#223 = CARTESIAN_POINT ( 'NONE',  ( 1.767766952966367544, 1.767766952966367544, -5.156250003413987315 ) ) ;
#224 = LINE ( 'NONE', #2240, #882 ) ;
#225 = CARTESIAN_POINT ( 'NONE',  ( -14.99999999999999645, -15.00000000000000000, -10.00000000000000000 ) ) ;
#226 = CARTESIAN_POINT ( 'NONE',  ( 1.315783488776162580, 3.176582343749997595, -0.4687500017069943792 ) ) ;
#227 = CARTESIAN_POINT ( 'NONE',  ( -1.315783488776164134, -3.176582343749996706, -8.750000001706995434 ) ) ;
#228 = DIRECTION ( 'NONE',  ( -0.000000000000000000, -0.000000000000000000, 1.000000000000000000 ) ) ;
#229 = CARTESIAN_POINT ( 'NONE',  ( -4.592425496802570028E-16, -2.499999999999997780, -4.375000003413987315 ) ) ;
#230 = ORIENTED_EDGE ( 'NONE', *, *, #2207, .T. ) ;
#231 = ADVANCED_FACE ( 'NONE', ( #2554 ), #2156, .F. ) ;
#232 =( BOUNDED_CURVE ( )  B_SPLINE_CURVE ( 2, ( #1943, #1344, #937, #2389, #337, #1955, #2164 ),
 .UNSPECIFIED., .F., .F. ) 
 B_SPLINE_CURVE_WITH_KNOTS ( ( 3, 2, 2, 3 ),
 ( 0.8125000000000000000, 0.8281250000000000000, 0.8437500000000000000, 0.8536728184162655220 ),
 .UNSPECIFIED. ) 
 CURVE ( )  GEOMETRIC_REPRESENTATION_ITEM ( )  RATIONAL_B_SPLINE_CURVE ( ( 1.000000000000000000, 0.9238795325112867385, 1.000000000000000000, 0.9238795325112867385, 1.000000000000000000, 0.9516589070942883533, 0.9647168397178180754 ) ) 
 REPRESENTATION_ITEM ( '' )  );
#233 = CARTESIAN_POINT ( 'NONE',  ( 3.176582343749997595, 1.315783488776162136, -6.875000001706994546 ) ) ;
#234 = FACE_OUTER_BOUND ( 'NONE', #295, .T. ) ;
#235 = CARTESIAN_POINT ( 'NONE',  ( -2.246182916263079754, 2.246182916263080198, -0.3906250017069959890 ) ) ;
#236 = CARTESIAN_POINT ( 'NONE',  ( 2.499999999999997780, 1.035533905932736642, -3.671875000000003109 ) ) ;
#237 = CYLINDRICAL_SURFACE ( 'NONE', #1135, 2.499999999999997780 ) ;
#238 = COORDINATED_UNIVERSAL_TIME_OFFSET ( 8, 0, .AHEAD. ) ;
#239 = CARTESIAN_POINT ( 'NONE',  ( -5.835287099252147767E-16, -3.176582343749998039, -2.265625001706994990 ) ) ;
#240 = ORIENTED_EDGE ( 'NONE', *, *, #660, .T. ) ;
#241 = CARTESIAN_POINT ( 'NONE',  ( -2.499999999999997780, 1.035533905932737087, -2.265625003413987315 ) ) ;
#242 = CC_DESIGN_DATE_AND_TIME_ASSIGNMENT ( #1283, #870, ( #542 ) ) ;
#243 = ORIENTED_EDGE ( 'NONE', *, *, #694, .F. ) ;
#244 = VECTOR ( 'NONE', #924, 1000.000000000000000 ) ;
#245 = CARTESIAN_POINT ( 'NONE',  ( -1.315783488776164134, -3.176582343749996706, -8.593750001706997210 ) ) ;
#246 = AXIS2_PLACEMENT_3D ( 'NONE', #1290, #1913, #651 ) ;
#247 = CARTESIAN_POINT ( 'NONE',  ( -2.246182916263079754, 2.246182916263080198, -9.140625001706995434 ) ) ;
#248 = DIRECTION ( 'NONE',  ( 1.000000000000000000, 0.000000000000000000, 0.000000000000000000 ) ) ;
#249 = VECTOR ( 'NONE', #1292, 1000.000000000000000 ) ;
#250 = EDGE_CURVE ( 'NONE', #1653, #2483, #339, .T. ) ;
#251 = CARTESIAN_POINT ( 'NONE',  ( 2.499999999999997780, 0.000000000000000000, -1.250000000000002887 ) ) ;
#252 = CARTESIAN_POINT ( 'NONE',  ( 1.315783488776163024, -3.176582343749997595, -6.093750001706996322 ) ) ;
#253 = CARTESIAN_POINT ( 'NONE',  ( 3.024999999999999911, 0.000000000000000000, 1.734723475976807883E-15 ) ) ;
#254 = CARTESIAN_POINT ( 'NONE',  ( 2.499999999999997335, -1.035533905932738419, -0.07812500000000355271 ) ) ;
#255 = ORIENTED_EDGE ( 'NONE', *, *, #821, .F. ) ;
#256 = CARTESIAN_POINT ( 'NONE',  ( 1.035533905932736864, 2.499999999999997780, -2.578125003413986871 ) ) ;
#257 = ORIENTED_EDGE ( 'NONE', *, *, #2239, .T. ) ;
#258 = CARTESIAN_POINT ( 'NONE',  ( 2.499999999999997780, 0.000000000000000000, -5.000000000000003553 ) ) ;
#259 = CARTESIAN_POINT ( 'NONE',  ( -1.767766952966367766, -1.767766952966367100, -8.281250003413987315 ) ) ;
#260 = CARTESIAN_POINT ( 'NONE',  ( -1.767766952966367766, -1.767766952966367100, -4.531250003413987315 ) ) ;
#261 = CARTESIAN_POINT ( 'NONE',  ( 2.499999999999997780, 1.035533905932736864, -1.484375003413987315 ) ) ;
#262 = CARTESIAN_POINT ( 'NONE',  ( 1.315783488776163024, -3.176582343749997595, -4.843750001706997210 ) ) ;
#263 = EDGE_CURVE ( 'NONE', #1078, #42, #875, .T. ) ;
#264 = CARTESIAN_POINT ( 'NONE',  ( -5.835287099252147767E-16, -3.176582343749998039, -3.671875001706995434 ) ) ;
#265 = DIRECTION ( 'NONE',  ( 0.000000000000000000, 0.000000000000000000, -1.000000000000000000 ) ) ;
#266 = CARTESIAN_POINT ( 'NONE',  ( -1.315783488776164134, -3.176582343749996706, -3.750000001706995434 ) ) ;
#267 = ORIENTED_EDGE ( 'NONE', *, *, #2600, .F. ) ;
#268 = CARTESIAN_POINT ( 'NONE',  ( 3.176582343749997595, 1.315783488776162136, -8.125000001706995434 ) ) ;
#269 = ORIENTED_EDGE ( 'NONE', *, *, #1103, .F. ) ;
#270 = CARTESIAN_POINT ( 'NONE',  ( 3.176582343749998039, 0.000000000000000000, -9.609375001706995434 ) ) ;
#271 = CARTESIAN_POINT ( 'NONE',  ( -2.113518418463457227, -1.449354369556799416, -0.4753409694474711733 ) ) ;
#272 = DIRECTION ( 'NONE',  ( -0.000000000000000000, -0.000000000000000000, 1.000000000000000000 ) ) ;
#273 = CARTESIAN_POINT ( 'NONE',  ( -3.176582343749998039, 1.315783488776162580, -4.062500001706995434 ) ) ;
#274 = CARTESIAN_POINT ( 'NONE',  ( -2.499999999999998224, -1.035533905932736642, -4.296875000000003553 ) ) ;
#275 = ADVANCED_FACE ( 'NONE', ( #733 ), #962, .F. ) ;
#276 = CARTESIAN_POINT ( 'NONE',  ( 3.176582343749997595, 1.315783488776162136, -5.781250001706997210 ) ) ;
#277 = DIRECTION ( 'NONE',  ( 1.577021341797097560E-16, 1.000000000000000000, 0.000000000000000000 ) ) ;
#278 = CARTESIAN_POINT ( 'NONE',  ( 2.246182916263079310, -2.246182916263080198, -1.015625001706994768 ) ) ;
#279 = ORIENTED_EDGE ( 'NONE', *, *, #2440, .T. ) ;
#280 = CARTESIAN_POINT ( 'NONE',  ( -1.315783488776161914, 3.176582343749997595, -4.062500001706994546 ) ) ;
#281 = ORIENTED_EDGE ( 'NONE', *, *, #1295, .T. ) ;
#282 = CARTESIAN_POINT ( 'NONE',  ( 2.246182916263080198, 2.246182916263080198, -9.453125001706995434 ) ) ;
#283 = CARTESIAN_POINT ( 'NONE',  ( -1.494389006522432117, -2.286645481600080299, -0.2963797548411786775 ) ) ;
#284 = DIRECTION ( 'NONE',  ( -1.577021341797097560E-16, 1.000000000000000000, -0.000000000000000000 ) ) ;
#285 = VECTOR ( 'NONE', #2524, 1000.000000000000000 ) ;
#286 = CARTESIAN_POINT ( 'NONE',  ( -2.246182916263080198, -2.246182916263079754, -3.828125001706995434 ) ) ;
#287 = CARTESIAN_POINT ( 'NONE',  ( 2.006222469470030578, 1.859167035194780881, -0.2958279976622217311 ) ) ;
#288 = AXIS2_PLACEMENT_3D ( 'NONE', #534, #938, #922 ) ;
#289 = CARTESIAN_POINT ( 'NONE',  ( -3.176582343749997595, 1.315783488776162580, -4.062500001706995434 ) ) ;
#290 = CARTESIAN_POINT ( 'NONE',  ( 2.316246743491361393, 1.407351546109459450, -0.3209167882448123454 ) ) ;
#291 = FACE_OUTER_BOUND ( 'NONE', #142, .T. ) ;
#292 = CARTESIAN_POINT ( 'NONE',  ( -2.246182916263080198, -2.246182916263079754, -1.328125001706994990 ) ) ;
#293 = ORIENTED_EDGE ( 'NONE', *, *, #2568, .T. ) ;
#294 = CARTESIAN_POINT ( 'NONE',  ( 1.315783488776162580, 3.176582343749997595, -2.968750001706994990 ) ) ;
#295 = EDGE_LOOP ( 'NONE', ( #2203, #1116, #2230, #2044 ) ) ;
#296 = CARTESIAN_POINT ( 'NONE',  ( 0.000000000000000000, 0.000000000000000000, 1.734723475976807883E-15 ) ) ;
#297 = CARTESIAN_POINT ( 'NONE',  ( -8.000000000000000000, 9.797174393178825657E-16, -8.000000000000003553 ) ) ;
#298 = CARTESIAN_POINT ( 'NONE',  ( 3.176582343749998039, 1.315783488776162580, -4.531250001706997210 ) ) ;
#299 = SHAPE_DEFINITION_REPRESENTATION ( #2051, #433 ) ;
#300 = CARTESIAN_POINT ( 'NONE',  ( -5.835287099252147767E-16, -3.176582343749998039, -4.921875001706995434 ) ) ;
#301 = DIRECTION ( 'NONE',  ( -1.000000000000000000, 3.154042683594195121E-16, 0.000000000000000000 ) ) ;
#302 = CARTESIAN_POINT ( 'NONE',  ( -3.176582343749997595, 1.315783488776162580, -0.3125000017069959335 ) ) ;
#303 = ORIENTED_EDGE ( 'NONE', *, *, #1245, .F. ) ;
#304 = CARTESIAN_POINT ( 'NONE',  ( -3.176582343749997595, 1.315783488776162580, -3.906250001706995434 ) ) ;
#305 = APPLICATION_CONTEXT ( 'configuration controlled 3d designs of mechanical parts and assemblies' ) ;
#306 = ADVANCED_FACE ( 'NONE', ( #720, #2570, #2583, #1527 ), #766, .F. ) ;
#307 = ORIENTED_EDGE ( 'NONE', *, *, #2155, .T. ) ;
#308 = CARTESIAN_POINT ( 'NONE',  ( -2.246182916263079754, 2.246182916263080198, -7.890625001706995434 ) ) ;
#309 = CARTESIAN_POINT ( 'NONE',  ( -2.193888621282928941, -1.198687914932522691, -0.5250000000000071276 ) ) ;
#310 = CARTESIAN_POINT ( 'NONE',  ( -2.499999999999998224, -1.035533905932736642, -3.046875000000003997 ) ) ;
#311 = CARTESIAN_POINT ( 'NONE',  ( -5.835287099252147767E-16, -3.176582343749998039, -2.421875001706994990 ) ) ;
#312 = LINE ( 'NONE', #1488, #1255 ) ;
#313 = APPROVAL_ROLE ( '' ) ;
#314 = CARTESIAN_POINT ( 'NONE',  ( -2.499999999999997780, 3.061616997868380676E-16, -9.375000000000003553 ) ) ;
#315 = CARTESIAN_POINT ( 'NONE',  ( -5.835287099252147767E-16, -3.176582343749998039, -7.421875001706995434 ) ) ;
#316 = CARTESIAN_POINT ( 'NONE',  ( -1.035533905932736642, 2.499999999999997780, 0.07812499658601222696 ) ) ;
#317 = CARTESIAN_POINT ( 'NONE',  ( -1.315783488776164134, -3.176582343749996706, -1.250000001706995212 ) ) ;
#318 = VERTEX_POINT ( 'NONE', #2351 ) ;
#319 = CARTESIAN_POINT ( 'NONE',  ( -1.315783488776164134, -3.176582343749996706, -1.093750001706994990 ) ) ;
#320 = ORIENTED_EDGE ( 'NONE', *, *, #1536, .F. ) ;
#321 = CARTESIAN_POINT ( 'NONE',  ( 2.246182916263079310, -2.246182916263080198, -2.109375001706994990 ) ) ;
#322 = CARTESIAN_POINT ( 'NONE',  ( 2.246182916263079310, -2.246182916263080198, -8.515625001706993658 ) ) ;
#323 = FACE_OUTER_BOUND ( 'NONE', #596, .T. ) ;
#324 = CARTESIAN_POINT ( 'NONE',  ( -2.499999999999998224, -1.035533905932736642, -1.796875000000003553 ) ) ;
#325 = CARTESIAN_POINT ( 'NONE',  ( -15.00000000000000178, 14.99999999999999822, -10.00000000000000000 ) ) ;
#326 = AXIS2_PLACEMENT_3D ( 'NONE', #950, #536, #1773 ) ;
#327 = EDGE_CURVE ( 'NONE', #1436, #1816, #351, .T. ) ;
#328 = EDGE_CURVE ( 'NONE', #318, #1452, #1957, .T. ) ;
#329 = VECTOR ( 'NONE', #2168, 1000.000000000000000 ) ;
#330 = CARTESIAN_POINT ( 'NONE',  ( 3.176582343749998039, 0.000000000000000000, -0.8593750017069946567 ) ) ;
#331 = CARTESIAN_POINT ( 'NONE',  ( -2.499999999999997780, 1.035533905932737087, -6.953125000000003553 ) ) ;
#332 = CARTESIAN_POINT ( 'NONE',  ( -2.246182916263079754, 2.246182916263080198, -6.484375001706995434 ) ) ;
#333 = VERTEX_POINT ( 'NONE', #2166 ) ;
#334 = CARTESIAN_POINT ( 'NONE',  ( 1.315783488776162580, 3.176582343749997595, -1.718750001706995434 ) ) ;
#335 = ORIENTED_EDGE ( 'NONE', *, *, #1245, .T. ) ;
#336 = CARTESIAN_POINT ( 'NONE',  ( -3.176582343749997595, 1.315783488776162580, -7.812500001706995434 ) ) ;
#337 = CARTESIAN_POINT ( 'NONE',  ( -4.592425496802570028E-16, -2.499999999999997780, -0.6250000034139866489 ) ) ;
#338 = CARTESIAN_POINT ( 'NONE',  ( -4.592425496802570028E-16, -2.499999999999997780, -6.562500000000004441 ) ) ;
#339 = LINE ( 'NONE', #1793, #661 ) ;
#340 = CARTESIAN_POINT ( 'NONE',  ( 2.499999999999997780, 1.035533905932736642, -9.921875000000003553 ) ) ;
#341 = EDGE_CURVE ( 'NONE', #1089, #1128, #2198, .T. ) ;
#342 = CARTESIAN_POINT ( 'NONE',  ( -1.315783488776164134, -3.176582343749996706, -1.706995655936793810E-09 ) ) ;
#343 = DIRECTION ( 'NONE',  ( 0.000000000000000000, 0.000000000000000000, 1.000000000000000000 ) ) ;
#344 = CARTESIAN_POINT ( 'NONE',  ( -2.246182916263079754, 2.246182916263080198, -8.984375001706995434 ) ) ;
#345 = ORIENTED_EDGE ( 'NONE', *, *, #1713, .F. ) ;
#346 = CARTESIAN_POINT ( 'NONE',  ( 2.499999999999997335, -1.035533905932738419, -7.890625003413988203 ) ) ;
#347 = VERTEX_POINT ( 'NONE', #777 ) ;
#348 = CARTESIAN_POINT ( 'NONE',  ( 1.530808498934190338E-16, 2.499999999999997780, -2.187500000000003553 ) ) ;
#349 = CARTESIAN_POINT ( 'NONE',  ( -2.246182916263080198, -2.246182916263079754, -6.328125001706996322 ) ) ;
#350 = DIRECTION ( 'NONE',  ( 1.000000000000000000, 0.000000000000000000, 0.000000000000000000 ) ) ;
#351 = LINE ( 'NONE', #1188, #497 ) ;
#352 = CARTESIAN_POINT ( 'NONE',  ( 1.767766952966367544, 1.767766952966367544, -8.593750000000003553 ) ) ;
#353 = CARTESIAN_POINT ( 'NONE',  ( -1.315783488776161914, 3.176582343749997595, -2.968750001706996322 ) ) ;
#354 = CARTESIAN_POINT ( 'NONE',  ( -2.246182916263079754, 2.246182916263080198, -3.984375001706994990 ) ) ;
#355 = DIRECTION ( 'NONE',  ( -1.000000000000000000, -1.734723475976807094E-16, 0.000000000000000000 ) ) ;
#356 = EDGE_CURVE ( 'NONE', #112, #2576, #1373, .T. ) ;
#357 = CARTESIAN_POINT ( 'NONE',  ( 3.176582343749998039, 0.000000000000000000, -6.953125001706994546 ) ) ;
#358 = VERTEX_POINT ( 'NONE', #1336 ) ;
#359 = CARTESIAN_POINT ( 'NONE',  ( -3.176582343749997595, 1.315783488776162580, -0.1562500017069958225 ) ) ;
#360 = EDGE_CURVE ( 'NONE', #1911, #375, #2071, .T. ) ;
#361 = DIRECTION ( 'NONE',  ( -0.000000000000000000, -0.000000000000000000, 1.000000000000000000 ) ) ;
#362 = CARTESIAN_POINT ( 'NONE',  ( -2.246182916263079754, 2.246182916263080198, -6.640625001706995434 ) ) ;
#363 = DIRECTION ( 'NONE',  ( -0.000000000000000000, -0.000000000000000000, 1.000000000000000000 ) ) ;
#364 = CARTESIAN_POINT ( 'NONE',  ( -1.767766952966367766, -1.767766952966367100, -1.718750000000003331 ) ) ;
#365 = DIRECTION ( 'NONE',  ( 1.734723475976807094E-16, -1.000000000000000000, 0.000000000000000000 ) ) ;
#366 = CARTESIAN_POINT ( 'NONE',  ( 2.499999999999997780, 1.035533905932736642, -7.421875000000002665 ) ) ;
#367 = CARTESIAN_POINT ( 'NONE',  ( 2.838291171874997687, 0.000000000000000000, -9.257812502560490486 ) ) ;
#368 = CARTESIAN_POINT ( 'NONE',  ( -5.835287099252147767E-16, -3.176582343749998039, -3.515625001706995434 ) ) ;
#369 = CARTESIAN_POINT ( 'NONE',  ( -4.592425496802570028E-16, -2.499999999999997780, -1.875000003413986871 ) ) ;
#370 = CARTESIAN_POINT ( 'NONE',  ( 2.246182916263079310, -2.246182916263080198, -7.109375001706995434 ) ) ;
#371 = ORIENTED_EDGE ( 'NONE', *, *, #174, .T. ) ;
#372 = AXIS2_PLACEMENT_3D ( 'NONE', #2237, #2451, #1198 ) ;
#373 = CARTESIAN_POINT ( 'NONE',  ( -1.767766952966367100, 1.767766952966367544, -6.093750003413987315 ) ) ;
#374 = VECTOR ( 'NONE', #391, 1000.000000000000000 ) ;
#375 = VERTEX_POINT ( 'NONE', #1971 ) ;
#376 = CARTESIAN_POINT ( 'NONE',  ( 1.315783488776163024, -3.176582343749997595, -0.9375000017069946567 ) ) ;
#377 = APPROVAL_PERSON_ORGANIZATION ( #1489, #81, #313 ) ;
#378 = CARTESIAN_POINT ( 'NONE',  ( 2.499999999999997780, 0.000000000000000000, -2.812500003413986871 ) ) ;
#379 = CARTESIAN_POINT ( 'NONE',  ( 2.246182916263079310, -2.246182916263080198, -1.015625001706994768 ) ) ;
#380 = FACE_OUTER_BOUND ( 'NONE', #1493, .T. ) ;
#381 = CARTESIAN_POINT ( 'NONE',  ( 1.315783488776163024, -3.176582343749997150, -2.343750001706995878 ) ) ;
#382 = DIRECTION ( 'NONE',  ( -0.000000000000000000, -0.000000000000000000, 1.000000000000000000 ) ) ;
#383 = CARTESIAN_POINT ( 'NONE',  ( -1.315783488776161914, 3.176582343749997595, -1.562500001706995434 ) ) ;
#384 = CARTESIAN_POINT ( 'NONE',  ( 1.035533905932736864, 2.499999999999997780, -7.578125003413988203 ) ) ;
#385 = VERTEX_POINT ( 'NONE', #1137 ) ;
#386 = DIRECTION ( 'NONE',  ( 1.000000000000000000, 0.000000000000000000, 0.000000000000000000 ) ) ;
#387 = EDGE_CURVE ( 'NONE', #385, #358, #579, .T. ) ;
#388 = PLANE ( 'NONE',  #755 ) ;
#389 = CARTESIAN_POINT ( 'NONE',  ( 2.499999999999997780, 1.035533905932736864, -5.234375003413987315 ) ) ;
#390 = CARTESIAN_POINT ( 'NONE',  ( 1.767766952966367544, 1.767766952966367544, -4.843750000000003553 ) ) ;
#391 = DIRECTION ( 'NONE',  ( -0.000000000000000000, -0.000000000000000000, 1.000000000000000000 ) ) ;
#392 = CARTESIAN_POINT ( 'NONE',  ( 3.176582343749998039, 0.000000000000000000, -3.203125001706994990 ) ) ;
#393 = ORIENTED_EDGE ( 'NONE', *, *, #138, .F. ) ;
#394 = CARTESIAN_POINT ( 'NONE',  ( 3.176582343749996706, -1.315783488776164800, 0.4687499982930048437 ) ) ;
#395 = CARTESIAN_POINT ( 'NONE',  ( -1.315783488776162136, 3.176582343749998039, -6.562500001706995434 ) ) ;
#396 = CARTESIAN_POINT ( 'NONE',  ( -4.592425496802570028E-16, -2.499999999999997780, -5.625000003413987315 ) ) ;
#397 = CARTESIAN_POINT ( 'NONE',  ( -2.934779400562957274, -1.215625459035619693, -5.071949354142990612E-16 ) ) ;
#398 = CARTESIAN_POINT ( 'NONE',  ( 2.499999999999997780, 0.000000000000000000, -1.562500003413987537 ) ) ;
#399 = FACE_OUTER_BOUND ( 'NONE', #835, .T. ) ;
#400 = CARTESIAN_POINT ( 'NONE',  ( -2.499999999999998224, -1.035533905932736642, -5.546875000000002665 ) ) ;
#401 = CARTESIAN_POINT ( 'NONE',  ( -1.035533905932736864, 2.499999999999997780, -6.171875003413987315 ) ) ;
#402 = EDGE_CURVE ( 'NONE', #1143, #1923, #1215, .T. ) ;
#403 = CARTESIAN_POINT ( 'NONE',  ( 3.176582343749998039, 0.000000000000000000, -3.203125001706994990 ) ) ;
#404 = DIRECTION ( 'NONE',  ( 0.000000000000000000, 0.000000000000000000, 1.000000000000000000 ) ) ;
#405 = CARTESIAN_POINT ( 'NONE',  ( -5.835287099252147767E-16, -3.176582343749998039, -1.015625001706994768 ) ) ;
#406 = CARTESIAN_POINT ( 'NONE',  ( 1.945095699750716087E-16, 3.176582343749998039, -9.296875001706995434 ) ) ;
#407 = CARTESIAN_POINT ( 'NONE',  ( 1.767766952966366878, -1.767766952966367766, -2.968750003413986871 ) ) ;
#408 = CIRCLE ( 'NONE', #1462, 6.500000000000000000 ) ;
#409 = AXIS2_PLACEMENT_3D ( 'NONE', #214, #416, #1015 ) ;
#410 = ORIENTED_EDGE ( 'NONE', *, *, #2499, .T. ) ;
#411 = CARTESIAN_POINT ( 'NONE',  ( 1.767766952966367544, 1.767766952966367544, -4.843750000000003553 ) ) ;
#412 = AXIS2_PLACEMENT_3D ( 'NONE', #843, #1852, #34 ) ;
#413 = CARTESIAN_POINT ( 'NONE',  ( -3.057527304179751049, -0.07677503495023238478, -3.000498296031343786E-16 ) ) ;
#414 = CIRCLE ( 'NONE', #2196, 2.499999999999998668 ) ;
#415 = CARTESIAN_POINT ( 'NONE',  ( -2.499999999999997780, 3.061616997868380676E-16, -5.625000000000003553 ) ) ;
#416 = DIRECTION ( 'NONE',  ( 0.000000000000000000, -1.000000000000000000, 0.000000000000000000 ) ) ;
#417 = CARTESIAN_POINT ( 'NONE',  ( 1.530808498934190338E-16, 2.499999999999997780, -4.687500000000003553 ) ) ;
#418 = LINE ( 'NONE', #2226, #1723 ) ;
#419 = FACE_OUTER_BOUND ( 'NONE', #2578, .T. ) ;
#420 = ADVANCED_FACE ( 'NONE', ( #631 ), #2261, .F. ) ;
#421 = CARTESIAN_POINT ( 'NONE',  ( 2.246182916263079310, -2.246182916263080198, -0.8593750017069946567 ) ) ;
#422 = LINE ( 'NONE', #1228, #1631 ) ;
#423 = CARTESIAN_POINT ( 'NONE',  ( -2.499999999999997780, 1.035533905932737087, -3.515625003413987315 ) ) ;
#424 = ORIENTED_EDGE ( 'NONE', *, *, #2617, .T. ) ;
#425 = CARTESIAN_POINT ( 'NONE',  ( -2.246182916263079754, 2.246182916263080198, -8.984375001706995434 ) ) ;
#426 = CARTESIAN_POINT ( 'NONE',  ( 2.499999999999997780, 0.000000000000000000, 0.000000000000000000 ) ) ;
#427 = CARTESIAN_POINT ( 'NONE',  ( -5.835287099252147767E-16, -3.176582343749998039, -7.265625001706995434 ) ) ;
#428 = PLANE ( 'NONE',  #1422 ) ;
#429 = CARTESIAN_POINT ( 'NONE',  ( 14.99999999999999645, 14.99999999999999822, -10.00000000000000000 ) ) ;
#430 = CARTESIAN_POINT ( 'NONE',  ( -3.176582343749998039, 3.890191399501432173E-16, -6.484375001706995434 ) ) ;
#431 = CC_DESIGN_PERSON_AND_ORGANIZATION_ASSIGNMENT ( #499, #472, ( #212 ) ) ;
#432 = CARTESIAN_POINT ( 'NONE',  ( -0.9933866944354385886, -2.999128372346088423, -1.014389870828598122E-15 ) ) ;
#433 = ADVANCED_BREP_SHAPE_REPRESENTATION ( '\X2\5e955ea7\X0\', ( #2167, #455 ), #1308 ) ;
#434 = CARTESIAN_POINT ( 'NONE',  ( -2.246182916263079754, 2.246182916263080198, -3.984375001706994990 ) ) ;
#435 = CARTESIAN_POINT ( 'NONE',  ( 1.035533905932737309, -2.499999999999997335, -1.484375000000003331 ) ) ;
#436 = CARTESIAN_POINT ( 'NONE',  ( -1.767766952966367766, -1.767766952966367100, -3.281250003413987315 ) ) ;
#437 = CARTESIAN_POINT ( 'NONE',  ( -1.767766952966367100, 1.767766952966367544, -3.593750003413986871 ) ) ;
#438 = EDGE_CURVE ( 'NONE', #11, #807, #1748, .T. ) ;
#439 = ORIENTED_EDGE ( 'NONE', *, *, #1568, .T. ) ;
#440 = ADVANCED_FACE ( 'NONE', ( #612 ), #2403, .F. ) ;
#441 = CARTESIAN_POINT ( 'NONE',  ( 14.00000000000000355, 10.87054224807963010, 0.000000000000000000 ) ) ;
#442 = ORIENTED_EDGE ( 'NONE', *, *, #2046, .T. ) ;
#443 = CARTESIAN_POINT ( 'NONE',  ( 2.499999999999997780, 0.000000000000000000, -5.000000000000003553 ) ) ;
#444 = EDGE_CURVE ( 'NONE', #1368, #1779, #1605, .T. ) ;
#445 = CARTESIAN_POINT ( 'NONE',  ( -1.035533905932736864, 2.499999999999997780, -2.421875003413987315 ) ) ;
#446 = DIRECTION ( 'NONE',  ( 0.000000000000000000, 0.000000000000000000, -1.000000000000000000 ) ) ;
#447 = CARTESIAN_POINT ( 'NONE',  ( -1.315783488776164134, -3.176582343749997150, -7.500000001706994546 ) ) ;
#448 = CARTESIAN_POINT ( 'NONE',  ( 1.035533905932737309, -2.499999999999997335, -0.2343750000000037192 ) ) ;
#449 = CARTESIAN_POINT ( 'NONE',  ( 2.499999999999997780, 1.035533905932736642, -2.734375003413986871 ) ) ;
#450 = EDGE_LOOP ( 'NONE', ( #99, #1624, #892, #345 ) ) ;
#451 = CARTESIAN_POINT ( 'NONE',  ( 2.499999999999997780, 1.035533905932736864, -4.921875000000003553 ) ) ;
#452 = VECTOR ( 'NONE', #2075, 1000.000000000000000 ) ;
#453 = CARTESIAN_POINT ( 'NONE',  ( 1.940716620863494057, -1.662308080346165839, -0.4799902069075404065 ) ) ;
#454 = CIRCLE ( 'NONE', #1940, 6.500000000000000000 ) ;
#455 = AXIS2_PLACEMENT_3D ( 'NONE', #2025, #404, #1239 ) ;
#456 = DIRECTION ( 'NONE',  ( -0.000000000000000000, -0.000000000000000000, 1.000000000000000000 ) ) ;
#457 = CARTESIAN_POINT ( 'NONE',  ( -1.315783488776162136, 3.176582343749998039, -1.718750001706995434 ) ) ;
#458 = CARTESIAN_POINT ( 'NONE',  ( -0.2633076650200478208, 2.837761811130761203, -0.1809620597531679809 ) ) ;
#459 = PERSON_AND_ORGANIZATION_ROLE ( 'creator' ) ;
#460 = CARTESIAN_POINT ( 'NONE',  ( 3.176582343749996706, -1.315783488776164800, -4.687500001706995434 ) ) ;
#461 = CARTESIAN_POINT ( 'NONE',  ( 1.035533905932736864, 2.499999999999997780, -1.328125003413987315 ) ) ;
#462 = CARTESIAN_POINT ( 'NONE',  ( -3.176582343749998927, -1.315783488776161692, -1.406250001706995212 ) ) ;
#463 = ORIENTED_EDGE ( 'NONE', *, *, #155, .T. ) ;
#464 = CARTESIAN_POINT ( 'NONE',  ( 2.246182916263080198, 2.246182916263080198, -8.046875001706995434 ) ) ;
#465 = ORIENTED_EDGE ( 'NONE', *, *, #1281, .T. ) ;
#466 = CYLINDRICAL_SURFACE ( 'NONE', #1511, 2.499999999999997780 ) ;
#467 = DIRECTION ( 'NONE',  ( -0.000000000000000000, -0.000000000000000000, 1.000000000000000000 ) ) ;
#468 = LINE ( 'NONE', #2273, #452 ) ;
#469 = EDGE_CURVE ( 'NONE', #644, #1277, #2238, .T. ) ;
#470 = CARTESIAN_POINT ( 'NONE',  ( -8.999999999999998224, -11.12945775192036812, -150.0000000000000000 ) ) ;
#471 = CARTESIAN_POINT ( 'NONE',  ( -2.499999999999997780, 3.061616997868380676E-16, -5.937500003413987315 ) ) ;
#472 = PERSON_AND_ORGANIZATION_ROLE ( 'design_supplier' ) ;
#473 = CARTESIAN_POINT ( 'NONE',  ( -1.315783488776161914, 3.176582343749997595, -6.718750001706996322 ) ) ;
#474 = CARTESIAN_POINT ( 'NONE',  ( -14.99999999999999645, -15.00000000000000000, -10.00000000000000000 ) ) ;
#475 = CARTESIAN_POINT ( 'NONE',  ( -2.246182916263079754, 2.246182916263080198, -4.140625001706995434 ) ) ;
#476 = ORIENTED_EDGE ( 'NONE', *, *, #613, .T. ) ;
#477 = CARTESIAN_POINT ( 'NONE',  ( -3.176582343749997595, 1.315783488776162580, -2.656250001706995878 ) ) ;
#478 = EDGE_LOOP ( 'NONE', ( #945, #1920, #2135, #864 ) ) ;
#479 = CARTESIAN_POINT ( 'NONE',  ( 1.315783488776163024, -3.176582343749997595, -8.593750001706997210 ) ) ;
#480 = CARTESIAN_POINT ( 'NONE',  ( 0.000000000000000000, 0.000000000000000000, 1.734723475976807883E-15 ) ) ;
#481 = CARTESIAN_POINT ( 'NONE',  ( 2.500000000000001776, 1.035533905932733312, -7.734375003413988203 ) ) ;
#482 =( BOUNDED_CURVE ( )  B_SPLINE_CURVE ( 2, ( #737, #1544, #1580, #1757, #1351, #2159, #1960, #2557, #754 ),
 .UNSPECIFIED., .F., .F. ) 
 B_SPLINE_CURVE_WITH_KNOTS ( ( 3, 2, 2, 2, 3 ),
 ( 0.06250000000000005551, 0.07812500000000002776, 0.09375000000000000000, 0.1093749999999999584, 0.1249999999999999306 ),
 .UNSPECIFIED. ) 
 CURVE ( )  GEOMETRIC_REPRESENTATION_ITEM ( )  RATIONAL_B_SPLINE_CURVE ( ( 0.9999999999999997780, 0.9238795325112869605, 1.000000000000000000, 0.9238795325112867385, 1.000000000000000000, 0.9238795325112867385, 1.000000000000000000, 0.9238795325112870716, 0.9999999999999996669 ) ) 
 REPRESENTATION_ITEM ( '' )  );
#483 = CARTESIAN_POINT ( 'NONE',  ( -9.000000000000001776, 10.87054224807963010, 0.000000000000000000 ) ) ;
#484 = CARTESIAN_POINT ( 'NONE',  ( -3.176582343749998039, 1.315783488776162580, -5.312500001706995434 ) ) ;
#485 = DIRECTION ( 'NONE',  ( -0.000000000000000000, -0.000000000000000000, 1.000000000000000000 ) ) ;
#486 = PERSON_AND_ORGANIZATION ( #1352, #1944 ) ;
#487 = CARTESIAN_POINT ( 'NONE',  ( -1.315783488776161914, 3.176582343749997595, -5.468750001706997210 ) ) ;
#488 = CARTESIAN_POINT ( 'NONE',  ( 2.398456062889264828, 1.243073289159235539, -0.3296497548039134529 ) ) ;
#489 = PLANE ( 'NONE',  #1179 ) ;
#490 = CARTESIAN_POINT ( 'NONE',  ( 1.315783488776163024, -3.176582343749997150, -1.093750001706994990 ) ) ;
#491 = ORIENTED_EDGE ( 'NONE', *, *, #2585, .F. ) ;
#492 = CARTESIAN_POINT ( 'NONE',  ( 3.176582343749998039, 0.000000000000000000, -5.703125001706995434 ) ) ;
#493 = EDGE_LOOP ( 'NONE', ( #307, #1651, #2371, #1026 ) ) ;
#494 = DIRECTION ( 'NONE',  ( 1.000000000000000000, 0.000000000000000000, 0.000000000000000000 ) ) ;
#495 = CARTESIAN_POINT ( 'NONE',  ( 1.407235052094826688, -2.093501134181225076, -0.5131024091763164430 ) ) ;
#496 = CARTESIAN_POINT ( 'NONE',  ( -1.035533905932736864, 2.499999999999997780, -3.671875003413986871 ) ) ;
#497 = VECTOR ( 'NONE', #1540, 1000.000000000000000 ) ;
#498 = CARTESIAN_POINT ( 'NONE',  ( -2.550028150473718114, 1.519447893614311207, -0.06224881704179938829 ) ) ;
#499 = PERSON_AND_ORGANIZATION ( #1352, #1944 ) ;
#500 = VECTOR ( 'NONE', #786, 1000.000000000000000 ) ;
#501 = CARTESIAN_POINT ( 'NONE',  ( 3.176582343749997595, 1.315783488776162136, -7.031250001706995434 ) ) ;
#502 = CARTESIAN_POINT ( 'NONE',  ( 2.527378938613303205, 0.9034804890663925558, -0.3471255537428719617 ) ) ;
#503 = VECTOR ( 'NONE', #343, 1000.000000000000000 ) ;
#504 = CARTESIAN_POINT ( 'NONE',  ( 2.499999999999997335, -1.035533905932738419, -0.3906250034139864824 ) ) ;
#505 = EDGE_CURVE ( 'NONE', #1736, #530, #2125, .T. ) ;
#506 = CARTESIAN_POINT ( 'NONE',  ( -2.246182916263079754, 2.246182916263080198, -0.3906250017069959890 ) ) ;
#507 = ORIENTED_EDGE ( 'NONE', *, *, #341, .F. ) ;
#508 = CARTESIAN_POINT ( 'NONE',  ( -2.246182916263080198, -2.246182916263079754, -4.921875001706995434 ) ) ;
#509 = ORIENTED_EDGE ( 'NONE', *, *, #2244, .F. ) ;
#510 = CARTESIAN_POINT ( 'NONE',  ( 2.499999999999997780, 0.000000000000000000, -7.812500003413988203 ) ) ;
#511 = CARTESIAN_POINT ( 'NONE',  ( 2.499999999999997335, -1.035533905932738419, -2.578125000000003997 ) ) ;
#512 = CARTESIAN_POINT ( 'NONE',  ( 2.246182916263079310, -2.246182916263080198, -3.515625001706995434 ) ) ;
#513 = CARTESIAN_POINT ( 'NONE',  ( 2.499999999999997335, -1.035533905932738419, -3.828125000000003553 ) ) ;
#514 = COORDINATED_UNIVERSAL_TIME_OFFSET ( 8, 0, .AHEAD. ) ;
#515 = CARTESIAN_POINT ( 'NONE',  ( -2.499999999999998224, -1.035533905932736642, -6.796875000000002665 ) ) ;
#516 = CARTESIAN_POINT ( 'NONE',  ( -3.176582343749998039, 3.890191399501432173E-16, -5.234375001706995434 ) ) ;
#517 = DIRECTION ( 'NONE',  ( 0.000000000000000000, 0.000000000000000000, 1.000000000000000000 ) ) ;
#518 = CARTESIAN_POINT ( 'NONE',  ( 1.315783488776162580, 3.176582343749997595, -1.875000001706995656 ) ) ;
#519 = VERTEX_POINT ( 'NONE', #812 ) ;
#520 = CARTESIAN_POINT ( 'NONE',  ( -1.315783488776161914, 3.176582343749997595, -5.312500001706995434 ) ) ;
#521 = ORIENTED_EDGE ( 'NONE', *, *, #2454, .T. ) ;
#522 = EDGE_CURVE ( 'NONE', #1342, #1663, #801, .T. ) ;
#523 = CARTESIAN_POINT ( 'NONE',  ( -1.315783488776164134, -3.176582343749996706, -8.750000001706995434 ) ) ;
#524 = CARTESIAN_POINT ( 'NONE',  ( 14.99999999999999645, 14.99999999999999822, 0.000000000000000000 ) ) ;
#525 = CARTESIAN_POINT ( 'NONE',  ( -1.035533905932738197, -2.499999999999997335, -2.890625000000003997 ) ) ;
#526 = DIRECTION ( 'NONE',  ( 0.000000000000000000, 0.000000000000000000, 1.000000000000000000 ) ) ;
#527 = CARTESIAN_POINT ( 'NONE',  ( -3.176582343749998039, 3.890191399501432173E-16, -2.734375001706995434 ) ) ;
#528 = CARTESIAN_POINT ( 'NONE',  ( -9.000000000000001776, 10.87054224807963010, -150.0000000000000000 ) ) ;
#529 = CARTESIAN_POINT ( 'NONE',  ( 3.176582343749996706, -1.315783488776164800, -7.031250001706995434 ) ) ;
#530 = VERTEX_POINT ( 'NONE', #2065 ) ;
#531 = CARTESIAN_POINT ( 'NONE',  ( 2.246182916263079310, -2.246182916263080198, -2.109375001706994990 ) ) ;
#532 = ORIENTED_EDGE ( 'NONE', *, *, #469, .T. ) ;
#533 = CARTESIAN_POINT ( 'NONE',  ( 1.315783488776163024, -3.176582343749997150, -6.093750001706997210 ) ) ;
#534 = CARTESIAN_POINT ( 'NONE',  ( 0.000000000000000000, 0.000000000000000000, -8.000000000000003553 ) ) ;
#535 = CARTESIAN_POINT ( 'NONE',  ( -2.246182916263080198, -2.246182916263079754, -1.328125001706994990 ) ) ;
#536 = DIRECTION ( 'NONE',  ( -0.000000000000000000, -0.000000000000000000, 1.000000000000000000 ) ) ;
#537 = CARTESIAN_POINT ( 'NONE',  ( -1.767766952966367766, -1.767766952966367100, -7.968750000000003553 ) ) ;
#538 = CARTESIAN_POINT ( 'NONE',  ( 3.176582343749997595, 1.315783488776162136, -2.031250001706995878 ) ) ;
#539 = CARTESIAN_POINT ( 'NONE',  ( 2.499999999999997780, 0.000000000000000000, -7.500000000000003553 ) ) ;
#540 = VECTOR ( 'NONE', #1261, 1000.000000000000000 ) ;
#541 = CARTESIAN_POINT ( 'NONE',  ( -3.176582343749997595, 1.315783488776162580, -8.906250001706995434 ) ) ;
#542 = SECURITY_CLASSIFICATION ( '', '', #77 ) ;
#543 = CARTESIAN_POINT ( 'NONE',  ( 1.035533905932736864, 2.499999999999997780, -8.828125003413987315 ) ) ;
#544 = ORIENTED_EDGE ( 'NONE', *, *, #1103, .T. ) ;
#545 = CARTESIAN_POINT ( 'NONE',  ( 1.315783488776162580, 3.176582343749998039, -0.4687500017069943237 ) ) ;
#546 = CARTESIAN_POINT ( 'NONE',  ( 3.176582343749996706, -1.315783488776164800, -8.437500001706997210 ) ) ;
#547 = CARTESIAN_POINT ( 'NONE',  ( -2.499999999999997780, 3.061616997868380676E-16, -5.625000000000003553 ) ) ;
#548 = CARTESIAN_POINT ( 'NONE',  ( -2.499999999999997780, 3.061616997868380676E-16, -3.125000000000003553 ) ) ;
#549 = DIRECTION ( 'NONE',  ( -0.000000000000000000, -0.000000000000000000, 1.000000000000000000 ) ) ;
#550 = CARTESIAN_POINT ( 'NONE',  ( 1.035533905932736864, 2.499999999999997780, -8.515625000000003553 ) ) ;
#551 = CARTESIAN_POINT ( 'NONE',  ( -3.176582343749998039, 3.890191399501432173E-16, -0.2343750017069958780 ) ) ;
#552 = ADVANCED_FACE ( 'NONE', ( #2050, #399 ), #428, .F. ) ;
#553 = CARTESIAN_POINT ( 'NONE',  ( 0.000000000000000000, 0.000000000000000000, 0.000000000000000000 ) ) ;
#554 = CARTESIAN_POINT ( 'NONE',  ( 3.176582343749998039, 0.000000000000000000, -8.203125001706995434 ) ) ;
#555 = EDGE_LOOP ( 'NONE', ( #170, #293, #1479 ) ) ;
#556 = CARTESIAN_POINT ( 'NONE',  ( -2.499999999999997780, 3.061616997868380676E-16, -7.187500003413987315 ) ) ;
#557 = CARTESIAN_POINT ( 'NONE',  ( 3.176582343749997150, -1.315783488776165022, -7.031250001706994546 ) ) ;
#558 = CARTESIAN_POINT ( 'NONE',  ( -8.999999999999998224, -11.12945775192036812, 0.000000000000000000 ) ) ;
#559 = CARTESIAN_POINT ( 'NONE',  ( 1.315783488776162580, 3.176582343749997595, -6.875000001706994546 ) ) ;
#560 = LINE ( 'NONE', #145, #1465 ) ;
#561 = CARTESIAN_POINT ( 'NONE',  ( 1.035533905932737309, -2.499999999999997335, -6.484375000000004441 ) ) ;
#562 = CARTESIAN_POINT ( 'NONE',  ( 3.176582343749998039, 0.000000000000000000, -9.531250001706995434 ) ) ;
#563 = CARTESIAN_POINT ( 'NONE',  ( -1.035533905932738197, -2.499999999999997335, -7.890625000000003553 ) ) ;
#564 = CARTESIAN_POINT ( 'NONE',  ( -2.499999999999997780, 3.061616997868380676E-16, -6.875000000000003553 ) ) ;
#565 =( BOUNDED_SURFACE ( )  B_SPLINE_SURFACE ( 1, 2, ( 
 ( #2432, #2248, #1845, #1875, #60, #1220, #425, #1231, #1440, #1454, #71, #245, #865, #220, #850, #2447, #2471, #268, #464, #2031, #820, #1027, #2270, #662, #1246, #44, #27, #1469, #2259, #1276, #2047, #1831, #2283, #233, #1077, #2422, #608, #1055, #1413, #1655, #836, #2459, #2233, #1641, #1864, #1507, #890, #715, #492, #1494, #2334, #1520, #1144, #520, #1707, #111, #917, #1682, #508, #1129, #1330, #2534, #2148, #1909, #1939, #877, #2309, #2322, #1897, #280, #1534, #304, #1318, #2345, #1115, #1735, #2510, #2521, #1087, #727, #100, #2124, #934, #294, #1952, #1480, #1302, #477, #1341, #2111, #2484, #1922, #127, #677, #531, #2295, #2494, #1288, #688, #334, #2097, #86, #1722, #2136, #1693, #901, #1101, #319, #700, #760, #956, #980, #1156, #2359, #2396, #2187, #1801, #154, #1761, #359, #1393, #1583, #1548, #2561, #1557, #1780, #1789, #394, #569 ),
 ( #584, #1402, #1599, #543, #1965, #2161, #783, #2204, #1572, #1183, #1169, #192, #2577, #2409, #2372, #346, #2000, #1355, #2603, #384, #1193, #771, #993, #1988, #556, #1977, #182, #944, #1379, #2590, #2546, #1367, #2175, #167, #741, #794, #2385, #970, #373, #597, #2219, #1207, #141, #1746, #1064, #2029, #218, #2246, #645, #848, #806, #1024, #1828, #1038, #1051, #2280, #2445, #2457, #605, #1243, #229, #1450, #657, #862, #1609, #1218, #1411, #41, #1652, #834, #437, #423, #2072, #1842, #1664, #818, #2231, #1258, #407, #1872, #2267, #449, #24, #256, #2059, #2420, #1229, #241, #205, #637, #1860, #1814, #10, #1621, #2430, #2616, #56, #2467, #1464, #461, #2013, #1637, #621, #1009, #1426, #2042, #1437, #2257, #1531, #107, #2104, #504, #1314, #2081, #898, #1517, #1918, #316, #2530, #2306, #2331, #1272, #1893, #1906, #2292, #674, #1934, #697, #97 ) ),
 .UNSPECIFIED., .F., .F., .T. ) 
 B_SPLINE_SURFACE_WITH_KNOTS ( ( 2, 2 ),
 ( 3, 2, 2, 2, 2, 2, 2, 2, 2, 2, 2, 2, 2, 2, 2, 2, 2, 2, 2, 2, 2, 2, 2, 2, 2, 2, 2, 2, 2, 2, 2, 2, 2, 2, 2, 2, 2, 2, 2, 2, 2, 2, 2, 2, 2, 2, 2, 2, 2, 2, 2, 2, 2, 2, 2, 2, 2, 2, 2, 2, 2, 2, 2, 2, 3 ),
 ( 0.000000000000000000, 1.000000000000000000 ),
 ( 0.000000000000000000, 0.01562500000000000000, 0.03125000000000000000, 0.04687500000000000000, 0.06250000000000000000, 0.07812500000000000000, 0.09375000000000000000, 0.1093750000000000000, 0.1250000000000000000, 0.1406250000000000000, 0.1562500000000000000, 0.1718750000000000000, 0.1875000000000000000, 0.2031250000000000000, 0.2187500000000000000, 0.2343750000000000000, 0.2500000000000000000, 0.2656250000000000000, 0.2812500000000000000, 0.2968750000000000000, 0.3125000000000000000, 0.3281250000000000000, 0.3437500000000000000, 0.3593750000000000000, 0.3750000000000000000, 0.3906250000000000000, 0.4062500000000000000, 0.4218750000000000000, 0.4375000000000000000, 0.4531250000000000000, 0.4687500000000000000, 0.4843750000000000000, 0.5000000000000000000, 0.5156250000000000000, 0.5312500000000000000, 0.5468750000000000000, 0.5625000000000000000, 0.5781250000000000000, 0.5937500000000000000, 0.6093750000000000000, 0.6250000000000000000, 0.6406250000000000000, 0.6562500000000000000, 0.6718750000000000000, 0.6875000000000000000, 0.7031250000000000000, 0.7187500000000000000, 0.7343750000000000000, 0.7500000000000000000, 0.7656250000000000000, 0.7812500000000000000, 0.7968750000000000000, 0.8125000000000000000, 0.8281250000000000000, 0.8437500000000000000, 0.8593750000000000000, 0.8750000000000000000, 0.8906250000000000000, 0.9062500000000000000, 0.9218750000000000000, 0.9375000000000000000, 0.9531250000000000000, 0.9687500000000000000, 0.9843750000000000000, 1.000000000000000000 ),
 .UNSPECIFIED. ) 
 GEOMETRIC_REPRESENTATION_ITEM ( )  RATIONAL_B_SPLINE_SURFACE ( (
 ( 1.000000000000000000, 0.9238795325112867385, 1.000000000000000000, 0.9238795325112867385, 1.000000000000000000, 0.9238795325112867385, 1.000000000000000000, 0.9238795325112867385, 1.000000000000000000, 0.9238795325112867385, 1.000000000000000000, 0.9238795325112867385, 1.000000000000000000, 0.9238795325112867385, 1.000000000000000000, 0.9238795325112867385, 1.000000000000000000, 0.9238795325112867385, 1.000000000000000000, 0.9238795325112867385, 1.000000000000000000, 0.9238795325112867385, 1.000000000000000000, 0.9238795325112867385, 1.000000000000000000, 0.9238795325112867385, 1.000000000000000000, 0.9238795325112867385, 1.000000000000000000, 0.9238795325112867385, 1.000000000000000000, 0.9238795325112867385, 1.000000000000000000, 0.9238795325112867385, 1.000000000000000000, 0.9238795325112867385, 1.000000000000000000, 0.9238795325112867385, 1.000000000000000000, 0.9238795325112867385, 1.000000000000000000, 0.9238795325112867385, 1.000000000000000000, 0.9238795325112867385, 1.000000000000000000, 0.9238795325112867385, 1.000000000000000000, 0.9238795325112867385, 1.000000000000000000, 0.9238795325112867385, 1.000000000000000000, 0.9238795325112867385, 1.000000000000000000, 0.9238795325112867385, 1.000000000000000000, 0.9238795325112867385, 1.000000000000000000, 0.9238795325112867385, 1.000000000000000000, 0.9238795325112867385, 1.000000000000000000, 0.9238795325112867385, 1.000000000000000000, 0.9238795325112867385, 1.000000000000000000, 0.9238795325112867385, 1.000000000000000000, 0.9238795325112867385, 1.000000000000000000, 0.9238795325112867385, 1.000000000000000000, 0.9238795325112867385, 1.000000000000000000, 0.9238795325112867385, 1.000000000000000000, 0.9238795325112867385, 1.000000000000000000, 0.9238795325112867385, 1.000000000000000000, 0.9238795325112867385, 1.000000000000000000, 0.9238795325112867385, 1.000000000000000000, 0.9238795325112867385, 1.000000000000000000, 0.9238795325112867385, 1.000000000000000000, 0.9238795325112867385, 1.000000000000000000, 0.9238795325112867385, 1.000000000000000000, 0.9238795325112867385, 1.000000000000000000, 0.9238795325112867385, 1.000000000000000000, 0.9238795325112867385, 1.000000000000000000, 0.9238795325112867385, 1.000000000000000000, 0.9238795325112867385, 1.000000000000000000, 0.9238795325112867385, 1.000000000000000000, 0.9238795325112867385, 1.000000000000000000, 0.9238795325112867385, 1.000000000000000000, 0.9238795325112867385, 1.000000000000000000, 0.9238795325112867385, 1.000000000000000000, 0.9238795325112867385, 1.000000000000000000, 0.9238795325112867385, 1.000000000000000000, 0.9238795325112867385, 1.000000000000000000, 0.9238795325112867385, 1.000000000000000000, 0.9238795325112867385, 1.000000000000000000, 0.9238795325112867385, 1.000000000000000000, 0.9238795325112867385, 1.000000000000000000, 0.9238795325112867385, 1.000000000000000000, 0.9238795325112867385, 1.000000000000000000),
 ( 1.000000000000000000, 0.9238795325112867385, 1.000000000000000000, 0.9238795325112867385, 1.000000000000000000, 0.9238795325112867385, 1.000000000000000000, 0.9238795325112867385, 1.000000000000000000, 0.9238795325112867385, 1.000000000000000000, 0.9238795325112867385, 1.000000000000000000, 0.9238795325112867385, 1.000000000000000000, 0.9238795325112867385, 1.000000000000000000, 0.9238795325112867385, 1.000000000000000000, 0.9238795325112867385, 1.000000000000000000, 0.9238795325112867385, 1.000000000000000000, 0.9238795325112867385, 1.000000000000000000, 0.9238795325112867385, 1.000000000000000000, 0.9238795325112867385, 1.000000000000000000, 0.9238795325112867385, 1.000000000000000000, 0.9238795325112867385, 1.000000000000000000, 0.9238795325112867385, 1.000000000000000000, 0.9238795325112867385, 1.000000000000000000, 0.9238795325112867385, 1.000000000000000000, 0.9238795325112867385, 1.000000000000000000, 0.9238795325112867385, 1.000000000000000000, 0.9238795325112867385, 1.000000000000000000, 0.9238795325112867385, 1.000000000000000000, 0.9238795325112867385, 1.000000000000000000, 0.9238795325112867385, 1.000000000000000000, 0.9238795325112867385, 1.000000000000000000, 0.9238795325112867385, 1.000000000000000000, 0.9238795325112867385, 1.000000000000000000, 0.9238795325112867385, 1.000000000000000000, 0.9238795325112867385, 1.000000000000000000, 0.9238795325112867385, 1.000000000000000000, 0.9238795325112867385, 1.000000000000000000, 0.9238795325112867385, 1.000000000000000000, 0.9238795325112867385, 1.000000000000000000, 0.9238795325112867385, 1.000000000000000000, 0.9238795325112867385, 1.000000000000000000, 0.9238795325112867385, 1.000000000000000000, 0.9238795325112867385, 1.000000000000000000, 0.9238795325112867385, 1.000000000000000000, 0.9238795325112867385, 1.000000000000000000, 0.9238795325112867385, 1.000000000000000000, 0.9238795325112867385, 1.000000000000000000, 0.9238795325112867385, 1.000000000000000000, 0.9238795325112867385, 1.000000000000000000, 0.9238795325112867385, 1.000000000000000000, 0.9238795325112867385, 1.000000000000000000, 0.9238795325112867385, 1.000000000000000000, 0.9238795325112867385, 1.000000000000000000, 0.9238795325112867385, 1.000000000000000000, 0.9238795325112867385, 1.000000000000000000, 0.9238795325112867385, 1.000000000000000000, 0.9238795325112867385, 1.000000000000000000, 0.9238795325112867385, 1.000000000000000000, 0.9238795325112867385, 1.000000000000000000, 0.9238795325112867385, 1.000000000000000000, 0.9238795325112867385, 1.000000000000000000, 0.9238795325112867385, 1.000000000000000000, 0.9238795325112867385, 1.000000000000000000, 0.9238795325112867385, 1.000000000000000000, 0.9238795325112867385, 1.000000000000000000, 0.9238795325112867385, 1.000000000000000000, 0.9238795325112867385, 1.000000000000000000, 0.9238795325112867385, 1.000000000000000000, 0.9238795325112867385, 1.000000000000000000) ) ) 
 REPRESENTATION_ITEM ( '' )  SURFACE ( )  );
#566 = ADVANCED_FACE ( 'NONE', ( #1212 ), #2019, .T. ) ;
#567 = CARTESIAN_POINT ( 'NONE',  ( -2.246182916263080198, -2.246182916263079754, -8.671875001706995434 ) ) ;
#568 = ORIENTED_EDGE ( 'NONE', *, *, #356, .F. ) ;
#569 = CARTESIAN_POINT ( 'NONE',  ( 3.176582343749998039, 0.000000000000000000, 0.5468749982930047882 ) ) ;
#570 = CARTESIAN_POINT ( 'NONE',  ( 2.499999999999997780, 0.000000000000000000, -5.312500003413987315 ) ) ;
#571 = LINE ( 'NONE', #524, #285 ) ;
#572 = UNCERTAINTY_MEASURE_WITH_UNIT (LENGTH_MEASURE( 1.000000000000000082E-05 ), #20, 'distance_accuracy_value', 'NONE');
#573 = CYLINDRICAL_SURFACE ( 'NONE', #2437, 2.499999999999997780 ) ;
#574 = CYLINDRICAL_SURFACE ( 'NONE', #1935, 2.499999999999998668 ) ;
#575 = CARTESIAN_POINT ( 'NONE',  ( 1.035533905932736864, 2.499999999999997780, -3.515625000000003109 ) ) ;
#576 = CARTESIAN_POINT ( 'NONE',  ( 3.176582343749996706, -1.315783488776164800, 0.3124999982930046216 ) ) ;
#577 = CARTESIAN_POINT ( 'NONE',  ( -3.176582343749998039, 3.890191399501432173E-16, -3.828125001706995434 ) ) ;
#578 = PLANE ( 'NONE',  #1982 ) ;
#579 = CIRCLE ( 'NONE', #703, 2.499999999999997335 ) ;
#580 = CARTESIAN_POINT ( 'NONE',  ( 3.176582343749998039, 0.000000000000000000, 0.3906249982930046771 ) ) ;
#581 = CARTESIAN_POINT ( 'NONE',  ( 1.767766952966366878, -1.767766952966367766, -2.656250000000003109 ) ) ;
#582 = ORIENTED_EDGE ( 'NONE', *, *, #1362, .F. ) ;
#583 = AXIS2_PLACEMENT_3D ( 'NONE', #2053, #2438, #200 ) ;
#584 = CARTESIAN_POINT ( 'NONE',  ( 2.499999999999997780, 0.000000000000000000, -9.062500003413987315 ) ) ;
#585 = EDGE_CURVE ( 'NONE', #807, #687, #855, .T. ) ;
#586 = EDGE_LOOP ( 'NONE', ( #1706, #1865, #2563, #9 ) ) ;
#587 = CARTESIAN_POINT ( 'NONE',  ( 0.000000000000000000, 0.000000000000000000, -10.00000000000000355 ) ) ;
#588 = LINE ( 'NONE', #2048, #1856 ) ;
#589 = CARTESIAN_POINT ( 'NONE',  ( -4.592425496802570028E-16, -2.499999999999997780, -5.312500000000003553 ) ) ;
#590 = DIRECTION ( 'NONE',  ( 1.000000000000000000, 0.000000000000000000, 0.000000000000000000 ) ) ;
#591 = CARTESIAN_POINT ( 'NONE',  ( -1.767766952966367100, 1.767766952966367544, -3.281250000000003997 ) ) ;
#592 = CARTESIAN_POINT ( 'NONE',  ( -8.000000000000000000, 9.797174393178825657E-16, 0.000000000000000000 ) ) ;
#593 = CARTESIAN_POINT ( 'NONE',  ( 1.315783488776162580, 3.176582343749998039, -2.968750001706994990 ) ) ;
#594 = PERSON_AND_ORGANIZATION ( #1352, #1944 ) ;
#595 = CARTESIAN_POINT ( 'NONE',  ( 1.315783488776162580, 3.176582343749997595, -4.218750001706994546 ) ) ;
#596 = EDGE_LOOP ( 'NONE', ( #609, #2308, #2126, #849 ) ) ;
#597 = CARTESIAN_POINT ( 'NONE',  ( -2.499999999999997780, 1.035533905932737087, -6.015625003413986427 ) ) ;
#598 = ORIENTED_EDGE ( 'NONE', *, *, #2499, .F. ) ;
#599 = LINE ( 'NONE', #2361, #124 ) ;
#600 = DIRECTION ( 'NONE',  ( 1.000000000000000000, 0.000000000000000000, 0.000000000000000000 ) ) ;
#601 = CARTESIAN_POINT ( 'NONE',  ( -1.315783488776162136, 3.176582343749998039, -0.4687500017069961000 ) ) ;
#602 = CARTESIAN_POINT ( 'NONE',  ( 2.499999999999997780, 0.000000000000000000, -9.531250001706995434 ) ) ;
#603 = CARTESIAN_POINT ( 'NONE',  ( -2.246182916263080198, -2.246182916263079754, -3.671875001706995434 ) ) ;
#604 = CARTESIAN_POINT ( 'NONE',  ( 2.499999999999997780, 0.000000000000000000, -1.250000000000002887 ) ) ;
#605 = CARTESIAN_POINT ( 'NONE',  ( -1.767766952966367766, -1.767766952966367100, -4.531250003413987315 ) ) ;
#606 = ORIENTED_EDGE ( 'NONE', *, *, #1453, .F. ) ;
#607 = CARTESIAN_POINT ( 'NONE',  ( 1.315783488776163024, -3.176582343749997595, -5.937500001706995434 ) ) ;
#608 = CARTESIAN_POINT ( 'NONE',  ( 1.945095699750716087E-16, 3.176582343749998039, -6.640625001706995434 ) ) ;
#609 = ORIENTED_EDGE ( 'NONE', *, *, #1199, .F. ) ;
#610 = CARTESIAN_POINT ( 'NONE',  ( 1.198687951836840071, -2.193888601119299064, -0.5250000000000011324 ) ) ;
#611 = CARTESIAN_POINT ( 'NONE',  ( 3.176582343749998039, 0.000000000000000000, -8.203125001706995434 ) ) ;
#612 = FACE_OUTER_BOUND ( 'NONE', #1217, .T. ) ;
#613 = EDGE_CURVE ( 'NONE', #358, #1089, #62, .T. ) ;
#614 = CARTESIAN_POINT ( 'NONE',  ( -2.499999999999997780, 3.061616997868380676E-16, -5.625000000000003553 ) ) ;
#615 = CARTESIAN_POINT ( 'NONE',  ( -1.602038222003592915, -2.774721997402656015, -5.071949354142992584E-16 ) ) ;
#616 = CARTESIAN_POINT ( 'NONE',  ( -2.246182916263079754, 2.246182916263080198, -2.734375001706995434 ) ) ;
#617 = CYLINDRICAL_SURFACE ( 'NONE', #1898, 2.499999999999997780 ) ;
#618 = CARTESIAN_POINT ( 'NONE',  ( 3.176582343749996706, -1.315783488776164800, -3.281250001706994990 ) ) ;
#619 = CARTESIAN_POINT ( 'NONE',  ( -5.835287099252147767E-16, -3.176582343749998039, -8.671875001706995434 ) ) ;
#620 = DIRECTION ( 'NONE',  ( 1.000000000000000000, 0.000000000000000000, 0.000000000000000000 ) ) ;
#621 = CARTESIAN_POINT ( 'NONE',  ( -1.767766952966367100, 1.767766952966367544, -1.093750003413987093 ) ) ;
#622 = AXIS2_PLACEMENT_3D ( 'NONE', #1577, #2366, #2378 ) ;
#623 = CIRCLE ( 'NONE', #2105, 2.500000000000002220 ) ;
#624 = ORIENTED_EDGE ( 'NONE', *, *, #360, .T. ) ;
#625 = CARTESIAN_POINT ( 'NONE',  ( -2.499999999999997780, 1.035533905932737087, -1.953125000000003553 ) ) ;
#626 = VECTOR ( 'NONE', #809, 1000.000000000000000 ) ;
#627 = ORIENTED_EDGE ( 'NONE', *, *, #1927, .T. ) ;
#628 = FACE_OUTER_BOUND ( 'NONE', #2446, .T. ) ;
#629 = CC_DESIGN_APPROVAL ( #1676, ( #1019 ) ) ;
#630 = CARTESIAN_POINT ( 'NONE',  ( -3.176582343749998927, -1.315783488776161692, -7.500000001706994546 ) ) ;
#631 = FACE_OUTER_BOUND ( 'NONE', #1802, .T. ) ;
#632 = CARTESIAN_POINT ( 'NONE',  ( 1.767766952966367544, 1.767766952966367544, -6.093750000000003553 ) ) ;
#633 = EDGE_CURVE ( 'NONE', #714, #758, #1521, .T. ) ;
#634 = DIRECTION ( 'NONE',  ( -1.000000000000000000, -0.000000000000000000, -0.000000000000000000 ) ) ;
#635 = CARTESIAN_POINT ( 'NONE',  ( 11.49999999999999645, -11.12945775192036812, 0.000000000000000000 ) ) ;
#636 = CARTESIAN_POINT ( 'NONE',  ( 3.176582343749998039, 0.000000000000000000, -0.7031250017069945457 ) ) ;
#637 = CARTESIAN_POINT ( 'NONE',  ( -2.499999999999998224, -1.035533905932736642, -2.109375003413986871 ) ) ;
#638 = ORIENTED_EDGE ( 'NONE', *, *, #2617, .F. ) ;
#639 = CARTESIAN_POINT ( 'NONE',  ( -1.035533905932736864, 2.499999999999997780, -4.609375000000004441 ) ) ;
#640 = DIRECTION ( 'NONE',  ( -0.000000000000000000, -0.000000000000000000, 1.000000000000000000 ) ) ;
#641 = CARTESIAN_POINT ( 'NONE',  ( -11.50000000000000355, 10.87054224807963010, -10.00000000000000888 ) ) ;
#642 = CARTESIAN_POINT ( 'NONE',  ( 1.035533905932736864, 2.499999999999997780, -6.328125003413985539 ) ) ;
#643 = CARTESIAN_POINT ( 'NONE',  ( -3.176582343749998927, -1.315783488776161692, -1.250000001706995212 ) ) ;
#644 = VERTEX_POINT ( 'NONE', #2299 ) ;
#645 = CARTESIAN_POINT ( 'NONE',  ( 2.499999999999997780, 0.000000000000000000, -5.312500003413987315 ) ) ;
#646 = ADVANCED_FACE ( 'NONE', ( #1901 ), #48, .F. ) ;
#647 = EDGE_LOOP ( 'NONE', ( #1145, #847, #606, #2520 ) ) ;
#648 = CARTESIAN_POINT ( 'NONE',  ( -2.246182916263080198, -2.246182916263079754, -6.171875001706996322 ) ) ;
#649 = CARTESIAN_POINT ( 'NONE',  ( -1.767766952966367100, 1.767766952966367544, -4.531250000000003553 ) ) ;
#650 = CARTESIAN_POINT ( 'NONE',  ( 3.176582343749998039, 0.000000000000000000, -9.609375001706995434 ) ) ;
#651 = DIRECTION ( 'NONE',  ( 1.000000000000000000, 0.000000000000000000, 0.000000000000000000 ) ) ;
#652 = DIRECTION ( 'NONE',  ( 1.000000000000000000, 0.000000000000000000, 0.000000000000000000 ) ) ;
#653 = CARTESIAN_POINT ( 'NONE',  ( 1.035533905932736864, 2.499999999999997780, -1.328125003413987315 ) ) ;
#654 = CARTESIAN_POINT ( 'NONE',  ( -1.315783488776162136, 3.176582343749998039, -2.968750001706996322 ) ) ;
#655 = CARTESIAN_POINT ( 'NONE',  ( 1.315783488776163024, -3.176582343749997150, 0.3124999982930046216 ) ) ;
#656 = CARTESIAN_POINT ( 'NONE',  ( 1.945095699750716087E-16, 3.176582343749998039, -8.046875001706995434 ) ) ;
#657 = CARTESIAN_POINT ( 'NONE',  ( 1.767766952966366878, -1.767766952966367766, -4.218750003413987315 ) ) ;
#658 = CARTESIAN_POINT ( 'NONE',  ( -5.835287099252147767E-16, -3.176582343749998039, -1.171875001706994990 ) ) ;
#659 = VERTEX_POINT ( 'NONE', #2463 ) ;
#660 = EDGE_CURVE ( 'NONE', #1277, #1143, #468, .T. ) ;
#661 = VECTOR ( 'NONE', #1361, 1000.000000000000000 ) ;
#662 = CARTESIAN_POINT ( 'NONE',  ( -3.176582343749997595, 1.315783488776162580, -7.656250001706995434 ) ) ;
#663 = VECTOR ( 'NONE', #940, 1000.000000000000114 ) ;
#664 = EDGE_LOOP ( 'NONE', ( #1745, #521, #1885, #2296 ) ) ;
#665 = CARTESIAN_POINT ( 'NONE',  ( -11.50000000000000355, 10.87054224807963010, -150.0000000000000000 ) ) ;
#666 = CARTESIAN_POINT ( 'NONE',  ( -1.760808811175772703, -2.000309232483691524, -0.3631804297022636074 ) ) ;
#667 = VECTOR ( 'NONE', #2413, 1000.000000000000000 ) ;
#668 =( BOUNDED_CURVE ( )  B_SPLINE_CURVE ( 2, ( #2525, #2377, #719, #2569, #1335, #2552, #961, #765, #1563 ),
 .UNSPECIFIED., .F., .F. ) 
 B_SPLINE_CURVE_WITH_KNOTS ( ( 3, 2, 2, 2, 3 ),
 ( 0.1875000000000000000, 0.2031250000000000000, 0.2187500000000000278, 0.2343750000000000555, 0.2500000000000000555 ),
 .UNSPECIFIED. ) 
 CURVE ( )  GEOMETRIC_REPRESENTATION_ITEM ( )  RATIONAL_B_SPLINE_CURVE ( ( 1.000000000000000000, 0.9238795325112867385, 1.000000000000000000, 0.9238795325112867385, 1.000000000000000000, 0.9238795325112867385, 1.000000000000000000, 0.9238795325112865164, 1.000000000000000222 ) ) 
 REPRESENTATION_ITEM ( '' )  );
#669 = CARTESIAN_POINT ( 'NONE',  ( -2.499999999999997780, 3.061616997868380676E-16, -0.9375000034139869820 ) ) ;
#670 = CARTESIAN_POINT ( 'NONE',  ( 3.176582343749998039, 0.000000000000000000, -2.109375001706995878 ) ) ;
#671 = CARTESIAN_POINT ( 'NONE',  ( 3.176582343749996706, -1.315783488776164800, 0.4687499982930048437 ) ) ;
#672 = CARTESIAN_POINT ( 'NONE',  ( 1.315783488776162580, 3.176582343749997595, -5.625000001706995434 ) ) ;
#673 = CARTESIAN_POINT ( 'NONE',  ( 1.035533905932737309, -2.499999999999997335, -3.046875003413986427 ) ) ;
#674 = CARTESIAN_POINT ( 'NONE',  ( 1.035533905932737309, -2.499999999999997335, 0.7031249965860127960 ) ) ;
#675 = CARTESIAN_POINT ( 'NONE',  ( 1.315783488776163024, -3.176582343749997150, -3.593750001706995434 ) ) ;
#676 = ORIENTED_EDGE ( 'NONE', *, *, #2123, .F. ) ;
#677 = CARTESIAN_POINT ( 'NONE',  ( 1.315783488776163024, -3.176582343749997150, -2.187500001706995878 ) ) ;
#678 = VERTEX_POINT ( 'NONE', #1068 ) ;
#679 = CARTESIAN_POINT ( 'NONE',  ( -3.176582343749998039, 3.890191399501432173E-16, -8.984375001706995434 ) ) ;
#680 = CARTESIAN_POINT ( 'NONE',  ( 2.634719599531425871, 0.000000000000000000, -0.3902804004685746508 ) ) ;
#681 = CARTESIAN_POINT ( 'NONE',  ( -1.767766952966367100, 1.767766952966367544, -3.593750003413986871 ) ) ;
#682 = CARTESIAN_POINT ( 'NONE',  ( -2.499999999999997780, 3.061616997868380676E-16, -4.375000000000003553 ) ) ;
#683 = CARTESIAN_POINT ( 'NONE',  ( 3.176582343749996706, -1.315783488776164800, -7.187500001706994546 ) ) ;
#684 = CARTESIAN_POINT ( 'NONE',  ( 2.632781378195129918, 0.3637785489642811898, -0.3734966511861742555 ) ) ;
#685 = DIRECTION ( 'NONE',  ( 1.000000000000000000, 0.000000000000000000, 0.000000000000000000 ) ) ;
#686 = CARTESIAN_POINT ( 'NONE',  ( -1.315783488776161914, 3.176582343749997595, -1.718750001706995434 ) ) ;
#687 = VERTEX_POINT ( 'NONE', #1888 ) ;
#688 = CARTESIAN_POINT ( 'NONE',  ( 2.246182916263080198, 2.246182916263080198, -1.796875001706995434 ) ) ;
#689 = ORIENTED_EDGE ( 'NONE', *, *, #1136, .T. ) ;
#690 = CARTESIAN_POINT ( 'NONE',  ( 0.000000000000000000, 0.000000000000000000, 0.000000000000000000 ) ) ;
#691 = CARTESIAN_POINT ( 'NONE',  ( -1.035533905932736864, 2.499999999999997780, -7.421875003413987315 ) ) ;
#692 = CARTESIAN_POINT ( 'NONE',  ( 2.499999999999997780, 1.035533905932736864, -3.671875000000003109 ) ) ;
#693 = CARTESIAN_POINT ( 'NONE',  ( -2.246182916263079754, 2.246182916263080198, -4.140625001706995434 ) ) ;
#694 = EDGE_CURVE ( 'NONE', #1195, #2311, #1028, .T. ) ;
#695 = APPROVAL_DATE_TIME ( #2503, #2234 ) ;
#696 = CARTESIAN_POINT ( 'NONE',  ( 1.315783488776163024, -3.176582343749997150, -3.593750001706995434 ) ) ;
#697 = CARTESIAN_POINT ( 'NONE',  ( 2.499999999999997335, -1.035533905932738419, 0.8593749965860129070 ) ) ;
#698 = CARTESIAN_POINT ( 'NONE',  ( -3.176582343749997595, 1.315783488776162580, -4.062500001706995434 ) ) ;
#699 = VERTEX_POINT ( 'NONE', #2337 ) ;
#700 = CARTESIAN_POINT ( 'NONE',  ( -5.835287099252147767E-16, -3.176582343749998039, -1.015625001706994768 ) ) ;
#701 = ORIENTED_EDGE ( 'NONE', *, *, #1628, .T. ) ;
#702 = DIRECTION ( 'NONE',  ( -0.000000000000000000, -0.000000000000000000, 1.000000000000000000 ) ) ;
#703 = AXIS2_PLACEMENT_3D ( 'NONE', #161, #2181, #1946 ) ;
#704 = CARTESIAN_POINT ( 'NONE',  ( -2.499999999999997780, 1.035533905932737087, -3.515625003413987315 ) ) ;
#705 = AXIS2_PLACEMENT_3D ( 'NONE', #893, #1304, #494 ) ;
#706 = CARTESIAN_POINT ( 'NONE',  ( -3.176582343749998039, 1.315783488776162580, -2.812500001706995878 ) ) ;
#707 = CARTESIAN_POINT ( 'NONE',  ( -2.209015088512803704, 1.947702059519822448, -0.08556631917286423861 ) ) ;
#708 = AXIS2_PLACEMENT_3D ( 'NONE', #1992, #211, #221 ) ;
#709 = EDGE_CURVE ( 'NONE', #191, #2576, #2392, .T. ) ;
#710 = CARTESIAN_POINT ( 'NONE',  ( 1.315783488776162580, 3.176582343749997595, -4.375000001706995434 ) ) ;
#711 = CARTESIAN_POINT ( 'NONE',  ( 1.767766952966367544, 1.767766952966367544, -8.593750000000003553 ) ) ;
#712 = ADVANCED_FACE ( 'NONE', ( #921 ), #1726, .F. ) ;
#713 = CARTESIAN_POINT ( 'NONE',  ( 3.176582343749997595, 1.315783488776162136, -2.031250001706995878 ) ) ;
#714 = VERTEX_POINT ( 'NONE', #1524 ) ;
#715 = CARTESIAN_POINT ( 'NONE',  ( 3.176582343749996706, -1.315783488776164800, -5.781250001706997210 ) ) ;
#716 = ORIENTED_EDGE ( 'NONE', *, *, #1005, .F. ) ;
#717 = CARTESIAN_POINT ( 'NONE',  ( 2.246182916263080198, 2.246182916263080198, -5.703125001706995434 ) ) ;
#718 = CARTESIAN_POINT ( 'NONE',  ( -1.767766952966367100, 1.767766952966367544, -7.343750003413987315 ) ) ;
#719 = CARTESIAN_POINT ( 'NONE',  ( -1.767766952966367766, -1.767766952966367100, -7.031250003413987315 ) ) ;
#720 = FACE_BOUND ( 'NONE', #1425, .T. ) ;
#721 = CARTESIAN_POINT ( 'NONE',  ( -2.499999999999997780, 3.061616997868380676E-16, 0.000000000000000000 ) ) ;
#722 = CARTESIAN_POINT ( 'NONE',  ( 3.176582343749997595, 1.315783488776162136, -3.281250001706994990 ) ) ;
#723 = CARTESIAN_POINT ( 'NONE',  ( -2.246182916263080198, -2.246182916263079754, -3.671875001706995434 ) ) ;
#724 = CARTESIAN_POINT ( 'NONE',  ( 1.035533905932736864, 2.499999999999997780, -8.515625000000001776 ) ) ;
#725 = CARTESIAN_POINT ( 'NONE',  ( -1.315783488776161914, 3.176582343749997595, -6.562500001706995434 ) ) ;
#726 = VERTEX_POINT ( 'NONE', #2538 ) ;
#727 = CARTESIAN_POINT ( 'NONE',  ( 3.176582343749996706, -1.315783488776164800, -3.281250001706994990 ) ) ;
#728 = EDGE_CURVE ( 'NONE', #1736, #1999, #2152, .T. ) ;
#729 = VERTEX_POINT ( 'NONE', #2193 ) ;
#730 = CARTESIAN_POINT ( 'NONE',  ( -5.835287099252147767E-16, -3.176582343749998039, -4.921875001706995434 ) ) ;
#731 = CARTESIAN_POINT ( 'NONE',  ( 2.499999999999997780, 0.000000000000000000, 0.000000000000000000 ) ) ;
#732 = DIRECTION ( 'NONE',  ( 1.000000000000000000, 0.000000000000000000, 0.000000000000000000 ) ) ;
#733 = FACE_OUTER_BOUND ( 'NONE', #784, .T. ) ;
#734 = CARTESIAN_POINT ( 'NONE',  ( 2.499999999999997335, -1.035533905932738419, -6.328125000000005329 ) ) ;
#735 = CARTESIAN_POINT ( 'NONE',  ( 1.530808498934190338E-16, 2.499999999999997780, -9.687500000000003553 ) ) ;
#736 = CARTESIAN_POINT ( 'NONE',  ( 1.315783488776163024, -3.176582343749997595, -3.437500001706995434 ) ) ;
#737 = CARTESIAN_POINT ( 'NONE',  ( -2.499999999999997780, 3.061616997868380676E-16, -9.375000000000003553 ) ) ;
#738 = CARTESIAN_POINT ( 'NONE',  ( 1.315783488776162580, 3.176582343749997595, -5.468750001706997210 ) ) ;
#739 = CARTESIAN_POINT ( 'NONE',  ( 1.035533905932737309, -2.499999999999997335, -2.734375000000003997 ) ) ;
#740 = ORIENTED_EDGE ( 'NONE', *, *, #522, .T. ) ;
#741 = CARTESIAN_POINT ( 'NONE',  ( 1.767766952966367544, 1.767766952966367544, -6.406250003413986427 ) ) ;
#742 = EDGE_CURVE ( 'NONE', #2483, #2399, #571, .T. ) ;
#743 = ORIENTED_EDGE ( 'NONE', *, *, #1136, .F. ) ;
#744 = CARTESIAN_POINT ( 'NONE',  ( -5.835287099252147767E-16, -3.176582343749998039, -2.265625001706994990 ) ) ;
#745 = CARTESIAN_POINT ( 'NONE',  ( 1.945095699750716087E-16, 3.176582343749998039, -6.796875001706995434 ) ) ;
#746 = DIRECTION ( 'NONE',  ( 0.000000000000000000, 0.000000000000000000, 1.000000000000000000 ) ) ;
#747 = LINE ( 'NONE', #1753, #1467 ) ;
#748 = CARTESIAN_POINT ( 'NONE',  ( 2.246182916263080198, 2.246182916263080198, -0.7031250017069945457 ) ) ;
#749 = CARTESIAN_POINT ( 'NONE',  ( 0.000000000000000000, 0.000000000000000000, 1.734723475976807883E-15 ) ) ;
#750 = CARTESIAN_POINT ( 'NONE',  ( -4.592425496802570028E-16, -2.499999999999997780, -9.062500000000005329 ) ) ;
#751 = VECTOR ( 'NONE', #2087, 1000.000000000000114 ) ;
#752 = CARTESIAN_POINT ( 'NONE',  ( -3.176582343749998927, -1.315783488776161692, -1.406250001706995212 ) ) ;
#753 = CARTESIAN_POINT ( 'NONE',  ( 3.176582343749998039, 1.315783488776162580, -4.375000001706995434 ) ) ;
#754 = CARTESIAN_POINT ( 'NONE',  ( 2.499999999999997780, 0.000000000000000000, -8.750000000000003553 ) ) ;
#755 = AXIS2_PLACEMENT_3D ( 'NONE', #1013, #2002, #2017 ) ;
#756 = CARTESIAN_POINT ( 'NONE',  ( -2.246182916263079754, 2.246182916263080198, -5.234375001706995434 ) ) ;
#757 = AXIS2_PLACEMENT_3D ( 'NONE', #941, #355, #953 ) ;
#758 = VERTEX_POINT ( 'NONE', #2376 ) ;
#759 = CARTESIAN_POINT ( 'NONE',  ( -2.246182916263079754, 2.246182916263080198, -5.234375001706995434 ) ) ;
#760 = CARTESIAN_POINT ( 'NONE',  ( 1.315783488776163024, -3.176582343749997150, -0.9375000017069946567 ) ) ;
#761 = ORIENTED_EDGE ( 'NONE', *, *, #633, .F. ) ;
#762 = FACE_OUTER_BOUND ( 'NONE', #478, .T. ) ;
#763 = CARTESIAN_POINT ( 'NONE',  ( -3.176582343749998039, 3.890191399501432173E-16, -6.484375001706995434 ) ) ;
#764 = DIRECTION ( 'NONE',  ( 1.577021341797097560E-16, 1.000000000000000000, 0.000000000000000000 ) ) ;
#765 = CARTESIAN_POINT ( 'NONE',  ( 2.500000000000000444, -1.035533905932735532, -6.640625003413984651 ) ) ;
#766 = PLANE ( 'NONE',  #1763 ) ;
#767 = CARTESIAN_POINT ( 'NONE',  ( -2.499999999999998224, -1.035533905932736642, -8.046875000000003553 ) ) ;
#768 = CARTESIAN_POINT ( 'NONE',  ( 2.246182916263079310, -2.246182916263080198, 0.2343749982930045661 ) ) ;
#769 = CARTESIAN_POINT ( 'NONE',  ( 15.00000000000000355, -15.00000000000000000, 0.000000000000000000 ) ) ;
#770 = CARTESIAN_POINT ( 'NONE',  ( 3.176582343749996706, -1.315783488776164800, -8.281250001706995434 ) ) ;
#771 = CARTESIAN_POINT ( 'NONE',  ( -1.035533905932736642, 2.499999999999997780, -7.421875003413987315 ) ) ;
#772 =( BOUNDED_CURVE ( )  B_SPLINE_CURVE ( 2, ( #1510, #880, #259, #90, #2472, #866, #1696, #894, #510 ),
 .UNSPECIFIED., .F., .T. ) 
 B_SPLINE_CURVE_WITH_KNOTS ( ( 3, 2, 2, 2, 3 ),
 ( 0.06250000000000005551, 0.07812500000000002776, 0.09375000000000000000, 0.1093749999999999584, 0.1249999999999999306 ),
 .UNSPECIFIED. ) 
 CURVE ( )  GEOMETRIC_REPRESENTATION_ITEM ( )  RATIONAL_B_SPLINE_CURVE ( ( 0.9999999999999997780, 0.9238795325112869605, 1.000000000000000000, 0.9238795325112867385, 1.000000000000000000, 0.9238795325112867385, 1.000000000000000000, 0.9238795325112870716, 0.9999999999999996669 ) ) 
 REPRESENTATION_ITEM ( '' )  );
#773 = ORIENTED_EDGE ( 'NONE', *, *, #2106, .F. ) ;
#774 = CARTESIAN_POINT ( 'NONE',  ( 3.176582343749998039, 1.315783488776162580, -0.6250000017069944347 ) ) ;
#775 = CARTESIAN_POINT ( 'NONE',  ( 1.035533905932736864, 2.499999999999997780, -6.015625000000004441 ) ) ;
#776 = FACE_OUTER_BOUND ( 'NONE', #1559, .T. ) ;
#777 = CARTESIAN_POINT ( 'NONE',  ( -15.00000000000000178, 14.99999999999999822, 0.000000000000000000 ) ) ;
#778 = ADVANCED_FACE ( 'NONE', ( #1334 ), #2580, .T. ) ;
#779 = CARTESIAN_POINT ( 'NONE',  ( 2.499999999999997780, 0.000000000000000000, -10.00000000000000355 ) ) ;
#780 = CARTESIAN_POINT ( 'NONE',  ( 1.767766952966366878, -1.767766952966367766, -1.718750003413986871 ) ) ;
#781 = CARTESIAN_POINT ( 'NONE',  ( 3.176582343749996706, -1.315783488776164800, -5.781250001706997210 ) ) ;
#782 = ORIENTED_EDGE ( 'NONE', *, *, #1613, .F. ) ;
#783 = CARTESIAN_POINT ( 'NONE',  ( -1.767766952966367100, 1.767766952966367544, -8.593750003413987315 ) ) ;
#784 = EDGE_LOOP ( 'NONE', ( #582, #243, #701, #1184 ) ) ;
#785 = CARTESIAN_POINT ( 'NONE',  ( 2.246182916263080198, 2.246182916263080198, -0.5468750017069944347 ) ) ;
#786 = DIRECTION ( 'NONE',  ( -0.000000000000000000, -0.000000000000000000, 1.000000000000000000 ) ) ;
#787 = CYLINDRICAL_SURFACE ( 'NONE', #1387, 6.500000000000000000 ) ;
#788 = DIRECTION ( 'NONE',  ( -0.000000000000000000, 0.000000000000000000, 1.000000000000000000 ) ) ;
#789 = CARTESIAN_POINT ( 'NONE',  ( -1.035533905932736642, 2.499999999999997780, -4.609375000000002665 ) ) ;
#790 = CARTESIAN_POINT ( 'NONE',  ( -1.767766952966367100, 1.767766952966367544, -9.531250000000003553 ) ) ;
#791 = VECTOR ( 'NONE', #1767, 1000.000000000000000 ) ;
#792 = CARTESIAN_POINT ( 'NONE',  ( 3.176582343749997595, 1.315783488776162136, -4.375000001706995434 ) ) ;
#793 = CIRCLE ( 'NONE', #2108, 8.000000000000000000 ) ;
#794 = CARTESIAN_POINT ( 'NONE',  ( 1.035533905932736864, 2.499999999999997780, -6.328125003413985539 ) ) ;
#795 = VECTOR ( 'NONE', #2612, 1000.000000000000000 ) ;
#796 = ORIENTED_EDGE ( 'NONE', *, *, #505, .T. ) ;
#797 = CARTESIAN_POINT ( 'NONE',  ( -5.835287099252147767E-16, -3.176582343749998039, -1.015625001706994768 ) ) ;
#798 = EDGE_CURVE ( 'NONE', #1816, #758, #1646, .T. ) ;
#799 = CARTESIAN_POINT ( 'NONE',  ( 8.999999999999998224, -11.12945775192036812, 0.000000000000000000 ) ) ;
#800 = CARTESIAN_POINT ( 'NONE',  ( 1.035533905932737309, -2.499999999999997335, -5.234375000000003553 ) ) ;
#801 = LINE ( 'NONE', #1250, #1088 ) ;
#802 = CARTESIAN_POINT ( 'NONE',  ( 2.499999999999997780, 0.000000000000000000, -7.812500003413988203 ) ) ;
#803 = CARTESIAN_POINT ( 'NONE',  ( 3.176582343749998039, 0.000000000000000000, -7.109375001706995434 ) ) ;
#804 = DIRECTION ( 'NONE',  ( 1.000000000000000000, 0.000000000000000000, 0.000000000000000000 ) ) ;
#805 = CARTESIAN_POINT ( 'NONE',  ( 3.176582343749998039, 0.000000000000000000, -4.453125001706995434 ) ) ;
#806 = CARTESIAN_POINT ( 'NONE',  ( 1.767766952966367544, 1.767766952966367544, -5.156250003413987315 ) ) ;
#807 = VERTEX_POINT ( 'NONE', #1562 ) ;
#808 = ADVANCED_FACE ( 'NONE', ( #323 ), #1575, .T. ) ;
#809 = DIRECTION ( 'NONE',  ( -0.000000000000000000, -0.000000000000000000, 1.000000000000000000 ) ) ;
#810 = CARTESIAN_POINT ( 'NONE',  ( -15.00000000000000178, 14.99999999999999822, -10.00000000000000000 ) ) ;
#811 = CARTESIAN_POINT ( 'NONE',  ( 1.315783488776163024, -3.176582343749997595, -8.437500001706995434 ) ) ;
#812 = CARTESIAN_POINT ( 'NONE',  ( -2.499999999999997780, 3.061616997868380676E-16, -8.437500003413987315 ) ) ;
#813 = CARTESIAN_POINT ( 'NONE',  ( 1.035533905932736864, 2.499999999999997780, -4.765625000000003553 ) ) ;
#814 = CARTESIAN_POINT ( 'NONE',  ( -2.934779400562957274, -1.215625459035619693, -5.071949354142990612E-16 ) ) ;
#815 = DIRECTION ( 'NONE',  ( -0.000000000000000000, -0.000000000000000000, 1.000000000000000000 ) ) ;
#816 = CARTESIAN_POINT ( 'NONE',  ( 1.315783488776163024, -3.176582343749997150, -0.9375000017069946567 ) ) ;
#817 = CARTESIAN_POINT ( 'NONE',  ( -2.499999999999998224, -1.035533905932736642, -1.796875000000003553 ) ) ;
#818 = CARTESIAN_POINT ( 'NONE',  ( -1.035533905932738197, -2.499999999999997335, -3.203125003413987315 ) ) ;
#819 = ORIENTED_EDGE ( 'NONE', *, *, #2585, .T. ) ;
#820 = CARTESIAN_POINT ( 'NONE',  ( 1.945095699750716087E-16, 3.176582343749998039, -7.890625001706995434 ) ) ;
#821 = EDGE_CURVE ( 'NONE', #1436, #1764, #232, .T. ) ;
#822 = DIRECTION ( 'NONE',  ( -0.000000000000000000, -0.000000000000000000, 1.000000000000000000 ) ) ;
#823 = CARTESIAN_POINT ( 'NONE',  ( -3.176582343749998039, 1.315783488776162580, -7.656250001706995434 ) ) ;
#824 = CARTESIAN_POINT ( 'NONE',  ( 0.000000000000000000, 0.000000000000000000, 0.000000000000000000 ) ) ;
#825 = EDGE_CURVE ( 'NONE', #1911, #347, #560, .T. ) ;
#826 = CARTESIAN_POINT ( 'NONE',  ( 2.499999999999997335, -1.035533905932738419, -5.078125000000004441 ) ) ;
#827 = DIRECTION ( 'NONE',  ( -0.000000000000000000, -0.000000000000000000, 1.000000000000000000 ) ) ;
#828 = CARTESIAN_POINT ( 'NONE',  ( -3.176582343749998039, 1.315783488776162580, -6.562500001706995434 ) ) ;
#829 = CARTESIAN_POINT ( 'NONE',  ( -1.315783488776162136, 3.176582343749998039, -2.812500001706995878 ) ) ;
#830 = DIRECTION ( 'NONE',  ( -0.000000000000000000, -0.000000000000000000, 1.000000000000000000 ) ) ;
#831 = CARTESIAN_POINT ( 'NONE',  ( 1.315783488776162580, 3.176582343749997595, -2.968750001706994990 ) ) ;
#832 = CARTESIAN_POINT ( 'NONE',  ( 1.315783488776163024, -3.176582343749997150, -8.593750001706997210 ) ) ;
#833 = CARTESIAN_POINT ( 'NONE',  ( 2.499999999999997780, 0.000000000000000000, -5.312500003413987315 ) ) ;
#834 = CARTESIAN_POINT ( 'NONE',  ( -1.035533905932736642, 2.499999999999997780, -3.671875003413986871 ) ) ;
#835 = EDGE_LOOP ( 'NONE', ( #1192, #1428 ) ) ;
#836 = CARTESIAN_POINT ( 'NONE',  ( -3.176582343749998039, 3.890191399501432173E-16, -6.328125001706995434 ) ) ;
#837 = AXIS2_PLACEMENT_3D ( 'NONE', #1883, #2507, #1690 ) ;
#838 = ORIENTED_EDGE ( 'NONE', *, *, #1265, .F. ) ;
#839 = DIRECTION ( 'NONE',  ( 1.000000000000000000, 0.000000000000000000, 0.000000000000000000 ) ) ;
#840 = CIRCLE ( 'NONE', #1181, 6.500000000000000000 ) ;
#841 = CARTESIAN_POINT ( 'NONE',  ( -1.035533905932738197, -2.499999999999997335, -5.390625000000005329 ) ) ;
#842 = DIRECTION ( 'NONE',  ( 1.000000000000000000, 0.000000000000000000, 0.000000000000000000 ) ) ;
#843 = CARTESIAN_POINT ( 'NONE',  ( 0.000000000000000000, 0.000000000000000000, -0.5250000000000011324 ) ) ;
#844 = CARTESIAN_POINT ( 'NONE',  ( -2.499999999999997780, 3.061616997868380676E-16, -5.625000000000003553 ) ) ;
#845 = CARTESIAN_POINT ( 'NONE',  ( -1.315783488776164134, -3.176582343749996706, -2.343750001706995878 ) ) ;
#846 = CARTESIAN_POINT ( 'NONE',  ( -2.246182916263079754, 2.246182916263080198, -9.140625001706995434 ) ) ;
#847 = ORIENTED_EDGE ( 'NONE', *, *, #1830, .T. ) ;
#848 = CARTESIAN_POINT ( 'NONE',  ( 2.499999999999997780, 1.035533905932736642, -5.234375003413987315 ) ) ;
#849 = ORIENTED_EDGE ( 'NONE', *, *, #825, .T. ) ;
#850 = CARTESIAN_POINT ( 'NONE',  ( 2.246182916263079310, -2.246182916263080198, -8.359375001706993658 ) ) ;
#851 = ORIENTED_EDGE ( 'NONE', *, *, #32, .T. ) ;
#852 = CARTESIAN_POINT ( 'NONE',  ( -1.315783488776164134, -3.176582343749997150, -8.750000001706995434 ) ) ;
#853 = DIRECTION ( 'NONE',  ( 1.000000000000000000, 0.000000000000000000, 0.000000000000000000 ) ) ;
#854 = CARTESIAN_POINT ( 'NONE',  ( 0.000000000000000000, 0.000000000000000000, 0.000000000000000000 ) ) ;
#855 =( BOUNDED_CURVE ( )  B_SPLINE_CURVE ( 2, ( #2474, #2487, #260, #1264, #2326, #1291, #1484, #2128, #2100 ),
 .UNSPECIFIED., .F., .F. ) 
 B_SPLINE_CURVE_WITH_KNOTS ( ( 3, 2, 2, 2, 3 ),
 ( 0.4375000000000000555, 0.4531250000000000555, 0.4687500000000000000, 0.4843750000000000000, 0.5000000000000000000 ),
 .UNSPECIFIED. ) 
 CURVE ( )  GEOMETRIC_REPRESENTATION_ITEM ( )  RATIONAL_B_SPLINE_CURVE ( ( 0.9999999999999997780, 0.9238795325112869605, 1.000000000000000000, 0.9238795325112867385, 1.000000000000000000, 0.9238795325112867385, 1.000000000000000000, 0.9238795325112867385, 1.000000000000000000 ) ) 
 REPRESENTATION_ITEM ( '' )  );
#856 = CARTESIAN_POINT ( 'NONE',  ( 1.767766952966367544, 1.767766952966367544, -1.093750000000002665 ) ) ;
#857 = CARTESIAN_POINT ( 'NONE',  ( -5.835287099252147767E-16, -3.176582343749998039, -7.421875001706995434 ) ) ;
#858 = CALENDAR_DATE ( 2026, 20, 5 ) ;
#859 = EDGE_CURVE ( 'NONE', #1720, #919, #623, .T. ) ;
#860 = CARTESIAN_POINT ( 'NONE',  ( -2.246182916263080198, -2.246182916263079754, -7.578125001706995434 ) ) ;
#861 = ORIENTED_EDGE ( 'NONE', *, *, #1404, .F. ) ;
#862 = CARTESIAN_POINT ( 'NONE',  ( 2.499999999999997335, -1.035533905932738419, -4.140625003413987315 ) ) ;
#863 = CARTESIAN_POINT ( 'NONE',  ( 1.315783488776163024, -3.176582343749997150, 0.1562499982930044828 ) ) ;
#864 = ORIENTED_EDGE ( 'NONE', *, *, #444, .F. ) ;
#865 = CARTESIAN_POINT ( 'NONE',  ( -5.835287099252147767E-16, -3.176582343749998039, -8.515625001706993658 ) ) ;
#866 = CARTESIAN_POINT ( 'NONE',  ( 1.035533905932737309, -2.499999999999997335, -8.046875003413985539 ) ) ;
#867 = CARTESIAN_POINT ( 'NONE',  ( 9.000000000000001776, 10.87054224807963010, -10.00000000000000888 ) ) ;
#868 = CARTESIAN_POINT ( 'NONE',  ( 3.176582343749997150, -1.315783488776165022, -4.687500001706995434 ) ) ;
#869 = CARTESIAN_POINT ( 'NONE',  ( -1.321908376992311673, 2.579614046414445472, -0.1321370062011311686 ) ) ;
#870 = DATE_TIME_ROLE ( 'classification_date' ) ;
#871 = CARTESIAN_POINT ( 'NONE',  ( -2.246182916263079754, 2.246182916263080198, -7.890625001706995434 ) ) ;
#872 = DIRECTION ( 'NONE',  ( -1.000000000000000000, 0.000000000000000000, -0.000000000000000000 ) ) ;
#873 = CARTESIAN_POINT ( 'NONE',  ( 2.246182916263079310, -2.246182916263080198, -3.515625001706995434 ) ) ;
#874 = ORIENTED_EDGE ( 'NONE', *, *, #1931, .T. ) ;
#875 = CIRCLE ( 'NONE', #2355, 3.024999999999999911 ) ;
#876 = EDGE_CURVE ( 'NONE', #530, #2282, #159, .T. ) ;
#877 = CARTESIAN_POINT ( 'NONE',  ( 3.176582343749997595, 1.315783488776162136, -4.375000001706995434 ) ) ;
#878 = EDGE_LOOP ( 'NONE', ( #598, #1667, #1482, #58 ) ) ;
#879 = CARTESIAN_POINT ( 'NONE',  ( -1.315783488776162136, 3.176582343749998039, -9.218750001706997210 ) ) ;
#880 = CARTESIAN_POINT ( 'NONE',  ( -2.499999999999995559, -1.035533905932739529, -8.359375003413987315 ) ) ;
#881 = CARTESIAN_POINT ( 'NONE',  ( 2.499999999999997780, 0.000000000000000000, -7.812500003413988203 ) ) ;
#882 = VECTOR ( 'NONE', #634, 1000.000000000000000 ) ;
#883 = CARTESIAN_POINT ( 'NONE',  ( -2.499999999999997780, 1.035533905932737087, -0.7031250000000041078 ) ) ;
#884 = CARTESIAN_POINT ( 'NONE',  ( -1.315783488776164134, -3.176582343749997150, -5.000000001706995434 ) ) ;
#885 = CARTESIAN_POINT ( 'NONE',  ( 2.246182916263079310, -2.246182916263080198, -4.765625001706995434 ) ) ;
#886 = CARTESIAN_POINT ( 'NONE',  ( 2.634719599531425871, 0.000000000000000000, -0.3902804004685746508 ) ) ;
#887 = DIRECTION ( 'NONE',  ( 1.000000000000000000, 0.000000000000000000, 0.000000000000000000 ) ) ;
#888 = CARTESIAN_POINT ( 'NONE',  ( -5.835287099252147767E-16, -3.176582343749998039, 0.07812499829300441345 ) ) ;
#889 = ORIENTED_EDGE ( 'NONE', *, *, #88, .T. ) ;
#890 = CARTESIAN_POINT ( 'NONE',  ( 2.246182916263079310, -2.246182916263080198, -5.859375001706995434 ) ) ;
#891 = EDGE_CURVE ( 'NONE', #1277, #919, #2566, .T. ) ;
#892 = ORIENTED_EDGE ( 'NONE', *, *, #1613, .T. ) ;
#893 = CARTESIAN_POINT ( 'NONE',  ( 0.000000000000000000, 0.000000000000000000, 0.000000000000000000 ) ) ;
#894 = CARTESIAN_POINT ( 'NONE',  ( 2.499999999999993339, -1.035533905932741972, -7.890625003413989980 ) ) ;
#895 = CARTESIAN_POINT ( 'NONE',  ( -5.835287099252147767E-16, -3.176582343749998039, -4.921875001706995434 ) ) ;
#896 = COORDINATED_UNIVERSAL_TIME_OFFSET ( 8, 0, .AHEAD. ) ;
#897 = CARTESIAN_POINT ( 'NONE',  ( 1.315783488776162580, 3.176582343749997595, -8.125000001706995434 ) ) ;
#898 = CARTESIAN_POINT ( 'NONE',  ( 1.767766952966367544, 1.767766952966367544, -0.1562500034139862604 ) ) ;
#899 = CARTESIAN_POINT ( 'NONE',  ( 1.945095699750716087E-16, 3.176582343749998039, -0.5468750017069961000 ) ) ;
#900 = ORIENTED_EDGE ( 'NONE', *, *, #2172, .T. ) ;
#901 = CARTESIAN_POINT ( 'NONE',  ( -3.176582343749998927, -1.315783488776161692, -1.250000001706995212 ) ) ;
#902 = VERTEX_POINT ( 'NONE', #1586 ) ;
#903 = CARTESIAN_POINT ( 'NONE',  ( -2.246182916263079754, 2.246182916263080198, -9.140625001706995434 ) ) ;
#904 = CARTESIAN_POINT ( 'NONE',  ( -1.395425568830693797, -2.374666379866559041, -0.2736790837256248277 ) ) ;
#905 = ADVANCED_FACE ( 'NONE', ( #1012 ), #964, .F. ) ;
#906 = CARTESIAN_POINT ( 'NONE',  ( 1.767766952966367544, 1.767766952966367544, -3.593750000000003109 ) ) ;
#907 = CARTESIAN_POINT ( 'NONE',  ( 3.176582343749998039, 1.315783488776162580, -3.281250001706994990 ) ) ;
#908 = CARTESIAN_POINT ( 'NONE',  ( -2.988392897921919200, 0.5157492945018737895, -0.01481906975925177151 ) ) ;
#909 = DATE_AND_TIME ( #1269, #2441 ) ;
#910 = EDGE_CURVE ( 'NONE', #519, #1195, #772, .T. ) ;
#911 = CARTESIAN_POINT ( 'NONE',  ( 3.176582343749998039, 0.000000000000000000, -7.109375001706995434 ) ) ;
#912 = CARTESIAN_POINT ( 'NONE',  ( -4.592425496802570028E-16, -2.499999999999997780, -3.125000003413987315 ) ) ;
#913 = CARTESIAN_POINT ( 'NONE',  ( 0.000000000000000000, 0.000000000000000000, -10.00000000000000355 ) ) ;
#914 = CARTESIAN_POINT ( 'NONE',  ( 3.176582343749998039, 0.000000000000000000, -2.109375001706995878 ) ) ;
#915 = ORIENTED_EDGE ( 'NONE', *, *, #1732, .F. ) ;
#916 = CARTESIAN_POINT ( 'NONE',  ( 3.176582343749998039, 1.315783488776162580, -5.625000001706995434 ) ) ;
#917 = CARTESIAN_POINT ( 'NONE',  ( -3.176582343749998039, 3.890191399501432173E-16, -5.078125001706994546 ) ) ;
#918 = AXIS2_PLACEMENT_3D ( 'NONE', #1476, #2093, #80 ) ;
#919 = VERTEX_POINT ( 'NONE', #1067 ) ;
#920 = CARTESIAN_POINT ( 'NONE',  ( -1.315783488776161914, 3.176582343749997595, -5.468750001706997210 ) ) ;
#921 = FACE_OUTER_BOUND ( 'NONE', #2602, .T. ) ;
#922 = DIRECTION ( 'NONE',  ( 1.000000000000000000, 0.000000000000000000, 0.000000000000000000 ) ) ;
#923 = CIRCLE ( 'NONE', #2149, 3.024999999999999911 ) ;
#924 = DIRECTION ( 'NONE',  ( -0.000000000000000000, -0.000000000000000000, 1.000000000000000000 ) ) ;
#925 = CC_DESIGN_APPROVAL ( #81, ( #212 ) ) ;
#926 =( BOUNDED_CURVE ( )  B_SPLINE_CURVE ( 2, ( #2518, #1285, #711, #724, #2317, #82, #1327, #2094, #2133 ),
 .UNSPECIFIED., .F., .F. ) 
 B_SPLINE_CURVE_WITH_KNOTS ( ( 3, 2, 2, 2, 3 ),
 ( 0.1249999999999999306, 0.1406249999999999445, 0.1562499999999999722, 0.1718750000000000000, 0.1875000000000000000 ),
 .UNSPECIFIED. ) 
 CURVE ( )  GEOMETRIC_REPRESENTATION_ITEM ( )  RATIONAL_B_SPLINE_CURVE ( ( 1.000000000000000444, 0.9238795325112864054, 1.000000000000000000, 0.9238795325112867385, 1.000000000000000000, 0.9238795325112867385, 1.000000000000000000, 0.9238795325112867385, 1.000000000000000000 ) ) 
 REPRESENTATION_ITEM ( '' )  );
#927 = CARTESIAN_POINT ( 'NONE',  ( -1.035533905932738197, -2.499999999999997335, -6.640625000000005329 ) ) ;
#928 = CARTESIAN_POINT ( 'NONE',  ( 3.176582343749998039, 0.000000000000000000, 0.3906249982930046771 ) ) ;
#929 = CARTESIAN_POINT ( 'NONE',  ( 2.499999999999997335, -1.035533905932738419, -2.890625003413986871 ) ) ;
#930 = FACE_OUTER_BOUND ( 'NONE', #1412, .T. ) ;
#931 = CARTESIAN_POINT ( 'NONE',  ( 3.176582343749997595, 1.315783488776162136, -9.375000001706995434 ) ) ;
#932 = ORIENTED_EDGE ( 'NONE', *, *, #1551, .F. ) ;
#933 = CARTESIAN_POINT ( 'NONE',  ( 3.176582343749997150, -1.315783488776165022, -5.781250001706996322 ) ) ;
#934 = CARTESIAN_POINT ( 'NONE',  ( 2.246182916263080198, 2.246182916263080198, -3.046875001706994990 ) ) ;
#935 = EDGE_LOOP ( 'NONE', ( #1963, #2186, #335, #2062, #2150 ) ) ;
#936 = CARTESIAN_POINT ( 'NONE',  ( -3.176582343749998039, 3.890191399501432173E-16, -7.734375001706995434 ) ) ;
#937 = CARTESIAN_POINT ( 'NONE',  ( -1.767766952966367766, -1.767766952966367100, -0.7812500034139867600 ) ) ;
#938 = DIRECTION ( 'NONE',  ( -0.000000000000000000, -0.000000000000000000, 1.000000000000000000 ) ) ;
#939 = CARTESIAN_POINT ( 'NONE',  ( -1.767766952966367100, 1.767766952966367544, -7.031250000000003553 ) ) ;
#940 = DIRECTION ( 'NONE',  ( -0.8660254037844399289, 0.000000000000000000, 0.4999999999999977796 ) ) ;
#941 = CARTESIAN_POINT ( 'NONE',  ( -15.00000000000000178, 14.99999999999999822, -10.00000000000000000 ) ) ;
#942 = ADVANCED_FACE ( 'NONE', ( #1658 ), #1456, .F. ) ;
#943 = CARTESIAN_POINT ( 'NONE',  ( -5.835287099252147767E-16, -3.176582343749998039, -8.515625001706993658 ) ) ;
#944 = CARTESIAN_POINT ( 'NONE',  ( -1.035533905932738197, -2.499999999999997335, -6.953125003413986427 ) ) ;
#945 = ORIENTED_EDGE ( 'NONE', *, *, #85, .T. ) ;
#946 = CARTESIAN_POINT ( 'NONE',  ( 2.246182916263079310, -2.246182916263080198, -6.015625001706995434 ) ) ;
#947 = CARTESIAN_POINT ( 'NONE',  ( -2.499999999999997780, 1.035533905932737087, -7.265625003413986427 ) ) ;
#948 = DIRECTION ( 'NONE',  ( -0.000000000000000000, -0.000000000000000000, 1.000000000000000000 ) ) ;
#949 = CARTESIAN_POINT ( 'NONE',  ( -5.835287099252147767E-16, -3.176582343749998039, -1.171875001706994990 ) ) ;
#950 = CARTESIAN_POINT ( 'NONE',  ( 0.000000000000000000, 0.000000000000000000, 0.000000000000000000 ) ) ;
#951 = CARTESIAN_POINT ( 'NONE',  ( 3.024999999999999911, 0.000000000000000000, 1.734723475976807883E-15 ) ) ;
#952 = DIRECTION ( 'NONE',  ( -0.000000000000000000, -0.000000000000000000, 1.000000000000000000 ) ) ;
#953 = DIRECTION ( 'NONE',  ( 1.734723475976807094E-16, -1.000000000000000000, 0.000000000000000000 ) ) ;
#954 = CARTESIAN_POINT ( 'NONE',  ( 3.176582343749997595, 1.315783488776162136, -6.875000001706994546 ) ) ;
#955 = ORIENTED_EDGE ( 'NONE', *, *, #1564, .T. ) ;
#956 = CARTESIAN_POINT ( 'NONE',  ( 2.246182916263079310, -2.246182916263080198, -0.8593750017069946567 ) ) ;
#957 =( BOUNDED_CURVE ( )  B_SPLINE_CURVE ( 2, ( #650, #2449, #1442, #2063, #72, #879, #247, #1684, #679, #2297, #46, #852, #1657, #479, #2461, #2271, #1046, #19, #2263, #1822, #7, #1061, #1202, #2427, #1446, #1238, #201, #447, #857, #1002, #1854, #1810, #803, #1419, #1225, #1838, #1252, #35, #50, #828, #430, #2453, #1632, #2439, #2254, #252, #1661, #1323, #1280, #1879, #1712, #1070, #1107, #64, #1487, #484, #1310, #1699, #2078, #884, #895, #262, #2115, #868, #2089, #298, #2514, #1293, #75, #105, #693, #273, #1473, #2102, #286, #93, #2476, #2130, #512, #1916, #1673, #907, #2301, #2502, #1499, #654, #1095, #706, #1513, #2327, #1121, #1687, #311, #2465, #1081, #1903, #670, #2288, #1929, #2314, #116, #457, #1459, #1890, #2275, #1267, #535, #2197, #949, #2365, #379, #1993, #1526, #2553, #748, #2049, #2414, #601, #235, #4, #30, #1042, #2402, #2609, #1249 ),
 .UNSPECIFIED., .F., .T. ) 
 B_SPLINE_CURVE_WITH_KNOTS ( ( 3, 2, 2, 2, 2, 2, 2, 2, 2, 2, 2, 2, 2, 2, 2, 2, 2, 2, 2, 2, 2, 2, 2, 2, 2, 2, 2, 2, 2, 2, 2, 2, 2, 2, 2, 2, 2, 2, 2, 2, 2, 2, 2, 2, 2, 2, 2, 2, 2, 2, 2, 2, 2, 2, 2, 2, 2, 2, 2, 2, 2, 2, 3 ),
 ( 0.000000000000000000, 0.01562500000000000000, 0.03125000000000000000, 0.04687499999999999306, 0.06250000000000000000, 0.07812500000000000000, 0.09374999999999998612, 0.1093750000000000000, 0.1250000000000000000, 0.1406250000000000000, 0.1562500000000000000, 0.1718750000000000000, 0.1874999999999999722, 0.2031250000000000000, 0.2187500000000000000, 0.2343750000000000000, 0.2500000000000000000, 0.2656250000000000000, 0.2812500000000000000, 0.2968750000000000000, 0.3125000000000000000, 0.3281250000000000000, 0.3437500000000000000, 0.3593750000000000000, 0.3749999999999999445, 0.3906250000000000000, 0.4062500000000000000, 0.4218750000000000000, 0.4375000000000000000, 0.4531250000000000000, 0.4687500000000000000, 0.4843750000000000000, 0.5000000000000000000, 0.5156250000000000000, 0.5312500000000000000, 0.5468750000000000000, 0.5625000000000000000, 0.5781250000000000000, 0.5937500000000000000, 0.6093750000000000000, 0.6250000000000000000, 0.6406250000000000000, 0.6562500000000000000, 0.6718750000000000000, 0.6875000000000000000, 0.7031250000000000000, 0.7187500000000000000, 0.7343750000000000000, 0.7499999999999998890, 0.7656250000000000000, 0.7812500000000000000, 0.7968750000000000000, 0.8125000000000000000, 0.8281250000000000000, 0.8437500000000000000, 0.8593750000000000000, 0.8750000000000000000, 0.8906250000000000000, 0.9062500000000000000, 0.9218750000000000000, 0.9375000000000000000, 0.9531250000000000000, 0.9609375001642026515 ),
 .UNSPECIFIED. ) 
 CURVE ( )  GEOMETRIC_REPRESENTATION_ITEM ( )  RATIONAL_B_SPLINE_CURVE ( ( 1.000000000000000000, 0.9238795325112867385, 1.000000000000000000, 0.9238795325112867385, 1.000000000000000000, 0.9238795325112867385, 1.000000000000000000, 0.9238795325112867385, 1.000000000000000000, 0.9238795325112867385, 1.000000000000000000, 0.9238795325112867385, 1.000000000000000000, 0.9238795325112867385, 1.000000000000000000, 0.9238795325112867385, 1.000000000000000000, 0.9238795325112867385, 1.000000000000000000, 0.9238795325112867385, 1.000000000000000000, 0.9238795325112867385, 1.000000000000000000, 0.9238795325112867385, 1.000000000000000000, 0.9238795325112867385, 1.000000000000000000, 0.9238795325112867385, 1.000000000000000000, 0.9238795325112867385, 1.000000000000000000, 0.9238795325112867385, 1.000000000000000000, 0.9238795325112867385, 1.000000000000000000, 0.9238795325112867385, 1.000000000000000000, 0.9238795325112867385, 1.000000000000000000, 0.9238795325112867385, 1.000000000000000000, 0.9238795325112867385, 1.000000000000000000, 0.9238795325112867385, 1.000000000000000000, 0.9238795325112867385, 1.000000000000000000, 0.9238795325112867385, 1.000000000000000000, 0.9238795325112867385, 1.000000000000000000, 0.9238795325112867385, 1.000000000000000000, 0.9238795325112867385, 1.000000000000000000, 0.9238795325112867385, 1.000000000000000000, 0.9238795325112867385, 1.000000000000000000, 0.9238795325112867385, 1.000000000000000000, 0.9238795325112867385, 1.000000000000000000, 0.9238795325112867385, 1.000000000000000000, 0.9238795325112867385, 1.000000000000000000, 0.9238795325112867385, 1.000000000000000000, 0.9238795325112867385, 1.000000000000000000, 0.9238795325112867385, 1.000000000000000000, 0.9238795325112867385, 1.000000000000000000, 0.9238795325112867385, 1.000000000000000000, 0.9238795325112867385, 1.000000000000000000, 0.9238795325112867385, 1.000000000000000000, 0.9238795325112867385, 1.000000000000000000, 0.9238795325112867385, 1.000000000000000000, 0.9238795325112867385, 1.000000000000000000, 0.9238795325112867385, 1.000000000000000000, 0.9238795325112867385, 1.000000000000000000, 0.9238795325112867385, 1.000000000000000000, 0.9238795325112867385, 1.000000000000000000, 0.9238795325112867385, 1.000000000000000000, 0.9238795325112867385, 1.000000000000000000, 0.9238795325112867385, 1.000000000000000000, 0.9238795325112867385, 1.000000000000000000, 0.9238795325112867385, 1.000000000000000000, 0.9238795325112867385, 1.000000000000000000, 0.9238795325112867385, 1.000000000000000000, 0.9238795325112867385, 1.000000000000000000, 0.9238795325112867385, 1.000000000000000000, 0.9238795325112867385, 1.000000000000000000, 0.9238795325112867385, 1.000000000000000000, 0.9238795325112867385, 1.000000000000000000, 0.9238795325112867385, 1.000000000000000000, 0.9238795325112867385, 1.000000000000000000, 0.9619397654556957056, 0.9619397662556433692 ) ) 
 REPRESENTATION_ITEM ( '' )  );
#958 = CARTESIAN_POINT ( 'NONE',  ( -3.176582343749998927, -1.315783488776161692, -1.250000001706994990 ) ) ;
#959 = CARTESIAN_POINT ( 'NONE',  ( -3.176582343749998039, 3.890191399501432173E-16, -5.234375001706995434 ) ) ;
#960 = DIRECTION ( 'NONE',  ( 0.000000000000000000, 1.000000000000000000, 0.000000000000000000 ) ) ;
#961 = CARTESIAN_POINT ( 'NONE',  ( 1.767766952966366878, -1.767766952966367766, -6.718750003413987315 ) ) ;
#962 = CYLINDRICAL_SURFACE ( 'NONE', #622, 2.499999999999997780 ) ;
#963 = CARTESIAN_POINT ( 'NONE',  ( 1.767766952966366878, -1.767766952966367766, -8.906250000000003553 ) ) ;
#964 = CONICAL_SURFACE ( 'NONE', #1133, 3.024999999999999911, 0.7853981633974466137 ) ;
#965 = CARTESIAN_POINT ( 'NONE',  ( 1.315783488776163024, -3.176582343749997150, -1.093750001706994990 ) ) ;
#966 = CARTESIAN_POINT ( 'NONE',  ( -3.176582343749998927, -1.315783488776161692, -3.750000001706995434 ) ) ;
#967 = CARTESIAN_POINT ( 'NONE',  ( 2.499999999999997335, -1.035533905932738419, -1.640625003413986649 ) ) ;
#968 = CARTESIAN_POINT ( 'NONE',  ( 1.315783488776163024, -3.176582343749997150, -4.687500001706995434 ) ) ;
#969 = ORIENTED_EDGE ( 'NONE', *, *, #2076, .T. ) ;
#970 = CARTESIAN_POINT ( 'NONE',  ( -1.035533905932736642, 2.499999999999997780, -6.171875003413987315 ) ) ;
#971 = ORIENTED_EDGE ( 'NONE', *, *, #1319, .T. ) ;
#972 = CARTESIAN_POINT ( 'NONE',  ( -2.499999999999998224, -1.035533905932736642, -5.859375003413987315 ) ) ;
#973 = CARTESIAN_POINT ( 'NONE',  ( 2.499999999999997780, 1.035533905932736864, -6.171875000000003553 ) ) ;
#974 = ADVANCED_FACE ( 'NONE', ( #1685 ), #1853, .F. ) ;
#975 = DIRECTION ( 'NONE',  ( 1.000000000000000000, 0.000000000000000000, 0.000000000000000000 ) ) ;
#976 = CARTESIAN_POINT ( 'NONE',  ( -4.592425496802570028E-16, -2.499999999999997780, -7.812500000000003553 ) ) ;
#977 = CARTESIAN_POINT ( 'NONE',  ( -2.246182916263080198, -2.246182916263079754, -1.328125001706994990 ) ) ;
#978 = DIRECTION ( 'NONE',  ( -0.000000000000000000, -0.000000000000000000, -1.000000000000000000 ) ) ;
#979 = CARTESIAN_POINT ( 'NONE',  ( 3.176582343749997595, 1.315783488776162136, -8.125000001706995434 ) ) ;
#980 = CARTESIAN_POINT ( 'NONE',  ( 3.176582343749996706, -1.315783488776164800, -0.7812500017069945457 ) ) ;
#981 = EDGE_LOOP ( 'NONE', ( #638, #509, #819, #1394 ) ) ;
#982 = LINE ( 'NONE', #2192, #1092 ) ;
#983 = FACE_BOUND ( 'NONE', #2533, .T. ) ;
#984 = CARTESIAN_POINT ( 'NONE',  ( -1.767766952966367766, -1.767766952966367100, -5.468750000000003553 ) ) ;
#985 = ADVANCED_FACE ( 'NONE', ( #1321 ), #2497, .F. ) ;
#986 = CARTESIAN_POINT ( 'NONE',  ( 0.000000000000000000, 0.000000000000000000, -8.000000000000003553 ) ) ;
#987 = CARTESIAN_POINT ( 'NONE',  ( 1.530808498934190338E-16, 2.499999999999997780, -6.250000003413987315 ) ) ;
#988 = ADVANCED_FACE ( 'NONE', ( #2312 ), #2325, .F. ) ;
#989 = CARTESIAN_POINT ( 'NONE',  ( -3.176582343749998039, 3.890191399501432173E-16, -3.828125001706995434 ) ) ;
#990 = CARTESIAN_POINT ( 'NONE',  ( -1.035533905932736642, 2.499999999999997780, -2.109375000000003553 ) ) ;
#991 = ORIENTED_EDGE ( 'NONE', *, *, #585, .F. ) ;
#992 = ADVANCED_FACE ( 'NONE', ( #1670 ), #2462, .F. ) ;
#993 = CARTESIAN_POINT ( 'NONE',  ( -1.767766952966367100, 1.767766952966367544, -7.343750003413987315 ) ) ;
#994 = VERTEX_POINT ( 'NONE', #1057 ) ;
#995 = CARTESIAN_POINT ( 'NONE',  ( 3.176582343749998039, 0.000000000000000000, -6.953125001706994546 ) ) ;
#996 = CARTESIAN_POINT ( 'NONE',  ( 2.499999999999997780, 1.035533905932736864, -2.421875000000003997 ) ) ;
#997 = CARTESIAN_POINT ( 'NONE',  ( 0.000000000000000000, 0.000000000000000000, 0.000000000000000000 ) ) ;
#998 = CARTESIAN_POINT ( 'NONE',  ( -3.176582343749998039, 3.890191399501432173E-16, -8.828125001706995434 ) ) ;
#999 = CARTESIAN_POINT ( 'NONE',  ( 1.035533905932736864, 2.499999999999997780, -2.578125003413986871 ) ) ;
#1000 = CARTESIAN_POINT ( 'NONE',  ( -2.499999999999997780, 1.035533905932737087, -3.203125000000004441 ) ) ;
#1001 = CARTESIAN_POINT ( 'NONE',  ( 1.767766952966367544, 1.767766952966367544, -6.406250003413986427 ) ) ;
#1002 = CARTESIAN_POINT ( 'NONE',  ( 1.315783488776163024, -3.176582343749997595, -7.343750001706995434 ) ) ;
#1003 = CARTESIAN_POINT ( 'NONE',  ( -0.07685384913575803167, -3.057539947220821563, 5.050550304421750857E-14 ) ) ;
#1004 = AXIS2_PLACEMENT_3D ( 'NONE', #1782, #1383, #1926 ) ;
#1005 = EDGE_CURVE ( 'NONE', #678, #1441, #47, .T. ) ;
#1006 = CARTESIAN_POINT ( 'NONE',  ( -3.176582343749997595, 1.315783488776162580, -2.656250001706995878 ) ) ;
#1007 = CARTESIAN_POINT ( 'NONE',  ( -2.499999999999997780, 3.061616997868380676E-16, -0.6250000000000039968 ) ) ;
#1008 = AXIS2_PLACEMENT_3D ( 'NONE', #1397, #640, #2209 ) ;
#1009 = CARTESIAN_POINT ( 'NONE',  ( -2.499999999999997780, 1.035533905932737087, -1.015625003413987093 ) ) ;
#1010 = ORIENTED_EDGE ( 'NONE', *, *, #728, .T. ) ;
#1011 = CARTESIAN_POINT ( 'NONE',  ( 1.767766952966367544, 1.767766952966367544, -2.343750000000003997 ) ) ;
#1012 = FACE_OUTER_BOUND ( 'NONE', #555, .T. ) ;
#1013 = CARTESIAN_POINT ( 'NONE',  ( 0.000000000000000000, 0.000000000000000000, 0.000000000000000000 ) ) ;
#1014 = CARTESIAN_POINT ( 'NONE',  ( -1.315783488776162136, 3.176582343749998039, -9.062500001706995434 ) ) ;
#1015 = DIRECTION ( 'NONE',  ( 0.000000000000000000, -0.000000000000000000, -1.000000000000000000 ) ) ;
#1016 = CARTESIAN_POINT ( 'NONE',  ( -4.592425496802570028E-16, -2.499999999999997780, -5.312500000000003553 ) ) ;
#1017 = CARTESIAN_POINT ( 'NONE',  ( 0.000000000000000000, 0.000000000000000000, 0.000000000000000000 ) ) ;
#1018 = CARTESIAN_POINT ( 'NONE',  ( -3.176582343749998039, 1.315783488776162580, -2.656250001706995878 ) ) ;
#1019 = PRODUCT_DEFINITION ( 'æœ', '', #212, #1372 ) ;
#1020 = PERSON_AND_ORGANIZATION_ROLE ( 'design_owner' ) ;
#1021 = CARTESIAN_POINT ( 'NONE',  ( 1.315783488776163024, -3.176582343749997150, -3.437500001706995434 ) ) ;
#1022 = CARTESIAN_POINT ( 'NONE',  ( -4.592425496802570028E-16, -2.499999999999997780, -0.3125000000000037748 ) ) ;
#1023 = EDGE_LOOP ( 'NONE', ( #991, #281, #1366, #2321 ) ) ;
#1024 = CARTESIAN_POINT ( 'NONE',  ( 1.035533905932736864, 2.499999999999997780, -5.078125003413986427 ) ) ;
#1025 = EDGE_CURVE ( 'NONE', #1764, #333, #1275, .T. ) ;
#1026 = ORIENTED_EDGE ( 'NONE', *, *, #1485, .F. ) ;
#1027 = CARTESIAN_POINT ( 'NONE',  ( -1.315783488776161914, 3.176582343749997595, -7.812500001706995434 ) ) ;
#1028 =( BOUNDED_CURVE ( )  B_SPLINE_CURVE ( 2, ( #881, #481, #91, #1697, #2498, #691, #718, #947, #1538 ),
 .UNSPECIFIED., .F., .F. ) 
 B_SPLINE_CURVE_WITH_KNOTS ( ( 3, 2, 2, 2, 3 ),
 ( 0.1249999999999999306, 0.1406249999999999445, 0.1562499999999999722, 0.1718750000000000000, 0.1875000000000000000 ),
 .UNSPECIFIED. ) 
 CURVE ( )  GEOMETRIC_REPRESENTATION_ITEM ( )  RATIONAL_B_SPLINE_CURVE ( ( 1.000000000000000444, 0.9238795325112864054, 1.000000000000000000, 0.9238795325112867385, 1.000000000000000000, 0.9238795325112867385, 1.000000000000000000, 0.9238795325112867385, 1.000000000000000000 ) ) 
 REPRESENTATION_ITEM ( '' )  );
#1029 = B_SPLINE_CURVE_WITH_KNOTS ( 'NONE', 3,
 ( #886, #2506, #684, #2305, #502, #488, #290, #1905, #287, #1514, #1688, #1728, #1880, #1891, #65, #1930, #76, #458, #1700, #1714, #1460, #869, #1474, #1268, #1294, #707, #1674, #498, #1311, #2477, #908, #2289 ),
 .UNSPECIFIED., .F., .F.,
 ( 4, 2, 2, 2, 2, 2, 2, 2, 2, 2, 2, 2, 2, 2, 2, 4 ),
 ( 0.002741670295822252849, 0.003287350661834603695, 0.003833031027846954542, 0.004378711393859304954, 0.004924391759871657101, 0.005470072125884007513, 0.006015752491896358793, 0.006561432857908710073, 0.007107113223921061353, 0.007652793589933412632, 0.008198473955945763045, 0.008744154321958113457, 0.009289834687970463870, 0.009835515053982814282, 0.01038119541999516643, 0.01147255615201986725 ),
 .UNSPECIFIED. ) ;
#1030 = CARTESIAN_POINT ( 'NONE',  ( 2.499999999999997780, 0.000000000000000000, 0.000000000000000000 ) ) ;
#1031 = CARTESIAN_POINT ( 'NONE',  ( -1.315783488776162136, 3.176582343749998039, -7.812500001706995434 ) ) ;
#1032 = CARTESIAN_POINT ( 'NONE',  ( 1.530808498934190338E-16, 2.499999999999997780, -2.500000003413987315 ) ) ;
#1033 = CARTESIAN_POINT ( 'NONE',  ( -1.767766952966367100, 1.767766952966367544, -4.531250000000003553 ) ) ;
#1034 = DIRECTION ( 'NONE',  ( -0.000000000000000000, -0.000000000000000000, 1.000000000000000000 ) ) ;
#1035 =( NAMED_UNIT ( * ) SI_UNIT ( $, .STERADIAN. ) SOLID_ANGLE_UNIT ( ) );
#1036 = CARTESIAN_POINT ( 'NONE',  ( 2.246182916263080198, 2.246182916263080198, -4.296875001706995434 ) ) ;
#1037 = CARTESIAN_POINT ( 'NONE',  ( -2.499999999999997780, 3.061616997868380676E-16, -1.875000000000003331 ) ) ;
#1038 = CARTESIAN_POINT ( 'NONE',  ( -1.035533905932736642, 2.499999999999997780, -4.921875003413987315 ) ) ;
#1039 = ORIENTED_EDGE ( 'NONE', *, *, #694, .T. ) ;
#1040 = B_SPLINE_CURVE_WITH_KNOTS ( 'NONE', 3,
 ( #1617, #1003, #1607, #36, #432, #1447 ),
 .UNSPECIFIED., .F., .F.,
 ( 4, 2, 4 ),
 ( 0.004221181558102179120, 0.004907462399081163537, 0.005593743240060147955 ),
 .UNSPECIFIED. ) ;
#1041 = DIRECTION ( 'NONE',  ( 0.000000000000000000, 0.000000000000000000, 1.000000000000000000 ) ) ;
#1042 = CARTESIAN_POINT ( 'NONE',  ( -3.176582343749998927, -1.315783488776161692, -0.1562500017069957670 ) ) ;
#1043 = CARTESIAN_POINT ( 'NONE',  ( 0.000000000000000000, 0.000000000000000000, -10.00000000000000000 ) ) ;
#1044 = CARTESIAN_POINT ( 'NONE',  ( -4.592425496802570028E-16, -2.499999999999997780, -4.062500000000003553 ) ) ;
#1045 = CARTESIAN_POINT ( 'NONE',  ( 14.00000000000000355, 10.87054224807963010, -10.00000000000000888 ) ) ;
#1046 = CARTESIAN_POINT ( 'NONE',  ( 3.176582343749998039, 0.000000000000000000, -8.359375001706995434 ) ) ;
#1047 = DIRECTION ( 'NONE',  ( -0.000000000000000000, -0.000000000000000000, -1.000000000000000000 ) ) ;
#1048 = CARTESIAN_POINT ( 'NONE',  ( 2.246182916263080198, 2.246182916263080198, -3.046875001706994990 ) ) ;
#1049 = CIRCLE ( 'NONE', #2066, 2.499999999999997335 ) ;
#1050 = CARTESIAN_POINT ( 'NONE',  ( -2.499999999999997780, 1.035533905932737087, -0.7031250000000041078 ) ) ;
#1051 = CARTESIAN_POINT ( 'NONE',  ( -1.767766952966367100, 1.767766952966367544, -4.843750003413987315 ) ) ;
#1052 = VECTOR ( 'NONE', #467, 1000.000000000000000 ) ;
#1053 = VECTOR ( 'NONE', #2488, 1000.000000000000000 ) ;
#1054 = VERTEX_POINT ( 'NONE', #2074 ) ;
#1055 = CARTESIAN_POINT ( 'NONE',  ( -1.315783488776161914, 3.176582343749997595, -6.562500001706995434 ) ) ;
#1056 = VECTOR ( 'NONE', #1869, 1000.000000000000000 ) ;
#1057 = CARTESIAN_POINT ( 'NONE',  ( 2.499999999999997780, 0.000000000000000000, -6.562500003413986427 ) ) ;
#1058 = CARTESIAN_POINT ( 'NONE',  ( -2.499999999999997780, 3.061616997868380676E-16, -4.687500003413986427 ) ) ;
#1059 = ADVANCED_FACE ( 'NONE', ( #1483 ), #2310, .T. ) ;
#1060 = CARTESIAN_POINT ( 'NONE',  ( -2.499999999999997780, 3.061616997868380676E-16, -0.9375000034139869820 ) ) ;
#1061 = CARTESIAN_POINT ( 'NONE',  ( -1.315783488776162136, 3.176582343749998039, -7.968750001706995434 ) ) ;
#1062 = CARTESIAN_POINT ( 'NONE',  ( 1.315783488776162580, 3.176582343749997595, -9.375000001706995434 ) ) ;
#1063 = EDGE_LOOP ( 'NONE', ( #1102, #915, #2137, #2176 ) ) ;
#1064 = CARTESIAN_POINT ( 'NONE',  ( -4.592425496802570028E-16, -2.499999999999997780, -5.625000003413987315 ) ) ;
#1065 = VERTEX_POINT ( 'NONE', #2131 ) ;
#1066 = FACE_OUTER_BOUND ( 'NONE', #1303, .T. ) ;
#1067 = CARTESIAN_POINT ( 'NONE',  ( -14.00000000000000355, 10.87054224807963010, 0.000000000000000000 ) ) ;
#1068 = CARTESIAN_POINT ( 'NONE',  ( -2.499999999999997780, 3.061616997868380676E-16, -3.437500003413987315 ) ) ;
#1069 = CARTESIAN_POINT ( 'NONE',  ( 2.499999999999997780, 0.000000000000000000, -3.750000000000003553 ) ) ;
#1070 = CARTESIAN_POINT ( 'NONE',  ( 1.315783488776162580, 3.176582343749998039, -5.625000001706995434 ) ) ;
#1071 = EDGE_CURVE ( 'NONE', #385, #1208, #1983, .T. ) ;
#1072 = CARTESIAN_POINT ( 'NONE',  ( -2.246182916263080198, -2.246182916263079754, -6.328125001706996322 ) ) ;
#1073 = CARTESIAN_POINT ( 'NONE',  ( 2.246182916263079310, -2.246182916263080198, -4.609375001706995434 ) ) ;
#1074 = FACE_OUTER_BOUND ( 'NONE', #2083, .T. ) ;
#1075 = CARTESIAN_POINT ( 'NONE',  ( -2.246182916263079754, 2.246182916263080198, -2.890625001706995434 ) ) ;
#1076 = ORIENTED_EDGE ( 'NONE', *, *, #1170, .T. ) ;
#1077 = CARTESIAN_POINT ( 'NONE',  ( 2.246182916263080198, 2.246182916263080198, -6.796875001706994546 ) ) ;
#1078 = VERTEX_POINT ( 'NONE', #951 ) ;
#1079 = DIRECTION ( 'NONE',  ( 1.000000000000000000, 0.000000000000000000, 0.000000000000000000 ) ) ;
#1080 = CARTESIAN_POINT ( 'NONE',  ( -2.499999999999997780, 3.061616997868380676E-16, -3.125000000000003553 ) ) ;
#1081 = CARTESIAN_POINT ( 'NONE',  ( 2.246182916263079310, -2.246182916263080198, -2.265625001706994990 ) ) ;
#1082 = CARTESIAN_POINT ( 'NONE',  ( 2.246182916263080198, 2.246182916263080198, -5.703125001706995434 ) ) ;
#1083 = CARTESIAN_POINT ( 'NONE',  ( 2.499999999999997780, 0.000000000000000000, -1.250000000000002887 ) ) ;
#1084 = CARTESIAN_POINT ( 'NONE',  ( 3.176582343749997595, 1.315783488776162136, -0.7812500017069945457 ) ) ;
#1085 = CARTESIAN_POINT ( 'NONE',  ( -2.499999999999998224, -1.035533905932736642, -3.046875000000003997 ) ) ;
#1086 = ORIENTED_EDGE ( 'NONE', *, *, #1348, .F. ) ;
#1087 = CARTESIAN_POINT ( 'NONE',  ( 2.246182916263079310, -2.246182916263080198, -3.359375001706994990 ) ) ;
#1088 = VECTOR ( 'NONE', #1406, 1000.000000000000000 ) ;
#1089 = VERTEX_POINT ( 'NONE', #162 ) ;
#1090 = CARTESIAN_POINT ( 'NONE',  ( 3.176582343749998039, 0.000000000000000000, -1.953125001706995656 ) ) ;
#1091 = CARTESIAN_POINT ( 'NONE',  ( 1.315783488776162580, 3.176582343749997595, -9.375000001706995434 ) ) ;
#1092 = VECTOR ( 'NONE', #1382, 1000.000000000000000 ) ;
#1093 = CIRCLE ( 'NONE', #1427, 2.499999999999998668 ) ;
#1094 = CARTESIAN_POINT ( 'NONE',  ( 1.767766952966367544, 1.767766952966367544, -1.406250003413987315 ) ) ;
#1095 = CARTESIAN_POINT ( 'NONE',  ( -2.246182916263079754, 2.246182916263080198, -2.890625001706995434 ) ) ;
#1096 = CARTESIAN_POINT ( 'NONE',  ( -2.246182916263079754, 2.246182916263080198, -5.390625001706995434 ) ) ;
#1097 = CARTESIAN_POINT ( 'NONE',  ( 0.000000000000000000, 0.000000000000000000, 0.000000000000000000 ) ) ;
#1098 = CARTESIAN_POINT ( 'NONE',  ( -3.176582343749998927, -1.315783488776161692, -3.906250001706995434 ) ) ;
#1099 = ORIENTED_EDGE ( 'NONE', *, *, #1551, .T. ) ;
#1100 = ADVANCED_FACE ( 'NONE', ( #1337 ), #1558, .T. ) ;
#1101 = CARTESIAN_POINT ( 'NONE',  ( -2.246182916263080198, -2.246182916263079754, -1.171875001706994990 ) ) ;
#1102 = ORIENTED_EDGE ( 'NONE', *, *, #2046, .F. ) ;
#1103 = EDGE_CURVE ( 'NONE', #1128, #1054, #1775, .T. ) ;
#1104 = DIRECTION ( 'NONE',  ( 1.000000000000000000, 0.000000000000000000, 0.000000000000000000 ) ) ;
#1105 = DIRECTION ( 'NONE',  ( -0.000000000000000000, -0.000000000000000000, 1.000000000000000000 ) ) ;
#1106 = CARTESIAN_POINT ( 'NONE',  ( 1.035533905932736864, 2.499999999999997780, -3.515625000000003109 ) ) ;
#1107 = CARTESIAN_POINT ( 'NONE',  ( 1.945095699750716087E-16, 3.176582343749998039, -5.546875001706995434 ) ) ;
#1108 = CARTESIAN_POINT ( 'NONE',  ( -1.767766952966367766, -1.767766952966367100, -4.218750000000003553 ) ) ;
#1109 = PERSON_AND_ORGANIZATION ( #1352, #1944 ) ;
#1110 = CARTESIAN_POINT ( 'NONE',  ( 3.176582343749997595, 1.315783488776162136, -4.531250001706997210 ) ) ;
#1111 = CARTESIAN_POINT ( 'NONE',  ( -1.315783488776164134, -3.176582343749997150, -4.843750001706997210 ) ) ;
#1112 = CARTESIAN_POINT ( 'NONE',  ( 14.00000000000000355, 10.87054224807963010, -150.0000000000000000 ) ) ;
#1113 = CARTESIAN_POINT ( 'NONE',  ( -2.246182916263080198, -2.246182916263079754, -0.07812500170699572533 ) ) ;
#1114 = EDGE_LOOP ( 'NONE', ( #1340, #219, #1724, #2433 ) ) ;
#1115 = CARTESIAN_POINT ( 'NONE',  ( -2.246182916263080198, -2.246182916263079754, -3.671875001706995434 ) ) ;
#1116 = ORIENTED_EDGE ( 'NONE', *, *, #1991, .F. ) ;
#1117 = CARTESIAN_POINT ( 'NONE',  ( 2.246182916263079310, -2.246182916263080198, -7.265625001706995434 ) ) ;
#1118 = CARTESIAN_POINT ( 'NONE',  ( -2.500000000000000888, 1.035533905932734200, -5.703125000000003553 ) ) ;
#1119 = ADVANCED_FACE ( 'NONE', ( #1151 ), #1742, .T. ) ;
#1120 = CARTESIAN_POINT ( 'NONE',  ( 15.00000000000000355, -15.00000000000000000, -10.00000000000000000 ) ) ;
#1121 = CARTESIAN_POINT ( 'NONE',  ( -2.246182916263080198, -2.246182916263079754, -2.578125001706995434 ) ) ;
#1122 = LINE ( 'NONE', #118, #244 ) ;
#1123 = CARTESIAN_POINT ( 'NONE',  ( -1.035533905932736642, 2.499999999999997780, -9.609375000000001776 ) ) ;
#1124 = CARTESIAN_POINT ( 'NONE',  ( 1.945095699750716087E-16, 3.176582343749998039, -6.796875001706995434 ) ) ;
#1125 = CARTESIAN_POINT ( 'NONE',  ( 1.767766952966366878, -1.767766952966367766, -2.968750003413986871 ) ) ;
#1126 = CARTESIAN_POINT ( 'NONE',  ( -2.499999999999997780, 3.061616997868380676E-16, -1.875000000000003331 ) ) ;
#1127 = CARTESIAN_POINT ( 'NONE',  ( 2.246182916263080198, 2.246182916263080198, -9.296875001706995434 ) ) ;
#1128 = VERTEX_POINT ( 'NONE', #1567 ) ;
#1129 = CARTESIAN_POINT ( 'NONE',  ( -1.315783488776164134, -3.176582343749996706, -4.843750001706997210 ) ) ;
#1130 = ORIENTED_EDGE ( 'NONE', *, *, #1650, .F. ) ;
#1131 = CARTESIAN_POINT ( 'NONE',  ( 2.246182916263080198, 2.246182916263080198, -6.953125001706994546 ) ) ;
#1132 = DIRECTION ( 'NONE',  ( 0.000000000000000000, -0.000000000000000000, 1.000000000000000000 ) ) ;
#1133 = AXIS2_PLACEMENT_3D ( 'NONE', #296, #2099, #853 ) ;
#1134 = CARTESIAN_POINT ( 'NONE',  ( 1.035533905932737309, -2.499999999999997335, -1.484375000000003331 ) ) ;
#1135 = AXIS2_PLACEMENT_3D ( 'NONE', #1017, #1034, #2213 ) ;
#1136 = EDGE_CURVE ( 'NONE', #358, #1208, #133, .T. ) ;
#1137 = CARTESIAN_POINT ( 'NONE',  ( -2.499999999999997335, 3.061616997868380183E-16, -10.00000000000000000 ) ) ;
#1138 = AXIS2_PLACEMENT_3D ( 'NONE', #1190, #978, #2354 ) ;
#1139 = CARTESIAN_POINT ( 'NONE',  ( -1.767766952966367766, -1.767766952966367100, -9.218750000000003553 ) ) ;
#1140 = CARTESIAN_POINT ( 'NONE',  ( -3.176582343749997595, 1.315783488776162580, -0.3125000017069959335 ) ) ;
#1141 = CARTESIAN_POINT ( 'NONE',  ( 8.999999999999998224, -11.12945775192036812, -10.00000000000000000 ) ) ;
#1142 = CARTESIAN_POINT ( 'NONE',  ( 2.246182916263080198, 2.246182916263080198, -8.046875001706995434 ) ) ;
#1143 = VERTEX_POINT ( 'NONE', #188 ) ;
#1144 = CARTESIAN_POINT ( 'NONE',  ( 1.945095699750716087E-16, 3.176582343749998039, -5.390625001706995434 ) ) ;
#1145 = ORIENTED_EDGE ( 'NONE', *, *, #2123, .T. ) ;
#1146 = CARTESIAN_POINT ( 'NONE',  ( 3.176582343749998039, 0.000000000000000000, -7.109375001706995434 ) ) ;
#1147 = CARTESIAN_POINT ( 'NONE',  ( -2.499999999999997780, 3.061616997868380676E-16, -0.6250000000000039968 ) ) ;
#1148 = CARTESIAN_POINT ( 'NONE',  ( -1.767766952966367766, -1.767766952966367100, -7.968750000000003553 ) ) ;
#1149 = DIRECTION ( 'NONE',  ( 1.000000000000000000, 0.000000000000000000, 0.000000000000000000 ) ) ;
#1150 = CARTESIAN_POINT ( 'NONE',  ( -1.035533905932738197, -2.499999999999997335, -9.140625000000005329 ) ) ;
#1151 = FACE_OUTER_BOUND ( 'NONE', #664, .T. ) ;
#1152 = CARTESIAN_POINT ( 'NONE',  ( 2.499999999999995115, 1.035533905932739751, -7.421875000000003553 ) ) ;
#1153 = CARTESIAN_POINT ( 'NONE',  ( -1.315783488776164134, -3.176582343749996706, -4.843750001706997210 ) ) ;
#1154 = ORIENTED_EDGE ( 'NONE', *, *, #199, .T. ) ;
#1155 = CARTESIAN_POINT ( 'NONE',  ( 1.945095699750716087E-16, 3.176582343749998039, -5.390625001706995434 ) ) ;
#1156 = CARTESIAN_POINT ( 'NONE',  ( 3.176582343749998039, 0.000000000000000000, -0.7031250017069945457 ) ) ;
#1157 = ORIENTED_EDGE ( 'NONE', *, *, #709, .F. ) ;
#1158 = CARTESIAN_POINT ( 'NONE',  ( 8.000000000000000000, 0.000000000000000000, -8.000000000000003553 ) ) ;
#1159 = CARTESIAN_POINT ( 'NONE',  ( 1.315783488776162580, 3.176582343749997595, -5.625000001706995434 ) ) ;
#1160 = CARTESIAN_POINT ( 'NONE',  ( -2.499999999999997780, 3.061616997868380676E-16, 0.000000000000000000 ) ) ;
#1161 = CARTESIAN_POINT ( 'NONE',  ( -2.499999999999997780, 3.061616997868380676E-16, -6.875000000000003553 ) ) ;
#1162 = DIRECTION ( 'NONE',  ( -0.000000000000000000, -0.000000000000000000, 1.000000000000000000 ) ) ;
#1163 = CARTESIAN_POINT ( 'NONE',  ( 1.035533905932736864, 2.499999999999997780, -7.265625000000002665 ) ) ;
#1164 = CARTESIAN_POINT ( 'NONE',  ( -5.835287099252147767E-16, -3.176582343749998039, -2.421875001706994990 ) ) ;
#1165 = CARTESIAN_POINT ( 'NONE',  ( -2.499999999999997780, 3.061616997868380676E-16, -8.125000000000003553 ) ) ;
#1166 = CARTESIAN_POINT ( 'NONE',  ( -3.176582343749998039, 3.890191399501432173E-16, -5.078125001706994546 ) ) ;
#1167 = CARTESIAN_POINT ( 'NONE',  ( 1.530808498934190338E-16, 2.499999999999997780, -2.187500000000003553 ) ) ;
#1168 = ORIENTED_EDGE ( 'NONE', *, *, #2470, .F. ) ;
#1169 = CARTESIAN_POINT ( 'NONE',  ( -1.767766952966367766, -1.767766952966367100, -8.281250003413987315 ) ) ;
#1170 = EDGE_CURVE ( 'NONE', #1953, #1378, #1821, .T. ) ;
#1171 = CARTESIAN_POINT ( 'NONE',  ( -2.246182916263079754, 2.246182916263080198, -1.484375001706995212 ) ) ;
#1172 = DIRECTION ( 'NONE',  ( 1.000000000000000000, -1.577021341797097560E-16, 0.000000000000000000 ) ) ;
#1173 = CARTESIAN_POINT ( 'NONE',  ( 2.499999999999997780, 0.000000000000000000, -1.250000000000002887 ) ) ;
#1174 = DIRECTION ( 'NONE',  ( 1.000000000000000000, 0.000000000000000000, 0.000000000000000000 ) ) ;
#1175 = CARTESIAN_POINT ( 'NONE',  ( -2.499999999999997780, 1.035533905932737087, -6.953125000000003553 ) ) ;
#1176 = VECTOR ( 'NONE', #114, 1000.000000000000000 ) ;
#1177 = CARTESIAN_POINT ( 'NONE',  ( 3.176582343749996706, -1.315783488776164800, -2.187500001706995878 ) ) ;
#1178 = CARTESIAN_POINT ( 'NONE',  ( 0.000000000000000000, 0.000000000000000000, -8.000000000000003553 ) ) ;
#1179 = AXIS2_PLACEMENT_3D ( 'NONE', #1298, #265, #872 ) ;
#1180 = CARTESIAN_POINT ( 'NONE',  ( 2.246182916263080198, 2.246182916263080198, -6.796875001706994546 ) ) ;
#1181 = AXIS2_PLACEMENT_3D ( 'NONE', #1949, #1777, #152 ) ;
#1182 = EDGE_LOOP ( 'NONE', ( #1827, #1247, #1010, #900 ) ) ;
#1183 = CARTESIAN_POINT ( 'NONE',  ( -2.499999999999998224, -1.035533905932736642, -8.359375003413985539 ) ) ;
#1184 = ORIENTED_EDGE ( 'NONE', *, *, #2397, .T. ) ;
#1185 = CARTESIAN_POINT ( 'NONE',  ( -3.176582343749998483, -0.6318615279776164106, -0.04060805283635286755 ) ) ;
#1186 = ADVANCED_FACE ( 'NONE', ( #1837 ), #237, .F. ) ;
#1187 = CARTESIAN_POINT ( 'NONE',  ( 1.035533905932736864, 2.499999999999997780, -8.828125003413987315 ) ) ;
#1188 = CARTESIAN_POINT ( 'NONE',  ( -2.499999999999997780, 3.061616997868380676E-16, 0.000000000000000000 ) ) ;
#1189 = CARTESIAN_POINT ( 'NONE',  ( 2.246182916263080198, 2.246182916263080198, -0.7031250017069945457 ) ) ;
#1190 = CARTESIAN_POINT ( 'NONE',  ( 11.50000000000000355, 10.87054224807963010, 0.000000000000000000 ) ) ;
#1191 = CARTESIAN_POINT ( 'NONE',  ( -3.176582343749998927, -1.315783488776161692, -1.706995655936793810E-09 ) ) ;
#1192 = ORIENTED_EDGE ( 'NONE', *, *, #2155, .F. ) ;
#1193 = CARTESIAN_POINT ( 'NONE',  ( 1.530808498934190338E-16, 2.499999999999997780, -7.500000003413987315 ) ) ;
#1194 =( BOUNDED_CURVE ( )  B_SPLINE_CURVE ( 2, ( #1405, #1233, #1848, #1187, #1587, #2195, #2222, #2434, #185 ),
 .UNSPECIFIED., .F., .T. ) 
 B_SPLINE_CURVE_WITH_KNOTS ( ( 3, 2, 2, 2, 3 ),
 ( 0.000000000000000000, 0.01562500000000001388, 0.03125000000000002776, 0.04687500000000004163, 0.06250000000000005551 ),
 .UNSPECIFIED. ) 
 CURVE ( )  GEOMETRIC_REPRESENTATION_ITEM ( )  RATIONAL_B_SPLINE_CURVE ( ( 1.000000000000000000, 0.9238795325112867385, 1.000000000000000000, 0.9238795325112867385, 1.000000000000000000, 0.9238795325112867385, 1.000000000000000000, 0.9238795325112865164, 1.000000000000000222 ) ) 
 REPRESENTATION_ITEM ( '' )  );
#1195 = VERTEX_POINT ( 'NONE', #802 ) ;
#1196 = CARTESIAN_POINT ( 'NONE',  ( 2.246182916263079310, -2.246182916263080198, -0.8593750017069946567 ) ) ;
#1197 = CARTESIAN_POINT ( 'NONE',  ( 1.945095699750716087E-16, 3.176582343749998039, -9.140625001706995434 ) ) ;
#1198 = DIRECTION ( 'NONE',  ( 0.000000000000000000, -0.000000000000000000, -1.000000000000000000 ) ) ;
#1199 = EDGE_CURVE ( 'NONE', #2399, #347, #224, .T. ) ;
#1200 = CARTESIAN_POINT ( 'NONE',  ( 2.499999999999997335, -1.035533905932738419, -3.828125000000003553 ) ) ;
#1201 = CARTESIAN_POINT ( 'NONE',  ( -2.500000000000000888, 1.035533905932734200, -9.453125000000001776 ) ) ;
#1202 = CARTESIAN_POINT ( 'NONE',  ( -2.246182916263079754, 2.246182916263080198, -7.890625001706995434 ) ) ;
#1203 = CALENDAR_DATE ( 2026, 20, 5 ) ;
#1204 = CARTESIAN_POINT ( 'NONE',  ( 1.315783488776163024, -3.176582343749997150, -2.187500001706995878 ) ) ;
#1205 = CARTESIAN_POINT ( 'NONE',  ( -1.035533905932738197, -2.499999999999997335, -1.640625000000003553 ) ) ;
#1206 = ORIENTED_EDGE ( 'NONE', *, *, #728, .F. ) ;
#1207 = CARTESIAN_POINT ( 'NONE',  ( -2.499999999999998224, -1.035533905932736642, -5.859375003413987315 ) ) ;
#1208 = VERTEX_POINT ( 'NONE', #2262 ) ;
#1209 = CARTESIAN_POINT ( 'NONE',  ( -1.315783488776162136, 3.176582343749998039, -1.562500001706995212 ) ) ;
#1210 = CARTESIAN_POINT ( 'NONE',  ( -2.999258461664772835, -0.9929374043513418124, -5.071949354142981737E-16 ) ) ;
#1211 = CARTESIAN_POINT ( 'NONE',  ( 3.176582343749998039, 0.000000000000000000, -9.453125001706995434 ) ) ;
#1212 = FACE_OUTER_BOUND ( 'NONE', #981, .T. ) ;
#1213 = ADVANCED_FACE ( 'NONE', ( #2426 ), #6, .F. ) ;
#1214 = CARTESIAN_POINT ( 'NONE',  ( -2.396852016659251738, -2.095065784155555555, -1.411524601892941870E-16 ) ) ;
#1215 = CIRCLE ( 'NONE', #207, 2.499999999999998668 ) ;
#1216 = CARTESIAN_POINT ( 'NONE',  ( 3.176582343749996706, -1.315783488776164800, -0.7812500017069945457 ) ) ;
#1217 = EDGE_LOOP ( 'NONE', ( #507, #1468, #838, #269 ) ) ;
#1218 = CARTESIAN_POINT ( 'NONE',  ( 2.499999999999997780, 1.035533905932736642, -3.984375003413986871 ) ) ;
#1219 = ORIENTED_EDGE ( 'NONE', *, *, #68, .T. ) ;
#1220 = CARTESIAN_POINT ( 'NONE',  ( -1.315783488776161914, 3.176582343749997595, -9.062500001706995434 ) ) ;
#1221 = CARTESIAN_POINT ( 'NONE',  ( -3.021323499777914812, 0.1490949686935565677, 1.493961524595519503E-15 ) ) ;
#1222 = CARTESIAN_POINT ( 'NONE',  ( 1.945095699750716087E-16, 3.176582343749998039, -7.890625001706995434 ) ) ;
#1223 =( BOUNDED_CURVE ( )  B_SPLINE_CURVE ( 2, ( #2067, #261, #1094, #653, #1868, #1672, #2475, #1472, #669 ),
 .UNSPECIFIED., .F., .F. ) 
 B_SPLINE_CURVE_WITH_KNOTS ( ( 3, 2, 2, 2, 3 ),
 ( 0.7500000000000000000, 0.7656250000000000000, 0.7812500000000000000, 0.7968750000000000000, 0.8125000000000000000 ),
 .UNSPECIFIED. ) 
 CURVE ( )  GEOMETRIC_REPRESENTATION_ITEM ( )  RATIONAL_B_SPLINE_CURVE ( ( 1.000000000000000000, 0.9238795325112867385, 1.000000000000000000, 0.9238795325112867385, 1.000000000000000000, 0.9238795325112867385, 1.000000000000000000, 0.9238795325112867385, 1.000000000000000000 ) ) 
 REPRESENTATION_ITEM ( '' )  );
#1224 = CARTESIAN_POINT ( 'NONE',  ( -2.499999999999997780, 3.061616997868380676E-16, -4.375000000000003553 ) ) ;
#1225 = CARTESIAN_POINT ( 'NONE',  ( 2.246182916263080198, 2.246182916263080198, -6.953125001706994546 ) ) ;
#1226 = CARTESIAN_POINT ( 'NONE',  ( 2.246182916263080198, 2.246182916263080198, -1.796875001706995434 ) ) ;
#1227 = CARTESIAN_POINT ( 'NONE',  ( 2.246182916263080198, 2.246182916263080198, -9.453125001706995434 ) ) ;
#1228 = CARTESIAN_POINT ( 'NONE',  ( 2.499999999999997780, 0.000000000000000000, 0.000000000000000000 ) ) ;
#1229 = CARTESIAN_POINT ( 'NONE',  ( -1.767766952966367100, 1.767766952966367544, -2.343750003413987315 ) ) ;
#1230 = ORIENTED_EDGE ( 'NONE', *, *, #1850, .F. ) ;
#1231 = CARTESIAN_POINT ( 'NONE',  ( -3.176582343749997595, 1.315783488776162580, -8.906250001706995434 ) ) ;
#1232 = ORIENTED_EDGE ( 'NONE', *, *, #1927, .F. ) ;
#1233 = CARTESIAN_POINT ( 'NONE',  ( 2.499999999999997780, 1.035533905932736864, -8.984375003413987315 ) ) ;
#1234 = CARTESIAN_POINT ( 'NONE',  ( -2.499999999999995559, -1.035533905932739529, -5.546875000000003553 ) ) ;
#1235 = CARTESIAN_POINT ( 'NONE',  ( -1.035533905932736864, 2.499999999999997780, -4.921875003413987315 ) ) ;
#1236 = CARTESIAN_POINT ( 'NONE',  ( 2.499999999999997780, 1.035533905932736642, -6.171875000000003553 ) ) ;
#1237 = DIRECTION ( 'NONE',  ( -2.312964634635742957E-16, 1.000000000000000000, -0.000000000000000000 ) ) ;
#1238 = CARTESIAN_POINT ( 'NONE',  ( -3.176582343749998927, -1.315783488776161692, -7.656250001706995434 ) ) ;
#1239 = DIRECTION ( 'NONE',  ( 1.000000000000000000, 0.000000000000000000, 0.000000000000000000 ) ) ;
#1240 = CARTESIAN_POINT ( 'NONE',  ( 1.945095699750716087E-16, 3.176582343749998039, -1.640625001706995434 ) ) ;
#1241 = CARTESIAN_POINT ( 'NONE',  ( -4.592425496802570028E-16, -2.499999999999997780, -1.562500000000003109 ) ) ;
#1242 = CARTESIAN_POINT ( 'NONE',  ( -3.176582343749998927, -1.315783488776161692, -5.000000001706994546 ) ) ;
#1243 = CARTESIAN_POINT ( 'NONE',  ( -1.035533905932738197, -2.499999999999997335, -4.453125003413987315 ) ) ;
#1244 = EDGE_LOOP ( 'NONE', ( #2469, #1600, #1086, #761, #1937 ) ) ;
#1245 = EDGE_CURVE ( 'NONE', #1610, #1734, #2593, .T. ) ;
#1246 = CARTESIAN_POINT ( 'NONE',  ( -3.176582343749998039, 3.890191399501432173E-16, -7.578125001706995434 ) ) ;
#1247 = ORIENTED_EDGE ( 'NONE', *, *, #505, .F. ) ;
#1248 = FACE_OUTER_BOUND ( 'NONE', #878, .T. ) ;
#1249 = CARTESIAN_POINT ( 'NONE',  ( -1.215625409957562297, -2.934779420891754143, -5.071949354142990612E-16 ) ) ;
#1250 = CARTESIAN_POINT ( 'NONE',  ( 14.00000000000000000, -4.415659757031873465E-15, -10.00000000000000000 ) ) ;
#1251 = CARTESIAN_POINT ( 'NONE',  ( 1.530808498934190338E-16, 2.499999999999997780, -3.750000003413986871 ) ) ;
#1252 = CARTESIAN_POINT ( 'NONE',  ( 1.945095699750716087E-16, 3.176582343749998039, -6.796875001706995434 ) ) ;
#1253 = CARTESIAN_POINT ( 'NONE',  ( 0.000000000000000000, 0.000000000000000000, 0.000000000000000000 ) ) ;
#1254 = CARTESIAN_POINT ( 'NONE',  ( -5.835287099252147767E-16, -3.176582343749998039, 0.2343749982930045661 ) ) ;
#1255 = VECTOR ( 'NONE', #485, 1000.000000000000000 ) ;
#1256 = CARTESIAN_POINT ( 'NONE',  ( 3.176582343749997595, 1.315783488776162136, -9.531250001706995434 ) ) ;
#1257 = EDGE_LOOP ( 'NONE', ( #1874, #491, #2028, #1639 ) ) ;
#1258 = CARTESIAN_POINT ( 'NONE',  ( 1.035533905932737309, -2.499999999999997335, -3.046875003413987315 ) ) ;
#1259 = CIRCLE ( 'NONE', #1808, 2.499999999999998668 ) ;
#1260 = ORIENTED_EDGE ( 'NONE', *, *, #402, .T. ) ;
#1261 = DIRECTION ( 'NONE',  ( -3.154042683594195121E-16, -1.000000000000000000, 0.000000000000000000 ) ) ;
#1262 = LOCAL_TIME ( 23, 57, 29.00000000000000000, #1701 ) ;
#1263 = CARTESIAN_POINT ( 'NONE',  ( 2.624328033388027226, -0.2289696060805356537, -0.4006719666119747947 ) ) ;
#1264 = CARTESIAN_POINT ( 'NONE',  ( -1.035533905932738197, -2.499999999999997335, -4.453125003413987315 ) ) ;
#1265 = EDGE_CURVE ( 'NONE', #1054, #358, #1995, .T. ) ;
#1266 = CARTESIAN_POINT ( 'NONE',  ( -2.499999999999997780, 3.061616997868380676E-16, -3.437500003413987315 ) ) ;
#1267 = CARTESIAN_POINT ( 'NONE',  ( -3.176582343749998927, -1.315783488776161692, -1.406250001706995212 ) ) ;
#1268 = CARTESIAN_POINT ( 'NONE',  ( -1.794246487608853968, 2.306813639936471816, -0.1082283183582122416 ) ) ;
#1269 = CALENDAR_DATE ( 2026, 20, 5 ) ;
#1270 = CARTESIAN_POINT ( 'NONE',  ( -3.176582343749998039, 3.890191399501432173E-16, -6.484375001706995434 ) ) ;
#1271 = CARTESIAN_POINT ( 'NONE',  ( 2.499999999999997780, 0.000000000000000000, -2.812500003413986871 ) ) ;
#1272 = CARTESIAN_POINT ( 'NONE',  ( -2.499999999999998224, -1.035533905932736642, 0.3906249965860125184 ) ) ;
#1273 = CARTESIAN_POINT ( 'NONE',  ( 1.315783488776162580, 3.176582343749997595, -0.6250000017069944347 ) ) ;
#1274 = VERTEX_POINT ( 'NONE', #1647 ) ;
#1275 = B_SPLINE_CURVE_WITH_KNOTS ( 'NONE', 3,
 ( #1278, #495, #1305, #453, #1876, #61, #2486, #1900, #1263, #680 ),
 .UNSPECIFIED., .F., .F.,
 ( 4, 2, 2, 2, 4 ),
 ( 2.347992441503278696E-18, 0.0006854175739555650555, 0.001370835147911127726, 0.002056252721866690288, 0.002741670295822252849 ),
 .UNSPECIFIED. ) ;
#1276 = CARTESIAN_POINT ( 'NONE',  ( 1.315783488776163024, -3.176582343749997150, -7.187500001706994546 ) ) ;
#1277 = VERTEX_POINT ( 'NONE', #2452 ) ;
#1278 = CARTESIAN_POINT ( 'NONE',  ( 1.198687951836840071, -2.193888601119299064, -0.5250000000000011324 ) ) ;
#1279 = LINE ( 'NONE', #49, #1679 ) ;
#1280 = CARTESIAN_POINT ( 'NONE',  ( 3.176582343749998039, 0.000000000000000000, -5.859375001706995434 ) ) ;
#1281 = EDGE_CURVE ( 'NONE', #994, #112, #2110, .T. ) ;
#1282 = CYLINDRICAL_SURFACE ( 'NONE', #2016, 2.499999999999997780 ) ;
#1283 = DATE_AND_TIME ( #1461, #1262 ) ;
#1284 = CARTESIAN_POINT ( 'NONE',  ( -3.176582343749997595, 1.315783488776162580, -6.562500001706995434 ) ) ;
#1285 = CARTESIAN_POINT ( 'NONE',  ( 2.500000000000001776, 1.035533905932733312, -8.671875000000005329 ) ) ;
#1286 = CARTESIAN_POINT ( 'NONE',  ( -5.835287099252147767E-16, -3.176582343749998039, -3.671875001706995434 ) ) ;
#1287 = ORIENTED_EDGE ( 'NONE', *, *, #387, .F. ) ;
#1288 = CARTESIAN_POINT ( 'NONE',  ( 3.176582343749997595, 1.315783488776162136, -1.875000001706995656 ) ) ;
#1289 = EDGE_LOOP ( 'NONE', ( #1749, #193, #2545, #101 ) ) ;
#1290 = CARTESIAN_POINT ( 'NONE',  ( -11.49999999999999645, -11.12945775192036812, -150.0000000000000000 ) ) ;
#1291 = CARTESIAN_POINT ( 'NONE',  ( 1.035533905932737309, -2.499999999999997335, -4.296875003413988203 ) ) ;
#1292 = DIRECTION ( 'NONE',  ( -0.000000000000000000, -0.000000000000000000, 1.000000000000000000 ) ) ;
#1293 = CARTESIAN_POINT ( 'NONE',  ( 1.315783488776162580, 3.176582343749998039, -4.375000001706995434 ) ) ;
#1294 = CARTESIAN_POINT ( 'NONE',  ( -1.941802105757606922, 2.194480358597676428, -0.1003942398604141806 ) ) ;
#1295 = EDGE_CURVE ( 'NONE', #807, #729, #418, .T. ) ;
#1296 =( BOUNDED_CURVE ( )  B_SPLINE_CURVE ( 2, ( #2140, #324, #364, #1783, #175, #1134, #1739, #2539, #1173 ),
 .UNSPECIFIED., .F., .T. ) 
 B_SPLINE_CURVE_WITH_KNOTS ( ( 3, 2, 2, 2, 3 ),
 ( 0.8125000000000000000, 0.8281250000000000000, 0.8437500000000000000, 0.8593750000000001110, 0.8750000000000001110 ),
 .UNSPECIFIED. ) 
 CURVE ( )  GEOMETRIC_REPRESENTATION_ITEM ( )  RATIONAL_B_SPLINE_CURVE ( ( 1.000000000000000000, 0.9238795325112867385, 1.000000000000000000, 0.9238795325112867385, 1.000000000000000000, 0.9238795325112867385, 1.000000000000000000, 0.9238795325112861834, 1.000000000000000444 ) ) 
 REPRESENTATION_ITEM ( '' )  );
#1297 = CARTESIAN_POINT ( 'NONE',  ( 2.246182916263080198, 2.246182916263080198, -8.203125001706995434 ) ) ;
#1298 = CARTESIAN_POINT ( 'NONE',  ( 8.000000000000000000, 0.000000000000000000, -8.000000000000003553 ) ) ;
#1299 = ADVANCED_FACE ( 'NONE', ( #2005 ), #1606, .F. ) ;
#1300 = CARTESIAN_POINT ( 'NONE',  ( -3.176582343749998039, 3.890191399501432173E-16, -1.484375001706995212 ) ) ;
#1301 = EDGE_LOOP ( 'NONE', ( #255, #1522, #2041, #1871 ) ) ;
#1302 = CARTESIAN_POINT ( 'NONE',  ( -2.246182916263079754, 2.246182916263080198, -2.734375001706995434 ) ) ;
#1303 = EDGE_LOOP ( 'NONE', ( #2560, #544, #2030, #1392, #1039, #84, #465, #2384, #28, #1896, #87, #1219, #796, #410, #1694, #2357, #1899, #889, #1230 ) ) ;
#1304 = DIRECTION ( 'NONE',  ( -0.000000000000000000, -0.000000000000000000, 1.000000000000000000 ) ) ;
#1305 = CARTESIAN_POINT ( 'NONE',  ( 1.597164469172283274, -1.966844207318749982, -0.5017409629793752046 ) ) ;
#1306 = CARTESIAN_POINT ( 'NONE',  ( 2.838291171874997687, 0.000000000000000000, -9.804687500853500381 ) ) ;
#1307 = VECTOR ( 'NONE', #517, 1000.000000000000000 ) ;
#1308 =( GEOMETRIC_REPRESENTATION_CONTEXT ( 3 ) GLOBAL_UNCERTAINTY_ASSIGNED_CONTEXT ( ( #572 ) ) GLOBAL_UNIT_ASSIGNED_CONTEXT ( ( #20, #2417, #1035 ) ) REPRESENTATION_CONTEXT ( 'NONE', 'WORKASPACE' ) );
#1309 = CARTESIAN_POINT ( 'NONE',  ( 2.499999999999997780, 0.000000000000000000, -8.750000000000003553 ) ) ;
#1310 = CARTESIAN_POINT ( 'NONE',  ( -3.176582343749998039, 3.890191399501432173E-16, -5.234375001706995434 ) ) ;
#1311 = CARTESIAN_POINT ( 'NONE',  ( -2.646091131874107827, 1.362453118360118065, -0.05427774286746407661 ) ) ;
#1312 = APPROVAL_ROLE ( '' ) ;
#1313 = CARTESIAN_POINT ( 'NONE',  ( -2.246182916263080198, -2.246182916263079754, -5.078125001706995434 ) ) ;
#1314 = CARTESIAN_POINT ( 'NONE',  ( 2.499999999999997780, 0.000000000000000000, -0.3125000034139863714 ) ) ;
#1315 =( BOUNDED_CURVE ( )  B_SPLINE_CURVE ( 2, ( #548, #310, #2338, #525, #1525, #1771, #2180, #511, #1539 ),
 .UNSPECIFIED., .F., .T. ) 
 B_SPLINE_CURVE_WITH_KNOTS ( ( 3, 2, 2, 2, 3 ),
 ( 0.6875000000000000000, 0.7031250000000000000, 0.7187500000000000000, 0.7343750000000000000, 0.7500000000000000000 ),
 .UNSPECIFIED. ) 
 CURVE ( )  GEOMETRIC_REPRESENTATION_ITEM ( )  RATIONAL_B_SPLINE_CURVE ( ( 1.000000000000000000, 0.9238795325112867385, 1.000000000000000000, 0.9238795325112867385, 1.000000000000000000, 0.9238795325112867385, 1.000000000000000000, 0.9238795325112867385, 1.000000000000000000 ) ) 
 REPRESENTATION_ITEM ( '' )  );
#1316 = CARTESIAN_POINT ( 'NONE',  ( -5.835287099252147767E-16, -3.176582343749998039, -2.421875001706994990 ) ) ;
#1317 = EDGE_LOOP ( 'NONE', ( #2347, #532, #240, #1260 ) ) ;
#1318 = CARTESIAN_POINT ( 'NONE',  ( -3.176582343749998039, 3.890191399501432173E-16, -3.828125001706995434 ) ) ;
#1319 = EDGE_CURVE ( 'NONE', #1987, #2294, #1433, .T. ) ;
#1320 = EDGE_LOOP ( 'NONE', ( #2335, #1547, #624, #1519 ) ) ;
#1321 = FACE_OUTER_BOUND ( 'NONE', #1976, .T. ) ;
#1322 = CARTESIAN_POINT ( 'NONE',  ( 2.499999999999997780, 0.000000000000000000, -7.500000000000003553 ) ) ;
#1323 = CARTESIAN_POINT ( 'NONE',  ( 3.176582343749997150, -1.315783488776165022, -5.937500001706995434 ) ) ;
#1324 = CARTESIAN_POINT ( 'NONE',  ( 2.499999999999997780, 0.000000000000000000, -3.750000000000003553 ) ) ;
#1325 = CARTESIAN_POINT ( 'NONE',  ( 2.499999999999997335, -1.035533905932738419, -7.578125000000002665 ) ) ;
#1326 = CARTESIAN_POINT ( 'NONE',  ( 2.246182916263080198, 2.246182916263080198, -4.453125001706995434 ) ) ;
#1327 = CARTESIAN_POINT ( 'NONE',  ( -1.767766952966367100, 1.767766952966367544, -8.281250000000003553 ) ) ;
#1328 = CARTESIAN_POINT ( 'NONE',  ( 3.176582343749996706, -1.315783488776164800, -4.687500001706995434 ) ) ;
#1329 = ORIENTED_EDGE ( 'NONE', *, *, #85, .F. ) ;
#1330 = CARTESIAN_POINT ( 'NONE',  ( -5.835287099252147767E-16, -3.176582343749998039, -4.765625001706995434 ) ) ;
#1331 = EDGE_CURVE ( 'NONE', #1653, #2146, #215, .T. ) ;
#1332 = ORIENTED_EDGE ( 'NONE', *, *, #2188, .F. ) ;
#1333 = CARTESIAN_POINT ( 'NONE',  ( -3.176582343749998927, -1.315783488776161692, -7.656250001706995434 ) ) ;
#1334 = FACE_OUTER_BOUND ( 'NONE', #586, .T. ) ;
#1335 = CARTESIAN_POINT ( 'NONE',  ( -4.592425496802570028E-16, -2.499999999999997780, -6.875000003413987315 ) ) ;
#1336 = CARTESIAN_POINT ( 'NONE',  ( 2.499999999999997780, 0.000000000000000000, -10.00000000000000355 ) ) ;
#1337 = FACE_OUTER_BOUND ( 'NONE', #2098, .T. ) ;
#1338 = CARTESIAN_POINT ( 'NONE',  ( -1.315783488776164134, -3.176582343749996706, -1.250000001706995212 ) ) ;
#1339 = CARTESIAN_POINT ( 'NONE',  ( -3.176582343749997595, 1.315783488776162580, -6.406250001706995434 ) ) ;
#1340 = ORIENTED_EDGE ( 'NONE', *, *, #169, .T. ) ;
#1341 = CARTESIAN_POINT ( 'NONE',  ( -3.176582343749998039, 3.890191399501432173E-16, -2.578125001706995434 ) ) ;
#1342 = VERTEX_POINT ( 'NONE', #1045 ) ;
#1343 = CARTESIAN_POINT ( 'NONE',  ( -2.246182916263080198, -2.246182916263079754, -8.828125001706995434 ) ) ;
#1344 = CARTESIAN_POINT ( 'NONE',  ( -2.499999999999998224, -1.035533905932736642, -0.8593750034139869820 ) ) ;
#1345 = VECTOR ( 'NONE', #1630, 1000.000000000000000 ) ;
#1346 = AXIS2_PLACEMENT_3D ( 'NONE', #18, #827, #1809 ) ;
#1347 = CARTESIAN_POINT ( 'NONE',  ( -2.499999999999997780, 3.061616997868380676E-16, 0.000000000000000000 ) ) ;
#1348 = EDGE_CURVE ( 'NONE', #758, #1764, #210, .T. ) ;
#1349 = CARTESIAN_POINT ( 'NONE',  ( 2.499999999999997780, 0.000000000000000000, -8.750000000000003553 ) ) ;
#1350 = CARTESIAN_POINT ( 'NONE',  ( 1.945095699750716087E-16, 3.176582343749998039, -0.5468750017069961000 ) ) ;
#1351 = CARTESIAN_POINT ( 'NONE',  ( -4.592425496802570028E-16, -2.499999999999997780, -9.062500000000005329 ) ) ;
#1352 = PERSON ( 'æœª', 'æœª', 'æœª', ('æœª'), ('æœª'), ('æœª') ) ;
#1353 = CARTESIAN_POINT ( 'NONE',  ( 1.945095699750716087E-16, 3.176582343749998039, -7.890625001706995434 ) ) ;
#1354 = CARTESIAN_POINT ( 'NONE',  ( 1.767766952966367544, 1.767766952966367544, -2.343750000000003997 ) ) ;
#1355 = CARTESIAN_POINT ( 'NONE',  ( 2.499999999999997780, 1.035533905932736642, -7.734375003413986427 ) ) ;
#1356 = ORIENTED_EDGE ( 'NONE', *, *, #1453, .T. ) ;
#1357 = CARTESIAN_POINT ( 'NONE',  ( 1.945095699750716087E-16, 3.176582343749998039, -6.640625001706995434 ) ) ;
#1358 = CARTESIAN_POINT ( 'NONE',  ( 1.035533905932736864, 2.499999999999997780, -2.265625000000003553 ) ) ;
#1359 = CARTESIAN_POINT ( 'NONE',  ( 2.246182916263080198, 2.246182916263080198, -8.203125001706995434 ) ) ;
#1360 = CARTESIAN_POINT ( 'NONE',  ( 2.500000000000000444, -1.035533905932735532, -7.578125000000003553 ) ) ;
#1361 = DIRECTION ( 'NONE',  ( 0.000000000000000000, 0.000000000000000000, 1.000000000000000000 ) ) ;
#1362 = EDGE_CURVE ( 'NONE', #2311, #1, #1915, .T. ) ;
#1363 = CARTESIAN_POINT ( 'NONE',  ( 2.246182916263080198, 2.246182916263080198, -3.203125001706994990 ) ) ;
#1364 = DIRECTION ( 'NONE',  ( -1.577021341797097560E-16, 1.000000000000000000, 0.000000000000000000 ) ) ;
#1365 = CARTESIAN_POINT ( 'NONE',  ( 1.315783488776162580, 3.176582343749997595, -9.218750001706997210 ) ) ;
#1366 = ORIENTED_EDGE ( 'NONE', *, *, #138, .T. ) ;
#1367 = CARTESIAN_POINT ( 'NONE',  ( 2.499999999999997335, -1.035533905932738419, -6.640625003413986427 ) ) ;
#1368 = VERTEX_POINT ( 'NONE', #867 ) ;
#1369 = CYLINDRICAL_SURFACE ( 'NONE', #1592, 2.500000000000002220 ) ;
#1370 = CARTESIAN_POINT ( 'NONE',  ( -3.176582343749998927, -1.315783488776161692, -8.906250001706995434 ) ) ;
#1371 = CARTESIAN_POINT ( 'NONE',  ( -14.00000000000000355, 10.87054224807963010, -150.0000000000000000 ) ) ;
#1372 = DESIGN_CONTEXT ( 'detailed design', #305, 'design' ) ;
#1373 = LINE ( 'NONE', #1347, #2068 ) ;
#1374 = CARTESIAN_POINT ( 'NONE',  ( 3.176582343749996706, -1.315783488776164800, -0.9375000017069946567 ) ) ;
#1375 = CARTESIAN_POINT ( 'NONE',  ( 11.49999999999999645, -11.12945775192036812, -10.00000000000000888 ) ) ;
#1376 = CARTESIAN_POINT ( 'NONE',  ( -1.315783488776161914, 3.176582343749997595, -7.812500001706995434 ) ) ;
#1377 = CARTESIAN_POINT ( 'NONE',  ( -1.035533905932738197, -2.499999999999997335, -2.890625000000003997 ) ) ;
#1378 = VERTEX_POINT ( 'NONE', #297 ) ;
#1379 = CARTESIAN_POINT ( 'NONE',  ( -4.592425496802570028E-16, -2.499999999999997780, -6.875000003413987315 ) ) ;
#1380 =( BOUNDED_CURVE ( )  B_SPLINE_CURVE ( 2, ( #251, #1889, #856, #1660, #74, #2464, #1458, #883, #2274 ),
 .UNSPECIFIED., .F., .F. ) 
 B_SPLINE_CURVE_WITH_KNOTS ( ( 3, 2, 2, 2, 3 ),
 ( 0.8750000000000001110, 0.8906250000000001110, 0.9062500000000000000, 0.9218750000000000000, 0.9375000000000000000 ),
 .UNSPECIFIED. ) 
 CURVE ( )  GEOMETRIC_REPRESENTATION_ITEM ( )  RATIONAL_B_SPLINE_CURVE ( ( 0.9999999999999994449, 0.9238795325112872936, 1.000000000000000000, 0.9238795325112867385, 1.000000000000000000, 0.9238795325112867385, 1.000000000000000000, 0.9238795325112867385, 1.000000000000000000 ) ) 
 REPRESENTATION_ITEM ( '' )  );
#1381 = ORIENTED_EDGE ( 'NONE', *, *, #2006, .T. ) ;
#1382 = DIRECTION ( 'NONE',  ( -0.000000000000000000, -0.000000000000000000, 1.000000000000000000 ) ) ;
#1383 = DIRECTION ( 'NONE',  ( -0.000000000000000000, -0.000000000000000000, 1.000000000000000000 ) ) ;
#1384 = VECTOR ( 'NONE', #2615, 1000.000000000000000 ) ;
#1385 = DIRECTION ( 'NONE',  ( 1.000000000000000000, 0.000000000000000000, 0.000000000000000000 ) ) ;
#1386 = CARTESIAN_POINT ( 'NONE',  ( 2.499999999999997780, 0.000000000000000000, -5.000000000000003553 ) ) ;
#1387 = AXIS2_PLACEMENT_3D ( 'NONE', #2595, #2223, #1588 ) ;
#1388 = CARTESIAN_POINT ( 'NONE',  ( 0.000000000000000000, 0.000000000000000000, 0.000000000000000000 ) ) ;
#1389 = CARTESIAN_POINT ( 'NONE',  ( -1.035533905932736864, 2.499999999999997780, -7.109375000000003553 ) ) ;
#1390 = CC_DESIGN_SECURITY_CLASSIFICATION ( #542, ( #212 ) ) ;
#1391 = CARTESIAN_POINT ( 'NONE',  ( 3.176582343749998039, 0.000000000000000000, -9.453125001706995434 ) ) ;
#1392 = ORIENTED_EDGE ( 'NONE', *, *, #910, .T. ) ;
#1393 = CARTESIAN_POINT ( 'NONE',  ( -3.176582343749998039, 3.890191399501432173E-16, -0.07812500170699572533 ) ) ;
#1394 = ORIENTED_EDGE ( 'NONE', *, *, #250, .T. ) ;
#1395 = DIRECTION ( 'NONE',  ( -0.000000000000000000, -0.000000000000000000, 1.000000000000000000 ) ) ;
#1396 = FACE_BOUND ( 'NONE', #1656, .T. ) ;
#1397 = CARTESIAN_POINT ( 'NONE',  ( 0.000000000000000000, 0.000000000000000000, -10.00000000000000355 ) ) ;
#1398 = CARTESIAN_POINT ( 'NONE',  ( 9.000000000000001776, 10.87054224807963010, -150.0000000000000000 ) ) ;
#1399 = CARTESIAN_POINT ( 'NONE',  ( -2.854750685524820586, -1.408831863690694464, -1.014389870828598320E-15 ) ) ;
#1400 = PERSON_AND_ORGANIZATION_ROLE ( 'creator' ) ;
#1401 = CARTESIAN_POINT ( 'NONE',  ( -3.176582343749998927, -1.315783488776161692, -3.750000001706995434 ) ) ;
#1402 = CARTESIAN_POINT ( 'NONE',  ( 2.499999999999997780, 1.035533905932736642, -8.984375003413987315 ) ) ;
#1403 = CARTESIAN_POINT ( 'NONE',  ( -1.767766952966367766, -1.767766952966367100, -5.781250003413988203 ) ) ;
#1404 = EDGE_CURVE ( 'NONE', #659, #1441, #1769, .T. ) ;
#1405 = CARTESIAN_POINT ( 'NONE',  ( 2.499999999999997780, 0.000000000000000000, -9.062500003413987315 ) ) ;
#1406 = DIRECTION ( 'NONE',  ( -3.154042683594195121E-16, -1.000000000000000000, 0.000000000000000000 ) ) ;
#1407 = CARTESIAN_POINT ( 'NONE',  ( 2.499999999999995115, 1.035533905932739751, -6.484375003413985539 ) ) ;
#1408 = APPLICATION_PROTOCOL_DEFINITION ( 'international standard', 'config_control_design', 1994, #2120 ) ;
#1409 = CARTESIAN_POINT ( 'NONE',  ( -1.315783488776164134, -3.176582343749996706, -3.593750001706995434 ) ) ;
#1410 = CARTESIAN_POINT ( 'NONE',  ( 2.499999999999997780, 0.000000000000000000, -3.469446951953614189E-15 ) ) ;
#1411 = CARTESIAN_POINT ( 'NONE',  ( 1.767766952966367544, 1.767766952966367544, -3.906250003413986871 ) ) ;
#1412 = EDGE_LOOP ( 'NONE', ( #126, #1800, #689 ) ) ;
#1413 = CARTESIAN_POINT ( 'NONE',  ( -2.246182916263079754, 2.246182916263080198, -6.484375001706995434 ) ) ;
#1414 = ORIENTED_EDGE ( 'NONE', *, *, #2548, .T. ) ;
#1415 = PLANE ( 'NONE',  #708 ) ;
#1416 = CARTESIAN_POINT ( 'NONE',  ( 3.176582343749998039, 1.315783488776162580, -8.125000001706995434 ) ) ;
#1417 = DIRECTION ( 'NONE',  ( -0.000000000000000000, -0.000000000000000000, 1.000000000000000000 ) ) ;
#1418 = CARTESIAN_POINT ( 'NONE',  ( -1.954954211277342813, -2.538292495113144920, -1.411524601892942856E-16 ) ) ;
#1419 = CARTESIAN_POINT ( 'NONE',  ( 3.176582343749998039, 1.315783488776162580, -7.031250001706994546 ) ) ;
#1420 = EDGE_CURVE ( 'NONE', #2410, #1843, #2101, .T. ) ;
#1421 = LINE ( 'NONE', #225, #2242 ) ;
#1422 = AXIS2_PLACEMENT_3D ( 'NONE', #1043, #788, #1589 ) ;
#1423 = CARTESIAN_POINT ( 'NONE',  ( -3.176582343749998039, 3.890191399501432173E-16, -1.328125001706994990 ) ) ;
#1424 = CARTESIAN_POINT ( 'NONE',  ( -1.035533905932738197, -2.499999999999997335, -0.3906250000000038303 ) ) ;
#1425 = EDGE_LOOP ( 'NONE', ( #1847, #1535 ) ) ;
#1426 = CARTESIAN_POINT ( 'NONE',  ( -2.499999999999997780, 3.061616997868380676E-16, -0.9375000034139869820 ) ) ;
#1427 = AXIS2_PLACEMENT_3D ( 'NONE', #1375, #1996, #1787 ) ;
#1428 = ORIENTED_EDGE ( 'NONE', *, *, #2454, .F. ) ;
#1429 = CARTESIAN_POINT ( 'NONE',  ( 1.530808498934190338E-16, 2.499999999999997780, -4.687500000000003553 ) ) ;
#1430 = CARTESIAN_POINT ( 'NONE',  ( 0.000000000000000000, 0.000000000000000000, 1.734723475976807883E-15 ) ) ;
#1431 = CARTESIAN_POINT ( 'NONE',  ( -2.246182916263080198, -2.246182916263079754, -7.421875001706995434 ) ) ;
#1432 = CARTESIAN_POINT ( 'NONE',  ( -1.035533905932736642, 2.499999999999997780, -5.859375000000002665 ) ) ;
#1433 = LINE ( 'NONE', #2023, #374 ) ;
#1434 = EDGE_CURVE ( 'NONE', #687, #678, #2022, .T. ) ;
#1435 = CARTESIAN_POINT ( 'NONE',  ( -1.315783488776161914, 3.176582343749997595, -0.3125000017069959335 ) ) ;
#1436 = VERTEX_POINT ( 'NONE', #1060 ) ;
#1437 = CARTESIAN_POINT ( 'NONE',  ( -1.767766952966367766, -1.767766952966367100, -0.7812500034139867600 ) ) ;
#1438 = ORIENTED_EDGE ( 'NONE', *, *, #2286, .F. ) ;
#1439 = CARTESIAN_POINT ( 'NONE',  ( 2.246182916263079310, -2.246182916263080198, -5.859375001706995434 ) ) ;
#1440 = CARTESIAN_POINT ( 'NONE',  ( -3.176582343749998039, 3.890191399501432173E-16, -8.828125001706995434 ) ) ;
#1441 = VERTEX_POINT ( 'NONE', #1080 ) ;
#1442 = CARTESIAN_POINT ( 'NONE',  ( 2.246182916263080198, 2.246182916263080198, -9.453125001706995434 ) ) ;
#1443 = CARTESIAN_POINT ( 'NONE',  ( 1.315783488776163024, -3.176582343749997595, -7.187500001706996322 ) ) ;
#1444 = CARTESIAN_POINT ( 'NONE',  ( 2.499999999999997780, 0.000000000000000000, -2.812500003413986871 ) ) ;
#1445 = CARTESIAN_POINT ( 'NONE',  ( -1.035533905932736864, 2.499999999999997780, -9.609375000000003553 ) ) ;
#1446 = CARTESIAN_POINT ( 'NONE',  ( -3.176582343749998039, 3.890191399501432173E-16, -7.734375001706995434 ) ) ;
#1447 = CARTESIAN_POINT ( 'NONE',  ( -1.215625409957562297, -2.934779420891754143, -5.071949354142990612E-16 ) ) ;
#1448 = CARTESIAN_POINT ( 'NONE',  ( -2.246182916263079754, 2.246182916263080198, -0.2343750017069958780 ) ) ;
#1449 = CARTESIAN_POINT ( 'NONE',  ( 2.499999999999997780, 1.035533905932736642, -1.171875000000003109 ) ) ;
#1450 = CARTESIAN_POINT ( 'NONE',  ( 1.035533905932737309, -2.499999999999997335, -4.296875003413988203 ) ) ;
#1451 = EDGE_CURVE ( 'NONE', #1987, #1436, #1223, .T. ) ;
#1452 = VERTEX_POINT ( 'NONE', #2287 ) ;
#1453 = EDGE_CURVE ( 'NONE', #1923, #2060, #2088, .T. ) ;
#1454 = CARTESIAN_POINT ( 'NONE',  ( -3.176582343749998927, -1.315783488776161692, -8.750000001706995434 ) ) ;
#1455 = CYLINDRICAL_SURFACE ( 'NONE', #705, 2.499999999999997780 ) ;
#1456 = CYLINDRICAL_SURFACE ( 'NONE', #31, 2.499999999999997780 ) ;
#1457 =( BOUNDED_CURVE ( )  B_SPLINE_CURVE ( 2, ( #415, #1234, #984, #841, #589, #800, #2064, #1604, #443 ),
 .UNSPECIFIED., .F., .F. ) 
 B_SPLINE_CURVE_WITH_KNOTS ( ( 3, 2, 2, 2, 3 ),
 ( 0.4375000000000000555, 0.4531250000000000555, 0.4687500000000000000, 0.4843750000000000000, 0.5000000000000000000 ),
 .UNSPECIFIED. ) 
 CURVE ( )  GEOMETRIC_REPRESENTATION_ITEM ( )  RATIONAL_B_SPLINE_CURVE ( ( 0.9999999999999997780, 0.9238795325112869605, 1.000000000000000000, 0.9238795325112867385, 1.000000000000000000, 0.9238795325112867385, 1.000000000000000000, 0.9238795325112867385, 1.000000000000000000 ) ) 
 REPRESENTATION_ITEM ( '' )  );
#1458 = CARTESIAN_POINT ( 'NONE',  ( -1.767766952966367100, 1.767766952966367544, -0.7812500000000042188 ) ) ;
#1459 = CARTESIAN_POINT ( 'NONE',  ( -2.246182916263079754, 2.246182916263080198, -1.640625001706995434 ) ) ;
#1460 = CARTESIAN_POINT ( 'NONE',  ( -0.9812933041605568230, 2.710093566425465728, -0.1484830779498545750 ) ) ;
#1461 = CALENDAR_DATE ( 2026, 20, 5 ) ;
#1462 = AXIS2_PLACEMENT_3D ( 'NONE', #986, #1162, #1174 ) ;
#1463 = CARTESIAN_POINT ( 'NONE',  ( 3.176582343749996706, -1.315783488776164800, -5.937500001706995434 ) ) ;
#1464 = CARTESIAN_POINT ( 'NONE',  ( 1.767766952966367544, 1.767766952966367544, -1.406250003413987315 ) ) ;
#1465 = VECTOR ( 'NONE', #746, 1000.000000000000000 ) ;
#1466 = CARTESIAN_POINT ( 'NONE',  ( -2.246182916263080198, -2.246182916263079754, -2.578125001706995434 ) ) ;
#1467 = VECTOR ( 'NONE', #948, 1000.000000000000000 ) ;
#1468 = ORIENTED_EDGE ( 'NONE', *, *, #613, .F. ) ;
#1469 = CARTESIAN_POINT ( 'NONE',  ( -1.315783488776164134, -3.176582343749996706, -7.343750001706995434 ) ) ;
#1470 = CIRCLE ( 'NONE', #1596, 8.000000000000000000 ) ;
#1471 = CARTESIAN_POINT ( 'NONE',  ( -1.991174410157331431, -1.685962067024084687, -0.4285334506113414044 ) ) ;
#1472 = CARTESIAN_POINT ( 'NONE',  ( -2.499999999999997780, 1.035533905932737087, -1.015625003413987093 ) ) ;
#1473 = CARTESIAN_POINT ( 'NONE',  ( -3.176582343749998039, 3.890191399501432173E-16, -3.984375001706995878 ) ) ;
#1474 = CARTESIAN_POINT ( 'NONE',  ( -1.484492256471461102, 2.498944328921901548, -0.1240885167402203948 ) ) ;
#1475 = CARTESIAN_POINT ( 'NONE',  ( -3.176582343749997595, 1.315783488776162580, -5.312500001706995434 ) ) ;
#1476 = CARTESIAN_POINT ( 'NONE',  ( 11.50000000000000355, 10.87054224807963010, -10.00000000000000888 ) ) ;
#1477 = DIRECTION ( 'NONE',  ( -0.000000000000000000, -0.000000000000000000, 1.000000000000000000 ) ) ;
#1478 = CARTESIAN_POINT ( 'NONE',  ( 3.176582343749998039, 0.000000000000000000, -4.609375001706995434 ) ) ;
#1479 = ORIENTED_EDGE ( 'NONE', *, *, #263, .T. ) ;
#1480 = CARTESIAN_POINT ( 'NONE',  ( -1.315783488776161914, 3.176582343749997595, -2.812500001706996322 ) ) ;
#1481 = CC_DESIGN_DATE_AND_TIME_ASSIGNMENT ( #2276, #1715, ( #1019 ) ) ;
#1482 = ORIENTED_EDGE ( 'NONE', *, *, #1650, .T. ) ;
#1483 = FACE_OUTER_BOUND ( 'NONE', #70, .T. ) ;
#1484 = CARTESIAN_POINT ( 'NONE',  ( 1.767766952966366878, -1.767766952966367766, -4.218750003413987315 ) ) ;
#1485 = EDGE_CURVE ( 'NONE', #2085, #1941, #1279, .T. ) ;
#1486 = CARTESIAN_POINT ( 'NONE',  ( 8.999999999999998224, -11.12945775192036812, -150.0000000000000000 ) ) ;
#1487 = CARTESIAN_POINT ( 'NONE',  ( -2.246182916263079754, 2.246182916263080198, -5.390625001706995434 ) ) ;
#1488 = CARTESIAN_POINT ( 'NONE',  ( 2.499999999999997780, 0.000000000000000000, 0.000000000000000000 ) ) ;
#1489 = PERSON_AND_ORGANIZATION ( #1352, #1944 ) ;
#1490 = CARTESIAN_POINT ( 'NONE',  ( -2.246182916263079754, 2.246182916263080198, -6.640625001706995434 ) ) ;
#1491 = FACE_BOUND ( 'NONE', #2205, .T. ) ;
#1492 = CARTESIAN_POINT ( 'NONE',  ( 3.176582343749998039, 0.000000000000000000, -3.359375001706994990 ) ) ;
#1493 = EDGE_LOOP ( 'NONE', ( #1573, #2333, #2421, #2268 ) ) ;
#1494 = CARTESIAN_POINT ( 'NONE',  ( 3.176582343749997595, 1.315783488776162136, -5.625000001706995434 ) ) ;
#1495 = VERTEX_POINT ( 'NONE', #1309 ) ;
#1496 = CARTESIAN_POINT ( 'NONE',  ( 2.246182916263080198, 2.246182916263080198, -1.796875001706995434 ) ) ;
#1497 = CARTESIAN_POINT ( 'NONE',  ( 0.000000000000000000, 0.000000000000000000, 0.000000000000000000 ) ) ;
#1498 = CARTESIAN_POINT ( 'NONE',  ( 2.499999999999997780, 0.000000000000000000, -4.062500003413987315 ) ) ;
#1499 = CARTESIAN_POINT ( 'NONE',  ( 1.945095699750716087E-16, 3.176582343749998039, -3.046875001706995878 ) ) ;
#1500 = CALENDAR_DATE ( 2026, 20, 5 ) ;
#1501 = EDGE_CURVE ( 'NONE', #2294, #1816, #1380, .T. ) ;
#1502 = CARTESIAN_POINT ( 'NONE',  ( -3.176582343749998927, -1.315783488776161692, -6.406250001706995434 ) ) ;
#1503 = LINE ( 'NONE', #474, #1307 ) ;
#1504 = CARTESIAN_POINT ( 'NONE',  ( -3.176582343749997595, 1.315783488776162580, -2.812500001706996322 ) ) ;
#1505 = ORIENTED_EDGE ( 'NONE', *, *, #2473, .F. ) ;
#1506 = AXIS2_PLACEMENT_3D ( 'NONE', #824, #1417, #842 ) ;
#1507 = CARTESIAN_POINT ( 'NONE',  ( 1.315783488776163024, -3.176582343749997150, -5.937500001706995434 ) ) ;
#1508 = VECTOR ( 'NONE', #526, 1000.000000000000000 ) ;
#1509 = ORIENTED_EDGE ( 'NONE', *, *, #1434, .F. ) ;
#1510 = CARTESIAN_POINT ( 'NONE',  ( -2.499999999999997780, 3.061616997868380676E-16, -8.437500003413987315 ) ) ;
#1511 = AXIS2_PLACEMENT_3D ( 'NONE', #1695, #89, #1104 ) ;
#1512 = CIRCLE ( 'NONE', #1138, 2.500000000000002220 ) ;
#1513 = CARTESIAN_POINT ( 'NONE',  ( -3.176582343749998039, 3.890191399501432173E-16, -2.734375001706995434 ) ) ;
#1514 = CARTESIAN_POINT ( 'NONE',  ( 1.752931924703865718, 2.120519951835508010, -0.2797633334516531622 ) ) ;
#1515 = CARTESIAN_POINT ( 'NONE',  ( 1.035533905932736864, 2.499999999999997780, -9.765625000000005329 ) ) ;
#1516 = CARTESIAN_POINT ( 'NONE',  ( 2.246182916263079310, -2.246182916263080198, -7.265625001706995434 ) ) ;
#1517 = CARTESIAN_POINT ( 'NONE',  ( 1.035533905932736864, 2.499999999999997780, -0.07812500341398617709 ) ) ;
#1518 = CARTESIAN_POINT ( 'NONE',  ( 1.315783488776162580, 3.176582343749997595, -3.125000001706994990 ) ) ;
#1519 = ORIENTED_EDGE ( 'NONE', *, *, #2244, .T. ) ;
#1520 = CARTESIAN_POINT ( 'NONE',  ( 1.315783488776162580, 3.176582343749997595, -5.468750001706997210 ) ) ;
#1521 = B_SPLINE_CURVE_WITH_KNOTS ( 'NONE', 3,
 ( #2114, #1914, #1671, #103, #1867, #904, #283, #1710, #666, #1471, #271, #309 ),
 .UNSPECIFIED., .F., .F.,
 ( 4, 2, 2, 2, 2, 4 ),
 ( 0.000000000000000000, 0.0007933825045129217022, 0.001586765009025843404, 0.001983456261282304147, 0.002380147513538764456, 0.003173530018051684207 ),
 .UNSPECIFIED. ) ;
#1522 = ORIENTED_EDGE ( 'NONE', *, *, #327, .T. ) ;
#1523 = CARTESIAN_POINT ( 'NONE',  ( -2.246182916263080198, -2.246182916263079754, -5.078125001706995434 ) ) ;
#1524 = CARTESIAN_POINT ( 'NONE',  ( 0.1490950223515969675, -3.021323497130020463, 1.856094317001183690E-15 ) ) ;
#1525 = CARTESIAN_POINT ( 'NONE',  ( -4.592425496802570028E-16, -2.499999999999997780, -2.812500000000003553 ) ) ;
#1526 = CARTESIAN_POINT ( 'NONE',  ( 3.176582343749998039, 0.000000000000000000, -0.8593750017069946567 ) ) ;
#1527 = FACE_BOUND ( 'NONE', #1669, .T. ) ;
#1528 = CARTESIAN_POINT ( 'NONE',  ( 1.035533905932737309, -2.499999999999997335, -8.984375000000001776 ) ) ;
#1529 = CARTESIAN_POINT ( 'NONE',  ( -2.246182916263079754, 2.246182916263080198, -1.640625001706995434 ) ) ;
#1530 = CARTESIAN_POINT ( 'NONE',  ( -3.176582343749998039, 1.315783488776162580, -3.906250001706995434 ) ) ;
#1531 = CARTESIAN_POINT ( 'NONE',  ( -4.592425496802570028E-16, -2.499999999999997780, -0.6250000034139866489 ) ) ;
#1532 = CARTESIAN_POINT ( 'NONE',  ( -3.176582343749997595, 1.315783488776162580, -5.156250001706996322 ) ) ;
#1533 = EDGE_LOOP ( 'NONE', ( #2191, #442, #439, #2448 ) ) ;
#1534 = CARTESIAN_POINT ( 'NONE',  ( -2.246182916263079754, 2.246182916263080198, -3.984375001706994990 ) ) ;
#1535 = ORIENTED_EDGE ( 'NONE', *, *, #2225, .T. ) ;
#1536 = EDGE_CURVE ( 'NONE', #1342, #699, #1902, .T. ) ;
#1537 = CARTESIAN_POINT ( 'NONE',  ( 1.315783488776162580, 3.176582343749997595, -8.125000001706995434 ) ) ;
#1538 = CARTESIAN_POINT ( 'NONE',  ( -2.499999999999997780, 3.061616997868380676E-16, -7.187500003413987315 ) ) ;
#1539 = CARTESIAN_POINT ( 'NONE',  ( 2.499999999999997780, 0.000000000000000000, -2.500000000000003997 ) ) ;
#1540 = DIRECTION ( 'NONE',  ( -0.000000000000000000, -0.000000000000000000, 1.000000000000000000 ) ) ;
#1541 = CARTESIAN_POINT ( 'NONE',  ( -1.035533905932736642, 2.499999999999997780, -8.359375000000003553 ) ) ;
#1542 = CARTESIAN_POINT ( 'NONE',  ( 3.176582343749998039, 0.000000000000000000, -2.109375001706995878 ) ) ;
#1543 = CARTESIAN_POINT ( 'NONE',  ( 3.176582343749997150, -1.315783488776165022, -3.281250001706994990 ) ) ;
#1544 = CARTESIAN_POINT ( 'NONE',  ( -2.499999999999995559, -1.035533905932739529, -9.296875000000003553 ) ) ;
#1545 = CARTESIAN_POINT ( 'NONE',  ( -3.176582343749998927, -1.315783488776161692, -5.000000001706995434 ) ) ;
#1546 = CARTESIAN_POINT ( 'NONE',  ( 2.499999999999997335, -1.035533905932738419, -2.578125000000003997 ) ) ;
#1547 = ORIENTED_EDGE ( 'NONE', *, *, #825, .F. ) ;
#1548 = CARTESIAN_POINT ( 'NONE',  ( -2.246182916263080198, -2.246182916263079754, 0.07812499829300441345 ) ) ;
#1549 = CARTESIAN_POINT ( 'NONE',  ( -5.835287099252147767E-16, -3.176582343749998039, -8.671875001706995434 ) ) ;
#1550 = CARTESIAN_POINT ( 'NONE',  ( -11.50000000000000355, 10.87054224807963010, 0.000000000000000000 ) ) ;
#1551 = EDGE_CURVE ( 'NONE', #2060, #1720, #2300, .T. ) ;
#1552 = CARTESIAN_POINT ( 'NONE',  ( 0.000000000000000000, 0.000000000000000000, -10.00000000000000000 ) ) ;
#1553 = CARTESIAN_POINT ( 'NONE',  ( 2.499999999999997780, 1.035533905932736642, -8.671875000000005329 ) ) ;
#1554 = CARTESIAN_POINT ( 'NONE',  ( -2.246182916263079754, 2.246182916263080198, -0.3906250017069959890 ) ) ;
#1555 = FACE_OUTER_BOUND ( 'NONE', #1533, .T. ) ;
#1556 = CARTESIAN_POINT ( 'NONE',  ( 1.945095699750716087E-16, 3.176582343749998039, -9.140625001706995434 ) ) ;
#1557 = CARTESIAN_POINT ( 'NONE',  ( -5.835287099252147767E-16, -3.176582343749998039, 0.2343749982930045661 ) ) ;
#1558 =( BOUNDED_SURFACE ( )  B_SPLINE_SURFACE ( 1, 2, ( 
 ( #2367, #340, #2379, #1515, #1755, #1123, #2555, #1566, #314, #148, #1139, #1150, #750, #1528, #963, #1932, #1349, #1553, #352, #550, #2329, #1541, #2571, #1947, #135, #767, #537, #563, #976, #119, #2340, #1325, #2157, #366, #2142, #1163, #1972, #1774, #939, #1175, #177, #515, #1741, #927, #1729, #2541, #2527, #734, #2352, #1236, #632, #1591, #2436, #1432, #2211, #2052, #614, #400, #1629, #1578, #1016, #1794, #1820, #826, #1386, #5, #390, #813, #417, #789, #1033, #2597, #1224, #2035, #1835, #17, #1044, #2415, #2252, #1200, #198, #236, #1851, #575, #2199, #2404, #591, #1000, #1807, #1085, #2320, #1377, #2185, #739, #581, #1546, #1998, #140, #1354, #2559, #1167, #990, #2009, #2040, #1037, #817, #2027, #1205, #1241, #435, #2070, #1598, #604, #1449, #2056, #2217, #2265, #1870, #2408, #1050, #1007, #1812, #2614, #1424, #1022, #448, #39, #254, #1410 ),
 ( #1619, #1256, #1227, #1062, #406, #1608, #846, #2229, #53, #1826, #2429, #227, #619, #832, #22, #1634, #1904, #1662, #1297, #897, #656, #66, #871, #1882, #2118, #2517, #860, #1892, #315, #1689, #1516, #683, #911, #501, #1675, #2291, #1124, #473, #1490, #1284, #1270, #1502, #1072, #2092, #2316, #1716, #96, #1463, #2480, #276, #1082, #672, #2304, #487, #1096, #1475, #516, #2330, #1313, #79, #300, #1933, #885, #460, #2491, #1110, #1326, #710, #2103, #2132, #2466, #289, #2278, #1703, #2505, #2080, #264, #696, #1917, #106, #178, #722, #1363, #2353, #2368, #353, #136, #2182, #527, #2556, #2169, #2573, #1164, #381, #150, #1177, #1542, #538, #1984, #1756, #1785, #2200, #1529, #1948, #2528, #752, #977, #1338, #1973, #965, #2143, #1374, #330, #2584, #1189, #121, #1350, #2158, #1554, #1140, #551, #163, #1959, #342, #2341, #2381, #768, #576, #928 ) ),
 .UNSPECIFIED., .F., .F., .F. ) 
 B_SPLINE_SURFACE_WITH_KNOTS ( ( 2, 2 ),
 ( 3, 2, 2, 2, 2, 2, 2, 2, 2, 2, 2, 2, 2, 2, 2, 2, 2, 2, 2, 2, 2, 2, 2, 2, 2, 2, 2, 2, 2, 2, 2, 2, 2, 2, 2, 2, 2, 2, 2, 2, 2, 2, 2, 2, 2, 2, 2, 2, 2, 2, 2, 2, 2, 2, 2, 2, 2, 2, 2, 2, 2, 2, 2, 2, 3 ),
 ( 0.000000000000000000, 1.000000000000000000 ),
 ( 0.000000000000000000, 0.01562500000000000000, 0.03125000000000000000, 0.04687500000000000000, 0.06250000000000000000, 0.07812500000000000000, 0.09375000000000000000, 0.1093750000000000000, 0.1250000000000000000, 0.1406250000000000000, 0.1562500000000000000, 0.1718750000000000000, 0.1875000000000000000, 0.2031250000000000000, 0.2187500000000000000, 0.2343750000000000000, 0.2500000000000000000, 0.2656250000000000000, 0.2812500000000000000, 0.2968750000000000000, 0.3125000000000000000, 0.3281250000000000000, 0.3437500000000000000, 0.3593750000000000000, 0.3750000000000000000, 0.3906250000000000000, 0.4062500000000000000, 0.4218750000000000000, 0.4375000000000000000, 0.4531250000000000000, 0.4687500000000000000, 0.4843750000000000000, 0.5000000000000000000, 0.5156250000000000000, 0.5312500000000000000, 0.5468750000000000000, 0.5625000000000000000, 0.5781250000000000000, 0.5937500000000000000, 0.6093750000000000000, 0.6250000000000000000, 0.6406250000000000000, 0.6562500000000000000, 0.6718750000000000000, 0.6875000000000000000, 0.7031250000000000000, 0.7187500000000000000, 0.7343750000000000000, 0.7500000000000000000, 0.7656250000000000000, 0.7812500000000000000, 0.7968750000000000000, 0.8125000000000000000, 0.8281250000000000000, 0.8437500000000000000, 0.8593750000000000000, 0.8750000000000000000, 0.8906250000000000000, 0.9062500000000000000, 0.9218750000000000000, 0.9375000000000000000, 0.9531250000000000000, 0.9687500000000000000, 0.9843750000000000000, 1.000000000000000000 ),
 .UNSPECIFIED. ) 
 GEOMETRIC_REPRESENTATION_ITEM ( )  RATIONAL_B_SPLINE_SURFACE ( (
 ( 1.000000000000000000, 0.9238795325112867385, 1.000000000000000000, 0.9238795325112867385, 1.000000000000000000, 0.9238795325112867385, 1.000000000000000000, 0.9238795325112867385, 1.000000000000000000, 0.9238795325112867385, 1.000000000000000000, 0.9238795325112867385, 1.000000000000000000, 0.9238795325112867385, 1.000000000000000000, 0.9238795325112867385, 1.000000000000000000, 0.9238795325112867385, 1.000000000000000000, 0.9238795325112867385, 1.000000000000000000, 0.9238795325112867385, 1.000000000000000000, 0.9238795325112867385, 1.000000000000000000, 0.9238795325112867385, 1.000000000000000000, 0.9238795325112867385, 1.000000000000000000, 0.9238795325112867385, 1.000000000000000000, 0.9238795325112867385, 1.000000000000000000, 0.9238795325112867385, 1.000000000000000000, 0.9238795325112867385, 1.000000000000000000, 0.9238795325112867385, 1.000000000000000000, 0.9238795325112867385, 1.000000000000000000, 0.9238795325112867385, 1.000000000000000000, 0.9238795325112867385, 1.000000000000000000, 0.9238795325112867385, 1.000000000000000000, 0.9238795325112867385, 1.000000000000000000, 0.9238795325112867385, 1.000000000000000000, 0.9238795325112867385, 1.000000000000000000, 0.9238795325112867385, 1.000000000000000000, 0.9238795325112867385, 1.000000000000000000, 0.9238795325112867385, 1.000000000000000000, 0.9238795325112867385, 1.000000000000000000, 0.9238795325112867385, 1.000000000000000000, 0.9238795325112867385, 1.000000000000000000, 0.9238795325112867385, 1.000000000000000000, 0.9238795325112867385, 1.000000000000000000, 0.9238795325112867385, 1.000000000000000000, 0.9238795325112867385, 1.000000000000000000, 0.9238795325112867385, 1.000000000000000000, 0.9238795325112867385, 1.000000000000000000, 0.9238795325112867385, 1.000000000000000000, 0.9238795325112867385, 1.000000000000000000, 0.9238795325112867385, 1.000000000000000000, 0.9238795325112867385, 1.000000000000000000, 0.9238795325112867385, 1.000000000000000000, 0.9238795325112867385, 1.000000000000000000, 0.9238795325112867385, 1.000000000000000000, 0.9238795325112867385, 1.000000000000000000, 0.9238795325112867385, 1.000000000000000000, 0.9238795325112867385, 1.000000000000000000, 0.9238795325112867385, 1.000000000000000000, 0.9238795325112867385, 1.000000000000000000, 0.9238795325112867385, 1.000000000000000000, 0.9238795325112867385, 1.000000000000000000, 0.9238795325112867385, 1.000000000000000000, 0.9238795325112867385, 1.000000000000000000, 0.9238795325112867385, 1.000000000000000000, 0.9238795325112867385, 1.000000000000000000, 0.9238795325112867385, 1.000000000000000000, 0.9238795325112867385, 1.000000000000000000, 0.9238795325112867385, 1.000000000000000000, 0.9238795325112867385, 1.000000000000000000, 0.9238795325112867385, 1.000000000000000000, 0.9238795325112867385, 1.000000000000000000, 0.9238795325112867385, 1.000000000000000000, 0.9238795325112867385, 1.000000000000000000),
 ( 1.000000000000000000, 0.9238795325112867385, 1.000000000000000000, 0.9238795325112867385, 1.000000000000000000, 0.9238795325112867385, 1.000000000000000000, 0.9238795325112867385, 1.000000000000000000, 0.9238795325112867385, 1.000000000000000000, 0.9238795325112867385, 1.000000000000000000, 0.9238795325112867385, 1.000000000000000000, 0.9238795325112867385, 1.000000000000000000, 0.9238795325112867385, 1.000000000000000000, 0.9238795325112867385, 1.000000000000000000, 0.9238795325112867385, 1.000000000000000000, 0.9238795325112867385, 1.000000000000000000, 0.9238795325112867385, 1.000000000000000000, 0.9238795325112867385, 1.000000000000000000, 0.9238795325112867385, 1.000000000000000000, 0.9238795325112867385, 1.000000000000000000, 0.9238795325112867385, 1.000000000000000000, 0.9238795325112867385, 1.000000000000000000, 0.9238795325112867385, 1.000000000000000000, 0.9238795325112867385, 1.000000000000000000, 0.9238795325112867385, 1.000000000000000000, 0.9238795325112867385, 1.000000000000000000, 0.9238795325112867385, 1.000000000000000000, 0.9238795325112867385, 1.000000000000000000, 0.9238795325112867385, 1.000000000000000000, 0.9238795325112867385, 1.000000000000000000, 0.9238795325112867385, 1.000000000000000000, 0.9238795325112867385, 1.000000000000000000, 0.9238795325112867385, 1.000000000000000000, 0.9238795325112867385, 1.000000000000000000, 0.9238795325112867385, 1.000000000000000000, 0.9238795325112867385, 1.000000000000000000, 0.9238795325112867385, 1.000000000000000000, 0.9238795325112867385, 1.000000000000000000, 0.9238795325112867385, 1.000000000000000000, 0.9238795325112867385, 1.000000000000000000, 0.9238795325112867385, 1.000000000000000000, 0.9238795325112867385, 1.000000000000000000, 0.9238795325112867385, 1.000000000000000000, 0.9238795325112867385, 1.000000000000000000, 0.9238795325112867385, 1.000000000000000000, 0.9238795325112867385, 1.000000000000000000, 0.9238795325112867385, 1.000000000000000000, 0.9238795325112867385, 1.000000000000000000, 0.9238795325112867385, 1.000000000000000000, 0.9238795325112867385, 1.000000000000000000, 0.9238795325112867385, 1.000000000000000000, 0.9238795325112867385, 1.000000000000000000, 0.9238795325112867385, 1.000000000000000000, 0.9238795325112867385, 1.000000000000000000, 0.9238795325112867385, 1.000000000000000000, 0.9238795325112867385, 1.000000000000000000, 0.9238795325112867385, 1.000000000000000000, 0.9238795325112867385, 1.000000000000000000, 0.9238795325112867385, 1.000000000000000000, 0.9238795325112867385, 1.000000000000000000, 0.9238795325112867385, 1.000000000000000000, 0.9238795325112867385, 1.000000000000000000, 0.9238795325112867385, 1.000000000000000000, 0.9238795325112867385, 1.000000000000000000, 0.9238795325112867385, 1.000000000000000000, 0.9238795325112867385, 1.000000000000000000, 0.9238795325112867385, 1.000000000000000000, 0.9238795325112867385, 1.000000000000000000) ) ) 
 REPRESENTATION_ITEM ( '' )  SURFACE ( )  );
#1559 = EDGE_LOOP ( 'NONE', ( #2218, #1076, #279, #1862 ) ) ;
#1560 = CARTESIAN_POINT ( 'NONE',  ( -3.176582343749998039, 1.315783488776162580, -0.1562500017069957670 ) ) ;
#1561 = CARTESIAN_POINT ( 'NONE',  ( -2.246182916263080198, -2.246182916263079754, -7.578125001706995434 ) ) ;
#1562 = CARTESIAN_POINT ( 'NONE',  ( -2.499999999999997780, 3.061616997868380676E-16, -4.687500003413986427 ) ) ;
#1563 = CARTESIAN_POINT ( 'NONE',  ( 2.499999999999997780, 0.000000000000000000, -6.562500003413986427 ) ) ;
#1564 = EDGE_CURVE ( 'NONE', #1441, #1999, #1315, .T. ) ;
#1565 = DIRECTION ( 'NONE',  ( -0.000000000000000000, -0.000000000000000000, 1.000000000000000000 ) ) ;
#1566 = CARTESIAN_POINT ( 'NONE',  ( -2.499999999999997780, 1.035533905932737087, -9.453125000000003553 ) ) ;
#1567 = CARTESIAN_POINT ( 'NONE',  ( 3.176582343749998039, 0.000000000000000000, -9.453125001706995434 ) ) ;
#1568 = EDGE_CURVE ( 'NONE', #2456, #726, #1857, .T. ) ;
#1569 = CARTESIAN_POINT ( 'NONE',  ( -14.00000000000000355, 10.87054224807963010, 0.000000000000000000 ) ) ;
#1570 = CARTESIAN_POINT ( 'NONE',  ( 1.315783488776163024, -3.176582343749997150, -8.437500001706997210 ) ) ;
#1571 = CARTESIAN_POINT ( 'NONE',  ( 1.315783488776162580, 3.176582343749998039, -5.468750001706996322 ) ) ;
#1572 = CARTESIAN_POINT ( 'NONE',  ( -2.499999999999997780, 3.061616997868380676E-16, -8.437500003413987315 ) ) ;
#1573 = ORIENTED_EDGE ( 'NONE', *, *, #2470, .T. ) ;
#1574 = CARTESIAN_POINT ( 'NONE',  ( -2.934779400562957274, -1.215625459035619693, -5.071949354142990612E-16 ) ) ;
#1575 = PLANE ( 'NONE',  #1938 ) ;
#1576 = CYLINDRICAL_SURFACE ( 'NONE', #168, 8.000000000000000000 ) ;
#1577 = CARTESIAN_POINT ( 'NONE',  ( 0.000000000000000000, 0.000000000000000000, 0.000000000000000000 ) ) ;
#1578 = CARTESIAN_POINT ( 'NONE',  ( -1.035533905932738197, -2.499999999999997335, -5.390625000000005329 ) ) ;
#1579 = CARTESIAN_POINT ( 'NONE',  ( 2.499999999999997780, 1.035533905932736864, -9.921875000000003553 ) ) ;
#1580 = CARTESIAN_POINT ( 'NONE',  ( -1.767766952966367766, -1.767766952966367100, -9.218750000000003553 ) ) ;
#1581 = EDGE_CURVE ( 'NONE', #2096, #1378, #78, .T. ) ;
#1582 = CARTESIAN_POINT ( 'NONE',  ( 2.246182916263080198, 2.246182916263080198, -5.546875001706995434 ) ) ;
#1583 = CARTESIAN_POINT ( 'NONE',  ( -3.176582343749998927, -1.315783488776161692, -1.706995655936793810E-09 ) ) ;
#1584 = ORIENTED_EDGE ( 'NONE', *, *, #2411, .T. ) ;
#1585 = CARTESIAN_POINT ( 'NONE',  ( 3.176582343749997150, -1.315783488776165022, -0.7812500017069946567 ) ) ;
#1586 = CARTESIAN_POINT ( 'NONE',  ( 8.000000000000000000, 0.000000000000000000, -10.00000000000000355 ) ) ;
#1587 = CARTESIAN_POINT ( 'NONE',  ( 1.530808498934190338E-16, 2.499999999999997780, -8.750000003413987315 ) ) ;
#1588 = DIRECTION ( 'NONE',  ( 1.000000000000000000, 0.000000000000000000, 0.000000000000000000 ) ) ;
#1589 = DIRECTION ( 'NONE',  ( 1.000000000000000000, 0.000000000000000000, 0.000000000000000000 ) ) ;
#1590 = AXIS2_PLACEMENT_3D ( 'NONE', #641, #1834, #590 ) ;
#1591 = CARTESIAN_POINT ( 'NONE',  ( 1.035533905932736864, 2.499999999999997780, -6.015625000000004441 ) ) ;
#1592 = AXIS2_PLACEMENT_3D ( 'NONE', #2, #361, #1817 ) ;
#1593 = CARTESIAN_POINT ( 'NONE',  ( -2.757230984446953581, -1.590830487051711151, -1.517582669404998026E-16 ) ) ;
#1594 = CC_DESIGN_PERSON_AND_ORGANIZATION_ASSIGNMENT ( #95, #2091, ( #542 ) ) ;
#1595 = CARTESIAN_POINT ( 'NONE',  ( 14.99999999999999645, 14.99999999999999822, -10.00000000000000000 ) ) ;
#1596 = AXIS2_PLACEMENT_3D ( 'NONE', #1178, #382, #1974 ) ;
#1597 = CARTESIAN_POINT ( 'NONE',  ( -3.176582343749997595, 1.315783488776162580, -1.406250001706995212 ) ) ;
#1598 = CARTESIAN_POINT ( 'NONE',  ( 2.499999999999997335, -1.035533905932738419, -1.328125000000003331 ) ) ;
#1599 = CARTESIAN_POINT ( 'NONE',  ( 1.767766952966367544, 1.767766952966367544, -8.906250003413987315 ) ) ;
#1600 = ORIENTED_EDGE ( 'NONE', *, *, #1025, .F. ) ;
#1601 = CARTESIAN_POINT ( 'NONE',  ( 3.176582343749998039, 1.315783488776162580, -6.875000001706994546 ) ) ;
#1602 = CARTESIAN_POINT ( 'NONE',  ( -3.176582343749998039, 3.890191399501432173E-16, -1.328125001706994990 ) ) ;
#1603 = LINE ( 'NONE', #810, #667 ) ;
#1604 = CARTESIAN_POINT ( 'NONE',  ( 2.499999999999997335, -1.035533905932738419, -5.078125000000004441 ) ) ;
#1605 = LINE ( 'NONE', #1398, #120 ) ;
#1606 = CYLINDRICAL_SURFACE ( 'NONE', #1346, 2.499999999999997780 ) ;
#1607 = CARTESIAN_POINT ( 'NONE',  ( -0.3099591973322540772, -3.067490090203979669, -2.766933936738010615E-16 ) ) ;
#1608 = CARTESIAN_POINT ( 'NONE',  ( -1.315783488776161914, 3.176582343749997595, -9.218750001706997210 ) ) ;
#1609 = CARTESIAN_POINT ( 'NONE',  ( 2.499999999999997780, 0.000000000000000000, -4.062500003413987315 ) ) ;
#1610 = VERTEX_POINT ( 'NONE', #1945 ) ;
#1611 = CARTESIAN_POINT ( 'NONE',  ( -1.315783488776164134, -3.176582343749997150, -6.093750001706996322 ) ) ;
#1612 = CARTESIAN_POINT ( 'NONE',  ( -1.767766952966367100, 1.767766952966367544, -2.031250000000003553 ) ) ;
#1613 = EDGE_CURVE ( 'NONE', #1, #191, #2212, .T. ) ;
#1614 = LINE ( 'NONE', #1030, #500 ) ;
#1615 = CARTESIAN_POINT ( 'NONE',  ( 2.246182916263079310, -2.246182916263080198, -8.359375001706993658 ) ) ;
#1616 = CARTESIAN_POINT ( 'NONE',  ( 2.499999999999997780, 0.000000000000000000, -6.562500003413986427 ) ) ;
#1617 = CARTESIAN_POINT ( 'NONE',  ( 0.1490950223515969675, -3.021323497130020463, 1.856094317001183690E-15 ) ) ;
#1618 = CARTESIAN_POINT ( 'NONE',  ( -1.315783488776164134, -3.176582343749996706, -1.093750001706994990 ) ) ;
#1619 = CARTESIAN_POINT ( 'NONE',  ( 3.176582343749998039, 0.000000000000000000, -9.609375001706995434 ) ) ;
#1620 = CARTESIAN_POINT ( 'NONE',  ( 0.000000000000000000, 0.000000000000000000, -10.00000000000000000 ) ) ;
#1621 = CARTESIAN_POINT ( 'NONE',  ( 1.035533905932737309, -2.499999999999997335, -1.796875003413986871 ) ) ;
#1622 = ORIENTED_EDGE ( 'NONE', *, *, #1501, .F. ) ;
#1623 = CARTESIAN_POINT ( 'NONE',  ( 1.035533905932736864, 2.499999999999997780, -4.765625000000003553 ) ) ;
#1624 = ORIENTED_EDGE ( 'NONE', *, *, #1362, .T. ) ;
#1625 = DIRECTION ( 'NONE',  ( -0.000000000000000000, -0.000000000000000000, 1.000000000000000000 ) ) ;
#1626 = CARTESIAN_POINT ( 'NONE',  ( 1.315783488776162580, 3.176582343749998039, -7.968750001706995434 ) ) ;
#1627 = CARTESIAN_POINT ( 'NONE',  ( 1.035533905932736864, 2.499999999999997780, -5.078125003413986427 ) ) ;
#1628 = EDGE_CURVE ( 'NONE', #1195, #726, #747, .T. ) ;
#1629 = CARTESIAN_POINT ( 'NONE',  ( -1.767766952966367766, -1.767766952966367100, -5.468750000000003553 ) ) ;
#1630 = DIRECTION ( 'NONE',  ( -0.000000000000000000, -0.000000000000000000, 1.000000000000000000 ) ) ;
#1631 = VECTOR ( 'NONE', #228, 1000.000000000000000 ) ;
#1632 = CARTESIAN_POINT ( 'NONE',  ( -2.246182916263080198, -2.246182916263079754, -6.328125001706996322 ) ) ;
#1633 = CARTESIAN_POINT ( 'NONE',  ( 1.945095699750716087E-16, 3.176582343749998039, -0.3906250017069959890 ) ) ;
#1634 = CARTESIAN_POINT ( 'NONE',  ( 3.176582343749996706, -1.315783488776164800, -8.437500001706997210 ) ) ;
#1635 = CARTESIAN_POINT ( 'NONE',  ( -2.499999999999998224, -1.035533905932736642, -3.359375003413987315 ) ) ;
#1636 = CIRCLE ( 'NONE', #837, 6.500000000000000000 ) ;
#1637 = CARTESIAN_POINT ( 'NONE',  ( -1.035533905932736642, 2.499999999999997780, -1.171875003413987315 ) ) ;
#1638 = LOCAL_TIME ( 23, 57, 29.00000000000000000, #2215 ) ;
#1639 = ORIENTED_EDGE ( 'NONE', *, *, #1846, .F. ) ;
#1640 = CARTESIAN_POINT ( 'NONE',  ( -5.835287099252147767E-16, -3.176582343749998039, -6.015625001706995434 ) ) ;
#1641 = CARTESIAN_POINT ( 'NONE',  ( -1.315783488776164134, -3.176582343749996706, -6.093750001706997210 ) ) ;
#1642 = CARTESIAN_POINT ( 'NONE',  ( -15.00000000000000178, 14.99999999999999822, -10.00000000000000000 ) ) ;
#1643 = CARTESIAN_POINT ( 'NONE',  ( -2.246182916263079754, 2.246182916263080198, -8.984375001706995434 ) ) ;
#1644 = CARTESIAN_POINT ( 'NONE',  ( -2.500000000000000888, 1.035533905932734200, -4.765625003413986427 ) ) ;
#1645 = EDGE_CURVE ( 'NONE', #2311, #994, #668, .T. ) ;
#1646 =( BOUNDED_CURVE ( )  B_SPLINE_CURVE ( 2, ( #1147, #2179, #2349 ),
 .UNSPECIFIED., .F., .F. ) 
 B_SPLINE_CURVE_WITH_KNOTS ( ( 3, 3 ),
 ( 0.9375000000000000000, 0.9474228180849723069 ),
 .UNSPECIFIED. ) 
 CURVE ( )  GEOMETRIC_REPRESENTATION_ITEM ( )  RATIONAL_B_SPLINE_CURVE ( ( 1.000000000000000000, 0.9516589087082527598, 0.9647168388458875476 ) ) 
 REPRESENTATION_ITEM ( '' )  );
#1647 = CARTESIAN_POINT ( 'NONE',  ( -14.99999999999999645, -15.00000000000000000, 0.000000000000000000 ) ) ;
#1648 = CARTESIAN_POINT ( 'NONE',  ( -14.99999999999999645, -15.00000000000000000, 0.000000000000000000 ) ) ;
#1649 = CARTESIAN_POINT ( 'NONE',  ( 3.176582343749997595, 1.315783488776162136, -1.875000001706995656 ) ) ;
#1650 = EDGE_CURVE ( 'NONE', #2282, #2294, #1296, .T. ) ;
#1651 = ORIENTED_EDGE ( 'NONE', *, *, #328, .T. ) ;
#1652 = CARTESIAN_POINT ( 'NONE',  ( 1.530808498934190338E-16, 2.499999999999997780, -3.750000003413986871 ) ) ;
#1653 = VERTEX_POINT ( 'NONE', #1120 ) ;
#1654 = CARTESIAN_POINT ( 'NONE',  ( -3.176582343749998039, 3.890191399501432173E-16, -6.328125001706995434 ) ) ;
#1655 = CARTESIAN_POINT ( 'NONE',  ( -3.176582343749997595, 1.315783488776162580, -6.406250001706995434 ) ) ;
#1656 = EDGE_LOOP ( 'NONE', ( #371, #1584, #2232, #1414 ) ) ;
#1657 = CARTESIAN_POINT ( 'NONE',  ( -5.835287099252147767E-16, -3.176582343749998039, -8.671875001706995434 ) ) ;
#1658 = FACE_OUTER_BOUND ( 'NONE', #1760, .T. ) ;
#1659 = DIRECTION ( 'NONE',  ( -0.000000000000000000, -0.000000000000000000, 1.000000000000000000 ) ) ;
#1660 = CARTESIAN_POINT ( 'NONE',  ( 1.035533905932736864, 2.499999999999997780, -1.015625000000002665 ) ) ;
#1661 = CARTESIAN_POINT ( 'NONE',  ( 2.246182916263079310, -2.246182916263080198, -6.015625001706995434 ) ) ;
#1662 = CARTESIAN_POINT ( 'NONE',  ( 3.176582343749997595, 1.315783488776162136, -8.281250001706995434 ) ) ;
#1663 = VERTEX_POINT ( 'NONE', #2581 ) ;
#1664 = CARTESIAN_POINT ( 'NONE',  ( -1.767766952966367766, -1.767766952966367100, -3.281250003413987315 ) ) ;
#1665 = ADVANCED_FACE ( 'NONE', ( #776 ), #1576, .F. ) ;
#1666 = CARTESIAN_POINT ( 'NONE',  ( 2.246182916263079310, -2.246182916263080198, 0.2343749982930045661 ) ) ;
#1667 = ORIENTED_EDGE ( 'NONE', *, *, #876, .T. ) ;
#1668 = CARTESIAN_POINT ( 'NONE',  ( -2.499999999999997780, 3.061616997868380676E-16, -1.875000000000003331 ) ) ;
#1669 = EDGE_LOOP ( 'NONE', ( #1329, #1438, #1168, #2431 ) ) ;
#1670 = FACE_OUTER_BOUND ( 'NONE', #647, .T. ) ;
#1671 = CARTESIAN_POINT ( 'NONE',  ( -0.3685224889372673007, -2.935251137523716025, -0.07814126863951710578 ) ) ;
#1672 = CARTESIAN_POINT ( 'NONE',  ( -1.035533905932736864, 2.499999999999997780, -1.171875003413987093 ) ) ;
#1673 = CARTESIAN_POINT ( 'NONE',  ( 3.176582343749998039, 0.000000000000000000, -3.359375001706994990 ) ) ;
#1674 = CARTESIAN_POINT ( 'NONE',  ( -2.330760121714436028, 1.812792729467227693, -0.07793547279901380520 ) ) ;
#1675 = CARTESIAN_POINT ( 'NONE',  ( 2.246182916263080198, 2.246182916263080198, -6.953125001706994546 ) ) ;
#1676 = APPROVAL ( #1824, 'æœª' ) ;
#1677 = FACE_OUTER_BOUND ( 'NONE', #2324, .T. ) ;
#1678 = CARTESIAN_POINT ( 'NONE',  ( -1.315783488776164134, -3.176582343749996706, -2.500000001706995878 ) ) ;
#1679 = VECTOR ( 'NONE', #272, 1000.000000000000000 ) ;
#1680 = ORIENTED_EDGE ( 'NONE', *, *, #327, .F. ) ;
#1681 = EDGE_CURVE ( 'NONE', #714, #1078, #923, .T. ) ;
#1682 = CARTESIAN_POINT ( 'NONE',  ( -3.176582343749998927, -1.315783488776161692, -5.000000001706995434 ) ) ;
#1683 = ORIENTED_EDGE ( 'NONE', *, *, #1071, .T. ) ;
#1684 = CARTESIAN_POINT ( 'NONE',  ( -3.176582343749998039, 1.315783488776162580, -9.062500001706995434 ) ) ;
#1685 = FACE_OUTER_BOUND ( 'NONE', #1244, .T. ) ;
#1686 = CARTESIAN_POINT ( 'NONE',  ( 14.00000000000000355, 10.87054224807963010, -150.0000000000000000 ) ) ;
#1687 = CARTESIAN_POINT ( 'NONE',  ( -1.315783488776164134, -3.176582343749997150, -2.500000001706995878 ) ) ;
#1688 = CARTESIAN_POINT ( 'NONE',  ( 1.611294945823856795, 2.240415561430240121, -0.2713376824053752578 ) ) ;
#1689 = CARTESIAN_POINT ( 'NONE',  ( 1.315783488776163024, -3.176582343749997150, -7.343750001706995434 ) ) ;
#1690 = DIRECTION ( 'NONE',  ( 1.000000000000000000, 0.000000000000000000, 0.000000000000000000 ) ) ;
#1691 = CARTESIAN_POINT ( 'NONE',  ( 3.176582343749997595, 1.315783488776162136, -4.531250001706997210 ) ) ;
#1692 = ORIENTED_EDGE ( 'NONE', *, *, #1702, .F. ) ;
#1693 = CARTESIAN_POINT ( 'NONE',  ( -3.176582343749998039, 3.890191399501432173E-16, -1.328125001706994990 ) ) ;
#1694 = ORIENTED_EDGE ( 'NONE', *, *, #1451, .T. ) ;
#1695 = CARTESIAN_POINT ( 'NONE',  ( 0.000000000000000000, 0.000000000000000000, 0.000000000000000000 ) ) ;
#1696 = CARTESIAN_POINT ( 'NONE',  ( 1.767766952966366878, -1.767766952966367766, -7.968750003413988203 ) ) ;
#1697 = CARTESIAN_POINT ( 'NONE',  ( 1.035533905932736864, 2.499999999999997780, -7.578125003413988203 ) ) ;
#1698 = CARTESIAN_POINT ( 'NONE',  ( 1.035533905932736864, 2.499999999999997780, -3.828125003413986871 ) ) ;
#1699 = CARTESIAN_POINT ( 'NONE',  ( -3.176582343749998927, -1.315783488776161692, -5.156250001706996322 ) ) ;
#1700 = CARTESIAN_POINT ( 'NONE',  ( -0.4446206026332435446, 2.822984874809249867, -0.1729950409471938400 ) ) ;
#1701 = COORDINATED_UNIVERSAL_TIME_OFFSET ( 8, 0, .AHEAD. ) ;
#1702 = EDGE_CURVE ( 'NONE', #1923, #644, #588, .T. ) ;
#1703 = CARTESIAN_POINT ( 'NONE',  ( -3.176582343749998927, -1.315783488776161692, -3.906250001706995434 ) ) ;
#1704 = CARTESIAN_POINT ( 'NONE',  ( -2.499999999999997780, 3.061616997868380676E-16, -7.187500003413987315 ) ) ;
#1705 = CARTESIAN_POINT ( 'NONE',  ( -1.315783488776161914, 3.176582343749997595, -0.4687500017069960445 ) ) ;
#1706 = ORIENTED_EDGE ( 'NONE', *, *, #2286, .T. ) ;
#1707 = CARTESIAN_POINT ( 'NONE',  ( -2.246182916263079754, 2.246182916263080198, -5.234375001706995434 ) ) ;
#1708 = EDGE_LOOP ( 'NONE', ( #773, #183, #874, #2256 ) ) ;
#1709 = CARTESIAN_POINT ( 'NONE',  ( -3.176582343749997595, 1.315783488776162580, -9.062500001706995434 ) ) ;
#1710 = CARTESIAN_POINT ( 'NONE',  ( -1.676867784251140359, -2.099531907810582965, -0.3410957210199358491 ) ) ;
#1711 = CARTESIAN_POINT ( 'NONE',  ( -1.767766952966367100, 1.767766952966367544, -3.281250000000003997 ) ) ;
#1712 = CARTESIAN_POINT ( 'NONE',  ( 2.246182916263080198, 2.246182916263080198, -5.703125001706995434 ) ) ;
#1713 = EDGE_CURVE ( 'NONE', #994, #191, #14, .T. ) ;
#1714 = CARTESIAN_POINT ( 'NONE',  ( -0.8027207591985935364, 2.759567489192716661, -0.1567994234308129897 ) ) ;
#1715 = DATE_TIME_ROLE ( 'creation_date' ) ;
#1716 = CARTESIAN_POINT ( 'NONE',  ( 1.315783488776163024, -3.176582343749997150, -6.093750001706997210 ) ) ;
#1717 = CARTESIAN_POINT ( 'NONE',  ( -5.835287099252147767E-16, -3.176582343749998039, -4.765625001706995434 ) ) ;
#1718 = CARTESIAN_POINT ( 'NONE',  ( 2.499999999999997780, 0.000000000000000000, -5.000000000000003553 ) ) ;
#1719 = CARTESIAN_POINT ( 'NONE',  ( 2.246182916263079310, -2.246182916263080198, -2.265625001706994990 ) ) ;
#1720 = VERTEX_POINT ( 'NONE', #2208 ) ;
#1721 = CARTESIAN_POINT ( 'NONE',  ( 2.246182916263080198, 2.246182916263080198, -5.546875001706995434 ) ) ;
#1722 = CARTESIAN_POINT ( 'NONE',  ( -2.246182916263079754, 2.246182916263080198, -1.484375001706995212 ) ) ;
#1723 = VECTOR ( 'NONE', #2036, 1000.000000000000000 ) ;
#1724 = ORIENTED_EDGE ( 'NONE', *, *, #891, .F. ) ;
#1725 = CARTESIAN_POINT ( 'NONE',  ( -3.176582343749997595, 1.315783488776162580, -5.312500001706995434 ) ) ;
#1726 = CYLINDRICAL_SURFACE ( 'NONE', #1004, 2.499999999999997780 ) ;
#1727 = CARTESIAN_POINT ( 'NONE',  ( -2.499999999999997780, 3.061616997868380676E-16, -8.125000000000003553 ) ) ;
#1728 = CARTESIAN_POINT ( 'NONE',  ( 1.311534177520524480, 2.447139276561852039, -0.2545243356599543594 ) ) ;
#1729 = CARTESIAN_POINT ( 'NONE',  ( -4.592425496802570028E-16, -2.499999999999997780, -6.562500000000004441 ) ) ;
#1730 = DIRECTION ( 'NONE',  ( 1.000000000000000000, 0.000000000000000000, 0.000000000000000000 ) ) ;
#1731 = CYLINDRICAL_SURFACE ( 'NONE', #33, 2.499999999999997780 ) ;
#1732 = EDGE_CURVE ( 'NONE', #1054, #519, #1194, .T. ) ;
#1733 = CARTESIAN_POINT ( 'NONE',  ( -1.315783488776161914, 3.176582343749997595, -5.312500001706995434 ) ) ;
#1734 = VERTEX_POINT ( 'NONE', #2401 ) ;
#1735 = CARTESIAN_POINT ( 'NONE',  ( -1.315783488776164134, -3.176582343749996706, -3.593750001706995434 ) ) ;
#1736 = VERTEX_POINT ( 'NONE', #378 ) ;
#1737 = CARTESIAN_POINT ( 'NONE',  ( -1.315783488776164134, -3.176582343749996706, -6.250000001706996322 ) ) ;
#1738 = CARTESIAN_POINT ( 'NONE',  ( 1.767766952966367544, 1.767766952966367544, -6.093750000000003553 ) ) ;
#1739 = CARTESIAN_POINT ( 'NONE',  ( 1.767766952966366878, -1.767766952966367766, -1.406250000000002887 ) ) ;
#1740 = CARTESIAN_POINT ( 'NONE',  ( 9.000000000000001776, 10.87054224807963010, 0.000000000000000000 ) ) ;
#1741 = CARTESIAN_POINT ( 'NONE',  ( -1.767766952966367766, -1.767766952966367100, -6.718750000000004441 ) ) ;
#1742 = CYLINDRICAL_SURFACE ( 'NONE', #2020, 6.500000000000000000 ) ;
#1743 = CARTESIAN_POINT ( 'NONE',  ( -2.499999999999997780, 3.061616997868380676E-16, -2.187500003413987315 ) ) ;
#1744 = CARTESIAN_POINT ( 'NONE',  ( -3.176582343749998927, -1.315783488776161692, -7.500000001706995434 ) ) ;
#1745 = ORIENTED_EDGE ( 'NONE', *, *, #328, .F. ) ;
#1746 = CARTESIAN_POINT ( 'NONE',  ( -1.035533905932738197, -2.499999999999997335, -5.703125003413987315 ) ) ;
#1747 = EDGE_CURVE ( 'NONE', #1054, #1495, #1614, .T. ) ;
#1748 =( BOUNDED_CURVE ( )  B_SPLINE_CURVE ( 2, ( #1849, #389, #223, #1627, #2004, #1235, #197, #1644, #1058 ),
 .UNSPECIFIED., .F., .T. ) 
 B_SPLINE_CURVE_WITH_KNOTS ( ( 3, 2, 2, 2, 3 ),
 ( 0.3750000000000000000, 0.3906250000000000000, 0.4062500000000000000, 0.4218750000000000555, 0.4375000000000000555 ),
 .UNSPECIFIED. ) 
 CURVE ( )  GEOMETRIC_REPRESENTATION_ITEM ( )  RATIONAL_B_SPLINE_CURVE ( ( 1.000000000000000000, 0.9238795325112867385, 1.000000000000000000, 0.9238795325112867385, 1.000000000000000000, 0.9238795325112867385, 1.000000000000000000, 0.9238795325112865164, 1.000000000000000222 ) ) 
 REPRESENTATION_ITEM ( '' )  );
#1749 = ORIENTED_EDGE ( 'NONE', *, *, #742, .F. ) ;
#1750 = CARTESIAN_POINT ( 'NONE',  ( -2.246182916263080198, -2.246182916263079754, -2.421875001706994990 ) ) ;
#1751 = CARTESIAN_POINT ( 'NONE',  ( 1.945095699750716087E-16, 3.176582343749998039, -8.046875001706995434 ) ) ;
#1752 = CARTESIAN_POINT ( 'NONE',  ( 9.000000000000001776, 10.87054224807963010, -150.0000000000000000 ) ) ;
#1753 = CARTESIAN_POINT ( 'NONE',  ( 2.499999999999997780, 0.000000000000000000, 0.000000000000000000 ) ) ;
#1754 = DIRECTION ( 'NONE',  ( 1.577021341797097560E-16, 1.000000000000000000, 0.000000000000000000 ) ) ;
#1755 = CARTESIAN_POINT ( 'NONE',  ( 1.530808498934190338E-16, 2.499999999999997780, -9.687500000000003553 ) ) ;
#1756 = CARTESIAN_POINT ( 'NONE',  ( 1.315783488776162580, 3.176582343749997595, -1.875000001706995656 ) ) ;
#1757 = CARTESIAN_POINT ( 'NONE',  ( -1.035533905932738197, -2.499999999999997335, -9.140625000000007105 ) ) ;
#1758 = CARTESIAN_POINT ( 'NONE',  ( 2.246182916263079310, -2.246182916263080198, -5.859375001706995434 ) ) ;
#1759 = PRODUCT_RELATED_PRODUCT_CATEGORY ( 'detail', '', ( #2284 ) ) ;
#1760 = EDGE_LOOP ( 'NONE', ( #2073, #2174, #955, #1206 ) ) ;
#1761 = CARTESIAN_POINT ( 'NONE',  ( -2.246182916263079754, 2.246182916263080198, -0.2343750017069958780 ) ) ;
#1762 = ADVANCED_FACE ( 'NONE', ( #2390 ), #573, .F. ) ;
#1763 = AXIS2_PLACEMENT_3D ( 'NONE', #1552, #1981, #1994 ) ;
#1764 = VERTEX_POINT ( 'NONE', #610 ) ;
#1765 = CARTESIAN_POINT ( 'NONE',  ( -3.176582343749998039, 1.315783488776162580, -1.406250001706995212 ) ) ;
#1766 = CARTESIAN_POINT ( 'NONE',  ( 1.315783488776163024, -3.176582343749997150, -4.843750001706997210 ) ) ;
#1767 = DIRECTION ( 'NONE',  ( -0.000000000000000000, -0.000000000000000000, 1.000000000000000000 ) ) ;
#1768 = AXIS2_PLACEMENT_3D ( 'NONE', #1752, #1172, #764 ) ;
#1769 =( BOUNDED_CURVE ( )  B_SPLINE_CURVE ( 2, ( #1069, #692, #906, #1106, #2077, #104, #1711, #1878, #2513 ),
 .UNSPECIFIED., .F., .T. ) 
 B_SPLINE_CURVE_WITH_KNOTS ( ( 3, 2, 2, 2, 3 ),
 ( 0.6250000000000000000, 0.6406250000000000000, 0.6562500000000000000, 0.6718750000000000000, 0.6875000000000000000 ),
 .UNSPECIFIED. ) 
 CURVE ( )  GEOMETRIC_REPRESENTATION_ITEM ( )  RATIONAL_B_SPLINE_CURVE ( ( 1.000000000000000000, 0.9238795325112867385, 1.000000000000000000, 0.9238795325112867385, 1.000000000000000000, 0.9238795325112867385, 1.000000000000000000, 0.9238795325112867385, 1.000000000000000000 ) ) 
 REPRESENTATION_ITEM ( '' )  );
#1770 = ADVANCED_FACE ( 'NONE', ( #1791 ), #1415, .T. ) ;
#1771 = CARTESIAN_POINT ( 'NONE',  ( 1.035533905932737309, -2.499999999999997335, -2.734375000000003553 ) ) ;
#1772 = CIRCLE ( 'NONE', #1008, 8.000000000000000000 ) ;
#1773 = DIRECTION ( 'NONE',  ( 1.000000000000000000, 0.000000000000000000, 0.000000000000000000 ) ) ;
#1774 = CARTESIAN_POINT ( 'NONE',  ( -1.035533905932736642, 2.499999999999997780, -7.109375000000003553 ) ) ;
#1775 = LINE ( 'NONE', #367, #663 ) ;
#1776 = CARTESIAN_POINT ( 'NONE',  ( -1.315783488776164134, -3.176582343749997150, -3.593750001706995434 ) ) ;
#1777 = DIRECTION ( 'NONE',  ( -0.000000000000000000, -0.000000000000000000, 1.000000000000000000 ) ) ;
#1778 = CARTESIAN_POINT ( 'NONE',  ( -3.176582343749998039, 3.890191399501432173E-16, -6.328125001706995434 ) ) ;
#1779 = VERTEX_POINT ( 'NONE', #2594 ) ;
#1780 = CARTESIAN_POINT ( 'NONE',  ( 1.315783488776163024, -3.176582343749997150, 0.3124999982930046216 ) ) ;
#1781 = CARTESIAN_POINT ( 'NONE',  ( -1.035533905932738197, -2.499999999999997335, -5.703125003413987315 ) ) ;
#1782 = CARTESIAN_POINT ( 'NONE',  ( 0.000000000000000000, 0.000000000000000000, 0.000000000000000000 ) ) ;
#1783 = CARTESIAN_POINT ( 'NONE',  ( -1.035533905932738197, -2.499999999999997335, -1.640625000000003331 ) ) ;
#1784 = DIRECTION ( 'NONE',  ( -0.000000000000000000, -0.000000000000000000, 1.000000000000000000 ) ) ;
#1785 = CARTESIAN_POINT ( 'NONE',  ( 1.945095699750716087E-16, 3.176582343749998039, -1.796875001706995434 ) ) ;
#1786 = CARTESIAN_POINT ( 'NONE',  ( 3.176582343749997150, -1.315783488776165022, -4.531250001706997210 ) ) ;
#1787 = DIRECTION ( 'NONE',  ( 1.000000000000000000, 0.000000000000000000, 0.000000000000000000 ) ) ;
#1788 = CARTESIAN_POINT ( 'NONE',  ( 1.315783488776163024, -3.176582343749997150, -5.937500001706995434 ) ) ;
#1789 = CARTESIAN_POINT ( 'NONE',  ( 2.246182916263079310, -2.246182916263080198, 0.3906249982930046771 ) ) ;
#1790 = CARTESIAN_POINT ( 'NONE',  ( 14.99999999999999645, 14.99999999999999822, -10.00000000000000000 ) ) ;
#1791 = FACE_OUTER_BOUND ( 'NONE', #1289, .T. ) ;
#1792 = CARTESIAN_POINT ( 'NONE',  ( 6.500000000000000000, 0.000000000000000000, -8.000000000000003553 ) ) ;
#1793 = CARTESIAN_POINT ( 'NONE',  ( 15.00000000000000355, -15.00000000000000000, -10.00000000000000000 ) ) ;
#1794 = CARTESIAN_POINT ( 'NONE',  ( 1.035533905932737309, -2.499999999999997335, -5.234375000000003553 ) ) ;
#1795 = ADVANCED_FACE ( 'NONE', ( #983, #628, #1396, #1832 ), #388, .T. ) ;
#1796 = CARTESIAN_POINT ( 'NONE',  ( -2.499999999999997780, 3.061616997868380676E-16, -9.375000000000003553 ) ) ;
#1797 = CARTESIAN_POINT ( 'NONE',  ( 2.246182916263080198, 2.246182916263080198, -3.046875001706994990 ) ) ;
#1798 = CARTESIAN_POINT ( 'NONE',  ( -1.767766952966367766, -1.767766952966367100, -2.031250003413986871 ) ) ;
#1799 = CARTESIAN_POINT ( 'NONE',  ( -2.246182916263080198, -2.246182916263079754, -1.171875001706994990 ) ) ;
#1800 = ORIENTED_EDGE ( 'NONE', *, *, #13, .F. ) ;
#1801 = CARTESIAN_POINT ( 'NONE',  ( 1.945095699750716087E-16, 3.176582343749998039, -0.3906250017069959890 ) ) ;
#1802 = EDGE_LOOP ( 'NONE', ( #1951, #2458, #463, #230 ) ) ;
#1803 = CARTESIAN_POINT ( 'NONE',  ( -1.315783488776164134, -3.176582343749997150, -1.093750001706994990 ) ) ;
#1804 = CARTESIAN_POINT ( 'NONE',  ( -2.499999999999997780, 3.061616997868380676E-16, -0.6250000000000039968 ) ) ;
#1805 = CARTESIAN_POINT ( 'NONE',  ( -5.835287099252147767E-16, -3.176582343749998039, -8.515625001706993658 ) ) ;
#1806 = AXIS2_PLACEMENT_3D ( 'NONE', #690, #702, #248 ) ;
#1807 = CARTESIAN_POINT ( 'NONE',  ( -2.499999999999997780, 3.061616997868380676E-16, -3.125000000000003553 ) ) ;
#1808 = AXIS2_PLACEMENT_3D ( 'NONE', #2608, #1041, #600 ) ;
#1809 = DIRECTION ( 'NONE',  ( 1.000000000000000000, 0.000000000000000000, 0.000000000000000000 ) ) ;
#1810 = CARTESIAN_POINT ( 'NONE',  ( 3.176582343749997150, -1.315783488776165022, -7.187500001706996322 ) ) ;
#1811 = DIRECTION ( 'NONE',  ( 1.000000000000000000, 0.000000000000000000, 0.000000000000000000 ) ) ;
#1812 = CARTESIAN_POINT ( 'NONE',  ( -2.499999999999998224, -1.035533905932736642, -0.5468750000000038858 ) ) ;
#1813 = CARTESIAN_POINT ( 'NONE',  ( -15.00000000000000178, 14.99999999999999822, 0.000000000000000000 ) ) ;
#1814 = CARTESIAN_POINT ( 'NONE',  ( -1.035533905932738197, -2.499999999999997335, -1.953125003413986871 ) ) ;
#1815 = ADVANCED_FACE ( 'NONE', ( #234 ), #195, .F. ) ;
#1816 = VERTEX_POINT ( 'NONE', #1804 ) ;
#1817 = DIRECTION ( 'NONE',  ( 1.000000000000000000, 0.000000000000000000, 0.000000000000000000 ) ) ;
#1818 = CARTESIAN_POINT ( 'NONE',  ( 0.000000000000000000, 0.000000000000000000, 0.000000000000000000 ) ) ;
#1819 = CARTESIAN_POINT ( 'NONE',  ( -3.176582343749998039, 1.315783488776162580, -8.906250001706995434 ) ) ;
#1820 = CARTESIAN_POINT ( 'NONE',  ( 1.767766952966366878, -1.767766952966367766, -5.156250000000003553 ) ) ;
#1821 = LINE ( 'NONE', #592, #1345 ) ;
#1822 = CARTESIAN_POINT ( 'NONE',  ( 1.315783488776162580, 3.176582343749998039, -8.125000001706995434 ) ) ;
#1823 = CARTESIAN_POINT ( 'NONE',  ( -3.176582343749998039, 3.890191399501432173E-16, -2.578125001706995434 ) ) ;
#1824 = APPROVAL_STATUS ( 'not_yet_approved' ) ;
#1825 = CARTESIAN_POINT ( 'NONE',  ( 1.315783488776162580, 3.176582343749997595, -1.718750001706995434 ) ) ;
#1826 = CARTESIAN_POINT ( 'NONE',  ( -3.176582343749998927, -1.315783488776161692, -8.906250001706995434 ) ) ;
#1827 = ORIENTED_EDGE ( 'NONE', *, *, #876, .F. ) ;
#1828 = CARTESIAN_POINT ( 'NONE',  ( 1.530808498934190338E-16, 2.499999999999997780, -5.000000003413987315 ) ) ;
#1829 = EDGE_LOOP ( 'NONE', ( #2112, #2547, #676, #2344 ) ) ;
#1830 = EDGE_CURVE ( 'NONE', #2605, #2060, #1259, .T. ) ;
#1831 = CARTESIAN_POINT ( 'NONE',  ( 3.176582343749996706, -1.315783488776164800, -7.031250001706995434 ) ) ;
#1832 = FACE_BOUND ( 'NONE', #935, .T. ) ;
#1833 = CARTESIAN_POINT ( 'NONE',  ( -2.246182916263079754, 2.246182916263080198, -7.734375001706995434 ) ) ;
#1834 = DIRECTION ( 'NONE',  ( -0.000000000000000000, 0.000000000000000000, 1.000000000000000000 ) ) ;
#1835 = CARTESIAN_POINT ( 'NONE',  ( -1.767766952966367766, -1.767766952966367100, -4.218750000000003553 ) ) ;
#1836 =( BOUNDED_CURVE ( )  B_SPLINE_CURVE ( 2, ( #171, #972, #1403, #1781, #396, #2015, #209, #1990, #570 ),
 .UNSPECIFIED., .F., .F. ) 
 B_SPLINE_CURVE_WITH_KNOTS ( ( 3, 2, 2, 2, 3 ),
 ( 0.3125000000000000000, 0.3281250000000000000, 0.3437500000000000000, 0.3593750000000000000, 0.3750000000000000000 ),
 .UNSPECIFIED. ) 
 CURVE ( )  GEOMETRIC_REPRESENTATION_ITEM ( )  RATIONAL_B_SPLINE_CURVE ( ( 1.000000000000000000, 0.9238795325112867385, 1.000000000000000000, 0.9238795325112867385, 1.000000000000000000, 0.9238795325112867385, 1.000000000000000000, 0.9238795325112867385, 1.000000000000000000 ) ) 
 REPRESENTATION_ITEM ( '' )  );
#1837 = FACE_OUTER_BOUND ( 'NONE', #2485, .T. ) ;
#1838 = CARTESIAN_POINT ( 'NONE',  ( 1.315783488776162580, 3.176582343749998039, -6.875000001706994546 ) ) ;
#1839 = APPLICATION_PROTOCOL_DEFINITION ( 'international standard', 'config_control_design', 1994, #305 ) ;
#1840 = CARTESIAN_POINT ( 'NONE',  ( -1.315783488776161914, 3.176582343749997595, -4.062500001706994546 ) ) ;
#1841 = CARTESIAN_POINT ( 'NONE',  ( -2.499999999999997780, 3.061616997868380676E-16, -3.437500003413987315 ) ) ;
#1842 = CARTESIAN_POINT ( 'NONE',  ( -2.499999999999998224, -1.035533905932736642, -3.359375003413987315 ) ) ;
#1843 = VERTEX_POINT ( 'NONE', #799 ) ;
#1844 = CARTESIAN_POINT ( 'NONE',  ( -3.176582343749998927, -1.315783488776161692, -6.250000001706995434 ) ) ;
#1845 = CARTESIAN_POINT ( 'NONE',  ( 2.246182916263080198, 2.246182916263080198, -9.296875001706995434 ) ) ;
#1846 = EDGE_CURVE ( 'NONE', #2146, #1911, #1603, .T. ) ;
#1847 = ORIENTED_EDGE ( 'NONE', *, *, #1991, .T. ) ;
#1848 = CARTESIAN_POINT ( 'NONE',  ( 1.767766952966367544, 1.767766952966367544, -8.906250003413987315 ) ) ;
#1849 = CARTESIAN_POINT ( 'NONE',  ( 2.499999999999997780, 0.000000000000000000, -5.312500003413987315 ) ) ;
#1850 = EDGE_CURVE ( 'NONE', #1734, #42, #59, .T. ) ;
#1851 = CARTESIAN_POINT ( 'NONE',  ( 1.767766952966367544, 1.767766952966367544, -3.593750000000003109 ) ) ;
#1852 = DIRECTION ( 'NONE',  ( -0.000000000000000000, -0.000000000000000000, 1.000000000000000000 ) ) ;
#1853 = CONICAL_SURFACE ( 'NONE', #2190, 3.024999999999999911, 0.7853981633974466137 ) ;
#1854 = CARTESIAN_POINT ( 'NONE',  ( 2.246182916263079310, -2.246182916263080198, -7.265625001706995434 ) ) ;
#1855 = DATE_AND_TIME ( #858, #2153 ) ;
#1856 = VECTOR ( 'NONE', #2249, 1000.000000000000000 ) ;
#1857 =( BOUNDED_CURVE ( )  B_SPLINE_CURVE ( 2, ( #1727, #2154, #1148, #1970, #2364, #115, #2350, #1360, #1322 ),
 .UNSPECIFIED., .F., .T. ) 
 B_SPLINE_CURVE_WITH_KNOTS ( ( 3, 2, 2, 2, 3 ),
 ( 0.1875000000000000000, 0.2031250000000000000, 0.2187500000000000278, 0.2343750000000000555, 0.2500000000000000555 ),
 .UNSPECIFIED. ) 
 CURVE ( )  GEOMETRIC_REPRESENTATION_ITEM ( )  RATIONAL_B_SPLINE_CURVE ( ( 1.000000000000000000, 0.9238795325112867385, 1.000000000000000000, 0.9238795325112867385, 1.000000000000000000, 0.9238795325112867385, 1.000000000000000000, 0.9238795325112865164, 1.000000000000000222 ) ) 
 REPRESENTATION_ITEM ( '' )  );
#1858 = CARTESIAN_POINT ( 'NONE',  ( 3.176582343749996706, -1.315783488776164800, -2.031250001706994990 ) ) ;
#1859 = VECTOR ( 'NONE', #1625, 1000.000000000000000 ) ;
#1860 = CARTESIAN_POINT ( 'NONE',  ( -1.767766952966367766, -1.767766952966367100, -2.031250003413986871 ) ) ;
#1861 = CC_DESIGN_APPROVAL ( #2234, ( #542 ) ) ;
#1862 = ORIENTED_EDGE ( 'NONE', *, *, #2043, .F. ) ;
#1863 = CARTESIAN_POINT ( 'NONE',  ( -2.246182916263079754, 2.246182916263080198, -6.484375001706995434 ) ) ;
#1864 = CARTESIAN_POINT ( 'NONE',  ( -5.835287099252147767E-16, -3.176582343749998039, -6.015625001706995434 ) ) ;
#1865 = ORIENTED_EDGE ( 'NONE', *, *, #444, .T. ) ;
#1866 = CARTESIAN_POINT ( 'NONE',  ( -2.499999999999997780, 3.061616997868380676E-16, 0.000000000000000000 ) ) ;
#1867 = CARTESIAN_POINT ( 'NONE',  ( -1.085709487832541509, -2.613231705662122373, -0.2068799809974872506 ) ) ;
#1868 = CARTESIAN_POINT ( 'NONE',  ( 1.530808498934190338E-16, 2.499999999999997780, -1.250000003413987315 ) ) ;
#1869 = DIRECTION ( 'NONE',  ( 1.000000000000000000, 0.000000000000000000, 0.000000000000000000 ) ) ;
#1870 = CARTESIAN_POINT ( 'NONE',  ( -1.035533905932736642, 2.499999999999997780, -0.8593750000000042188 ) ) ;
#1871 = ORIENTED_EDGE ( 'NONE', *, *, #1348, .T. ) ;
#1872 = CARTESIAN_POINT ( 'NONE',  ( 2.499999999999997335, -1.035533905932738419, -2.890625003413986871 ) ) ;
#1873 = CARTESIAN_POINT ( 'NONE',  ( -3.176582343749997595, 1.315783488776162580, -1.562500001706995434 ) ) ;
#1874 = ORIENTED_EDGE ( 'NONE', *, *, #1331, .F. ) ;
#1875 = CARTESIAN_POINT ( 'NONE',  ( 1.315783488776162580, 3.176582343749997595, -9.218750001706997210 ) ) ;
#1876 = CARTESIAN_POINT ( 'NONE',  ( 2.092236904946309206, -1.486303355159866557, -0.4687452132481044753 ) ) ;
#1877 = CC_DESIGN_PERSON_AND_ORGANIZATION_ASSIGNMENT ( #2227, #1020, ( #2284 ) ) ;
#1878 = CARTESIAN_POINT ( 'NONE',  ( -2.499999999999997780, 1.035533905932737087, -3.203125000000003997 ) ) ;
#1879 = CARTESIAN_POINT ( 'NONE',  ( 3.176582343749998039, 1.315783488776162580, -5.781250001706996322 ) ) ;
#1880 = CARTESIAN_POINT ( 'NONE',  ( 1.152636009272939743, 2.535206182069573266, -0.2460779917846451781 ) ) ;
#1881 = ADVANCED_FACE ( 'NONE', ( #1248 ), #466, .F. ) ;
#1882 = CARTESIAN_POINT ( 'NONE',  ( -3.176582343749997595, 1.315783488776162580, -7.812500001706995434 ) ) ;
#1883 = CARTESIAN_POINT ( 'NONE',  ( 0.000000000000000000, 0.000000000000000000, -8.000000000000003553 ) ) ;
#1884 = CARTESIAN_POINT ( 'NONE',  ( 2.246182916263080198, 2.246182916263080198, -3.203125001706994990 ) ) ;
#1885 = ORIENTED_EDGE ( 'NONE', *, *, #1485, .T. ) ;
#1886 = CARTESIAN_POINT ( 'NONE',  ( -2.499999999999997780, 1.035533905932737087, -4.453125000000002665 ) ) ;
#1887 = DIRECTION ( 'NONE',  ( 1.000000000000000000, 0.000000000000000000, 0.000000000000000000 ) ) ;
#1888 = CARTESIAN_POINT ( 'NONE',  ( 2.499999999999997780, 0.000000000000000000, -4.062500003413987315 ) ) ;
#1889 = CARTESIAN_POINT ( 'NONE',  ( 2.499999999999992450, 1.035533905932742416, -1.171875000000002442 ) ) ;
#1890 = CARTESIAN_POINT ( 'NONE',  ( -3.176582343749998039, 1.315783488776162580, -1.562500001706995212 ) ) ;
#1891 = CARTESIAN_POINT ( 'NONE',  ( 0.8165115412557373276, 2.680254046617197350, -0.2291065428598826337 ) ) ;
#1892 = CARTESIAN_POINT ( 'NONE',  ( -1.315783488776164134, -3.176582343749996706, -7.500000001706995434 ) ) ;
#1893 = CARTESIAN_POINT ( 'NONE',  ( -1.767766952966367766, -1.767766952966367100, 0.4687499965860125739 ) ) ;
#1894 = CARTESIAN_POINT ( 'NONE',  ( -3.176582343749998927, -1.315783488776161692, -0.1562500017069958225 ) ) ;
#1895 = VECTOR ( 'NONE', #284, 1000.000000000000000 ) ;
#1896 = ORIENTED_EDGE ( 'NONE', *, *, #585, .T. ) ;
#1897 = CARTESIAN_POINT ( 'NONE',  ( 1.945095699750716087E-16, 3.176582343749998039, -4.140625001706995434 ) ) ;
#1898 = AXIS2_PLACEMENT_3D ( 'NONE', #1253, #815, #202 ) ;
#1899 = ORIENTED_EDGE ( 'NONE', *, *, #1025, .T. ) ;
#1900 = CARTESIAN_POINT ( 'NONE',  ( 2.582826791499995167, -0.4581530991097930161, -0.4117720984038797938 ) ) ;
#1901 = FACE_OUTER_BOUND ( 'NONE', #1708, .T. ) ;
#1902 = LINE ( 'NONE', #1686, #1053 ) ;
#1903 = CARTESIAN_POINT ( 'NONE',  ( 3.176582343749997150, -1.315783488776165022, -2.187500001706995878 ) ) ;
#1904 = CARTESIAN_POINT ( 'NONE',  ( 3.176582343749998039, 0.000000000000000000, -8.359375001706995434 ) ) ;
#1905 = CARTESIAN_POINT ( 'NONE',  ( 2.119173407635025264, 1.716767866796932163, -0.3038575000343759491 ) ) ;
#1906 = CARTESIAN_POINT ( 'NONE',  ( -1.035533905932738197, -2.499999999999997335, 0.5468749965860126849 ) ) ;
#1907 = CARTESIAN_POINT ( 'NONE',  ( 3.176582343749998039, 0.000000000000000000, -0.8593750017069946567 ) ) ;
#1908 = ORIENTED_EDGE ( 'NONE', *, *, #2504, .T. ) ;
#1909 = CARTESIAN_POINT ( 'NONE',  ( 3.176582343749996706, -1.315783488776164800, -4.531250001706997210 ) ) ;
#1910 = ADVANCED_FACE ( 'NONE', ( #1912 ), #1455, .F. ) ;
#1911 = VERTEX_POINT ( 'NONE', #1642 ) ;
#1912 = FACE_OUTER_BOUND ( 'NONE', #1023, .T. ) ;
#1913 = DIRECTION ( 'NONE',  ( -0.000000000000000000, -0.000000000000000000, 1.000000000000000000 ) ) ;
#1914 = CARTESIAN_POINT ( 'NONE',  ( -0.1138118998181047725, -2.994963407143442780, -0.03928610667774901782 ) ) ;
#1915 = LINE ( 'NONE', #92, #2562 ) ;
#1916 = CARTESIAN_POINT ( 'NONE',  ( 3.176582343749997150, -1.315783488776165022, -3.437500001706995434 ) ) ;
#1917 = CARTESIAN_POINT ( 'NONE',  ( 2.246182916263079310, -2.246182916263080198, -3.515625001706995434 ) ) ;
#1918 = CARTESIAN_POINT ( 'NONE',  ( 1.530808498934190338E-16, 2.499999999999997780, -3.413987842426635666E-09 ) ) ;
#1919 = CARTESIAN_POINT ( 'NONE',  ( -3.176582343749998039, 3.890191399501432173E-16, -3.984375001706995878 ) ) ;
#1920 = ORIENTED_EDGE ( 'NONE', *, *, #1536, .T. ) ;
#1921 =( BOUNDED_CURVE ( )  B_SPLINE_CURVE ( 2, ( #539, #1152, #2171, #2183, #2144, #1389, #2201, #331, #564 ),
 .UNSPECIFIED., .F., .T. ) 
 B_SPLINE_CURVE_WITH_KNOTS ( ( 3, 2, 2, 2, 3 ),
 ( 0.2500000000000000555, 0.2656250000000000555, 0.2812500000000000000, 0.2968750000000000000, 0.3125000000000000000 ),
 .UNSPECIFIED. ) 
 CURVE ( )  GEOMETRIC_REPRESENTATION_ITEM ( )  RATIONAL_B_SPLINE_CURVE ( ( 0.9999999999999997780, 0.9238795325112869605, 1.000000000000000000, 0.9238795325112867385, 1.000000000000000000, 0.9238795325112867385, 1.000000000000000000, 0.9238795325112867385, 1.000000000000000000 ) ) 
 REPRESENTATION_ITEM ( '' )  );
#1922 = CARTESIAN_POINT ( 'NONE',  ( -1.315783488776164134, -3.176582343749996706, -2.343750001706995878 ) ) ;
#1923 = VERTEX_POINT ( 'NONE', #2086 ) ;
#1924 = CARTESIAN_POINT ( 'NONE',  ( -3.176582343749998927, -1.315783488776161692, -2.500000001706995878 ) ) ;
#1925 = CARTESIAN_POINT ( 'NONE',  ( 3.176582343749996706, -1.315783488776164800, -5.937500001706995434 ) ) ;
#1926 = DIRECTION ( 'NONE',  ( 1.000000000000000000, 0.000000000000000000, 0.000000000000000000 ) ) ;
#1927 = EDGE_CURVE ( 'NONE', #1089, #1610, #957, .T. ) ;
#1928 = DIRECTION ( 'NONE',  ( -0.000000000000000000, -0.000000000000000000, 1.000000000000000000 ) ) ;
#1929 = CARTESIAN_POINT ( 'NONE',  ( 2.246182916263080198, 2.246182916263080198, -1.953125001706995656 ) ) ;
#1930 = CARTESIAN_POINT ( 'NONE',  ( 0.2858810462386091045, 2.811916223730825504, -0.2044116437534070629 ) ) ;
#1931 = EDGE_CURVE ( 'NONE', #2576, #2266, #1457, .T. ) ;
#1932 = CARTESIAN_POINT ( 'NONE',  ( 2.499999999999997335, -1.035533905932738419, -8.828125000000003553 ) ) ;
#1933 = CARTESIAN_POINT ( 'NONE',  ( 1.315783488776163024, -3.176582343749997150, -4.843750001706997210 ) ) ;
#1934 = CARTESIAN_POINT ( 'NONE',  ( 1.767766952966366878, -1.767766952966367766, 0.7812499965860129070 ) ) ;
#1935 = AXIS2_PLACEMENT_3D ( 'NONE', #186, #2141, #2540 ) ;
#1936 = CARTESIAN_POINT ( 'NONE',  ( 2.246182916263079310, -2.246182916263080198, -8.359375001706993658 ) ) ;
#1937 = ORIENTED_EDGE ( 'NONE', *, *, #1681, .T. ) ;
#1938 = AXIS2_PLACEMENT_3D ( 'NONE', #131, #960, #1132 ) ;
#1939 = CARTESIAN_POINT ( 'NONE',  ( 3.176582343749998039, 0.000000000000000000, -4.453125001706995434 ) ) ;
#1940 = AXIS2_PLACEMENT_3D ( 'NONE', #587, #1395, #386 ) ;
#1941 = VERTEX_POINT ( 'NONE', #1792 ) ;
#1942 = CARTESIAN_POINT ( 'NONE',  ( 1.315783488776163024, -3.176582343749997150, -8.593750001706997210 ) ) ;
#1943 = CARTESIAN_POINT ( 'NONE',  ( -2.499999999999997780, 3.061616997868380676E-16, -0.9375000034139869820 ) ) ;
#1944 = ORGANIZATION ( 'æœª', 'æœª', '' ) ;
#1945 = CARTESIAN_POINT ( 'NONE',  ( -1.215625409957562297, -2.934779420891754143, -5.071949354142990612E-16 ) ) ;
#1946 = DIRECTION ( 'NONE',  ( 1.000000000000000000, 0.000000000000000000, 0.000000000000000000 ) ) ;
#1947 = CARTESIAN_POINT ( 'NONE',  ( -2.499999999999997780, 1.035533905932737087, -8.203125000000003553 ) ) ;
#1948 = CARTESIAN_POINT ( 'NONE',  ( -3.176582343749997595, 1.315783488776162580, -1.562500001706995434 ) ) ;
#1949 = CARTESIAN_POINT ( 'NONE',  ( 0.000000000000000000, 0.000000000000000000, -10.00000000000000355 ) ) ;
#1950 = CARTESIAN_POINT ( 'NONE',  ( 1.315783488776162580, 3.176582343749997595, -7.968750001706996322 ) ) ;
#1951 = ORIENTED_EDGE ( 'NONE', *, *, #1295, .F. ) ;
#1952 = CARTESIAN_POINT ( 'NONE',  ( 1.945095699750716087E-16, 3.176582343749998039, -2.890625001706995434 ) ) ;
#1953 = VERTEX_POINT ( 'NONE', #2260 ) ;
#1954 = CARTESIAN_POINT ( 'NONE',  ( -1.315783488776161914, 3.176582343749997595, -6.718750001706996322 ) ) ;
#1955 = CARTESIAN_POINT ( 'NONE',  ( 0.6384301235603582203, -2.499999999999997335, -0.5768341701975193692 ) ) ;
#1956 = CARTESIAN_POINT ( 'NONE',  ( -1.767766952966367766, -1.767766952966367100, -6.718750000000004441 ) ) ;
#1957 = LINE ( 'NONE', #2339, #2358 ) ;
#1958 = CC_DESIGN_PERSON_AND_ORGANIZATION_ASSIGNMENT ( #594, #1400, ( #1019 ) ) ;
#1959 = CARTESIAN_POINT ( 'NONE',  ( -2.246182916263080198, -2.246182916263079754, -0.07812500170699572533 ) ) ;
#1960 = CARTESIAN_POINT ( 'NONE',  ( 1.767766952966366878, -1.767766952966367766, -8.906250000000003553 ) ) ;
#1961 = ADVANCED_FACE ( 'NONE', ( #2450 ), #787, .T. ) ;
#1962 = CARTESIAN_POINT ( 'NONE',  ( -3.176582343749998039, 3.890191399501432173E-16, -8.828125001706995434 ) ) ;
#1963 = ORIENTED_EDGE ( 'NONE', *, *, #1681, .F. ) ;
#1964 = CARTESIAN_POINT ( 'NONE',  ( -1.315783488776162136, 3.176582343749998039, -5.312500001706995434 ) ) ;
#1965 = CARTESIAN_POINT ( 'NONE',  ( 1.530808498934190338E-16, 2.499999999999997780, -8.750000003413987315 ) ) ;
#1966 = ORIENTED_EDGE ( 'NONE', *, *, #1265, .T. ) ;
#1967 = CARTESIAN_POINT ( 'NONE',  ( 3.176582343749998039, 0.000000000000000000, -0.7031250017069945457 ) ) ;
#1968 = CARTESIAN_POINT ( 'NONE',  ( -2.246182916263079754, 2.246182916263080198, -5.390625001706995434 ) ) ;
#1969 = CARTESIAN_POINT ( 'NONE',  ( 1.530808498934190338E-16, 2.499999999999997780, -5.937500000000003553 ) ) ;
#1970 = CARTESIAN_POINT ( 'NONE',  ( -1.035533905932738197, -2.499999999999997335, -7.890625000000003553 ) ) ;
#1971 = CARTESIAN_POINT ( 'NONE',  ( -14.99999999999999645, -15.00000000000000000, -10.00000000000000000 ) ) ;
#1972 = CARTESIAN_POINT ( 'NONE',  ( 1.530808498934190338E-16, 2.499999999999997780, -7.187500000000003553 ) ) ;
#1973 = CARTESIAN_POINT ( 'NONE',  ( -5.835287099252147767E-16, -3.176582343749998039, -1.171875001706994990 ) ) ;
#1974 = DIRECTION ( 'NONE',  ( 1.000000000000000000, 0.000000000000000000, 0.000000000000000000 ) ) ;
#1975 = CARTESIAN_POINT ( 'NONE',  ( -5.835287099252147767E-16, -3.176582343749998039, -4.765625001706995434 ) ) ;
#1976 = EDGE_LOOP ( 'NONE', ( #716, #1509, #1989, #217 ) ) ;
#1977 = CARTESIAN_POINT ( 'NONE',  ( -2.499999999999998224, -1.035533905932736642, -7.109375003413987315 ) ) ;
#1978 = CARTESIAN_POINT ( 'NONE',  ( -1.767766952966367100, 1.767766952966367544, -5.781250000000003553 ) ) ;
#1979 = CARTESIAN_POINT ( 'NONE',  ( 2.499999999999997335, -1.035533905932738419, -6.328125000000003553 ) ) ;
#1980 = AXIS2_PLACEMENT_3D ( 'NONE', #997, #2032, #2235 ) ;
#1981 = DIRECTION ( 'NONE',  ( -0.000000000000000000, 0.000000000000000000, 1.000000000000000000 ) ) ;
#1982 = AXIS2_PLACEMENT_3D ( 'NONE', #528, #2382, #1364 ) ;
#1983 = LINE ( 'NONE', #721, #329 ) ;
#1984 = CARTESIAN_POINT ( 'NONE',  ( 2.246182916263080198, 2.246182916263080198, -1.953125001706995656 ) ) ;
#1985 = CARTESIAN_POINT ( 'NONE',  ( 1.035533905932737309, -2.499999999999997335, -1.796875003413986871 ) ) ;
#1986 = CARTESIAN_POINT ( 'NONE',  ( -3.176582343749998927, -1.315783488776161692, -6.250000001706995434 ) ) ;
#1987 = VERTEX_POINT ( 'NONE', #398 ) ;
#1988 = CARTESIAN_POINT ( 'NONE',  ( -2.499999999999997780, 1.035533905932737087, -7.265625003413986427 ) ) ;
#1989 = ORIENTED_EDGE ( 'NONE', *, *, #52, .T. ) ;
#1990 = CARTESIAN_POINT ( 'NONE',  ( 2.499999999999997335, -1.035533905932738419, -5.390625003413987315 ) ) ;
#1991 = EDGE_CURVE ( 'NONE', #902, #1953, #1772, .T. ) ;
#1992 = CARTESIAN_POINT ( 'NONE',  ( 14.99999999999999645, 14.99999999999999822, -10.00000000000000000 ) ) ;
#1993 = CARTESIAN_POINT ( 'NONE',  ( 3.176582343749997150, -1.315783488776165022, -0.9375000017069946567 ) ) ;
#1994 = DIRECTION ( 'NONE',  ( 1.000000000000000000, 0.000000000000000000, 0.000000000000000000 ) ) ;
#1995 = LINE ( 'NONE', #602, #2277 ) ;
#1996 = DIRECTION ( 'NONE',  ( 0.000000000000000000, -0.000000000000000000, -1.000000000000000000 ) ) ;
#1997 = CARTESIAN_POINT ( 'NONE',  ( -2.246182916263080198, -2.246182916263079754, 0.07812499829300441345 ) ) ;
#1998 = CARTESIAN_POINT ( 'NONE',  ( 2.499999999999997780, 0.000000000000000000, -2.500000000000003997 ) ) ;
#1999 = VERTEX_POINT ( 'NONE', #222 ) ;
#2000 = CARTESIAN_POINT ( 'NONE',  ( 2.499999999999997780, 0.000000000000000000, -7.812500003413988203 ) ) ;
#2001 = ORIENTED_EDGE ( 'NONE', *, *, #341, .T. ) ;
#2002 = DIRECTION ( 'NONE',  ( -0.000000000000000000, 0.000000000000000000, 1.000000000000000000 ) ) ;
#2003 = CARTESIAN_POINT ( 'NONE',  ( -3.176582343749998927, -1.315783488776161692, -8.750000001706995434 ) ) ;
#2004 = CARTESIAN_POINT ( 'NONE',  ( 1.530808498934190338E-16, 2.499999999999997780, -5.000000003413987315 ) ) ;
#2005 = FACE_OUTER_BOUND ( 'NONE', #1301, .T. ) ;
#2006 = EDGE_CURVE ( 'NONE', #1128, #1734, #2038, .T. ) ;
#2007 = LINE ( 'NONE', #253, #795 ) ;
#2008 = CARTESIAN_POINT ( 'NONE',  ( -5.835287099252147767E-16, -3.176582343749998039, -3.515625001706995434 ) ) ;
#2009 = CARTESIAN_POINT ( 'NONE',  ( -1.767766952966367100, 1.767766952966367544, -2.031250000000003553 ) ) ;
#2010 = DIRECTION ( 'NONE',  ( -0.000000000000000000, -0.000000000000000000, 1.000000000000000000 ) ) ;
#2011 = ADVANCED_FACE ( 'NONE', ( #762 ), #1369, .F. ) ;
#2012 = CARTESIAN_POINT ( 'NONE',  ( -3.176582343749998039, 1.315783488776162580, -5.156250001706996322 ) ) ;
#2013 = CARTESIAN_POINT ( 'NONE',  ( 1.530808498934190338E-16, 2.499999999999997780, -1.250000003413987315 ) ) ;
#2014 = ORIENTED_EDGE ( 'NONE', *, *, #798, .F. ) ;
#2015 = CARTESIAN_POINT ( 'NONE',  ( 1.035533905932737309, -2.499999999999997335, -5.546875003413987315 ) ) ;
#2016 = AXIS2_PLACEMENT_3D ( 'NONE', #2116, #2090, #2489 ) ;
#2017 = DIRECTION ( 'NONE',  ( 1.000000000000000000, 0.000000000000000000, 0.000000000000000000 ) ) ;
#2018 = CARTESIAN_POINT ( 'NONE',  ( 3.176582343749998039, 1.315783488776162580, -9.375000001706995434 ) ) ;
#2019 = PLANE ( 'NONE',  #409 ) ;
#2020 = AXIS2_PLACEMENT_3D ( 'NONE', #1388, #952, #1730 ) ;
#2021 = VECTOR ( 'NONE', #277, 1000.000000000000000 ) ;
#2022 =( BOUNDED_CURVE ( )  B_SPLINE_CURVE ( 2, ( #1498, #2313, #63, #1698, #1251, #496, #681, #704, #1266 ),
 .UNSPECIFIED., .F., .T. ) 
 B_SPLINE_CURVE_WITH_KNOTS ( ( 3, 2, 2, 2, 3 ),
 ( 0.5000000000000000000, 0.5156250000000000000, 0.5312500000000000000, 0.5468750000000000000, 0.5625000000000000000 ),
 .UNSPECIFIED. ) 
 CURVE ( )  GEOMETRIC_REPRESENTATION_ITEM ( )  RATIONAL_B_SPLINE_CURVE ( ( 1.000000000000000000, 0.9238795325112867385, 1.000000000000000000, 0.9238795325112867385, 1.000000000000000000, 0.9238795325112867385, 1.000000000000000000, 0.9238795325112867385, 1.000000000000000000 ) ) 
 REPRESENTATION_ITEM ( '' )  );
#2023 = CARTESIAN_POINT ( 'NONE',  ( 2.499999999999997780, 0.000000000000000000, 0.000000000000000000 ) ) ;
#2024 = CARTESIAN_POINT ( 'NONE',  ( 3.176582343749998039, 1.315783488776162580, -3.125000001706994990 ) ) ;
#2025 = CARTESIAN_POINT ( 'NONE',  ( 0.000000000000000000, 0.000000000000000000, 0.000000000000000000 ) ) ;
#2026 = CARTESIAN_POINT ( 'NONE',  ( -3.176582343749997595, 1.315783488776162580, -0.1562500017069958225 ) ) ;
#2027 = CARTESIAN_POINT ( 'NONE',  ( -1.767766952966367766, -1.767766952966367100, -1.718750000000003331 ) ) ;
#2028 = ORIENTED_EDGE ( 'NONE', *, *, #360, .F. ) ;
#2029 = CARTESIAN_POINT ( 'NONE',  ( 1.035533905932737309, -2.499999999999997335, -5.546875003413987315 ) ) ;
#2030 = ORIENTED_EDGE ( 'NONE', *, *, #1732, .T. ) ;
#2031 = CARTESIAN_POINT ( 'NONE',  ( 1.315783488776162580, 3.176582343749997595, -7.968750001706996322 ) ) ;
#2032 = DIRECTION ( 'NONE',  ( -0.000000000000000000, -0.000000000000000000, 1.000000000000000000 ) ) ;
#2033 = CARTESIAN_POINT ( 'NONE',  ( 1.315783488776162580, 3.176582343749998039, -9.218750001706997210 ) ) ;
#2034 = CARTESIAN_POINT ( 'NONE',  ( 1.767766952966367544, 1.767766952966367544, -2.656250003413986871 ) ) ;
#2035 = CARTESIAN_POINT ( 'NONE',  ( -2.499999999999998224, -1.035533905932736642, -4.296875000000003553 ) ) ;
#2036 = DIRECTION ( 'NONE',  ( -0.000000000000000000, -0.000000000000000000, 1.000000000000000000 ) ) ;
#2037 = DIRECTION ( 'NONE',  ( -1.000000000000000000, 0.000000000000000000, 0.000000000000000000 ) ) ;
#2038 =( BOUNDED_CURVE ( )  B_SPLINE_CURVE ( 2, ( #1211, #2018, #213, #2033, #1197, #1014, #1643, #1819, #998, #2003, #196, #15, #1805, #811, #1615, #2425, #611, #1416, #2236, #1626, #1222, #1031, #1833, #823, #2435, #630, #1431, #2250, #427, #1443, #2387, #557, #995, #1601, #143, #2549, #1357, #395, #1863, #2045, #1654, #1844, #648, #1611, #1640, #607, #1439, #933, #110, #916, #1721, #1571, #1155, #1964, #759, #2012, #2444, #1242, #2058, #1111, #1717, #55, #1073, #1786, #151, #753, #179, #2170, #122, #2529, #354, #1530, #577, #966, #723, #1776, #368, #736, #2586, #1543, #403, #2024, #1797, #593, #2214, #829, #616, #1018, #1823, #1924, #1750, #2536, #744, #2138, #321, #2496, #1090, #129, #1496, #2579, #2177, #1209, #1171, #1765, #1602, #958, #2221, #1803, #797, #376, #1196, #1585, #1967, #774, #785, #545, #184, #2400, #2162, #1560, #2374, #1185, #1574 ),
 .UNSPECIFIED., .F., .F. ) 
 B_SPLINE_CURVE_WITH_KNOTS ( ( 3, 2, 2, 2, 2, 2, 2, 2, 2, 2, 2, 2, 2, 2, 2, 2, 2, 2, 2, 2, 2, 2, 2, 2, 2, 2, 2, 2, 2, 2, 2, 2, 2, 2, 2, 2, 2, 2, 2, 2, 2, 2, 2, 2, 2, 2, 2, 2, 2, 2, 2, 2, 2, 2, 2, 2, 2, 2, 2, 2, 2, 3 ),
 ( 0.000000000000000000, 0.01562500000000000000, 0.03125000000000000000, 0.04687499999999999306, 0.06250000000000000000, 0.07812500000000000000, 0.09374999999999998612, 0.1093750000000000000, 0.1250000000000000000, 0.1406250000000000000, 0.1562500000000000000, 0.1718750000000000000, 0.1874999999999999722, 0.2031250000000000000, 0.2187500000000000000, 0.2343750000000000000, 0.2500000000000000000, 0.2656250000000000000, 0.2812500000000000000, 0.2968750000000000000, 0.3125000000000000000, 0.3281250000000000000, 0.3437500000000000000, 0.3593750000000000000, 0.3749999999999999445, 0.3906250000000000000, 0.4062500000000000000, 0.4218750000000000000, 0.4375000000000000000, 0.4531250000000000000, 0.4687500000000000000, 0.4843750000000000000, 0.5000000000000000000, 0.5156250000000000000, 0.5312500000000000000, 0.5468750000000000000, 0.5625000000000000000, 0.5781250000000000000, 0.5937500000000000000, 0.6093750000000000000, 0.6250000000000000000, 0.6406250000000000000, 0.6562500000000000000, 0.6718750000000000000, 0.6875000000000000000, 0.7031250000000000000, 0.7187500000000000000, 0.7343750000000000000, 0.7499999999999998890, 0.7656250000000000000, 0.7812500000000000000, 0.7968750000000000000, 0.8125000000000000000, 0.8281250000000000000, 0.8437500000000000000, 0.8593750000000000000, 0.8750000000000000000, 0.8906250000000000000, 0.9062500000000000000, 0.9218750000000000000, 0.9375000000000000000, 0.9453125001642026515 ),
 .UNSPECIFIED. ) 
 CURVE ( )  GEOMETRIC_REPRESENTATION_ITEM ( )  RATIONAL_B_SPLINE_CURVE ( ( 1.000000000000000000, 0.9238795325112867385, 1.000000000000000000, 0.9238795325112867385, 1.000000000000000000, 0.9238795325112867385, 1.000000000000000000, 0.9238795325112867385, 1.000000000000000000, 0.9238795325112867385, 1.000000000000000000, 0.9238795325112867385, 1.000000000000000000, 0.9238795325112867385, 1.000000000000000000, 0.9238795325112867385, 1.000000000000000000, 0.9238795325112867385, 1.000000000000000000, 0.9238795325112867385, 1.000000000000000000, 0.9238795325112867385, 1.000000000000000000, 0.9238795325112867385, 1.000000000000000000, 0.9238795325112867385, 1.000000000000000000, 0.9238795325112867385, 1.000000000000000000, 0.9238795325112867385, 1.000000000000000000, 0.9238795325112867385, 1.000000000000000000, 0.9238795325112867385, 1.000000000000000000, 0.9238795325112867385, 1.000000000000000000, 0.9238795325112867385, 1.000000000000000000, 0.9238795325112867385, 1.000000000000000000, 0.9238795325112867385, 1.000000000000000000, 0.9238795325112867385, 1.000000000000000000, 0.9238795325112867385, 1.000000000000000000, 0.9238795325112867385, 1.000000000000000000, 0.9238795325112867385, 1.000000000000000000, 0.9238795325112867385, 1.000000000000000000, 0.9238795325112867385, 1.000000000000000000, 0.9238795325112867385, 1.000000000000000000, 0.9238795325112867385, 1.000000000000000000, 0.9238795325112867385, 1.000000000000000000, 0.9238795325112867385, 1.000000000000000000, 0.9238795325112867385, 1.000000000000000000, 0.9238795325112867385, 1.000000000000000000, 0.9238795325112867385, 1.000000000000000000, 0.9238795325112867385, 1.000000000000000000, 0.9238795325112867385, 1.000000000000000000, 0.9238795325112867385, 1.000000000000000000, 0.9238795325112867385, 1.000000000000000000, 0.9238795325112867385, 1.000000000000000000, 0.9238795325112867385, 1.000000000000000000, 0.9238795325112867385, 1.000000000000000000, 0.9238795325112867385, 1.000000000000000000, 0.9238795325112867385, 1.000000000000000000, 0.9238795325112867385, 1.000000000000000000, 0.9238795325112867385, 1.000000000000000000, 0.9238795325112867385, 1.000000000000000000, 0.9238795325112867385, 1.000000000000000000, 0.9238795325112867385, 1.000000000000000000, 0.9238795325112867385, 1.000000000000000000, 0.9238795325112867385, 1.000000000000000000, 0.9238795325112867385, 1.000000000000000000, 0.9238795325112867385, 1.000000000000000000, 0.9238795325112867385, 1.000000000000000000, 0.9238795325112867385, 1.000000000000000000, 0.9238795325112867385, 1.000000000000000000, 0.9238795325112867385, 1.000000000000000000, 0.9238795325112867385, 1.000000000000000000, 0.9238795325112867385, 1.000000000000000000, 0.9238795325112867385, 1.000000000000000000, 0.9238795325112867385, 1.000000000000000000, 0.9619397654556957056, 0.9619397662556433692 ) ) 
 REPRESENTATION_ITEM ( '' )  );
#2039 = CARTESIAN_POINT ( 'NONE',  ( 2.246182916263080198, 2.246182916263080198, -0.5468750017069944347 ) ) ;
#2040 = CARTESIAN_POINT ( 'NONE',  ( -2.499999999999997780, 1.035533905932737087, -1.953125000000003553 ) ) ;
#2041 = ORIENTED_EDGE ( 'NONE', *, *, #798, .T. ) ;
#2042 = CARTESIAN_POINT ( 'NONE',  ( -2.499999999999998224, -1.035533905932736642, -0.8593750034139869820 ) ) ;
#2043 = EDGE_CURVE ( 'NONE', #902, #2096, #2564, .T. ) ;
#2044 = ORIENTED_EDGE ( 'NONE', *, *, #1581, .T. ) ;
#2045 = CARTESIAN_POINT ( 'NONE',  ( -3.176582343749998039, 1.315783488776162580, -6.406250001706995434 ) ) ;
#2046 = EDGE_CURVE ( 'NONE', #519, #2456, #2412, .T. ) ;
#2047 = CARTESIAN_POINT ( 'NONE',  ( 2.246182916263079310, -2.246182916263080198, -7.109375001706995434 ) ) ;
#2048 = CARTESIAN_POINT ( 'NONE',  ( -9.000000000000000000, -1.419319207617387730E-15, -10.00000000000000000 ) ) ;
#2049 = CARTESIAN_POINT ( 'NONE',  ( 1.315783488776162580, 3.176582343749998039, -0.6250000017069944347 ) ) ;
#2050 = FACE_BOUND ( 'NONE', #128, .T. ) ;
#2051 = PRODUCT_DEFINITION_SHAPE ( 'NONE', 'NONE',  #1019 ) ;
#2052 = CARTESIAN_POINT ( 'NONE',  ( -2.499999999999997780, 1.035533905932737087, -5.703125000000004441 ) ) ;
#2053 = CARTESIAN_POINT ( 'NONE',  ( -14.00000000000000355, 10.87054224807963010, -150.0000000000000000 ) ) ;
#2054 = APPROVAL_ROLE ( '' ) ;
#2055 = CARTESIAN_POINT ( 'NONE',  ( 2.246182916263079310, -2.246182916263080198, -2.109375001706994990 ) ) ;
#2056 = CARTESIAN_POINT ( 'NONE',  ( 1.767766952966367544, 1.767766952966367544, -1.093750000000002665 ) ) ;
#2057 = ORIENTED_EDGE ( 'NONE', *, *, #169, .F. ) ;
#2058 = CARTESIAN_POINT ( 'NONE',  ( -2.246182916263080198, -2.246182916263079754, -4.921875001706995434 ) ) ;
#2059 = CARTESIAN_POINT ( 'NONE',  ( 1.530808498934190338E-16, 2.499999999999997780, -2.500000003413987315 ) ) ;
#2060 = VERTEX_POINT ( 'NONE', #558 ) ;
#2061 = CARTESIAN_POINT ( 'NONE',  ( -2.499999999999997780, 3.061616997868380676E-16, -4.375000000000003553 ) ) ;
#2062 = ORIENTED_EDGE ( 'NONE', *, *, #1850, .T. ) ;
#2063 = CARTESIAN_POINT ( 'NONE',  ( 1.315783488776162580, 3.176582343749998039, -9.375000001706995434 ) ) ;
#2064 = CARTESIAN_POINT ( 'NONE',  ( 1.767766952966366878, -1.767766952966367766, -5.156250000000003553 ) ) ;
#2065 = CARTESIAN_POINT ( 'NONE',  ( -2.499999999999997780, 3.061616997868380676E-16, -2.187500003413987315 ) ) ;
#2066 = AXIS2_PLACEMENT_3D ( 'NONE', #1620, #2010, #620 ) ;
#2067 = CARTESIAN_POINT ( 'NONE',  ( 2.499999999999997780, 0.000000000000000000, -1.562500003413987537 ) ) ;
#2068 = VECTOR ( 'NONE', #1565, 1000.000000000000000 ) ;
#2069 = MECHANICAL_CONTEXT ( 'NONE', #2120, 'mechanical' ) ;
#2070 = CARTESIAN_POINT ( 'NONE',  ( 1.767766952966366878, -1.767766952966367766, -1.406250000000002887 ) ) ;
#2071 = LINE ( 'NONE', #325, #2398 ) ;
#2072 = CARTESIAN_POINT ( 'NONE',  ( -2.499999999999997780, 3.061616997868380676E-16, -3.437500003413987315 ) ) ;
#2073 = ORIENTED_EDGE ( 'NONE', *, *, #68, .F. ) ;
#2074 = CARTESIAN_POINT ( 'NONE',  ( 2.499999999999997780, 0.000000000000000000, -9.062500003413987315 ) ) ;
#2075 = DIRECTION ( 'NONE',  ( 3.154042683594195121E-16, -1.000000000000000000, 0.000000000000000000 ) ) ;
#2076 = EDGE_CURVE ( 'NONE', #1663, #1065, #599, .T. ) ;
#2077 = CARTESIAN_POINT ( 'NONE',  ( 1.530808498934190338E-16, 2.499999999999997780, -3.437500000000003997 ) ) ;
#2078 = CARTESIAN_POINT ( 'NONE',  ( -2.246182916263080198, -2.246182916263079754, -5.078125001706995434 ) ) ;
#2079 = APPROVAL_STATUS ( 'not_yet_approved' ) ;
#2080 = CARTESIAN_POINT ( 'NONE',  ( -1.315783488776164134, -3.176582343749996706, -3.750000001706995434 ) ) ;
#2081 = CARTESIAN_POINT ( 'NONE',  ( 2.499999999999997780, 1.035533905932736642, -0.2343750034139863159 ) ) ;
#2082 = CARTESIAN_POINT ( 'NONE',  ( -1.315783488776161914, 3.176582343749997595, -4.218750001706994546 ) ) ;
#2083 = EDGE_LOOP ( 'NONE', ( #54, #2535 ) ) ;
#2084 = CARTESIAN_POINT ( 'NONE',  ( -1.035533905932736864, 2.499999999999997780, -2.109375000000003553 ) ) ;
#2085 = VERTEX_POINT ( 'NONE', #2206 ) ;
#2086 = CARTESIAN_POINT ( 'NONE',  ( -8.999999999999998224, -11.12945775192036812, -10.00000000000000888 ) ) ;
#2087 = DIRECTION ( 'NONE',  ( 0.8660254037844399289, 0.000000000000000000, 0.4999999999999977796 ) ) ;
#2088 = LINE ( 'NONE', #470, #249 ) ;
#2089 = CARTESIAN_POINT ( 'NONE',  ( 3.176582343749998039, 0.000000000000000000, -4.609375001706995434 ) ) ;
#2090 = DIRECTION ( 'NONE',  ( -0.000000000000000000, -0.000000000000000000, 1.000000000000000000 ) ) ;
#2091 = PERSON_AND_ORGANIZATION_ROLE ( 'classification_officer' ) ;
#2092 = CARTESIAN_POINT ( 'NONE',  ( -1.315783488776164134, -3.176582343749996706, -6.250000001706996322 ) ) ;
#2093 = DIRECTION ( 'NONE',  ( 0.000000000000000000, -0.000000000000000000, -1.000000000000000000 ) ) ;
#2094 = CARTESIAN_POINT ( 'NONE',  ( -2.499999999999997780, 1.035533905932737087, -8.203125000000003553 ) ) ;
#2095 = CARTESIAN_POINT ( 'NONE',  ( 2.246182916263080198, 2.246182916263080198, -1.953125001706995656 ) ) ;
#2096 = VERTEX_POINT ( 'NONE', #1158 ) ;
#2097 = CARTESIAN_POINT ( 'NONE',  ( 1.945095699750716087E-16, 3.176582343749998039, -1.640625001706995434 ) ) ;
#2098 = EDGE_LOOP ( 'NONE', ( #2373, #2014, #1622, #1130, #2258, #2591, #861, #393, #2109, #2589, #1157, #782, #2511, #2495, #2522, #26, #743, #476, #627, #267 ) ) ;
#2099 = DIRECTION ( 'NONE',  ( -0.000000000000000000, -0.000000000000000000, 1.000000000000000000 ) ) ;
#2100 = CARTESIAN_POINT ( 'NONE',  ( 2.499999999999997780, 0.000000000000000000, -4.062500003413987315 ) ) ;
#2101 = LINE ( 'NONE', #1486, #2360 ) ;
#2102 = CARTESIAN_POINT ( 'NONE',  ( -3.176582343749998927, -1.315783488776161692, -3.906250001706995434 ) ) ;
#2103 = CARTESIAN_POINT ( 'NONE',  ( 1.945095699750716087E-16, 3.176582343749998039, -4.296875001706995434 ) ) ;
#2104 = CARTESIAN_POINT ( 'NONE',  ( 1.767766952966366878, -1.767766952966367766, -0.4687500034139865379 ) ) ;
#2105 = AXIS2_PLACEMENT_3D ( 'NONE', #1550, #2363, #350 ) ;
#2106 = EDGE_CURVE ( 'NONE', #112, #11, #1836, .T. ) ;
#2107 = CARTESIAN_POINT ( 'NONE',  ( 3.176582343749997595, 1.315783488776162136, -3.281250001706994990 ) ) ;
#2108 = AXIS2_PLACEMENT_3D ( 'NONE', #913, #1477, #887 ) ;
#2109 = ORIENTED_EDGE ( 'NONE', *, *, #2207, .F. ) ;
#2110 =( BOUNDED_CURVE ( )  B_SPLINE_CURVE ( 2, ( #1616, #1407, #1001, #642, #987, #401, #2253, #2598, #2611 ),
 .UNSPECIFIED., .F., .F. ) 
 B_SPLINE_CURVE_WITH_KNOTS ( ( 3, 2, 2, 2, 3 ),
 ( 0.2500000000000000555, 0.2656250000000000555, 0.2812500000000000000, 0.2968750000000000000, 0.3125000000000000000 ),
 .UNSPECIFIED. ) 
 CURVE ( )  GEOMETRIC_REPRESENTATION_ITEM ( )  RATIONAL_B_SPLINE_CURVE ( ( 0.9999999999999997780, 0.9238795325112869605, 1.000000000000000000, 0.9238795325112867385, 1.000000000000000000, 0.9238795325112867385, 1.000000000000000000, 0.9238795325112867385, 1.000000000000000000 ) ) 
 REPRESENTATION_ITEM ( '' )  );
#2111 = CARTESIAN_POINT ( 'NONE',  ( -3.176582343749998927, -1.315783488776161692, -2.500000001706995878 ) ) ;
#2112 = ORIENTED_EDGE ( 'NONE', *, *, #891, .T. ) ;
#2113 = CARTESIAN_POINT ( 'NONE',  ( 1.945095699750716087E-16, 3.176582343749998039, -9.296875001706995434 ) ) ;
#2114 = CARTESIAN_POINT ( 'NONE',  ( 0.1490950223515969675, -3.021323497130020463, 1.856094317001183690E-15 ) ) ;
#2115 = CARTESIAN_POINT ( 'NONE',  ( 2.246182916263079310, -2.246182916263080198, -4.765625001706995434 ) ) ;
#2116 = CARTESIAN_POINT ( 'NONE',  ( 0.000000000000000000, 0.000000000000000000, 0.000000000000000000 ) ) ;
#2117 = APPROVAL_STATUS ( 'not_yet_approved' ) ;
#2118 = CARTESIAN_POINT ( 'NONE',  ( -3.176582343749998039, 3.890191399501432173E-16, -7.734375001706995434 ) ) ;
#2119 = PLANE ( 'NONE',  #2194 ) ;
#2120 = APPLICATION_CONTEXT ( 'configuration controlled 3d designs of mechanical parts and assemblies' ) ;
#2121 = CARTESIAN_POINT ( 'NONE',  ( 2.246182916263080198, 2.246182916263080198, -0.7031250017069945457 ) ) ;
#2122 = ORIENTED_EDGE ( 'NONE', *, *, #742, .T. ) ;
#2123 = EDGE_CURVE ( 'NONE', #1143, #2605, #982, .T. ) ;
#2124 = CARTESIAN_POINT ( 'NONE',  ( 3.176582343749997595, 1.315783488776162136, -3.125000001706994990 ) ) ;
#2125 =( BOUNDED_CURVE ( )  B_SPLINE_CURVE ( 2, ( #1444, #2596, #2034, #999, #1032, #445, #2610, #16, #2224 ),
 .UNSPECIFIED., .F., .F. ) 
 B_SPLINE_CURVE_WITH_KNOTS ( ( 3, 2, 2, 2, 3 ),
 ( 0.6250000000000000000, 0.6406250000000000000, 0.6562500000000000000, 0.6718750000000000000, 0.6875000000000000000 ),
 .UNSPECIFIED. ) 
 CURVE ( )  GEOMETRIC_REPRESENTATION_ITEM ( )  RATIONAL_B_SPLINE_CURVE ( ( 1.000000000000000000, 0.9238795325112867385, 1.000000000000000000, 0.9238795325112867385, 1.000000000000000000, 0.9238795325112867385, 1.000000000000000000, 0.9238795325112867385, 1.000000000000000000 ) ) 
 REPRESENTATION_ITEM ( '' )  );
#2126 = ORIENTED_EDGE ( 'NONE', *, *, #1846, .T. ) ;
#2127 = CARTESIAN_POINT ( 'NONE',  ( -1.315783488776164134, -3.176582343749996706, -7.500000001706995434 ) ) ;
#2128 = CARTESIAN_POINT ( 'NONE',  ( 2.499999999999997335, -1.035533905932738419, -4.140625003413987315 ) ) ;
#2129 = CARTESIAN_POINT ( 'NONE',  ( 0.000000000000000000, 0.000000000000000000, 0.000000000000000000 ) ) ;
#2130 = CARTESIAN_POINT ( 'NONE',  ( 1.315783488776163024, -3.176582343749997595, -3.593750001706995434 ) ) ;
#2131 = CARTESIAN_POINT ( 'NONE',  ( 13.99999999999999645, -11.12945775192036812, 0.000000000000000000 ) ) ;
#2132 = CARTESIAN_POINT ( 'NONE',  ( -1.315783488776161914, 3.176582343749997595, -4.218750001706994546 ) ) ;
#2133 = CARTESIAN_POINT ( 'NONE',  ( -2.499999999999997780, 3.061616997868380676E-16, -8.125000000000003553 ) ) ;
#2134 = CARTESIAN_POINT ( 'NONE',  ( -3.176582343749998039, 3.890191399501432173E-16, -2.734375001706995434 ) ) ;
#2135 = ORIENTED_EDGE ( 'NONE', *, *, #2411, .F. ) ;
#2136 = CARTESIAN_POINT ( 'NONE',  ( -3.176582343749997595, 1.315783488776162580, -1.406250001706995212 ) ) ;
#2137 = ORIENTED_EDGE ( 'NONE', *, *, #1747, .T. ) ;
#2138 = CARTESIAN_POINT ( 'NONE',  ( 1.315783488776163024, -3.176582343749997595, -2.187500001706995878 ) ) ;
#2139 = CARTESIAN_POINT ( 'NONE',  ( 3.176582343749997595, 1.315783488776162136, -7.031250001706995434 ) ) ;
#2140 = CARTESIAN_POINT ( 'NONE',  ( -2.499999999999997780, 3.061616997868380676E-16, -1.875000000000003331 ) ) ;
#2141 = DIRECTION ( 'NONE',  ( -0.000000000000000000, -0.000000000000000000, 1.000000000000000000 ) ) ;
#2142 = CARTESIAN_POINT ( 'NONE',  ( 1.767766952966367544, 1.767766952966367544, -7.343750000000002665 ) ) ;
#2143 = CARTESIAN_POINT ( 'NONE',  ( 2.246182916263079310, -2.246182916263080198, -1.015625001706994768 ) ) ;
#2144 = CARTESIAN_POINT ( 'NONE',  ( 1.530808498934190338E-16, 2.499999999999997780, -7.187500000000003553 ) ) ;
#2145 = CARTESIAN_POINT ( 'NONE',  ( 3.176582343749997595, 1.315783488776162136, -5.625000001706995434 ) ) ;
#2146 = VERTEX_POINT ( 'NONE', #1790 ) ;
#2147 = VECTOR ( 'NONE', #363, 1000.000000000000000 ) ;
#2148 = CARTESIAN_POINT ( 'NONE',  ( 2.246182916263079310, -2.246182916263080198, -4.609375001706995434 ) ) ;
#2149 = AXIS2_PLACEMENT_3D ( 'NONE', #1430, #29, #839 ) ;
#2150 = ORIENTED_EDGE ( 'NONE', *, *, #263, .F. ) ;
#2151 = CARTESIAN_POINT ( 'NONE',  ( 3.176582343749998039, 0.000000000000000000, -5.859375001706995434 ) ) ;
#2152 = LINE ( 'NONE', #731, #1176 ) ;
#2153 = LOCAL_TIME ( 23, 57, 29.00000000000000000, #238 ) ;
#2154 = CARTESIAN_POINT ( 'NONE',  ( -2.499999999999998224, -1.035533905932736642, -8.046875000000003553 ) ) ;
#2155 = EDGE_CURVE ( 'NONE', #2085, #318, #454, .T. ) ;
#2156 = CYLINDRICAL_SURFACE ( 'NONE', #326, 2.499999999999997780 ) ;
#2157 = CARTESIAN_POINT ( 'NONE',  ( 2.499999999999997780, 0.000000000000000000, -7.500000000000003553 ) ) ;
#2158 = CARTESIAN_POINT ( 'NONE',  ( -1.315783488776161914, 3.176582343749997595, -0.4687500017069960445 ) ) ;
#2159 = CARTESIAN_POINT ( 'NONE',  ( 1.035533905932737309, -2.499999999999997335, -8.984375000000003553 ) ) ;
#2160 = CARTESIAN_POINT ( 'NONE',  ( -5.835287099252147767E-16, -3.176582343749998039, -6.015625001706995434 ) ) ;
#2161 = CARTESIAN_POINT ( 'NONE',  ( -1.035533905932736642, 2.499999999999997780, -8.671875003413990868 ) ) ;
#2162 = CARTESIAN_POINT ( 'NONE',  ( -2.246182916263079754, 2.246182916263080198, -0.2343750017069958780 ) ) ;
#2163 = CARTESIAN_POINT ( 'NONE',  ( -3.176582343749997595, 1.315783488776162580, -6.562500001706995434 ) ) ;
#2164 = CARTESIAN_POINT ( 'NONE',  ( 1.198687951836840071, -2.193888601119299064, -0.5250000000000011324 ) ) ;
#2165 = CARTESIAN_POINT ( 'NONE',  ( -1.035533905932738197, -2.499999999999997335, -6.640625000000005329 ) ) ;
#2166 = CARTESIAN_POINT ( 'NONE',  ( 2.634719599531425871, 0.000000000000000000, -0.3902804004685746508 ) ) ;
#2167 = MANIFOLD_SOLID_BREP ( '\X2\87ba7eb97ebf\X0\1', #2189 ) ;
#2168 = DIRECTION ( 'NONE',  ( -0.000000000000000000, -0.000000000000000000, 1.000000000000000000 ) ) ;
#2169 = CARTESIAN_POINT ( 'NONE',  ( -2.246182916263080198, -2.246182916263079754, -2.578125001706995434 ) ) ;
#2170 = CARTESIAN_POINT ( 'NONE',  ( 1.315783488776162580, 3.176582343749998039, -4.218750001706995434 ) ) ;
#2171 = CARTESIAN_POINT ( 'NONE',  ( 1.767766952966367544, 1.767766952966367544, -7.343750000000002665 ) ) ;
#2172 = EDGE_CURVE ( 'NONE', #1999, #2282, #25, .T. ) ;
#2173 = CARTESIAN_POINT ( 'NONE',  ( -1.315783488776164134, -3.176582343749996706, -6.093750001706997210 ) ) ;
#2174 = ORIENTED_EDGE ( 'NONE', *, *, #1005, .T. ) ;
#2175 = CARTESIAN_POINT ( 'NONE',  ( 2.499999999999997780, 0.000000000000000000, -6.562500003413986427 ) ) ;
#2176 = ORIENTED_EDGE ( 'NONE', *, *, #2269, .T. ) ;
#2177 = CARTESIAN_POINT ( 'NONE',  ( 1.945095699750716087E-16, 3.176582343749998039, -1.640625001706995434 ) ) ;
#2178 = CARTESIAN_POINT ( 'NONE',  ( 3.176582343749997595, 1.315783488776162136, -8.281250001706995434 ) ) ;
#2179 = CARTESIAN_POINT ( 'NONE',  ( -2.499999999999997780, -0.6384301011623416677, -0.5768341684733366836 ) ) ;
#2180 = CARTESIAN_POINT ( 'NONE',  ( 1.767766952966366878, -1.767766952966367766, -2.656250000000003109 ) ) ;
#2181 = DIRECTION ( 'NONE',  ( -0.000000000000000000, -0.000000000000000000, 1.000000000000000000 ) ) ;
#2182 = CARTESIAN_POINT ( 'NONE',  ( -3.176582343749997595, 1.315783488776162580, -2.812500001706996322 ) ) ;
#2183 = CARTESIAN_POINT ( 'NONE',  ( 1.035533905932736864, 2.499999999999997780, -7.265625000000002665 ) ) ;
#2184 = CARTESIAN_POINT ( 'NONE',  ( -1.315783488776161914, 3.176582343749997595, -9.062500001706995434 ) ) ;
#2185 = CARTESIAN_POINT ( 'NONE',  ( -4.592425496802570028E-16, -2.499999999999997780, -2.812500000000003553 ) ) ;
#2186 = ORIENTED_EDGE ( 'NONE', *, *, #2600, .T. ) ;
#2187 = CARTESIAN_POINT ( 'NONE',  ( 1.315783488776162580, 3.176582343749997595, -0.4687500017069943792 ) ) ;
#2188 = EDGE_CURVE ( 'NONE', #699, #1065, #12, .T. ) ;
#2189 = CLOSED_SHELL ( 'NONE', ( #1665, #1961, #905, #2582, #2531, #117, #646, #1910, #942, #1881, #1299, #231, #275, #712, #420, #985, #1762, #1186, #1795, #2302, #974, #306, #1770, #566, #2423, #808, #988, #2346, #992, #1213, #2011, #2318, #187, #778, #2315, #1119, #1815, #552, #440, #1059, #1100, #2210 ) ) ;
#2190 = AXIS2_PLACEMENT_3D ( 'NONE', #480, #1105, #1887 ) ;
#2191 = ORIENTED_EDGE ( 'NONE', *, *, #910, .F. ) ;
#2192 = CARTESIAN_POINT ( 'NONE',  ( -13.99999999999999645, -11.12945775192036812, -150.0000000000000000 ) ) ;
#2193 = CARTESIAN_POINT ( 'NONE',  ( -2.499999999999997780, 3.061616997868380676E-16, -4.375000000000003553 ) ) ;
#2194 = AXIS2_PLACEMENT_3D ( 'NONE', #1112, #301, #2481 ) ;
#2195 = CARTESIAN_POINT ( 'NONE',  ( -1.035533905932736864, 2.499999999999997780, -8.671875003413990868 ) ) ;
#2196 = AXIS2_PLACEMENT_3D ( 'NONE', #635, #1047, #2037 ) ;
#2197 = CARTESIAN_POINT ( 'NONE',  ( -1.315783488776164134, -3.176582343749997150, -1.250000001706994990 ) ) ;
#2198 = LINE ( 'NONE', #562, #1508 ) ;
#2199 = CARTESIAN_POINT ( 'NONE',  ( 1.530808498934190338E-16, 2.499999999999997780, -3.437500000000003997 ) ) ;
#2200 = CARTESIAN_POINT ( 'NONE',  ( -1.315783488776161914, 3.176582343749997595, -1.718750001706995434 ) ) ;
#2201 = CARTESIAN_POINT ( 'NONE',  ( -1.767766952966367100, 1.767766952966367544, -7.031250000000003553 ) ) ;
#2202 = CARTESIAN_POINT ( 'NONE',  ( -5.835287099252147767E-16, -3.176582343749998039, -7.265625001706995434 ) ) ;
#2203 = ORIENTED_EDGE ( 'NONE', *, *, #1170, .F. ) ;
#2204 = CARTESIAN_POINT ( 'NONE',  ( -2.499999999999997780, 1.035533905932737087, -8.515625003413985539 ) ) ;
#2205 = EDGE_LOOP ( 'NONE', ( #257, #1154 ) ) ;
#2206 = CARTESIAN_POINT ( 'NONE',  ( 6.500000000000000000, 0.000000000000000000, -10.00000000000000355 ) ) ;
#2207 = EDGE_CURVE ( 'NONE', #2266, #729, #2572, .T. ) ;
#2208 = CARTESIAN_POINT ( 'NONE',  ( -9.000000000000001776, 10.87054224807963010, 0.000000000000000000 ) ) ;
#2209 = DIRECTION ( 'NONE',  ( 1.000000000000000000, 0.000000000000000000, 0.000000000000000000 ) ) ;
#2210 = ADVANCED_FACE ( 'NONE', ( #1066 ), #565, .T. ) ;
#2211 = CARTESIAN_POINT ( 'NONE',  ( -1.767766952966367100, 1.767766952966367544, -5.781250000000003553 ) ) ;
#2212 =( BOUNDED_CURVE ( )  B_SPLINE_CURVE ( 2, ( #1161, #160, #1956, #2165, #338, #561, #146, #1979, #132 ),
 .UNSPECIFIED., .F., .T. ) 
 B_SPLINE_CURVE_WITH_KNOTS ( ( 3, 2, 2, 2, 3 ),
 ( 0.3125000000000000000, 0.3281250000000000000, 0.3437500000000000000, 0.3593750000000000000, 0.3750000000000000000 ),
 .UNSPECIFIED. ) 
 CURVE ( )  GEOMETRIC_REPRESENTATION_ITEM ( )  RATIONAL_B_SPLINE_CURVE ( ( 1.000000000000000000, 0.9238795325112867385, 1.000000000000000000, 0.9238795325112867385, 1.000000000000000000, 0.9238795325112867385, 1.000000000000000000, 0.9238795325112867385, 1.000000000000000000 ) ) 
 REPRESENTATION_ITEM ( '' )  );
#2213 = DIRECTION ( 'NONE',  ( 1.000000000000000000, 0.000000000000000000, 0.000000000000000000 ) ) ;
#2214 = CARTESIAN_POINT ( 'NONE',  ( 1.945095699750716087E-16, 3.176582343749998039, -2.890625001706995434 ) ) ;
#2215 = COORDINATED_UNIVERSAL_TIME_OFFSET ( 8, 0, .AHEAD. ) ;
#2216 = CARTESIAN_POINT ( 'NONE',  ( 1.945095699750716087E-16, 3.176582343749998039, -2.890625001706995434 ) ) ;
#2217 = CARTESIAN_POINT ( 'NONE',  ( 1.035533905932736864, 2.499999999999997780, -1.015625000000002665 ) ) ;
#2218 = ORIENTED_EDGE ( 'NONE', *, *, #2225, .F. ) ;
#2219 = CARTESIAN_POINT ( 'NONE',  ( -2.499999999999997780, 3.061616997868380676E-16, -5.937500003413987315 ) ) ;
#2220 = ORIENTED_EDGE ( 'NONE', *, *, #1501, .T. ) ;
#2221 = CARTESIAN_POINT ( 'NONE',  ( -2.246182916263080198, -2.246182916263079754, -1.171875001706994990 ) ) ;
#2222 = CARTESIAN_POINT ( 'NONE',  ( -1.767766952966367100, 1.767766952966367544, -8.593750003413987315 ) ) ;
#2223 = DIRECTION ( 'NONE',  ( -0.000000000000000000, -0.000000000000000000, 1.000000000000000000 ) ) ;
#2224 = CARTESIAN_POINT ( 'NONE',  ( -2.499999999999997780, 3.061616997868380676E-16, -2.187500003413987315 ) ) ;
#2225 = EDGE_CURVE ( 'NONE', #1953, #902, #793, .T. ) ;
#2226 = CARTESIAN_POINT ( 'NONE',  ( -2.499999999999997780, 3.061616997868380676E-16, 0.000000000000000000 ) ) ;
#2227 = PERSON_AND_ORGANIZATION ( #1352, #1944 ) ;
#2228 = CARTESIAN_POINT ( 'NONE',  ( 3.176582343749998039, 0.000000000000000000, -1.953125001706995656 ) ) ;
#2229 = CARTESIAN_POINT ( 'NONE',  ( -3.176582343749997595, 1.315783488776162580, -9.062500001706995434 ) ) ;
#2230 = ORIENTED_EDGE ( 'NONE', *, *, #2043, .T. ) ;
#2231 = CARTESIAN_POINT ( 'NONE',  ( -4.592425496802570028E-16, -2.499999999999997780, -3.125000003413987315 ) ) ;
#2232 = ORIENTED_EDGE ( 'NONE', *, *, #2188, .T. ) ;
#2233 = CARTESIAN_POINT ( 'NONE',  ( -2.246182916263080198, -2.246182916263079754, -6.171875001706996322 ) ) ;
#2234 = APPROVAL ( #2079, 'æœª' ) ;
#2235 = DIRECTION ( 'NONE',  ( 1.000000000000000000, 0.000000000000000000, 0.000000000000000000 ) ) ;
#2236 = CARTESIAN_POINT ( 'NONE',  ( 2.246182916263080198, 2.246182916263080198, -8.046875001706995434 ) ) ;
#2237 = CARTESIAN_POINT ( 'NONE',  ( 3.176582343749998039, 0.000000000000000000, -9.531250001706995434 ) ) ;
#2238 = CIRCLE ( 'NONE', #1590, 2.500000000000002220 ) ;
#2239 = EDGE_CURVE ( 'NONE', #1941, #1452, #1636, .T. ) ;
#2240 = CARTESIAN_POINT ( 'NONE',  ( -15.00000000000000178, 14.99999999999999822, 0.000000000000000000 ) ) ;
#2241 = LINE ( 'NONE', #1648, #1056 ) ;
#2242 = VECTOR ( 'NONE', #804, 1000.000000000000000 ) ;
#2243 = CARTESIAN_POINT ( 'NONE',  ( -3.176582343749997595, 1.315783488776162580, -3.906250001706995434 ) ) ;
#2244 = EDGE_CURVE ( 'NONE', #375, #1274, #1503, .T. ) ;
#2245 = CARTESIAN_POINT ( 'NONE',  ( -3.021323499777914812, 0.1490949686935565677, 1.493961524595519503E-15 ) ) ;
#2246 = CARTESIAN_POINT ( 'NONE',  ( 2.499999999999997335, -1.035533905932738419, -5.390625003413987315 ) ) ;
#2247 = ORIENTED_EDGE ( 'NONE', *, *, #709, .T. ) ;
#2248 = CARTESIAN_POINT ( 'NONE',  ( 3.176582343749997595, 1.315783488776162136, -9.375000001706995434 ) ) ;
#2249 = DIRECTION ( 'NONE',  ( -1.577021341797097560E-16, 1.000000000000000000, -0.000000000000000000 ) ) ;
#2250 = CARTESIAN_POINT ( 'NONE',  ( -1.315783488776164134, -3.176582343749997150, -7.343750001706995434 ) ) ;
#2251 = DIRECTION ( 'NONE',  ( -0.000000000000000000, -0.000000000000000000, 1.000000000000000000 ) ) ;
#2252 = CARTESIAN_POINT ( 'NONE',  ( 1.767766952966366878, -1.767766952966367766, -3.906250000000003553 ) ) ;
#2253 = CARTESIAN_POINT ( 'NONE',  ( -1.767766952966367100, 1.767766952966367544, -6.093750003413987315 ) ) ;
#2254 = CARTESIAN_POINT ( 'NONE',  ( -5.835287099252147767E-16, -3.176582343749998039, -6.171875001706996322 ) ) ;
#2255 = CARTESIAN_POINT ( 'NONE',  ( -3.176582343749998039, 3.890191399501432173E-16, -0.07812500170699572533 ) ) ;
#2256 = ORIENTED_EDGE ( 'NONE', *, *, #155, .F. ) ;
#2257 = CARTESIAN_POINT ( 'NONE',  ( -1.035533905932738197, -2.499999999999997335, -0.7031250034139868710 ) ) ;
#2258 = ORIENTED_EDGE ( 'NONE', *, *, #2172, .F. ) ;
#2259 = CARTESIAN_POINT ( 'NONE',  ( -5.835287099252147767E-16, -3.176582343749998039, -7.265625001706995434 ) ) ;
#2260 = CARTESIAN_POINT ( 'NONE',  ( -8.000000000000000000, 9.797174393178825657E-16, -10.00000000000000355 ) ) ;
#2261 = CYLINDRICAL_SURFACE ( 'NONE', #1506, 2.499999999999997780 ) ;
#2262 = CARTESIAN_POINT ( 'NONE',  ( -2.499999999999997780, 3.061616997868380676E-16, -9.375000000000003553 ) ) ;
#2263 = CARTESIAN_POINT ( 'NONE',  ( 2.246182916263080198, 2.246182916263080198, -8.203125001706995434 ) ) ;
#2264 = CARTESIAN_POINT ( 'NONE',  ( -13.99999999999999645, -11.12945775192036812, 0.000000000000000000 ) ) ;
#2265 = CARTESIAN_POINT ( 'NONE',  ( 1.530808498934190338E-16, 2.499999999999997780, -0.9375000000000043299 ) ) ;
#2266 = VERTEX_POINT ( 'NONE', #1718 ) ;
#2267 = CARTESIAN_POINT ( 'NONE',  ( 2.499999999999997780, 0.000000000000000000, -2.812500003413986871 ) ) ;
#2268 = ORIENTED_EDGE ( 'NONE', *, *, #2076, .F. ) ;
#2269 = EDGE_CURVE ( 'NONE', #1495, #2456, #926, .T. ) ;
#2270 = CARTESIAN_POINT ( 'NONE',  ( -2.246182916263079754, 2.246182916263080198, -7.734375001706995434 ) ) ;
#2271 = CARTESIAN_POINT ( 'NONE',  ( 3.176582343749997150, -1.315783488776165022, -8.437500001706995434 ) ) ;
#2272 = DIRECTION ( 'NONE',  ( -0.000000000000000000, -0.000000000000000000, 1.000000000000000000 ) ) ;
#2273 = CARTESIAN_POINT ( 'NONE',  ( -14.00000000000000000, -4.415659757031873465E-15, -10.00000000000000000 ) ) ;
#2274 = CARTESIAN_POINT ( 'NONE',  ( -2.499999999999997780, 3.061616997868380676E-16, -0.6250000000000039968 ) ) ;
#2275 = CARTESIAN_POINT ( 'NONE',  ( -3.176582343749998039, 3.890191399501432173E-16, -1.484375001706995212 ) ) ;
#2276 = DATE_AND_TIME ( #1203, #1638 ) ;
#2277 = VECTOR ( 'NONE', #446, 1000.000000000000000 ) ;
#2278 = CARTESIAN_POINT ( 'NONE',  ( -3.176582343749998039, 3.890191399501432173E-16, -3.984375001706995878 ) ) ;
#2279 = APPROVAL_PERSON_ORGANIZATION ( #51, #1676, #2054 ) ;
#2280 = CARTESIAN_POINT ( 'NONE',  ( -2.499999999999997780, 1.035533905932737087, -4.765625003413986427 ) ) ;
#2281 = CARTESIAN_POINT ( 'NONE',  ( 1.315783488776162580, 3.176582343749997595, -4.375000001706995434 ) ) ;
#2282 = VERTEX_POINT ( 'NONE', #1126 ) ;
#2283 = CARTESIAN_POINT ( 'NONE',  ( 3.176582343749998039, 0.000000000000000000, -6.953125001706994546 ) ) ;
#2284 = PRODUCT ( '\X2\5e955ea7\X0\', '\X2\5e955ea7\X0\', '', ( #2069 ) ) ;
#2285 = DIRECTION ( 'NONE',  ( 1.000000000000000000, 0.000000000000000000, 0.000000000000000000 ) ) ;
#2286 = EDGE_CURVE ( 'NONE', #2410, #1368, #123, .T. ) ;
#2287 = CARTESIAN_POINT ( 'NONE',  ( -6.500000000000000000, 7.960204194457795477E-16, -8.000000000000003553 ) ) ;
#2288 = CARTESIAN_POINT ( 'NONE',  ( 3.176582343749998039, 1.315783488776162580, -2.031250001706995878 ) ) ;
#2289 = CARTESIAN_POINT ( 'NONE',  ( -3.021323499777914812, 0.1490949686935565677, 1.493961524595519503E-15 ) ) ;
#2290 = CARTESIAN_POINT ( 'NONE',  ( 3.176582343749998039, 0.000000000000000000, 0.5468749982930047882 ) ) ;
#2291 = CARTESIAN_POINT ( 'NONE',  ( 1.315783488776162580, 3.176582343749997595, -6.875000001706994546 ) ) ;
#2292 = CARTESIAN_POINT ( 'NONE',  ( -4.592425496802570028E-16, -2.499999999999997780, 0.6249999965860126849 ) ) ;
#2293 = CARTESIAN_POINT ( 'NONE',  ( 2.246182916263080198, 2.246182916263080198, -4.453125001706995434 ) ) ;
#2294 = VERTEX_POINT ( 'NONE', #1083 ) ;
#2295 = CARTESIAN_POINT ( 'NONE',  ( 3.176582343749996706, -1.315783488776164800, -2.031250001706994990 ) ) ;
#2296 = ORIENTED_EDGE ( 'NONE', *, *, #199, .F. ) ;
#2297 = CARTESIAN_POINT ( 'NONE',  ( -3.176582343749998927, -1.315783488776161692, -8.906250001706995434 ) ) ;
#2298 = CARTESIAN_POINT ( 'NONE',  ( 3.176582343749997595, 1.315783488776162136, -9.531250001706995434 ) ) ;
#2299 = CARTESIAN_POINT ( 'NONE',  ( -9.000000000000001776, 10.87054224807963010, -10.00000000000000888 ) ) ;
#2300 = LINE ( 'NONE', #483, #1895 ) ;
#2301 = CARTESIAN_POINT ( 'NONE',  ( 2.246182916263080198, 2.246182916263080198, -3.203125001706994990 ) ) ;
#2302 = ADVANCED_FACE ( 'NONE', ( #930 ), #1731, .F. ) ;
#2303 = CARTESIAN_POINT ( 'NONE',  ( 1.767766952966366878, -1.767766952966367766, -3.906250000000003553 ) ) ;
#2304 = CARTESIAN_POINT ( 'NONE',  ( 1.945095699750716087E-16, 3.176582343749998039, -5.546875001706995434 ) ) ;
#2305 = CARTESIAN_POINT ( 'NONE',  ( 2.575075290345894885, 0.7251451516643049322, -0.3560216125555509259 ) ) ;
#2306 = CARTESIAN_POINT ( 'NONE',  ( -2.499999999999997780, 1.035533905932737087, 0.2343749965860124074 ) ) ;
#2307 = CARTESIAN_POINT ( 'NONE',  ( 3.176582343749996706, -1.315783488776164800, -0.9375000017069946567 ) ) ;
#2308 = ORIENTED_EDGE ( 'NONE', *, *, #2380, .F. ) ;
#2309 = CARTESIAN_POINT ( 'NONE',  ( 2.246182916263080198, 2.246182916263080198, -4.296875001706995434 ) ) ;
#2310 =( BOUNDED_SURFACE ( )  B_SPLINE_SURFACE ( 1, 2, ( 
 ( #270, #2298, #282, #1091, #2113, #102, #903, #1709, #2512, #1370, #1343, #523, #1549, #1942, #322, #546, #2362, #2178, #1359, #1537, #1751, #2550, #308, #336, #936, #1333, #1561, #2127, #2348, #158, #1117, #130, #1146, #2139, #1131, #559, #745, #1954, #362, #2163, #763, #144, #349, #1737, #2375, #533, #946, #1925, #2151, #113, #717, #1159, #2336, #920, #1968, #1725, #959, #2523, #1523, #2537, #730, #1766, #2565, #1328, #1478, #1691, #2293, #2281, #2508, #2082, #475, #698, #1919, #1098, #2468, #266, #1286, #675, #873, #2492, #1492, #2107, #1884, #1518, #2519, #2319, #1075, #1504, #2134, #2482, #1466, #1678, #1316, #2332, #1719, #69, #914, #713, #2095, #518, #98, #686, #108, #1873, #1300, #462, #292, #317, #658, #490, #278, #2307, #1907, #1084, #2121, #1273, #899, #1705, #506, #302, #57, #1894, #1113, #83, #888, #863, #1666, #181, #580 ),
 ( #1391, #931, #1127, #1365, #1556, #2184, #344, #541, #1962, #2343, #567, #2383, #943, #1570, #1936, #770, #554, #979, #1142, #1950, #1353, #1376, #2575, #2532, #139, #1744, #153, #165, #2202, #2370, #370, #529, #357, #954, #1180, #2395, #2588, #725, #332, #1339, #1778, #1986, #2558, #2173, #2160, #1788, #1758, #781, #2544, #2145, #1582, #738, #125, #1733, #756, #1532, #1166, #1545, #2356, #1153, #1975, #968, #2613, #216, #805, #792, #1036, #595, #2418, #1840, #434, #2243, #989, #1401, #603, #1409, #2008, #1021, #8, #618, #392, #38, #1048, #831, #2216, #21, #2455, #1006, #2601, #203, #2442, #845, #239, #1204, #2055, #1858, #2228, #1649, #1226, #1825, #1240, #383, #2428, #1597, #1423, #643, #1799, #1618, #405, #816, #421, #1216, #636, #2407, #2039, #226, #1633, #1435, #1448, #2026, #2255, #1191, #1997, #190, #1254, #655, #2479, #671, #2290 ) ),
 .UNSPECIFIED., .F., .F., .F. ) 
 B_SPLINE_SURFACE_WITH_KNOTS ( ( 2, 2 ),
 ( 3, 2, 2, 2, 2, 2, 2, 2, 2, 2, 2, 2, 2, 2, 2, 2, 2, 2, 2, 2, 2, 2, 2, 2, 2, 2, 2, 2, 2, 2, 2, 2, 2, 2, 2, 2, 2, 2, 2, 2, 2, 2, 2, 2, 2, 2, 2, 2, 2, 2, 2, 2, 2, 2, 2, 2, 2, 2, 2, 2, 2, 2, 2, 2, 3 ),
 ( 0.000000000000000000, 1.000000000000000000 ),
 ( 0.000000000000000000, 0.01562500000000000000, 0.03125000000000000000, 0.04687500000000000000, 0.06250000000000000000, 0.07812500000000000000, 0.09375000000000000000, 0.1093750000000000000, 0.1250000000000000000, 0.1406250000000000000, 0.1562500000000000000, 0.1718750000000000000, 0.1875000000000000000, 0.2031250000000000000, 0.2187500000000000000, 0.2343750000000000000, 0.2500000000000000000, 0.2656250000000000000, 0.2812500000000000000, 0.2968750000000000000, 0.3125000000000000000, 0.3281250000000000000, 0.3437500000000000000, 0.3593750000000000000, 0.3750000000000000000, 0.3906250000000000000, 0.4062500000000000000, 0.4218750000000000000, 0.4375000000000000000, 0.4531250000000000000, 0.4687500000000000000, 0.4843750000000000000, 0.5000000000000000000, 0.5156250000000000000, 0.5312500000000000000, 0.5468750000000000000, 0.5625000000000000000, 0.5781250000000000000, 0.5937500000000000000, 0.6093750000000000000, 0.6250000000000000000, 0.6406250000000000000, 0.6562500000000000000, 0.6718750000000000000, 0.6875000000000000000, 0.7031250000000000000, 0.7187500000000000000, 0.7343750000000000000, 0.7500000000000000000, 0.7656250000000000000, 0.7812500000000000000, 0.7968750000000000000, 0.8125000000000000000, 0.8281250000000000000, 0.8437500000000000000, 0.8593750000000000000, 0.8750000000000000000, 0.8906250000000000000, 0.9062500000000000000, 0.9218750000000000000, 0.9375000000000000000, 0.9531250000000000000, 0.9687500000000000000, 0.9843750000000000000, 1.000000000000000000 ),
 .UNSPECIFIED. ) 
 GEOMETRIC_REPRESENTATION_ITEM ( )  RATIONAL_B_SPLINE_SURFACE ( (
 ( 1.000000000000000000, 0.9238795325112867385, 1.000000000000000000, 0.9238795325112867385, 1.000000000000000000, 0.9238795325112867385, 1.000000000000000000, 0.9238795325112867385, 1.000000000000000000, 0.9238795325112867385, 1.000000000000000000, 0.9238795325112867385, 1.000000000000000000, 0.9238795325112867385, 1.000000000000000000, 0.9238795325112867385, 1.000000000000000000, 0.9238795325112867385, 1.000000000000000000, 0.9238795325112867385, 1.000000000000000000, 0.9238795325112867385, 1.000000000000000000, 0.9238795325112867385, 1.000000000000000000, 0.9238795325112867385, 1.000000000000000000, 0.9238795325112867385, 1.000000000000000000, 0.9238795325112867385, 1.000000000000000000, 0.9238795325112867385, 1.000000000000000000, 0.9238795325112867385, 1.000000000000000000, 0.9238795325112867385, 1.000000000000000000, 0.9238795325112867385, 1.000000000000000000, 0.9238795325112867385, 1.000000000000000000, 0.9238795325112867385, 1.000000000000000000, 0.9238795325112867385, 1.000000000000000000, 0.9238795325112867385, 1.000000000000000000, 0.9238795325112867385, 1.000000000000000000, 0.9238795325112867385, 1.000000000000000000, 0.9238795325112867385, 1.000000000000000000, 0.9238795325112867385, 1.000000000000000000, 0.9238795325112867385, 1.000000000000000000, 0.9238795325112867385, 1.000000000000000000, 0.9238795325112867385, 1.000000000000000000, 0.9238795325112867385, 1.000000000000000000, 0.9238795325112867385, 1.000000000000000000, 0.9238795325112867385, 1.000000000000000000, 0.9238795325112867385, 1.000000000000000000, 0.9238795325112867385, 1.000000000000000000, 0.9238795325112867385, 1.000000000000000000, 0.9238795325112867385, 1.000000000000000000, 0.9238795325112867385, 1.000000000000000000, 0.9238795325112867385, 1.000000000000000000, 0.9238795325112867385, 1.000000000000000000, 0.9238795325112867385, 1.000000000000000000, 0.9238795325112867385, 1.000000000000000000, 0.9238795325112867385, 1.000000000000000000, 0.9238795325112867385, 1.000000000000000000, 0.9238795325112867385, 1.000000000000000000, 0.9238795325112867385, 1.000000000000000000, 0.9238795325112867385, 1.000000000000000000, 0.9238795325112867385, 1.000000000000000000, 0.9238795325112867385, 1.000000000000000000, 0.9238795325112867385, 1.000000000000000000, 0.9238795325112867385, 1.000000000000000000, 0.9238795325112867385, 1.000000000000000000, 0.9238795325112867385, 1.000000000000000000, 0.9238795325112867385, 1.000000000000000000, 0.9238795325112867385, 1.000000000000000000, 0.9238795325112867385, 1.000000000000000000, 0.9238795325112867385, 1.000000000000000000, 0.9238795325112867385, 1.000000000000000000, 0.9238795325112867385, 1.000000000000000000, 0.9238795325112867385, 1.000000000000000000, 0.9238795325112867385, 1.000000000000000000, 0.9238795325112867385, 1.000000000000000000, 0.9238795325112867385, 1.000000000000000000, 0.9238795325112867385, 1.000000000000000000),
 ( 1.000000000000000000, 0.9238795325112867385, 1.000000000000000000, 0.9238795325112867385, 1.000000000000000000, 0.9238795325112867385, 1.000000000000000000, 0.9238795325112867385, 1.000000000000000000, 0.9238795325112867385, 1.000000000000000000, 0.9238795325112867385, 1.000000000000000000, 0.9238795325112867385, 1.000000000000000000, 0.9238795325112867385, 1.000000000000000000, 0.9238795325112867385, 1.000000000000000000, 0.9238795325112867385, 1.000000000000000000, 0.9238795325112867385, 1.000000000000000000, 0.9238795325112867385, 1.000000000000000000, 0.9238795325112867385, 1.000000000000000000, 0.9238795325112867385, 1.000000000000000000, 0.9238795325112867385, 1.000000000000000000, 0.9238795325112867385, 1.000000000000000000, 0.9238795325112867385, 1.000000000000000000, 0.9238795325112867385, 1.000000000000000000, 0.9238795325112867385, 1.000000000000000000, 0.9238795325112867385, 1.000000000000000000, 0.9238795325112867385, 1.000000000000000000, 0.9238795325112867385, 1.000000000000000000, 0.9238795325112867385, 1.000000000000000000, 0.9238795325112867385, 1.000000000000000000, 0.9238795325112867385, 1.000000000000000000, 0.9238795325112867385, 1.000000000000000000, 0.9238795325112867385, 1.000000000000000000, 0.9238795325112867385, 1.000000000000000000, 0.9238795325112867385, 1.000000000000000000, 0.9238795325112867385, 1.000000000000000000, 0.9238795325112867385, 1.000000000000000000, 0.9238795325112867385, 1.000000000000000000, 0.9238795325112867385, 1.000000000000000000, 0.9238795325112867385, 1.000000000000000000, 0.9238795325112867385, 1.000000000000000000, 0.9238795325112867385, 1.000000000000000000, 0.9238795325112867385, 1.000000000000000000, 0.9238795325112867385, 1.000000000000000000, 0.9238795325112867385, 1.000000000000000000, 0.9238795325112867385, 1.000000000000000000, 0.9238795325112867385, 1.000000000000000000, 0.9238795325112867385, 1.000000000000000000, 0.9238795325112867385, 1.000000000000000000, 0.9238795325112867385, 1.000000000000000000, 0.9238795325112867385, 1.000000000000000000, 0.9238795325112867385, 1.000000000000000000, 0.9238795325112867385, 1.000000000000000000, 0.9238795325112867385, 1.000000000000000000, 0.9238795325112867385, 1.000000000000000000, 0.9238795325112867385, 1.000000000000000000, 0.9238795325112867385, 1.000000000000000000, 0.9238795325112867385, 1.000000000000000000, 0.9238795325112867385, 1.000000000000000000, 0.9238795325112867385, 1.000000000000000000, 0.9238795325112867385, 1.000000000000000000, 0.9238795325112867385, 1.000000000000000000, 0.9238795325112867385, 1.000000000000000000, 0.9238795325112867385, 1.000000000000000000, 0.9238795325112867385, 1.000000000000000000, 0.9238795325112867385, 1.000000000000000000, 0.9238795325112867385, 1.000000000000000000, 0.9238795325112867385, 1.000000000000000000, 0.9238795325112867385, 1.000000000000000000, 0.9238795325112867385, 1.000000000000000000) ) ) 
 REPRESENTATION_ITEM ( '' )  SURFACE ( )  );
#2311 = VERTEX_POINT ( 'NONE', #1704 ) ;
#2312 = FACE_OUTER_BOUND ( 'NONE', #1114, .T. ) ;
#2313 = CARTESIAN_POINT ( 'NONE',  ( 2.499999999999997780, 1.035533905932736864, -3.984375003413986871 ) ) ;
#2314 = CARTESIAN_POINT ( 'NONE',  ( 1.315783488776162580, 3.176582343749998039, -1.875000001706995656 ) ) ;
#2315 = ADVANCED_FACE ( 'NONE', ( #1491, #1074 ), #489, .T. ) ;
#2316 = CARTESIAN_POINT ( 'NONE',  ( -5.835287099252147767E-16, -3.176582343749998039, -6.171875001706996322 ) ) ;
#2317 = CARTESIAN_POINT ( 'NONE',  ( 1.530808498934190338E-16, 2.499999999999997780, -8.437500000000003553 ) ) ;
#2318 = ADVANCED_FACE ( 'NONE', ( #1677 ), #2119, .T. ) ;
#2319 = CARTESIAN_POINT ( 'NONE',  ( -1.315783488776161914, 3.176582343749997595, -2.968750001706996322 ) ) ;
#2320 = CARTESIAN_POINT ( 'NONE',  ( -1.767766952966367766, -1.767766952966367100, -2.968750000000003553 ) ) ;
#2321 = ORIENTED_EDGE ( 'NONE', *, *, #52, .F. ) ;
#2322 = CARTESIAN_POINT ( 'NONE',  ( 1.315783488776162580, 3.176582343749997595, -4.218750001706994546 ) ) ;
#2323 = VECTOR ( 'NONE', #189, 1000.000000000000000 ) ;
#2324 = EDGE_LOOP ( 'NONE', ( #740, #969, #1332, #320 ) ) ;
#2325 = CYLINDRICAL_SURFACE ( 'NONE', #2516, 2.500000000000002220 ) ;
#2326 = CARTESIAN_POINT ( 'NONE',  ( -4.592425496802570028E-16, -2.499999999999997780, -4.375000003413987315 ) ) ;
#2327 = CARTESIAN_POINT ( 'NONE',  ( -3.176582343749998927, -1.315783488776161692, -2.656250001706995878 ) ) ;
#2328 = CARTESIAN_POINT ( 'NONE',  ( 1.035533905932737309, -2.499999999999997335, -3.984375000000003553 ) ) ;
#2329 = CARTESIAN_POINT ( 'NONE',  ( 1.530808498934190338E-16, 2.499999999999997780, -8.437500000000003553 ) ) ;
#2330 = CARTESIAN_POINT ( 'NONE',  ( -3.176582343749998927, -1.315783488776161692, -5.156250001706996322 ) ) ;
#2331 = CARTESIAN_POINT ( 'NONE',  ( -2.499999999999997780, 3.061616997868380676E-16, 0.3124999965860124629 ) ) ;
#2332 = CARTESIAN_POINT ( 'NONE',  ( 1.315783488776163024, -3.176582343749997150, -2.343750001706995878 ) ) ;
#2333 = ORIENTED_EDGE ( 'NONE', *, *, #1420, .T. ) ;
#2334 = CARTESIAN_POINT ( 'NONE',  ( 2.246182916263080198, 2.246182916263080198, -5.546875001706995434 ) ) ;
#2335 = ORIENTED_EDGE ( 'NONE', *, *, #32, .F. ) ;
#2336 = CARTESIAN_POINT ( 'NONE',  ( 1.945095699750716087E-16, 3.176582343749998039, -5.546875001706995434 ) ) ;
#2337 = CARTESIAN_POINT ( 'NONE',  ( 14.00000000000000355, 10.87054224807963010, 0.000000000000000000 ) ) ;
#2338 = CARTESIAN_POINT ( 'NONE',  ( -1.767766952966367766, -1.767766952966367100, -2.968750000000003553 ) ) ;
#2339 = CARTESIAN_POINT ( 'NONE',  ( -6.500000000000000000, 7.960204194457795477E-16, 0.000000000000000000 ) ) ;
#2340 = CARTESIAN_POINT ( 'NONE',  ( 1.767766952966366878, -1.767766952966367766, -7.656250000000003553 ) ) ;
#2341 = CARTESIAN_POINT ( 'NONE',  ( -5.835287099252147767E-16, -3.176582343749998039, 0.07812499829300441345 ) ) ;
#2342 = DIRECTION ( 'NONE',  ( -0.000000000000000000, -0.000000000000000000, 1.000000000000000000 ) ) ;
#2343 = CARTESIAN_POINT ( 'NONE',  ( -3.176582343749998927, -1.315783488776161692, -8.750000001706995434 ) ) ;
#2344 = ORIENTED_EDGE ( 'NONE', *, *, #660, .F. ) ;
#2345 = CARTESIAN_POINT ( 'NONE',  ( -3.176582343749998927, -1.315783488776161692, -3.750000001706995434 ) ) ;
#2346 = ADVANCED_FACE ( 'NONE', ( #291 ), #578, .F. ) ;
#2347 = ORIENTED_EDGE ( 'NONE', *, *, #1702, .T. ) ;
#2348 = CARTESIAN_POINT ( 'NONE',  ( -5.835287099252147767E-16, -3.176582343749998039, -7.421875001706995434 ) ) ;
#2349 = CARTESIAN_POINT ( 'NONE',  ( -2.193888621282928941, -1.198687914932522691, -0.5250000000000071276 ) ) ;
#2350 = CARTESIAN_POINT ( 'NONE',  ( 1.767766952966366878, -1.767766952966367766, -7.656250000000003553 ) ) ;
#2351 = CARTESIAN_POINT ( 'NONE',  ( -6.500000000000000000, 7.960204194457795477E-16, -10.00000000000000355 ) ) ;
#2352 = CARTESIAN_POINT ( 'NONE',  ( 2.499999999999997780, 0.000000000000000000, -6.250000000000003553 ) ) ;
#2353 = CARTESIAN_POINT ( 'NONE',  ( 1.315783488776162580, 3.176582343749997595, -3.125000001706994990 ) ) ;
#2354 = DIRECTION ( 'NONE',  ( -1.000000000000000000, 0.000000000000000000, 0.000000000000000000 ) ) ;
#2355 = AXIS2_PLACEMENT_3D ( 'NONE', #749, #1784, #1149 ) ;
#2356 = CARTESIAN_POINT ( 'NONE',  ( -2.246182916263080198, -2.246182916263079754, -4.921875001706995434 ) ) ;
#2357 = ORIENTED_EDGE ( 'NONE', *, *, #821, .T. ) ;
#2358 = VECTOR ( 'NONE', #549, 1000.000000000000000 ) ;
#2359 = CARTESIAN_POINT ( 'NONE',  ( 3.176582343749997595, 1.315783488776162136, -0.6250000017069944347 ) ) ;
#2360 = VECTOR ( 'NONE', #2501, 1000.000000000000000 ) ;
#2361 = CARTESIAN_POINT ( 'NONE',  ( 13.99999999999999645, -11.12945775192036812, -150.0000000000000000 ) ) ;
#2362 = CARTESIAN_POINT ( 'NONE',  ( 3.176582343749998039, 0.000000000000000000, -8.359375001706995434 ) ) ;
#2363 = DIRECTION ( 'NONE',  ( 0.000000000000000000, 0.000000000000000000, 1.000000000000000000 ) ) ;
#2364 = CARTESIAN_POINT ( 'NONE',  ( -4.592425496802570028E-16, -2.499999999999997780, -7.812500000000003553 ) ) ;
#2365 = CARTESIAN_POINT ( 'NONE',  ( 1.315783488776163024, -3.176582343749997595, -1.093750001706994990 ) ) ;
#2366 = DIRECTION ( 'NONE',  ( -0.000000000000000000, -0.000000000000000000, 1.000000000000000000 ) ) ;
#2367 = CARTESIAN_POINT ( 'NONE',  ( 2.499999999999997780, 0.000000000000000000, -10.00000000000000355 ) ) ;
#2368 = CARTESIAN_POINT ( 'NONE',  ( 1.945095699750716087E-16, 3.176582343749998039, -3.046875001706995878 ) ) ;
#2369 = CYLINDRICAL_SURFACE ( 'NONE', #37, 2.499999999999997780 ) ;
#2370 = CARTESIAN_POINT ( 'NONE',  ( 1.315783488776163024, -3.176582343749997150, -7.187500001706994546 ) ) ;
#2371 = ORIENTED_EDGE ( 'NONE', *, *, #2239, .F. ) ;
#2372 = CARTESIAN_POINT ( 'NONE',  ( 1.767766952966366878, -1.767766952966367766, -7.968750003413988203 ) ) ;
#2373 = ORIENTED_EDGE ( 'NONE', *, *, #633, .T. ) ;
#2374 = CARTESIAN_POINT ( 'NONE',  ( -3.176582343749998039, 3.890191399501432173E-16, -0.07812500170699572533 ) ) ;
#2375 = CARTESIAN_POINT ( 'NONE',  ( -5.835287099252147767E-16, -3.176582343749998039, -6.171875001706996322 ) ) ;
#2376 = CARTESIAN_POINT ( 'NONE',  ( -2.193888621282928941, -1.198687914932522691, -0.5250000000000071276 ) ) ;
#2377 = CARTESIAN_POINT ( 'NONE',  ( -2.499999999999998224, -1.035533905932736642, -7.109375003413987315 ) ) ;
#2378 = DIRECTION ( 'NONE',  ( 1.000000000000000000, 0.000000000000000000, 0.000000000000000000 ) ) ;
#2379 = CARTESIAN_POINT ( 'NONE',  ( 1.767766952966367544, 1.767766952966367544, -9.843750000000003553 ) ) ;
#2380 = EDGE_CURVE ( 'NONE', #2146, #2399, #2394, .T. ) ;
#2381 = CARTESIAN_POINT ( 'NONE',  ( 1.315783488776163024, -3.176582343749997150, 0.1562499982930044828 ) ) ;
#2382 = DIRECTION ( 'NONE',  ( 1.000000000000000000, 1.577021341797097560E-16, 0.000000000000000000 ) ) ;
#2383 = CARTESIAN_POINT ( 'NONE',  ( -1.315783488776164134, -3.176582343749996706, -8.593750001706997210 ) ) ;
#2384 = ORIENTED_EDGE ( 'NONE', *, *, #2106, .T. ) ;
#2385 = CARTESIAN_POINT ( 'NONE',  ( 1.530808498934190338E-16, 2.499999999999997780, -6.250000003413987315 ) ) ;
#2386 = ORIENTED_EDGE ( 'NONE', *, *, #1451, .F. ) ;
#2387 = CARTESIAN_POINT ( 'NONE',  ( 2.246182916263079310, -2.246182916263080198, -7.109375001706995434 ) ) ;
#2388 = DIRECTION ( 'NONE',  ( -0.000000000000000000, -0.000000000000000000, 1.000000000000000000 ) ) ;
#2389 = CARTESIAN_POINT ( 'NONE',  ( -1.035533905932738197, -2.499999999999997335, -0.7031250034139868710 ) ) ;
#2390 = FACE_OUTER_BOUND ( 'NONE', #1182, .T. ) ;
#2391 = LINE ( 'NONE', #1740, #2604 ) ;
#2392 =( BOUNDED_CURVE ( )  B_SPLINE_CURVE ( 2, ( #172, #973, #1738, #775, #1969, #2551, #1978, #1118, #547 ),
 .UNSPECIFIED., .F., .F. ) 
 B_SPLINE_CURVE_WITH_KNOTS ( ( 3, 2, 2, 2, 3 ),
 ( 0.3750000000000000000, 0.3906250000000000000, 0.4062500000000000000, 0.4218750000000000555, 0.4375000000000000555 ),
 .UNSPECIFIED. ) 
 CURVE ( )  GEOMETRIC_REPRESENTATION_ITEM ( )  RATIONAL_B_SPLINE_CURVE ( ( 1.000000000000000000, 0.9238795325112867385, 1.000000000000000000, 0.9238795325112867385, 1.000000000000000000, 0.9238795325112867385, 1.000000000000000000, 0.9238795325112865164, 1.000000000000000222 ) ) 
 REPRESENTATION_ITEM ( '' )  );
#2393 = CARTESIAN_POINT ( 'NONE',  ( 1.767766952966367544, 1.767766952966367544, -9.843750000000003553 ) ) ;
#2394 = LINE ( 'NONE', #1595, #503 ) ;
#2395 = CARTESIAN_POINT ( 'NONE',  ( 1.315783488776162580, 3.176582343749997595, -6.718750001706995434 ) ) ;
#2396 = CARTESIAN_POINT ( 'NONE',  ( 2.246182916263080198, 2.246182916263080198, -0.5468750017069944347 ) ) ;
#2397 = EDGE_CURVE ( 'NONE', #726, #1, #1921, .T. ) ;
#2398 = VECTOR ( 'NONE', #365, 1000.000000000000000 ) ;
#2399 = VERTEX_POINT ( 'NONE', #2599 ) ;
#2400 = CARTESIAN_POINT ( 'NONE',  ( -1.315783488776162136, 3.176582343749998039, -0.3125000017069959335 ) ) ;
#2401 = CARTESIAN_POINT ( 'NONE',  ( -2.934779400562957274, -1.215625459035619693, -5.071949354142990612E-16 ) ) ;
#2402 = CARTESIAN_POINT ( 'NONE',  ( -2.246182916263080198, -2.246182916263079754, -0.07812500170699572533 ) ) ;
#2403 = PLANE ( 'NONE',  #372 ) ;
#2404 = CARTESIAN_POINT ( 'NONE',  ( -1.035533905932736642, 2.499999999999997780, -3.359375000000004441 ) ) ;
#2405 = CARTESIAN_POINT ( 'NONE',  ( -1.215625409957562297, -2.934779420891754143, -5.071949354142990612E-16 ) ) ;
#2406 = APPROVAL_DATE_TIME ( #1855, #1676 ) ;
#2407 = CARTESIAN_POINT ( 'NONE',  ( 3.176582343749997595, 1.315783488776162136, -0.6250000017069944347 ) ) ;
#2408 = CARTESIAN_POINT ( 'NONE',  ( -1.767766952966367100, 1.767766952966367544, -0.7812500000000042188 ) ) ;
#2409 = CARTESIAN_POINT ( 'NONE',  ( 1.035533905932737309, -2.499999999999997335, -8.046875003413985539 ) ) ;
#2410 = VERTEX_POINT ( 'NONE', #1141 ) ;
#2411 = EDGE_CURVE ( 'NONE', #1779, #699, #1512, .T. ) ;
#2412 = LINE ( 'NONE', #2606, #626 ) ;
#2413 = DIRECTION ( 'NONE',  ( -1.000000000000000000, -0.000000000000000000, -0.000000000000000000 ) ) ;
#2414 = CARTESIAN_POINT ( 'NONE',  ( 1.945095699750716087E-16, 3.176582343749998039, -0.5468750017069961000 ) ) ;
#2415 = CARTESIAN_POINT ( 'NONE',  ( 1.035533905932737309, -2.499999999999997335, -3.984375000000003553 ) ) ;
#2416 = CARTESIAN_POINT ( 'NONE',  ( -2.528810416315330212, -1.933437927232882769, -1.517582669405000245E-16 ) ) ;
#2417 =( NAMED_UNIT ( * ) PLANE_ANGLE_UNIT ( ) SI_UNIT ( $, .RADIAN. ) );
#2418 = CARTESIAN_POINT ( 'NONE',  ( 1.945095699750716087E-16, 3.176582343749998039, -4.140625001706995434 ) ) ;
#2419 = ORIENTED_EDGE ( 'NONE', *, *, #13, .T. ) ;
#2420 = CARTESIAN_POINT ( 'NONE',  ( -1.035533905932736642, 2.499999999999997780, -2.421875003413987759 ) ) ;
#2421 = ORIENTED_EDGE ( 'NONE', *, *, #2548, .F. ) ;
#2422 = CARTESIAN_POINT ( 'NONE',  ( 1.315783488776162580, 3.176582343749997595, -6.718750001706995434 ) ) ;
#2423 = ADVANCED_FACE ( 'NONE', ( #2587 ), #137, .T. ) ;
#2424 = CARTESIAN_POINT ( 'NONE',  ( -3.067509158981741813, -0.3106467738457642236, 4.066994592440459744E-15 ) ) ;
#2425 = CARTESIAN_POINT ( 'NONE',  ( 3.176582343749997150, -1.315783488776165022, -8.281250001706995434 ) ) ;
#2426 = FACE_OUTER_BOUND ( 'NONE', #1829, .T. ) ;
#2427 = CARTESIAN_POINT ( 'NONE',  ( -3.176582343749998039, 1.315783488776162580, -7.812500001706995434 ) ) ;
#2428 = CARTESIAN_POINT ( 'NONE',  ( -2.246182916263079754, 2.246182916263080198, -1.484375001706995212 ) ) ;
#2429 = CARTESIAN_POINT ( 'NONE',  ( -2.246182916263080198, -2.246182916263079754, -8.828125001706995434 ) ) ;
#2430 = CARTESIAN_POINT ( 'NONE',  ( 1.767766952966366878, -1.767766952966367766, -1.718750003413986871 ) ) ;
#2431 = ORIENTED_EDGE ( 'NONE', *, *, #522, .F. ) ;
#2432 = CARTESIAN_POINT ( 'NONE',  ( 3.176582343749998039, 0.000000000000000000, -9.453125001706995434 ) ) ;
#2433 = ORIENTED_EDGE ( 'NONE', *, *, #469, .F. ) ;
#2434 = CARTESIAN_POINT ( 'NONE',  ( -2.500000000000000888, 1.035533905932734200, -8.515625003413985539 ) ) ;
#2435 = CARTESIAN_POINT ( 'NONE',  ( -3.176582343749998039, 3.890191399501432173E-16, -7.578125001706995434 ) ) ;
#2436 = CARTESIAN_POINT ( 'NONE',  ( 1.530808498934190338E-16, 2.499999999999997780, -5.937500000000003553 ) ) ;
#2437 = AXIS2_PLACEMENT_3D ( 'NONE', #1818, #822, #1385 ) ;
#2438 = DIRECTION ( 'NONE',  ( -1.000000000000000000, -3.154042683594195121E-16, 0.000000000000000000 ) ) ;
#2439 = CARTESIAN_POINT ( 'NONE',  ( -1.315783488776164134, -3.176582343749997150, -6.250000001706996322 ) ) ;
#2440 = EDGE_CURVE ( 'NONE', #1378, #2096, #1470, .T. ) ;
#2441 = LOCAL_TIME ( 23, 57, 29.00000000000000000, #514 ) ;
#2442 = CARTESIAN_POINT ( 'NONE',  ( -2.246182916263080198, -2.246182916263079754, -2.421875001706994990 ) ) ;
#2443 = CARTESIAN_POINT ( 'NONE',  ( -1.035533905932738197, -2.499999999999997335, -3.203125003413987315 ) ) ;
#2444 = CARTESIAN_POINT ( 'NONE',  ( -3.176582343749998039, 3.890191399501432173E-16, -5.078125001706994546 ) ) ;
#2445 = CARTESIAN_POINT ( 'NONE',  ( -2.499999999999997780, 3.061616997868380676E-16, -4.687500003413986427 ) ) ;
#2446 = EDGE_LOOP ( 'NONE', ( #2122, #2460, #851, #424 ) ) ;
#2447 = CARTESIAN_POINT ( 'NONE',  ( 3.176582343749996706, -1.315783488776164800, -8.281250001706995434 ) ) ;
#2448 = ORIENTED_EDGE ( 'NONE', *, *, #1628, .F. ) ;
#2449 = CARTESIAN_POINT ( 'NONE',  ( 3.176582343749998039, 1.315783488776162580, -9.531250001706995434 ) ) ;
#2450 = FACE_OUTER_BOUND ( 'NONE', #493, .T. ) ;
#2451 = DIRECTION ( 'NONE',  ( 0.000000000000000000, -1.000000000000000000, 0.000000000000000000 ) ) ;
#2452 = CARTESIAN_POINT ( 'NONE',  ( -14.00000000000000355, 10.87054224807963010, -10.00000000000000888 ) ) ;
#2453 = CARTESIAN_POINT ( 'NONE',  ( -3.176582343749998927, -1.315783488776161692, -6.406250001706995434 ) ) ;
#2454 = EDGE_CURVE ( 'NONE', #318, #2085, #840, .T. ) ;
#2455 = CARTESIAN_POINT ( 'NONE',  ( -2.246182916263079754, 2.246182916263080198, -2.734375001706995434 ) ) ;
#2456 = VERTEX_POINT ( 'NONE', #1165 ) ;
#2457 = CARTESIAN_POINT ( 'NONE',  ( -2.499999999999998224, -1.035533905932736642, -4.609375003413987315 ) ) ;
#2458 = ORIENTED_EDGE ( 'NONE', *, *, #438, .F. ) ;
#2459 = CARTESIAN_POINT ( 'NONE',  ( -3.176582343749998927, -1.315783488776161692, -6.250000001706995434 ) ) ;
#2460 = ORIENTED_EDGE ( 'NONE', *, *, #1199, .T. ) ;
#2461 = CARTESIAN_POINT ( 'NONE',  ( 2.246182916263079310, -2.246182916263080198, -8.515625001706993658 ) ) ;
#2462 = CYLINDRICAL_SURFACE ( 'NONE', #246, 2.499999999999998668 ) ;
#2463 = CARTESIAN_POINT ( 'NONE',  ( 2.499999999999997780, 0.000000000000000000, -3.750000000000003553 ) ) ;
#2464 = CARTESIAN_POINT ( 'NONE',  ( -1.035533905932736864, 2.499999999999997780, -0.8593750000000042188 ) ) ;
#2465 = CARTESIAN_POINT ( 'NONE',  ( 1.315783488776163024, -3.176582343749997595, -2.343750001706995434 ) ) ;
#2466 = CARTESIAN_POINT ( 'NONE',  ( -2.246182916263079754, 2.246182916263080198, -4.140625001706995434 ) ) ;
#2467 = CARTESIAN_POINT ( 'NONE',  ( 2.499999999999997780, 1.035533905932736642, -1.484375003413987537 ) ) ;
#2468 = CARTESIAN_POINT ( 'NONE',  ( -2.246182916263080198, -2.246182916263079754, -3.828125001706995434 ) ) ;
#2469 = ORIENTED_EDGE ( 'NONE', *, *, #2568, .F. ) ;
#2470 = EDGE_CURVE ( 'NONE', #1663, #2410, #1093, .T. ) ;
#2471 = CARTESIAN_POINT ( 'NONE',  ( 3.176582343749998039, 0.000000000000000000, -8.203125001706995434 ) ) ;
#2472 = CARTESIAN_POINT ( 'NONE',  ( -4.592425496802570028E-16, -2.499999999999997780, -8.125000003413987315 ) ) ;
#2473 = EDGE_CURVE ( 'NONE', #919, #2605, #2574, .T. ) ;
#2474 = CARTESIAN_POINT ( 'NONE',  ( -2.499999999999997780, 3.061616997868380676E-16, -4.687500003413986427 ) ) ;
#2475 = CARTESIAN_POINT ( 'NONE',  ( -1.767766952966367100, 1.767766952966367544, -1.093750003413987093 ) ) ;
#2476 = CARTESIAN_POINT ( 'NONE',  ( -5.835287099252147767E-16, -3.176582343749998039, -3.671875001706995434 ) ) ;
#2477 = CARTESIAN_POINT ( 'NONE',  ( -2.886835049051039270, 0.8740113478310801431, -0.03064393549974406619 ) ) ;
#2478 = VECTOR ( 'NONE', #2388, 1000.000000000000000 ) ;
#2479 = CARTESIAN_POINT ( 'NONE',  ( 2.246182916263079310, -2.246182916263080198, 0.3906249982930046771 ) ) ;
#2480 = CARTESIAN_POINT ( 'NONE',  ( 3.176582343749998039, 0.000000000000000000, -5.859375001706995434 ) ) ;
#2481 = DIRECTION ( 'NONE',  ( -3.154042683594195121E-16, -1.000000000000000000, 0.000000000000000000 ) ) ;
#2482 = CARTESIAN_POINT ( 'NONE',  ( -3.176582343749998927, -1.315783488776161692, -2.656250001706995878 ) ) ;
#2483 = VERTEX_POINT ( 'NONE', #769 ) ;
#2484 = CARTESIAN_POINT ( 'NONE',  ( -2.246182916263080198, -2.246182916263079754, -2.421875001706994990 ) ) ;
#2485 = EDGE_LOOP ( 'NONE', ( #1680, #2386, #971, #2220 ) ) ;
#2486 = CARTESIAN_POINT ( 'NONE',  ( 2.442817381587499170, -0.8924991086931618467, -0.4342524269295373052 ) ) ;
#2487 = CARTESIAN_POINT ( 'NONE',  ( -2.499999999999995559, -1.035533905932739529, -4.609375003413988203 ) ) ;
#2488 = DIRECTION ( 'NONE',  ( -0.000000000000000000, -0.000000000000000000, 1.000000000000000000 ) ) ;
#2489 = DIRECTION ( 'NONE',  ( 1.000000000000000000, 0.000000000000000000, 0.000000000000000000 ) ) ;
#2490 = APPROVAL_DATE_TIME ( #909, #81 ) ;
#2491 = CARTESIAN_POINT ( 'NONE',  ( 3.176582343749998039, 0.000000000000000000, -4.609375001706995434 ) ) ;
#2492 = CARTESIAN_POINT ( 'NONE',  ( 3.176582343749996706, -1.315783488776164800, -3.437500001706995434 ) ) ;
#2493 = ORIENTED_EDGE ( 'NONE', *, *, #1713, .T. ) ;
#2494 = CARTESIAN_POINT ( 'NONE',  ( 3.176582343749998039, 0.000000000000000000, -1.953125001706995656 ) ) ;
#2495 = ORIENTED_EDGE ( 'NONE', *, *, #1568, .F. ) ;
#2496 = CARTESIAN_POINT ( 'NONE',  ( 3.176582343749997150, -1.315783488776165022, -2.031250001706994990 ) ) ;
#2497 = CYLINDRICAL_SURFACE ( 'NONE', #1806, 2.499999999999997780 ) ;
#2498 = CARTESIAN_POINT ( 'NONE',  ( 1.530808498934190338E-16, 2.499999999999997780, -7.500000003413987315 ) ) ;
#2499 = EDGE_CURVE ( 'NONE', #530, #1987, #43, .T. ) ;
#2500 =( BOUNDED_CURVE ( )  B_SPLINE_CURVE ( 2, ( #1841, #1635, #436, #2443, #912, #673, #1125, #929, #1271 ),
 .UNSPECIFIED., .F., .F. ) 
 B_SPLINE_CURVE_WITH_KNOTS ( ( 3, 2, 2, 2, 3 ),
 ( 0.5625000000000000000, 0.5781250000000000000, 0.5937500000000000000, 0.6093750000000000000, 0.6250000000000000000 ),
 .UNSPECIFIED. ) 
 CURVE ( )  GEOMETRIC_REPRESENTATION_ITEM ( )  RATIONAL_B_SPLINE_CURVE ( ( 1.000000000000000000, 0.9238795325112867385, 1.000000000000000000, 0.9238795325112867385, 1.000000000000000000, 0.9238795325112867385, 1.000000000000000000, 0.9238795325112867385, 1.000000000000000000 ) ) 
 REPRESENTATION_ITEM ( '' )  );
#2501 = DIRECTION ( 'NONE',  ( -0.000000000000000000, -0.000000000000000000, 1.000000000000000000 ) ) ;
#2502 = CARTESIAN_POINT ( 'NONE',  ( 1.315783488776162580, 3.176582343749998039, -3.125000001706994990 ) ) ;
#2503 = DATE_AND_TIME ( #1500, #2567 ) ;
#2504 = EDGE_CURVE ( 'NONE', #1208, #1495, #482, .T. ) ;
#2505 = CARTESIAN_POINT ( 'NONE',  ( -2.246182916263080198, -2.246182916263079754, -3.828125001706995434 ) ) ;
#2506 = CARTESIAN_POINT ( 'NONE',  ( 2.642992619996670900, 0.1822891959577593868, -0.3820073800033377265 ) ) ;
#2507 = DIRECTION ( 'NONE',  ( -0.000000000000000000, -0.000000000000000000, 1.000000000000000000 ) ) ;
#2508 = CARTESIAN_POINT ( 'NONE',  ( 1.945095699750716087E-16, 3.176582343749998039, -4.296875001706995434 ) ) ;
#2509 = ORIENTED_EDGE ( 'NONE', *, *, #859, .F. ) ;
#2510 = CARTESIAN_POINT ( 'NONE',  ( -5.835287099252147767E-16, -3.176582343749998039, -3.515625001706995434 ) ) ;
#2511 = ORIENTED_EDGE ( 'NONE', *, *, #2397, .F. ) ;
#2512 = CARTESIAN_POINT ( 'NONE',  ( -3.176582343749998039, 3.890191399501432173E-16, -8.984375001706995434 ) ) ;
#2513 = CARTESIAN_POINT ( 'NONE',  ( -2.499999999999997780, 3.061616997868380676E-16, -3.125000000000003553 ) ) ;
#2514 = CARTESIAN_POINT ( 'NONE',  ( 2.246182916263080198, 2.246182916263080198, -4.453125001706995434 ) ) ;
#2515 = CARTESIAN_POINT ( 'NONE',  ( -1.035533905932738197, -2.499999999999997335, -4.140625000000003553 ) ) ;
#2516 = AXIS2_PLACEMENT_3D ( 'NONE', #665, #73, #2285 ) ;
#2517 = CARTESIAN_POINT ( 'NONE',  ( -3.176582343749998927, -1.315783488776161692, -7.656250001706995434 ) ) ;
#2518 = CARTESIAN_POINT ( 'NONE',  ( 2.499999999999997780, 0.000000000000000000, -8.750000000000003553 ) ) ;
#2519 = CARTESIAN_POINT ( 'NONE',  ( 1.945095699750716087E-16, 3.176582343749998039, -3.046875001706995878 ) ) ;
#2520 = ORIENTED_EDGE ( 'NONE', *, *, #402, .F. ) ;
#2521 = CARTESIAN_POINT ( 'NONE',  ( 1.315783488776163024, -3.176582343749997150, -3.437500001706995434 ) ) ;
#2522 = ORIENTED_EDGE ( 'NONE', *, *, #2269, .F. ) ;
#2523 = CARTESIAN_POINT ( 'NONE',  ( -3.176582343749998927, -1.315783488776161692, -5.156250001706996322 ) ) ;
#2524 = DIRECTION ( 'NONE',  ( -2.312964634635742957E-16, 1.000000000000000000, -0.000000000000000000 ) ) ;
#2525 = CARTESIAN_POINT ( 'NONE',  ( -2.499999999999997780, 3.061616997868380676E-16, -7.187500003413987315 ) ) ;
#2526 = CARTESIAN_POINT ( 'NONE',  ( -4.592425496802570028E-16, -2.499999999999997780, -4.062500000000003553 ) ) ;
#2527 = CARTESIAN_POINT ( 'NONE',  ( 1.767766952966366878, -1.767766952966367766, -6.406250000000003553 ) ) ;
#2528 = CARTESIAN_POINT ( 'NONE',  ( -3.176582343749998039, 3.890191399501432173E-16, -1.484375001706995212 ) ) ;
#2529 = CARTESIAN_POINT ( 'NONE',  ( -1.315783488776162136, 3.176582343749998039, -4.062500001706994546 ) ) ;
#2530 = CARTESIAN_POINT ( 'NONE',  ( -1.767766952966367100, 1.767766952966367544, 0.1562499965860122964 ) ) ;
#2531 = ADVANCED_FACE ( 'NONE', ( #1555 ), #2369, .F. ) ;
#2532 = CARTESIAN_POINT ( 'NONE',  ( -3.176582343749997595, 1.315783488776162580, -7.656250001706995434 ) ) ;
#2533 = EDGE_LOOP ( 'NONE', ( #2509, #932, #208, #1505 ) ) ;
#2534 = CARTESIAN_POINT ( 'NONE',  ( 1.315783488776163024, -3.176582343749997150, -4.687500001706995434 ) ) ;
#2535 = ORIENTED_EDGE ( 'NONE', *, *, #2440, .F. ) ;
#2536 = CARTESIAN_POINT ( 'NONE',  ( -1.315783488776164134, -3.176582343749997150, -2.343750001706995434 ) ) ;
#2537 = CARTESIAN_POINT ( 'NONE',  ( -1.315783488776164134, -3.176582343749996706, -5.000000001706996322 ) ) ;
#2538 = CARTESIAN_POINT ( 'NONE',  ( 2.499999999999997780, 0.000000000000000000, -7.500000000000003553 ) ) ;
#2539 = CARTESIAN_POINT ( 'NONE',  ( 2.500000000000003109, -1.035533905932732868, -1.328125000000002442 ) ) ;
#2540 = DIRECTION ( 'NONE',  ( 1.000000000000000000, 0.000000000000000000, 0.000000000000000000 ) ) ;
#2541 = CARTESIAN_POINT ( 'NONE',  ( 1.035533905932737309, -2.499999999999997335, -6.484375000000003553 ) ) ;
#2542 = CARTESIAN_POINT ( 'NONE',  ( 1.035533905932736864, 2.499999999999997780, -9.765625000000007105 ) ) ;
#2543 = CARTESIAN_POINT ( 'NONE',  ( -1.035533905932738197, -2.499999999999997335, -1.953125003413986871 ) ) ;
#2544 = CARTESIAN_POINT ( 'NONE',  ( 3.176582343749998039, 0.000000000000000000, -5.703125001706995434 ) ) ;
#2545 = ORIENTED_EDGE ( 'NONE', *, *, #1331, .T. ) ;
#2546 = CARTESIAN_POINT ( 'NONE',  ( 1.767766952966366878, -1.767766952966367766, -6.718750003413987315 ) ) ;
#2547 = ORIENTED_EDGE ( 'NONE', *, *, #2473, .T. ) ;
#2548 = EDGE_CURVE ( 'NONE', #1065, #1843, #414, .T. ) ;
#2549 = CARTESIAN_POINT ( 'NONE',  ( 1.315783488776162580, 3.176582343749998039, -6.718750001706993658 ) ) ;
#2550 = CARTESIAN_POINT ( 'NONE',  ( -1.315783488776161914, 3.176582343749997595, -7.968750001706996322 ) ) ;
#2551 = CARTESIAN_POINT ( 'NONE',  ( -1.035533905932736864, 2.499999999999997780, -5.859375000000002665 ) ) ;
#2552 = CARTESIAN_POINT ( 'NONE',  ( 1.035533905932737309, -2.499999999999997335, -6.796875003413988203 ) ) ;
#2553 = CARTESIAN_POINT ( 'NONE',  ( 3.176582343749998039, 1.315783488776162580, -0.7812500017069946567 ) ) ;
#2554 = FACE_OUTER_BOUND ( 'NONE', #1063, .T. ) ;
#2555 = CARTESIAN_POINT ( 'NONE',  ( -1.767766952966367100, 1.767766952966367544, -9.531250000000003553 ) ) ;
#2556 = CARTESIAN_POINT ( 'NONE',  ( -3.176582343749998927, -1.315783488776161692, -2.656250001706995878 ) ) ;
#2557 = CARTESIAN_POINT ( 'NONE',  ( 2.499999999999993339, -1.035533905932741972, -8.828125000000003553 ) ) ;
#2558 = CARTESIAN_POINT ( 'NONE',  ( -2.246182916263080198, -2.246182916263079754, -6.171875001706996322 ) ) ;
#2559 = CARTESIAN_POINT ( 'NONE',  ( 1.035533905932736864, 2.499999999999997780, -2.265625000000003553 ) ) ;
#2560 = ORIENTED_EDGE ( 'NONE', *, *, #2006, .F. ) ;
#2561 = CARTESIAN_POINT ( 'NONE',  ( -1.315783488776164134, -3.176582343749996706, 0.1562499982930044828 ) ) ;
#2562 = VECTOR ( 'NONE', #456, 1000.000000000000000 ) ;
#2563 = ORIENTED_EDGE ( 'NONE', *, *, #174, .F. ) ;
#2564 = LINE ( 'NONE', #157, #2478 ) ;
#2565 = CARTESIAN_POINT ( 'NONE',  ( 2.246182916263079310, -2.246182916263080198, -4.765625001706995434 ) ) ;
#2566 = LINE ( 'NONE', #1371, #2147 ) ;
#2567 = LOCAL_TIME ( 23, 57, 29.00000000000000000, #896 ) ;
#2568 = EDGE_CURVE ( 'NONE', #333, #1078, #2007, .T. ) ;
#2569 = CARTESIAN_POINT ( 'NONE',  ( -1.035533905932738197, -2.499999999999997335, -6.953125003413986427 ) ) ;
#2570 = FACE_OUTER_BOUND ( 'NONE', #1257, .T. ) ;
#2571 = CARTESIAN_POINT ( 'NONE',  ( -1.767766952966367100, 1.767766952966367544, -8.281250000000003553 ) ) ;
#2572 =( BOUNDED_CURVE ( )  B_SPLINE_CURVE ( 2, ( #258, #451, #411, #1623, #1429, #639, #649, #1886, #2061 ),
 .UNSPECIFIED., .F., .F. ) 
 B_SPLINE_CURVE_WITH_KNOTS ( ( 3, 2, 2, 2, 3 ),
 ( 0.5000000000000000000, 0.5156250000000000000, 0.5312500000000000000, 0.5468750000000000000, 0.5625000000000000000 ),
 .UNSPECIFIED. ) 
 CURVE ( )  GEOMETRIC_REPRESENTATION_ITEM ( )  RATIONAL_B_SPLINE_CURVE ( ( 1.000000000000000000, 0.9238795325112867385, 1.000000000000000000, 0.9238795325112867385, 1.000000000000000000, 0.9238795325112867385, 1.000000000000000000, 0.9238795325112867385, 1.000000000000000000 ) ) 
 REPRESENTATION_ITEM ( '' )  );
#2573 = CARTESIAN_POINT ( 'NONE',  ( -1.315783488776164134, -3.176582343749996706, -2.500000001706995878 ) ) ;
#2574 = LINE ( 'NONE', #1569, #2323 ) ;
#2575 = CARTESIAN_POINT ( 'NONE',  ( -2.246182916263079754, 2.246182916263080198, -7.734375001706995434 ) ) ;
#2576 = VERTEX_POINT ( 'NONE', #844 ) ;
#2577 = CARTESIAN_POINT ( 'NONE',  ( -4.592425496802570028E-16, -2.499999999999997780, -8.125000003413987315 ) ) ;
#2578 = EDGE_LOOP ( 'NONE', ( #1287, #1683, #1908, #40, #1966 ) ) ;
#2579 = CARTESIAN_POINT ( 'NONE',  ( 1.315783488776162580, 3.176582343749998039, -1.718750001706995434 ) ) ;
#2580 = PLANE ( 'NONE',  #1768 ) ;
#2581 = CARTESIAN_POINT ( 'NONE',  ( 13.99999999999999645, -11.12945775192036812, -10.00000000000000888 ) ) ;
#2582 = ADVANCED_FACE ( 'NONE', ( #419 ), #617, .F. ) ;
#2583 = FACE_BOUND ( 'NONE', #1317, .T. ) ;
#2584 = CARTESIAN_POINT ( 'NONE',  ( 3.176582343749997595, 1.315783488776162136, -0.7812500017069945457 ) ) ;
#2585 = EDGE_CURVE ( 'NONE', #375, #1653, #1421, .T. ) ;
#2586 = CARTESIAN_POINT ( 'NONE',  ( 2.246182916263079310, -2.246182916263080198, -3.359375001706994990 ) ) ;
#2587 = FACE_OUTER_BOUND ( 'NONE', #1320, .T. ) ;
#2588 = CARTESIAN_POINT ( 'NONE',  ( 1.945095699750716087E-16, 3.176582343749998039, -6.640625001706995434 ) ) ;
#2589 = ORIENTED_EDGE ( 'NONE', *, *, #1931, .F. ) ;
#2590 = CARTESIAN_POINT ( 'NONE',  ( 1.035533905932737309, -2.499999999999997335, -6.796875003413986427 ) ) ;
#2591 = ORIENTED_EDGE ( 'NONE', *, *, #1564, .F. ) ;
#2592 = DIRECTION ( 'NONE',  ( -0.000000000000000000, -0.000000000000000000, 1.000000000000000000 ) ) ;
#2593 = B_SPLINE_CURVE_WITH_KNOTS ( 'NONE', 3,
 ( #2405, #615, #1418, #1214, #2416, #1593, #1399, #814 ),
 .UNSPECIFIED., .F., .F.,
 ( 4, 2, 2, 4 ),
 ( 0.000000000000000000, 0.001253228108589125650, 0.001879842162883687716, 0.002506456217178249998 ),
 .UNSPECIFIED. ) ;
#2594 = CARTESIAN_POINT ( 'NONE',  ( 9.000000000000001776, 10.87054224807963010, 0.000000000000000000 ) ) ;
#2595 = CARTESIAN_POINT ( 'NONE',  ( 0.000000000000000000, 0.000000000000000000, 0.000000000000000000 ) ) ;
#2596 = CARTESIAN_POINT ( 'NONE',  ( 2.499999999999997780, 1.035533905932736864, -2.734375003413986871 ) ) ;
#2597 = CARTESIAN_POINT ( 'NONE',  ( -2.499999999999997780, 1.035533905932737087, -4.453125000000003553 ) ) ;
#2598 = CARTESIAN_POINT ( 'NONE',  ( -2.499999999999997780, 1.035533905932737087, -6.015625003413987315 ) ) ;
#2599 = CARTESIAN_POINT ( 'NONE',  ( 14.99999999999999645, 14.99999999999999822, 0.000000000000000000 ) ) ;
#2600 = EDGE_CURVE ( 'NONE', #714, #1610, #1040, .T. ) ;
#2601 = CARTESIAN_POINT ( 'NONE',  ( -3.176582343749998039, 3.890191399501432173E-16, -2.578125001706995434 ) ) ;
#2602 = EDGE_LOOP ( 'NONE', ( #568, #109, #2493, #2247 ) ) ;
#2603 = CARTESIAN_POINT ( 'NONE',  ( 1.767766952966367544, 1.767766952966367544, -7.656250003413987315 ) ) ;
#2604 = VECTOR ( 'NONE', #1754, 1000.000000000000000 ) ;
#2605 = VERTEX_POINT ( 'NONE', #2264 ) ;
#2606 = CARTESIAN_POINT ( 'NONE',  ( -2.499999999999997780, 3.061616997868380676E-16, 0.000000000000000000 ) ) ;
#2607 = VECTOR ( 'NONE', #1237, 1000.000000000000000 ) ;
#2608 = CARTESIAN_POINT ( 'NONE',  ( -11.49999999999999645, -11.12945775192036812, 0.000000000000000000 ) ) ;
#2609 = CARTESIAN_POINT ( 'NONE',  ( -1.799389345059214884, -2.692976487466945734, -0.04060805283635286755 ) ) ;
#2610 = CARTESIAN_POINT ( 'NONE',  ( -1.767766952966367100, 1.767766952966367544, -2.343750003413987315 ) ) ;
#2611 = CARTESIAN_POINT ( 'NONE',  ( -2.499999999999997780, 3.061616997868380676E-16, -5.937500003413987315 ) ) ;
#2612 = DIRECTION ( 'NONE',  ( 0.7071067811865463515, 0.000000000000000000, 0.7071067811865487940 ) ) ;
#2613 = CARTESIAN_POINT ( 'NONE',  ( 2.246182916263079310, -2.246182916263080198, -4.609375001706995434 ) ) ;
#2614 = CARTESIAN_POINT ( 'NONE',  ( -1.767766952966367766, -1.767766952966367100, -0.4687500000000038858 ) ) ;
#2615 = DIRECTION ( 'NONE',  ( 1.734723475976807094E-16, -1.000000000000000000, 0.000000000000000000 ) ) ;
#2616 = CARTESIAN_POINT ( 'NONE',  ( 2.499999999999997335, -1.035533905932738419, -1.640625003413986649 ) ) ;
#2617 = EDGE_CURVE ( 'NONE', #1274, #2483, #2241, .T. ) ;
ENDSEC;
END-ISO-10303-21;
