ISO-10303-21;
HEADER;
FILE_DESCRIPTION (( 'STEP AP203' ),
    '1' );
FILE_NAME ('Çò½Â-¸Ë80.STEP',
    '2026-05-20T10:39:25',
    ( '' ),
    ( '' ),
    'SwSTEP 2.0',
    'SolidWorks 2025',
    '' );
FILE_SCHEMA (( 'CONFIG_CONTROL_DESIGN' ));
ENDSEC;

DATA;
#1 = CARTESIAN_POINT ( 'NONE',  ( -2.404163056034258172, -54.84375000341398732, -2.404163056034282153 ) ) ;
#2 = CARTESIAN_POINT ( 'NONE',  ( 2.081899558550498061E-16, -56.25000000341398732, -3.400000000000019451 ) ) ;
#3 = CARTESIAN_POINT ( 'NONE',  ( 3.399999999999995026, -62.89062500341398021, 1.408326112068500446 ) ) ;
#4 = LINE ( 'NONE', #2406, #3321 ) ;
#5 = CARTESIAN_POINT ( 'NONE',  ( 2.882579019330971715, -75.70312500170699366, -2.882579019330995251 ) ) ;
#6 = CARTESIAN_POINT ( 'NONE',  ( 2.404163056034258616, -55.15625000341398021, -2.404163056034282153 ) ) ;
#7 = CARTESIAN_POINT ( 'NONE',  ( -3.399999999999995914, -63.20312500000000000, -1.408326112068545521 ) ) ;
#8 = CARTESIAN_POINT ( 'NONE',  ( 1.688575694911947922, -57.18750000170700076, 4.076582343749971749 ) ) ;
#9 = CARTESIAN_POINT ( 'NONE',  ( 4.076582343749995729, -65.62500000170699366, -1.688575694911970571 ) ) ;
#10 = EDGE_LOOP ( 'NONE', ( #6162, #1753, #4308, #6426 ) ) ;
#11 = AXIS2_PLACEMENT_3D ( 'NONE', #5906, #4947, #4916 ) ;
#12 = CARTESIAN_POINT ( 'NONE',  ( 2.081899558550498061E-16, -77.50000000341398732, -3.400000000000019451 ) ) ;
#13 = CARTESIAN_POINT ( 'NONE',  ( -3.399999999999995914, -65.62500000000000000, -2.380002022187964067E-14 ) ) ;
#14 = CARTESIAN_POINT ( 'NONE',  ( -1.688575694911949698, -57.34375000170699366, 4.076582343749971749 ) ) ;
#15 = CARTESIAN_POINT ( 'NONE',  ( 3.399999999999995470, -64.92187500000001421, -1.408326112068545521 ) ) ;
#16 = CARTESIAN_POINT ( 'NONE',  ( -4.076582343749995729, -68.82812500170699366, -2.388287766204294237E-14 ) ) ;
#17 = EDGE_CURVE ( 'NONE', #3057, #5503, #2011, .T. ) ;
#18 = CARTESIAN_POINT ( 'NONE',  ( -1.408326112068521319, -71.17187500341400153, -3.400000000000019007 ) ) ;
#19 = CARTESIAN_POINT ( 'NONE',  ( 2.496186759367024056E-16, -65.54687500170697945, -4.076582343750019710 ) ) ;
#20 = CARTESIAN_POINT ( 'NONE',  ( 2.404163056034257728, -60.46875000341398732, 2.404163056034235968 ) ) ;
#21 = CARTESIAN_POINT ( 'NONE',  ( -1.688575694911949698, -71.09375000170697945, 4.076582343749971749 ) ) ;
#22 = CARTESIAN_POINT ( 'NONE',  ( 3.399999999999995470, -78.67187499999998579, -1.408326112068545521 ) ) ;
#23 = LINE ( 'NONE', #4011, #4420 ) ;
#24 = CARTESIAN_POINT ( 'NONE',  ( -4.076582343749995729, -62.81250000170699366, -1.688575694911971015 ) ) ;
#25 = CARTESIAN_POINT ( 'NONE',  ( 2.496186759367024056E-16, -76.64062500170699366, -4.076582343750019710 ) ) ;
#26 = CARTESIAN_POINT ( 'NONE',  ( -2.404163056034258172, -64.53125000000000000, -2.404163056034282153 ) ) ;
#27 = AXIS2_PLACEMENT_3D ( 'NONE', #1752, #3731, #4253 ) ;
#28 = CARTESIAN_POINT ( 'NONE',  ( -4.076582343749995729, -55.07812500170699366, -2.388287766204294237E-14 ) ) ;
#29 = CARTESIAN_POINT ( 'NONE',  ( -3.399999999999995470, -63.51562500341398732, -1.408326112068545521 ) ) ;
#30 = CARTESIAN_POINT ( 'NONE',  ( -4.076582343749995729, -65.31250000170699366, -1.688575694911971015 ) ) ;
#31 = CARTESIAN_POINT ( 'NONE',  ( 2.081899558550498061E-16, -59.68750000000000711, -3.400000000000019451 ) ) ;
#32 = CARTESIAN_POINT ( 'NONE',  ( -3.399999999999995914, -69.37500000000000000, -2.380002022187964067E-14 ) ) ;
#33 = VECTOR ( 'NONE', #4415, 1000.000000000000000 ) ;
#34 = CARTESIAN_POINT ( 'NONE',  ( -1.408326112068521319, -53.67187500341398021, -3.400000000000019007 ) ) ;
#35 = LINE ( 'NONE', #3113, #1697 ) ;
#36 = CARTESIAN_POINT ( 'NONE',  ( -3.399999999999995914, -77.18750000341398732, -2.380002022187964067E-14 ) ) ;
#37 = CARTESIAN_POINT ( 'NONE',  ( -2.882579019330972159, -77.57812500170699366, 2.882579019330947734 ) ) ;
#38 = DIRECTION ( 'NONE',  ( 0.000000000000000000, 0.000000000000000000, -1.000000000000000000 ) ) ;
#39 = DIRECTION ( 'NONE',  ( -1.000000000000000000, 0.000000000000000000, -0.000000000000000000 ) ) ;
#40 = CARTESIAN_POINT ( 'NONE',  ( -4.076582343749995729, -53.90625000170700076, -1.688575694911971015 ) ) ;
#41 = CC_DESIGN_APPROVAL ( #2616, ( #2566 ) ) ;
#42 = CARTESIAN_POINT ( 'NONE',  ( -4.076582343749996618, -62.50000000170700076, 1.688575694911923053 ) ) ;
#43 = EDGE_LOOP ( 'NONE', ( #3863, #4194, #5247, #1727 ) ) ;
#44 = CARTESIAN_POINT ( 'NONE',  ( -2.882579019330970826, -50.39062500170699366, -2.882579019330995251 ) ) ;
#45 = VERTEX_POINT ( 'NONE', #471 ) ;
#46 = CARTESIAN_POINT ( 'NONE',  ( -2.404163056034259061, -64.21875000000000000, 2.404163056034235080 ) ) ;
#47 = CARTESIAN_POINT ( 'NONE',  ( -4.076582343749996618, -55.00000000170699366, 1.688575694911923053 ) ) ;
#48 = CARTESIAN_POINT ( 'NONE',  ( -1.408326112068521319, -64.60937500000000000, -3.400000000000019007 ) ) ;
#49 = CARTESIAN_POINT ( 'NONE',  ( 4.076582343749995729, -70.62500000170699366, -1.688575694911970571 ) ) ;
#50 = CARTESIAN_POINT ( 'NONE',  ( 1.408326112068522651, -70.54687500341398732, 3.399999999999972378 ) ) ;
#51 = CARTESIAN_POINT ( 'NONE',  ( -1.688575694911950142, -65.00000000170699366, 4.076582343749971749 ) ) ;
#52 = CARTESIAN_POINT ( 'NONE',  ( 1.408326112068521985, -76.01562500000000000, -3.400000000000019007 ) ) ;
#53 = CARTESIAN_POINT ( 'NONE',  ( 2.882579019330970382, -69.60937500170699366, 2.882579019330949066 ) ) ;
#54 = CARTESIAN_POINT ( 'NONE',  ( 3.399999999999995914, -76.25000000000000000, -2.338364031016953865E-14 ) ) ;
#55 = CARTESIAN_POINT ( 'NONE',  ( -2.404163056034258172, -60.78125000000000000, -2.404163056034282153 ) ) ;
#56 = CARTESIAN_POINT ( 'NONE',  ( 4.076582343749994841, -64.68750000170699366, 1.688575694911926828 ) ) ;
#57 = CARTESIAN_POINT ( 'NONE',  ( 4.076582343749995729, -76.87500000170700787, -1.688575694911970571 ) ) ;
#58 = CARTESIAN_POINT ( 'NONE',  ( -1.688575694911950142, -77.50000000170699366, 4.076582343749971749 ) ) ;
#59 = CARTESIAN_POINT ( 'NONE',  ( -7.488560278101070689E-16, -54.76562500170699366, 4.076582343749972637 ) ) ;
#60 = CARTESIAN_POINT ( 'NONE',  ( 2.404163056034257728, -62.96875000341398021, 2.404163056034235968 ) ) ;
#61 = CARTESIAN_POINT ( 'NONE',  ( 2.882579019330971715, -61.95312500170699366, -2.882579019330995251 ) ) ;
#62 = CARTESIAN_POINT ( 'NONE',  ( -4.076582343749996618, -78.90625000170699366, 1.688575694911923053 ) ) ;
#64 =( BOUNDED_CURVE ( )  B_SPLINE_CURVE ( 2, ( #4358, #4322, #1298, #3350, #3413, #4915, #3285, #804, #6406 ),
 .UNSPECIFIED., .F., .F. ) 
 B_SPLINE_CURVE_WITH_KNOTS ( ( 3, 2, 2, 2, 3 ),
 ( 0.1770833333333332593, 0.1822916666666665741, 0.1874999999999999167, 0.1927083333333332593, 0.1979166666666665741 ),
 .UNSPECIFIED. ) 
 CURVE ( )  GEOMETRIC_REPRESENTATION_ITEM ( )  RATIONAL_B_SPLINE_CURVE ( ( 1.000000000000001110, 0.9238795325112855172, 1.000000000000000000, 0.9238795325112867385, 1.000000000000000000, 0.9238795325112867385, 1.000000000000000000, 0.9238795325112879597, 0.9999999999999987788 ) ) 
 REPRESENTATION_ITEM ( '' )  );
#63 = FACE_OUTER_BOUND ( 'NONE', #571, .T. ) ;
#65 = CARTESIAN_POINT ( 'NONE',  ( 3.399999999999995470, -51.48437500341399442, -1.408326112068545521 ) ) ;
#66 = DIRECTION ( 'NONE',  ( -0.000000000000000000, -1.000000000000000000, -0.000000000000000000 ) ) ;
#67 = CARTESIAN_POINT ( 'NONE',  ( 1.408326112068522651, -76.79687500341398732, 3.399999999999972378 ) ) ;
#68 = CARTESIAN_POINT ( 'NONE',  ( -4.076582343749995729, -79.06250000170699366, -1.688575694911971015 ) ) ;
#69 = CARTESIAN_POINT ( 'NONE',  ( -2.404163056034259061, -79.21875000000000000, 2.404163056034235080 ) ) ;
#70 = CARTESIAN_POINT ( 'NONE',  ( 2.081899558550498061E-16, -63.75000000341399442, -3.400000000000019451 ) ) ;
#71 = CARTESIAN_POINT ( 'NONE',  ( 4.076582343749995729, -53.12500000170699366, -1.688575694911970571 ) ) ;
#72 = CARTESIAN_POINT ( 'NONE',  ( 2.882579019330971715, -61.79687500170699366, -2.882579019330995251 ) ) ;
#73 = ORIENTED_EDGE ( 'NONE', *, *, #3671, .F. ) ;
#74 = ORIENTED_EDGE ( 'NONE', *, *, #2349, .T. ) ;
#75 = CARTESIAN_POINT ( 'NONE',  ( 4.163799117100996122E-16, -80.00000000000000000, 3.399999999999972378 ) ) ;
#76 = ORIENTED_EDGE ( 'NONE', *, *, #660, .T. ) ;
#77 = CARTESIAN_POINT ( 'NONE',  ( 3.399999999999995470, -62.42187500000000711, -1.408326112068545521 ) ) ;
#78 = CARTESIAN_POINT ( 'NONE',  ( -7.488560278101070689E-16, -57.26562500170699366, 4.076582343749972637 ) ) ;
#79 = CARTESIAN_POINT ( 'NONE',  ( 0.000000000000000000, -3.805549625424119775E-15, 6.499999999999999112 ) ) ;
#80 = CARTESIAN_POINT ( 'NONE',  ( -1.688575694911946590, -71.56250000170700787, -4.076582343750019710 ) ) ;
#81 = CARTESIAN_POINT ( 'NONE',  ( 1.408326112068521985, -62.57812500341399442, -3.400000000000019007 ) ) ;
#82 = CARTESIAN_POINT ( 'NONE',  ( 2.882579019330970382, -66.01562500170699366, 2.882579019330949066 ) ) ;
#83 = CARTESIAN_POINT ( 'NONE',  ( -1.408326112068523317, -77.89062500000000000, 3.399999999999972378 ) ) ;
#84 = CARTESIAN_POINT ( 'NONE',  ( 4.076582343749995729, -70.70312500170700787, -2.338364031016953865E-14 ) ) ;
#85 = CARTESIAN_POINT ( 'NONE',  ( -3.399999999999996358, -75.54687499999998579, 1.408326112068497560 ) ) ;
#86 = CARTESIAN_POINT ( 'NONE',  ( -2.882579019330970826, -64.14062500170699366, -2.882579019330995251 ) ) ;
#87 = CARTESIAN_POINT ( 'NONE',  ( 2.496186759367024056E-16, -72.89062500170699366, -4.076582343750019710 ) ) ;
#88 = CARTESIAN_POINT ( 'NONE',  ( -2.882579019330970826, -79.14062500170699366, -2.882579019330995251 ) ) ;
#89 = CARTESIAN_POINT ( 'NONE',  ( 2.882579019330970382, -53.35937500170699366, 2.882579019330949066 ) ) ;
#90 = CARTESIAN_POINT ( 'NONE',  ( -1.408326112068523317, -63.20312500341398732, 3.399999999999972378 ) ) ;
#91 = CARTESIAN_POINT ( 'NONE',  ( -4.076582343749996618, -62.65625000170699366, 1.688575694911923053 ) ) ;
#92 = CARTESIAN_POINT ( 'NONE',  ( -2.882579019330970826, -77.89062500170699366, -2.882579019330995251 ) ) ;
#93 = CARTESIAN_POINT ( 'NONE',  ( -2.404163056034258172, -69.53125000000000000, -2.404163056034282153 ) ) ;
#94 = CARTESIAN_POINT ( 'NONE',  ( -1.408326112068521319, -56.17187500341398732, -3.400000000000019007 ) ) ;
#95 = DIRECTION ( 'NONE',  ( 0.000000000000000000, 0.000000000000000000, -1.000000000000000000 ) ) ;
#96 = CARTESIAN_POINT ( 'NONE',  ( 3.399999999999995026, -77.89062500341397310, 1.408326112068500224 ) ) ;
#97 = CARTESIAN_POINT ( 'NONE',  ( 2.496186759367024056E-16, -79.29687500170699366, -4.076582343750019710 ) ) ;
#98 =( BOUNDED_CURVE ( )  B_SPLINE_CURVE ( 2, ( #295, #2973, #3489, #6329, #5757, #4314, #4804, #2298, #4844, #3982, #4280, #5792, #3340 ),
 .UNSPECIFIED., .F., .T. ) 
 B_SPLINE_CURVE_WITH_KNOTS ( ( 3, 2, 2, 2, 2, 2, 3 ),
 ( 0.9687500001231752478, 0.9739583333333333703, 0.9791666666666666297, 0.9843750000000000000, 0.9895833333333333703, 0.9947916666666666297, 1.000000000000000000 ),
 .UNSPECIFIED. ) 
 CURVE ( )  GEOMETRIC_REPRESENTATION_ITEM ( )  RATIONAL_B_SPLINE_CURVE ( ( 1.000000000000000000, 0.9238795325112867385, 1.000000000000000000, 0.9238795325112867385, 1.000000000000000000, 0.9238795325112867385, 1.000000000000000000, 0.9238795325112867385, 1.000000000000000000, 0.9238795325112867385, 1.000000000000000000, 0.9238795325112867385, 1.000000000000000000 ) ) 
 REPRESENTATION_ITEM ( '' )  );
#99 = CARTESIAN_POINT ( 'NONE',  ( 3.399999999999995914, -56.17187499999999289, -1.408326112068545521 ) ) ;
#100 = CARTESIAN_POINT ( 'NONE',  ( -6.245698675651493936E-16, -71.87500000341398732, 3.399999999999972378 ) ) ;
#101 = CARTESIAN_POINT ( 'NONE',  ( -2.882579019330972159, -57.42187500170699366, 2.882579019330947734 ) ) ;
#102 = CARTESIAN_POINT ( 'NONE',  ( 1.688575694911947922, -64.68750000170699366, 4.076582343749971749 ) ) ;
#103 = ORIENTED_EDGE ( 'NONE', *, *, #4134, .F. ) ;
#104 = ORIENTED_EDGE ( 'NONE', *, *, #6254, .F. ) ;
#105 = CARTESIAN_POINT ( 'NONE',  ( 1.408326112068496450, -76.48437500000000000, 3.399999999999998135 ) ) ;
#106 = ORIENTED_EDGE ( 'NONE', *, *, #4834, .F. ) ;
#107 = CARTESIAN_POINT ( 'NONE',  ( -1.408326112068521319, -64.60937500000000000, -3.400000000000019007 ) ) ;
#108 = CARTESIAN_POINT ( 'NONE',  ( -1.688575694911949698, -58.59375000170700076, 4.076582343749971749 ) ) ;
#109 = CARTESIAN_POINT ( 'NONE',  ( 2.081899558550498061E-16, -67.50000000341398732, -3.400000000000019451 ) ) ;
#110 = CARTESIAN_POINT ( 'NONE',  ( 2.882579019330971715, -69.29687500170699366, -2.882579019330995251 ) ) ;
#111 = AXIS2_PLACEMENT_3D ( 'NONE', #2167, #5783, #4303 ) ;
#112 = CARTESIAN_POINT ( 'NONE',  ( -3.399999999999995470, -66.01562500341398732, -1.408326112068545521 ) ) ;
#113 =( BOUNDED_CURVE ( )  B_SPLINE_CURVE ( 2, ( #70, #4027, #3023, #6028, #5045, #5011, #5530, #1064, #3052 ),
 .UNSPECIFIED., .F., .F. ) 
 B_SPLINE_CURVE_WITH_KNOTS ( ( 3, 2, 2, 2, 3 ),
 ( 0.5104166666666664076, 0.5156249999999998890, 0.5208333333333333703, 0.5260416666666667407, 0.5312500000000002220 ),
 .UNSPECIFIED. ) 
 CURVE ( )  GEOMETRIC_REPRESENTATION_ITEM ( )  RATIONAL_B_SPLINE_CURVE ( ( 1.000000000000003331, 0.9238795325112835188, 1.000000000000000000, 0.9238795325112867385, 1.000000000000000000, 0.9238795325112867385, 1.000000000000000000, 0.9238795325112835188, 1.000000000000003331 ) ) 
 REPRESENTATION_ITEM ( '' )  );
#114 = CARTESIAN_POINT ( 'NONE',  ( -4.076582343749995729, -61.48437500170698655, -2.388287766204294237E-14 ) ) ;
#115 = CARTESIAN_POINT ( 'NONE',  ( 2.404163056034257728, -78.90625000000000000, 2.404163056034235968 ) ) ;
#116 = CARTESIAN_POINT ( 'NONE',  ( 4.076582343749995729, -69.37500000170699366, -1.688575694911970571 ) ) ;
#117 = CARTESIAN_POINT ( 'NONE',  ( -2.404163056034259061, -77.96875000000000000, 2.404163056034235080 ) ) ;
#118 = CARTESIAN_POINT ( 'NONE',  ( 2.081899558550498061E-16, -75.00000000341398732, -3.400000000000019451 ) ) ;
#119 = CARTESIAN_POINT ( 'NONE',  ( 1.688575694911947256, -66.87500000170699366, -4.076582343750018822 ) ) ;
#120 = CARTESIAN_POINT ( 'NONE',  ( 2.882579019330970382, -72.10937500170699366, 2.882579019330949066 ) ) ;
#121 = CARTESIAN_POINT ( 'NONE',  ( -1.408326112068521319, -78.67187500341397310, -3.400000000000019007 ) ) ;
#122 = CARTESIAN_POINT ( 'NONE',  ( 0.000000000000000000, -80.00000000000000000, -2.338364031016953865E-14 ) ) ;
#123 = CARTESIAN_POINT ( 'NONE',  ( -2.882579019330972159, -56.17187500170699366, 2.882579019330947734 ) ) ;
#124 = CARTESIAN_POINT ( 'NONE',  ( 2.404163056034258616, -63.90625000341398732, -2.404163056034282153 ) ) ;
#125 = CARTESIAN_POINT ( 'NONE',  ( -1.688575694911949698, -56.25000000170700076, 4.076582343749971749 ) ) ;
#126 = DIRECTION ( 'NONE',  ( -0.000000000000000000, -1.000000000000000000, -0.000000000000000000 ) ) ;
#127 = FACE_OUTER_BOUND ( 'NONE', #3029, .T. ) ;
#128 = CARTESIAN_POINT ( 'NONE',  ( 3.399999999999995026, -54.14062500341399442, 1.408326112068500224 ) ) ;
#129 = CARTESIAN_POINT ( 'NONE',  ( -6.245698675651493936E-16, -74.06250000000000000, 3.399999999999972378 ) ) ;
#130 = CARTESIAN_POINT ( 'NONE',  ( 2.404163056034258616, -78.90625000341398732, -2.404163056034282153 ) ) ;
#131 = CARTESIAN_POINT ( 'NONE',  ( -2.882579019330970826, -77.89062500170699366, -2.882579019330995251 ) ) ;
#132 = CARTESIAN_POINT ( 'NONE',  ( -3.399999999999995914, -70.62500000000001421, -2.380002022187964067E-14 ) ) ;
#133 = DIRECTION ( 'NONE',  ( 0.000000000000000000, 0.000000000000000000, -1.000000000000000000 ) ) ;
#134 = VECTOR ( 'NONE', #1746, 1000.000000000000000 ) ;
#135 = CARTESIAN_POINT ( 'NONE',  ( 2.496186759367024056E-16, -51.64062500170699366, -4.076582343750019710 ) ) ;
#136 = ORIENTED_EDGE ( 'NONE', *, *, #655, .T. ) ;
#137 = ORIENTED_EDGE ( 'NONE', *, *, #403, .T. ) ;
#138 = FACE_OUTER_BOUND ( 'NONE', #5417, .T. ) ;
#139 = VERTEX_POINT ( 'NONE', #435 ) ;
#140 = CARTESIAN_POINT ( 'NONE',  ( -1.408326112068523317, -62.89062500000000711, 3.399999999999972378 ) ) ;
#141 = CARTESIAN_POINT ( 'NONE',  ( 2.882579019330971715, -51.79687500170699366, -2.882579019330995251 ) ) ;
#142 = CARTESIAN_POINT ( 'NONE',  ( 3.399999999999995026, -67.89062500341398732, 1.408326112068500446 ) ) ;
#143 = CARTESIAN_POINT ( 'NONE',  ( 1.688575694911947922, -69.68750000170697945, 4.076582343749971749 ) ) ;
#144 = CARTESIAN_POINT ( 'NONE',  ( -2.404163056034258172, -62.34375000341398021, -2.404163056034282153 ) ) ;
#145 = APPROVAL_PERSON_ORGANIZATION ( #2891, #3293, #1754 ) ;
#146 = CARTESIAN_POINT ( 'NONE',  ( -2.882579019330972159, -57.57812500170698655, 2.882579019330947734 ) ) ;
#147 = CARTESIAN_POINT ( 'NONE',  ( 3.399999999999995470, -77.42187500000000000, -1.408326112068545521 ) ) ;
#148 = CARTESIAN_POINT ( 'NONE',  ( -4.076582343749995729, -67.65625000170699366, -1.688575694911971015 ) ) ;
#149 = CARTESIAN_POINT ( 'NONE',  ( 3.399999999999995026, -72.57812500000000000, 1.408326112068500224 ) ) ;
#150 = CARTESIAN_POINT ( 'NONE',  ( 3.399999999999995914, -50.00000000000000000, -2.338364031016953865E-14 ) ) ;
#151 = CARTESIAN_POINT ( 'NONE',  ( -1.688575694911949698, -58.75000000170700076, 4.076582343749971749 ) ) ;
#152 = CARTESIAN_POINT ( 'NONE',  ( 2.882579019330970382, -73.35937500170699366, 2.882579019330949066 ) ) ;
#153 = CARTESIAN_POINT ( 'NONE',  ( -1.688575694911949698, -49.84375000170699366, 4.076582343749971749 ) ) ;
#154 = CARTESIAN_POINT ( 'NONE',  ( -2.882579019330972159, -75.07812500170699366, 2.882579019330947734 ) ) ;
#155 = CARTESIAN_POINT ( 'NONE',  ( -7.488560278101070689E-16, -53.51562500170699366, 4.076582343749972637 ) ) ;
#156 = CARTESIAN_POINT ( 'NONE',  ( -2.404163056034259061, -57.03125000341398021, 2.404163056034235080 ) ) ;
#157 = CARTESIAN_POINT ( 'NONE',  ( 4.076582343749995729, -59.53125000170699366, -1.688575694911970571 ) ) ;
#158 = CARTESIAN_POINT ( 'NONE',  ( 4.076582343749994841, -74.68750000170699366, 1.688575694911926828 ) ) ;
#159 = CARTESIAN_POINT ( 'NONE',  ( 0.000000000000000000, -80.00000000000000000, -2.338364031016953865E-14 ) ) ;
#160 =( BOUNDED_SURFACE ( )  B_SPLINE_SURFACE ( 1, 2, ( 
 ( #4500, #5430, #3009, #2547, #552, #1945, #3921, #4534, #3431, #4014, #3461, #4445, #5487, #2001, #3955, #4410, #2515, #3072, #960, #993, #491, #5983, #4472, #2427, #1974, #1510, #5924, #5548, #1541, #3491, #4935, #4995, #458, #57, #2032, #5065, #25, #3522, #5517, #2458, #6457, #5953, #1020, #1051, #3040, #2062, #4045, #6046, #4261, #4144, #1115, #1176, #3104, #807, #274, #6306, #5163, #2276, #1790, #3804, #6079, #4109, #5131, #1822, #5645, #5805, #1333, #4634, #306, #3166, #2582, #2312, #4752, #685, #4076, #3319, #2125, #3773, #152, #5098, #4565, #616, #6273, #2158, #87, #2093, #6112, #3289, #5285, #2615, #3615, #1605, #586, #4600, #120, #1638, #1301, #3584, #5769, #4292, #2647, #5583, #6146, #5614, #1146, #2798, #1672, #4784, #3134, #647, #3647, #2766, #5938, #3353, #5840, #2441, #3937, #2345, #3387, #1402, #4458, #4326, #4429, #4361, #6470, #6441, #3968, #1959, #475, #5875, #1465, #3442, #5442, #2898, #1433, #5388, #4887, #6409, #977, #378, #5356, #2472, #1987, #1927, #1369, #910, #2958, #4949, #938, #1859, #5908, #5965, #1496, #4819, #2831, #5323, #6340, #440, #6376, #876, #3904, #410, #2379, #840, #3417, #341, #3836, #1894, #2411, #4394, #3870, #2864, #4857, #5416, #2927, #4918, #5563, #9, #3026, #5472, #4582, #2015, #3507, #5013, #3567, #2993, #2076, #600, #2046, #102, #6030, #2598, #6095, #4060, #1556, #6063, #1098, #3998, #507, #3536, #3087, #6001, #1526, #1589, #5079, #4979, #2529, #4515, #2109, #2500, #4092, #1035, #3475, #1006, #4485, #5502, #535, #42, #4029, #5532, #1066, #3054, #5048, #569, #2564, #4550, #72, #4382, #899, #4473, #5986, #5925, #5376, #927, #5955, #493, #4937, #5860, #3432, #2979, #994, #2365, #364, #4967, #3857, #4447, #3891, #4875, #1455, #427, #6395, #4841, #963, #3495, #1879, #5896, #2915, #4412, #1421, #2851, #2400, #6431, #4346, #1512, #6459, #1948, #3372, #5431, #2886, #2488, #2461, #2003, #2946, #1977, #3957, #5489, #1388, #1913, #4908, #3986, #460, #6361, #398, #2430, #6490, #1483, #3405, #5405, #3463, #5460, #3924, #2161, #2550, #4113, #5067, #1543, #4997, #1053, #123, #2586, #523, #2518, #4536, #2095, #2065, #4502, #4604, #4079, #1118, #1607, #1574, #5550, #28, #4047, #5519, #3555, #59, #650, #6150, #588, #1085, #6049, #5586, #1675, #3653, #2129, #3042, #3107, #4637, #4569, #3011, #1023, #155, #1151, #89, #5103, #1642, #2650, #3074, #3618, #6081, #3586, #5035, #619, #6116, #2033, #4147, #2619, #5617, #4016, #3137, #6018, #5135, #3525, #555, #1116, #4729, #6147, #1147, #249, #648, #2223, #3168, #6114, #3105, #5615, #4698, #687, #5099, #617, #2648, #1739, #3716, #1640, #2159, #2617, #2255, #3616, #5132, #153, #6212, #4601, #2712, #5230, #1177 ),
 ( #5715, #3135, #4635, #220, #4211, #121, #3648, #1673, #4240, #2126, #1247, #4145, #6243, #3231, #1768, #750, #2742, #5646, #5584, #4110, #5164, #2679, #1706, #4667, #187, #2192, #4180, #6178, #3683, #5681, #1213, #3201, #5196, #716, #4337, #6350, #5745, #816, #5262, #6384, #1278, #1379, #6282, #5849, #3362, #3749, #2841, #3267, #784, #4371, #1868, #2355, #5884, #2775, #3845, #1410, #1800, #317, #5365, #1902, #4866, #2321, #4301, #5781, #4762, #3880, #3395, #5331, #6316, #1834, #5395, #2807, #284, #4793, #3812, #4828, #917, #6418, #2389, #3781, #2905, #4896, #3328, #849, #2285, #4270, #417, #887, #2418, #1312, #5296, #352, #3299, #5814, #4402, #2875, #1343, #388, #3947, #2055, #5058, #18, #5974, #5510, #1966, #4038, #5450, #1937, #4006, #50, #4525, #544, #1013, #6038, #984, #5945, #5025, #3002, #4988, #2967, #5422, #1044, #514, #2023, #2509, #2479, #6480, #949, #4956, #6449, #4465, #3450, #1565, #579, #1503, #1994, #483, #6009, #2574, #4558, #3034, #1473, #1534, #5540, #3484, #3913, #5915, #1075, #3546, #5479, #3515, #2539, #3064, #3976, #1445, #4492, #3423, #2935, #4927, #448, #2450, #4437, #1630, #3193, #4136, #609, #4069, #112, #5673, #1665, #6072, #1598, #3607, #2705, #4691, #2608, #3127, #2086, #5706, #4593, #6104, #1139, #710, #3576, #3677, #6205, #2151, #1239, #3640, #1732, #2735, #1205, #5638, #5189, #211, #2119, #1108, #1169, #2216, #4102, #5607, #4203, #3709, #5575, #4627, #2640, #3225, #3097, #5222, #5124, #742, #81, #5089, #640, #144, #6138, #3159, #5156, #677, #2672, #4660, #179, #2185, #4170, #6171, #1698, #2767, #6378, #1489, #1334, #776, #2799, #1371, #2382, #343, #1271, #5324, #4859, #2866, #4233, #2248, #380, #5738, #6343, #5771, #277, #3320, #2313, #6274, #242, #2833, #5465, #3742, #1303, #4786, #6308, #3291, #4721, #4263, #1824, #3872, #1896, #4364, #3805, #4821, #5358, #5877, #1792, #878, #809, #5806, #4754, #842, #3355, #999, #3468, #2347, #4328, #6236, #3774, #1761, #3257, #5252, #1861, #2278, #3838, #5842, #5287, #308, #4293, #4053, #4022, #2, #94, #6055, #3080, #3560, #3529, #1058, #2009, #6023, #1028, #5524, #4507, #2624, #1647, #561, #3047, #1549, #1091, #3624, #5622, #2100, #3016, #5072, #4609, #2986, #4118, #2135, #128, #3112, #4542, #593, #3591, #6121, #34, #5591, #5040, #2070, #5004, #1580, #1612, #4972, #498, #5555, #2592, #2493, #2038, #4478, #1123, #3991, #4575, #5496, #4084, #6087, #5992, #5109, #1519, #3500, #624, #527, #2523, #2557, #65, #1254, #3273, #5654, #4187, #3238, #5753, #2262, #6188, #1713, #3174, #2654, #1285, #5270, #2720, #3691, #5689, #3756, #4675, #161, #2200, #1222, #227, #2786, #3790, #6252, #3658, #1775, #2295, #723, #4707, #1155 ) ),
 .UNSPECIFIED., .F., .F., .T. ) 
 B_SPLINE_SURFACE_WITH_KNOTS ( ( 2, 2 ),
 ( 3, 2, 2, 2, 2, 2, 2, 2, 2, 2, 2, 2, 2, 2, 2, 2, 2, 2, 2, 2, 2, 2, 2, 2, 2, 2, 2, 2, 2, 2, 2, 2, 2, 2, 2, 2, 2, 2, 2, 2, 2, 2, 2, 2, 2, 2, 2, 2, 2, 2, 2, 2, 2, 2, 2, 2, 2, 2, 2, 2, 2, 2, 2, 2, 2, 2, 2, 2, 2, 2, 2, 2, 2, 2, 2, 2, 2, 2, 2, 2, 2, 2, 2, 2, 2, 2, 2, 2, 2, 2, 2, 2, 2, 2, 2, 2, 2, 2, 2, 2, 2, 2, 2, 2, 2, 2, 2, 2, 2, 2, 2, 2, 2, 2, 2, 2, 2, 2, 2, 2, 2, 2, 2, 2, 2, 2, 2, 2, 2, 2, 2, 2, 2, 2, 2, 2, 2, 2, 2, 2, 2, 2, 2, 2, 2, 2, 2, 2, 2, 2, 2, 2, 2, 2, 2, 2, 2, 2, 2, 2, 2, 2, 2, 2, 2, 2, 2, 2, 2, 2, 2, 2, 2, 2, 2, 2, 2, 2, 2, 2, 2, 2, 2, 2, 2, 2, 2, 2, 2, 2, 2, 2, 3 ),
 ( 0.000000000000000000, 1.000000000000000000 ),
 ( 0.000000000000000000, 0.005208333333333333044, 0.01041666666666666609, 0.01562500000000000000, 0.02083333333333333218, 0.02604166666666666782, 0.03125000000000000000, 0.03645833333333333565, 0.04166666666666666435, 0.04687500000000000000, 0.05208333333333333565, 0.05729166666666666435, 0.06250000000000000000, 0.06770833333333332871, 0.07291666666666667129, 0.07812500000000000000, 0.08333333333333332871, 0.08854166666666667129, 0.09375000000000000000, 0.09895833333333332871, 0.1041666666666666713, 0.1093750000000000000, 0.1145833333333333287, 0.1197916666666666713, 0.1250000000000000000, 0.1302083333333333426, 0.1354166666666666574, 0.1406250000000000000, 0.1458333333333333426, 0.1510416666666666574, 0.1562500000000000000, 0.1614583333333333426, 0.1666666666666666574, 0.1718750000000000000, 0.1770833333333333426, 0.1822916666666666574, 0.1875000000000000000, 0.1927083333333333426, 0.1979166666666666574, 0.2031250000000000000, 0.2083333333333333426, 0.2135416666666666574, 0.2187500000000000000, 0.2239583333333333426, 0.2291666666666666574, 0.2343750000000000000, 0.2395833333333333426, 0.2447916666666666574, 0.2500000000000000000, 0.2552083333333333148, 0.2604166666666666852, 0.2656250000000000000, 0.2708333333333333148, 0.2760416666666666852, 0.2812500000000000000, 0.2864583333333333148, 0.2916666666666666852, 0.2968750000000000000, 0.3020833333333333148, 0.3072916666666666852, 0.3125000000000000000, 0.3177083333333333148, 0.3229166666666666852, 0.3281250000000000000, 0.3333333333333333148, 0.3385416666666666852, 0.3437500000000000000, 0.3489583333333333148, 0.3541666666666666852, 0.3593750000000000000, 0.3645833333333333148, 0.3697916666666666852, 0.3750000000000000000, 0.3802083333333333148, 0.3854166666666666852, 0.3906250000000000000, 0.3958333333333333148, 0.4010416666666666852, 0.4062500000000000000, 0.4114583333333333148, 0.4166666666666666852, 0.4218750000000000000, 0.4270833333333333148, 0.4322916666666666852, 0.4375000000000000000, 0.4427083333333333148, 0.4479166666666666852, 0.4531250000000000000, 0.4583333333333333148, 0.4635416666666666852, 0.4687500000000000000, 0.4739583333333333148, 0.4791666666666666852, 0.4843750000000000000, 0.4895833333333333148, 0.4947916666666666852, 0.5000000000000000000, 0.5052083333333333703, 0.5104166666666666297, 0.5156250000000000000, 0.5208333333333333703, 0.5260416666666666297, 0.5312500000000000000, 0.5364583333333333703, 0.5416666666666666297, 0.5468750000000000000, 0.5520833333333333703, 0.5572916666666666297, 0.5625000000000000000, 0.5677083333333333703, 0.5729166666666666297, 0.5781250000000000000, 0.5833333333333333703, 0.5885416666666666297, 0.5937500000000000000, 0.5989583333333333703, 0.6041666666666666297, 0.6093750000000000000, 0.6145833333333333703, 0.6197916666666666297, 0.6250000000000000000, 0.6302083333333333703, 0.6354166666666666297, 0.6406250000000000000, 0.6458333333333333703, 0.6510416666666666297, 0.6562500000000000000, 0.6614583333333333703, 0.6666666666666666297, 0.6718750000000000000, 0.6770833333333333703, 0.6822916666666666297, 0.6875000000000000000, 0.6927083333333333703, 0.6979166666666666297, 0.7031250000000000000, 0.7083333333333333703, 0.7135416666666666297, 0.7187500000000000000, 0.7239583333333333703, 0.7291666666666666297, 0.7343750000000000000, 0.7395833333333333703, 0.7447916666666666297, 0.7500000000000000000, 0.7552083333333333703, 0.7604166666666666297, 0.7656250000000000000, 0.7708333333333333703, 0.7760416666666666297, 0.7812500000000000000, 0.7864583333333333703, 0.7916666666666666297, 0.7968750000000000000, 0.8020833333333333703, 0.8072916666666666297, 0.8125000000000000000, 0.8177083333333333703, 0.8229166666666666297, 0.8281250000000000000, 0.8333333333333333703, 0.8385416666666666297, 0.8437500000000000000, 0.8489583333333333703, 0.8541666666666666297, 0.8593750000000000000, 0.8645833333333333703, 0.8697916666666666297, 0.8750000000000000000, 0.8802083333333333703, 0.8854166666666666297, 0.8906250000000000000, 0.8958333333333333703, 0.9010416666666666297, 0.9062500000000000000, 0.9114583333333333703, 0.9166666666666666297, 0.9218750000000000000, 0.9270833333333333703, 0.9322916666666666297, 0.9375000000000000000, 0.9427083333333333703, 0.9479166666666666297, 0.9531250000000000000, 0.9583333333333333703, 0.9635416666666666297, 0.9687500000000000000, 0.9739583333333333703, 0.9791666666666666297, 0.9843750000000000000, 0.9895833333333333703, 0.9947916666666666297, 1.000000000000000000 ),
 .UNSPECIFIED. ) 
 GEOMETRIC_REPRESENTATION_ITEM ( )  RATIONAL_B_SPLINE_SURFACE ( (
 ( 1.000000000000000000, 0.9238795325112867385, 1.000000000000000000, 0.9238795325112867385, 1.000000000000000000, 0.9238795325112867385, 1.000000000000000000, 0.9238795325112867385, 1.000000000000000000, 0.9238795325112867385, 1.000000000000000000, 0.9238795325112867385, 1.000000000000000000, 0.9238795325112867385, 1.000000000000000000, 0.9238795325112867385, 1.000000000000000000, 0.9238795325112867385, 1.000000000000000000, 0.9238795325112867385, 1.000000000000000000, 0.9238795325112867385, 1.000000000000000000, 0.9238795325112867385, 1.000000000000000000, 0.9238795325112867385, 1.000000000000000000, 0.9238795325112867385, 1.000000000000000000, 0.9238795325112867385, 1.000000000000000000, 0.9238795325112867385, 1.000000000000000000, 0.9238795325112867385, 1.000000000000000000, 0.9238795325112867385, 1.000000000000000000, 0.9238795325112867385, 1.000000000000000000, 0.9238795325112867385, 1.000000000000000000, 0.9238795325112867385, 1.000000000000000000, 0.9238795325112867385, 1.000000000000000000, 0.9238795325112867385, 1.000000000000000000, 0.9238795325112867385, 1.000000000000000000, 0.9238795325112867385, 1.000000000000000000, 0.9238795325112867385, 1.000000000000000000, 0.9238795325112867385, 1.000000000000000000, 0.9238795325112867385, 1.000000000000000000, 0.9238795325112867385, 1.000000000000000000, 0.9238795325112867385, 1.000000000000000000, 0.9238795325112867385, 1.000000000000000000, 0.9238795325112867385, 1.000000000000000000, 0.9238795325112867385, 1.000000000000000000, 0.9238795325112867385, 1.000000000000000000, 0.9238795325112867385, 1.000000000000000000, 0.9238795325112867385, 1.000000000000000000, 0.9238795325112867385, 1.000000000000000000, 0.9238795325112867385, 1.000000000000000000, 0.9238795325112867385, 1.000000000000000000, 0.9238795325112867385, 1.000000000000000000, 0.9238795325112867385, 1.000000000000000000, 0.9238795325112867385, 1.000000000000000000, 0.9238795325112867385, 1.000000000000000000, 0.9238795325112867385, 1.000000000000000000, 0.9238795325112867385, 1.000000000000000000, 0.9238795325112867385, 1.000000000000000000, 0.9238795325112867385, 1.000000000000000000, 0.9238795325112867385, 1.000000000000000000, 0.9238795325112867385, 1.000000000000000000, 0.9238795325112867385, 1.000000000000000000, 0.9238795325112867385, 1.000000000000000000, 0.9238795325112867385, 1.000000000000000000, 0.9238795325112867385, 1.000000000000000000, 0.9238795325112867385, 1.000000000000000000, 0.9238795325112867385, 1.000000000000000000, 0.9238795325112867385, 1.000000000000000000, 0.9238795325112867385, 1.000000000000000000, 0.9238795325112867385, 1.000000000000000000, 0.9238795325112867385, 1.000000000000000000, 0.9238795325112867385, 1.000000000000000000, 0.9238795325112867385, 1.000000000000000000, 0.9238795325112867385, 1.000000000000000000, 0.9238795325112867385, 1.000000000000000000, 0.9238795325112867385, 1.000000000000000000, 0.9238795325112867385, 1.000000000000000000, 0.9238795325112867385, 1.000000000000000000, 0.9238795325112867385, 1.000000000000000000, 0.9238795325112867385, 1.000000000000000000, 0.9238795325112867385, 1.000000000000000000, 0.9238795325112867385, 1.000000000000000000, 0.9238795325112867385, 1.000000000000000000, 0.9238795325112867385, 1.000000000000000000, 0.9238795325112867385, 1.000000000000000000, 0.9238795325112867385, 1.000000000000000000, 0.9238795325112867385, 1.000000000000000000, 0.9238795325112867385, 1.000000000000000000, 0.9238795325112867385, 1.000000000000000000, 0.9238795325112867385, 1.000000000000000000, 0.9238795325112867385, 1.000000000000000000, 0.9238795325112867385, 1.000000000000000000, 0.9238795325112867385, 1.000000000000000000, 0.9238795325112867385, 1.000000000000000000, 0.9238795325112867385, 1.000000000000000000, 0.9238795325112867385, 1.000000000000000000, 0.9238795325112867385, 1.000000000000000000, 0.9238795325112867385, 1.000000000000000000, 0.9238795325112867385, 1.000000000000000000, 0.9238795325112867385, 1.000000000000000000, 0.9238795325112867385, 1.000000000000000000, 0.9238795325112867385, 1.000000000000000000, 0.9238795325112867385, 1.000000000000000000, 0.9238795325112867385, 1.000000000000000000, 0.9238795325112867385, 1.000000000000000000, 0.9238795325112867385, 1.000000000000000000, 0.9238795325112867385, 1.000000000000000000, 0.9238795325112867385, 1.000000000000000000, 0.9238795325112867385, 1.000000000000000000, 0.9238795325112867385, 1.000000000000000000, 0.9238795325112867385, 1.000000000000000000, 0.9238795325112867385, 1.000000000000000000, 0.9238795325112867385, 1.000000000000000000, 0.9238795325112867385, 1.000000000000000000, 0.9238795325112867385, 1.000000000000000000, 0.9238795325112867385, 1.000000000000000000, 0.9238795325112867385, 1.000000000000000000, 0.9238795325112867385, 1.000000000000000000, 0.9238795325112867385, 1.000000000000000000, 0.9238795325112867385, 1.000000000000000000, 0.9238795325112867385, 1.000000000000000000, 0.9238795325112867385, 1.000000000000000000, 0.9238795325112867385, 1.000000000000000000, 0.9238795325112867385, 1.000000000000000000, 0.9238795325112867385, 1.000000000000000000, 0.9238795325112867385, 1.000000000000000000, 0.9238795325112867385, 1.000000000000000000, 0.9238795325112867385, 1.000000000000000000, 0.9238795325112867385, 1.000000000000000000, 0.9238795325112867385, 1.000000000000000000, 0.9238795325112867385, 1.000000000000000000, 0.9238795325112867385, 1.000000000000000000, 0.9238795325112867385, 1.000000000000000000, 0.9238795325112867385, 1.000000000000000000, 0.9238795325112867385, 1.000000000000000000, 0.9238795325112867385, 1.000000000000000000, 0.9238795325112867385, 1.000000000000000000, 0.9238795325112867385, 1.000000000000000000, 0.9238795325112867385, 1.000000000000000000, 0.9238795325112867385, 1.000000000000000000, 0.9238795325112867385, 1.000000000000000000, 0.9238795325112867385, 1.000000000000000000, 0.9238795325112867385, 1.000000000000000000, 0.9238795325112867385, 1.000000000000000000, 0.9238795325112867385, 1.000000000000000000, 0.9238795325112867385, 1.000000000000000000, 0.9238795325112867385, 1.000000000000000000, 0.9238795325112867385, 1.000000000000000000, 0.9238795325112867385, 1.000000000000000000, 0.9238795325112867385, 1.000000000000000000, 0.9238795325112867385, 1.000000000000000000, 0.9238795325112867385, 1.000000000000000000, 0.9238795325112867385, 1.000000000000000000, 0.9238795325112867385, 1.000000000000000000, 0.9238795325112867385, 1.000000000000000000, 0.9238795325112867385, 1.000000000000000000, 0.9238795325112867385, 1.000000000000000000, 0.9238795325112867385, 1.000000000000000000, 0.9238795325112867385, 1.000000000000000000, 0.9238795325112867385, 1.000000000000000000, 0.9238795325112867385, 1.000000000000000000, 0.9238795325112867385, 1.000000000000000000, 0.9238795325112867385, 1.000000000000000000, 0.9238795325112867385, 1.000000000000000000, 0.9238795325112867385, 1.000000000000000000, 0.9238795325112867385, 1.000000000000000000, 0.9238795325112867385, 1.000000000000000000, 0.9238795325112867385, 1.000000000000000000, 0.9238795325112867385, 1.000000000000000000, 0.9238795325112867385, 1.000000000000000000, 0.9238795325112867385, 1.000000000000000000, 0.9238795325112867385, 1.000000000000000000, 0.9238795325112867385, 1.000000000000000000, 0.9238795325112867385, 1.000000000000000000, 0.9238795325112867385, 1.000000000000000000, 0.9238795325112867385, 1.000000000000000000, 0.9238795325112867385, 1.000000000000000000, 0.9238795325112867385, 1.000000000000000000, 0.9238795325112867385, 1.000000000000000000, 0.9238795325112867385, 1.000000000000000000, 0.9238795325112867385, 1.000000000000000000, 0.9238795325112867385, 1.000000000000000000, 0.9238795325112867385, 1.000000000000000000, 0.9238795325112867385, 1.000000000000000000, 0.9238795325112867385, 1.000000000000000000, 0.9238795325112867385, 1.000000000000000000, 0.9238795325112867385, 1.000000000000000000, 0.9238795325112867385, 1.000000000000000000, 0.9238795325112867385, 1.000000000000000000, 0.9238795325112867385, 1.000000000000000000, 0.9238795325112867385, 1.000000000000000000, 0.9238795325112867385, 1.000000000000000000, 0.9238795325112867385, 1.000000000000000000, 0.9238795325112867385, 1.000000000000000000, 0.9238795325112867385, 1.000000000000000000, 0.9238795325112867385, 1.000000000000000000, 0.9238795325112867385, 1.000000000000000000, 0.9238795325112867385, 1.000000000000000000, 0.9238795325112867385, 1.000000000000000000, 0.9238795325112867385, 1.000000000000000000, 0.9238795325112867385, 1.000000000000000000, 0.9238795325112867385, 1.000000000000000000, 0.9238795325112867385, 1.000000000000000000, 0.9238795325112867385, 1.000000000000000000),
 ( 1.000000000000000000, 0.9238795325112867385, 1.000000000000000000, 0.9238795325112867385, 1.000000000000000000, 0.9238795325112867385, 1.000000000000000000, 0.9238795325112867385, 1.000000000000000000, 0.9238795325112867385, 1.000000000000000000, 0.9238795325112867385, 1.000000000000000000, 0.9238795325112867385, 1.000000000000000000, 0.9238795325112867385, 1.000000000000000000, 0.9238795325112867385, 1.000000000000000000, 0.9238795325112867385, 1.000000000000000000, 0.9238795325112867385, 1.000000000000000000, 0.9238795325112867385, 1.000000000000000000, 0.9238795325112867385, 1.000000000000000000, 0.9238795325112867385, 1.000000000000000000, 0.9238795325112867385, 1.000000000000000000, 0.9238795325112867385, 1.000000000000000000, 0.9238795325112867385, 1.000000000000000000, 0.9238795325112867385, 1.000000000000000000, 0.9238795325112867385, 1.000000000000000000, 0.9238795325112867385, 1.000000000000000000, 0.9238795325112867385, 1.000000000000000000, 0.9238795325112867385, 1.000000000000000000, 0.9238795325112867385, 1.000000000000000000, 0.9238795325112867385, 1.000000000000000000, 0.9238795325112867385, 1.000000000000000000, 0.9238795325112867385, 1.000000000000000000, 0.9238795325112867385, 1.000000000000000000, 0.9238795325112867385, 1.000000000000000000, 0.9238795325112867385, 1.000000000000000000, 0.9238795325112867385, 1.000000000000000000, 0.9238795325112867385, 1.000000000000000000, 0.9238795325112867385, 1.000000000000000000, 0.9238795325112867385, 1.000000000000000000, 0.9238795325112867385, 1.000000000000000000, 0.9238795325112867385, 1.000000000000000000, 0.9238795325112867385, 1.000000000000000000, 0.9238795325112867385, 1.000000000000000000, 0.9238795325112867385, 1.000000000000000000, 0.9238795325112867385, 1.000000000000000000, 0.9238795325112867385, 1.000000000000000000, 0.9238795325112867385, 1.000000000000000000, 0.9238795325112867385, 1.000000000000000000, 0.9238795325112867385, 1.000000000000000000, 0.9238795325112867385, 1.000000000000000000, 0.9238795325112867385, 1.000000000000000000, 0.9238795325112867385, 1.000000000000000000, 0.9238795325112867385, 1.000000000000000000, 0.9238795325112867385, 1.000000000000000000, 0.9238795325112867385, 1.000000000000000000, 0.9238795325112867385, 1.000000000000000000, 0.9238795325112867385, 1.000000000000000000, 0.9238795325112867385, 1.000000000000000000, 0.9238795325112867385, 1.000000000000000000, 0.9238795325112867385, 1.000000000000000000, 0.9238795325112867385, 1.000000000000000000, 0.9238795325112867385, 1.000000000000000000, 0.9238795325112867385, 1.000000000000000000, 0.9238795325112867385, 1.000000000000000000, 0.9238795325112867385, 1.000000000000000000, 0.9238795325112867385, 1.000000000000000000, 0.9238795325112867385, 1.000000000000000000, 0.9238795325112867385, 1.000000000000000000, 0.9238795325112867385, 1.000000000000000000, 0.9238795325112867385, 1.000000000000000000, 0.9238795325112867385, 1.000000000000000000, 0.9238795325112867385, 1.000000000000000000, 0.9238795325112867385, 1.000000000000000000, 0.9238795325112867385, 1.000000000000000000, 0.9238795325112867385, 1.000000000000000000, 0.9238795325112867385, 1.000000000000000000, 0.9238795325112867385, 1.000000000000000000, 0.9238795325112867385, 1.000000000000000000, 0.9238795325112867385, 1.000000000000000000, 0.9238795325112867385, 1.000000000000000000, 0.9238795325112867385, 1.000000000000000000, 0.9238795325112867385, 1.000000000000000000, 0.9238795325112867385, 1.000000000000000000, 0.9238795325112867385, 1.000000000000000000, 0.9238795325112867385, 1.000000000000000000, 0.9238795325112867385, 1.000000000000000000, 0.9238795325112867385, 1.000000000000000000, 0.9238795325112867385, 1.000000000000000000, 0.9238795325112867385, 1.000000000000000000, 0.9238795325112867385, 1.000000000000000000, 0.9238795325112867385, 1.000000000000000000, 0.9238795325112867385, 1.000000000000000000, 0.9238795325112867385, 1.000000000000000000, 0.9238795325112867385, 1.000000000000000000, 0.9238795325112867385, 1.000000000000000000, 0.9238795325112867385, 1.000000000000000000, 0.9238795325112867385, 1.000000000000000000, 0.9238795325112867385, 1.000000000000000000, 0.9238795325112867385, 1.000000000000000000, 0.9238795325112867385, 1.000000000000000000, 0.9238795325112867385, 1.000000000000000000, 0.9238795325112867385, 1.000000000000000000, 0.9238795325112867385, 1.000000000000000000, 0.9238795325112867385, 1.000000000000000000, 0.9238795325112867385, 1.000000000000000000, 0.9238795325112867385, 1.000000000000000000, 0.9238795325112867385, 1.000000000000000000, 0.9238795325112867385, 1.000000000000000000, 0.9238795325112867385, 1.000000000000000000, 0.9238795325112867385, 1.000000000000000000, 0.9238795325112867385, 1.000000000000000000, 0.9238795325112867385, 1.000000000000000000, 0.9238795325112867385, 1.000000000000000000, 0.9238795325112867385, 1.000000000000000000, 0.9238795325112867385, 1.000000000000000000, 0.9238795325112867385, 1.000000000000000000, 0.9238795325112867385, 1.000000000000000000, 0.9238795325112867385, 1.000000000000000000, 0.9238795325112867385, 1.000000000000000000, 0.9238795325112867385, 1.000000000000000000, 0.9238795325112867385, 1.000000000000000000, 0.9238795325112867385, 1.000000000000000000, 0.9238795325112867385, 1.000000000000000000, 0.9238795325112867385, 1.000000000000000000, 0.9238795325112867385, 1.000000000000000000, 0.9238795325112867385, 1.000000000000000000, 0.9238795325112867385, 1.000000000000000000, 0.9238795325112867385, 1.000000000000000000, 0.9238795325112867385, 1.000000000000000000, 0.9238795325112867385, 1.000000000000000000, 0.9238795325112867385, 1.000000000000000000, 0.9238795325112867385, 1.000000000000000000, 0.9238795325112867385, 1.000000000000000000, 0.9238795325112867385, 1.000000000000000000, 0.9238795325112867385, 1.000000000000000000, 0.9238795325112867385, 1.000000000000000000, 0.9238795325112867385, 1.000000000000000000, 0.9238795325112867385, 1.000000000000000000, 0.9238795325112867385, 1.000000000000000000, 0.9238795325112867385, 1.000000000000000000, 0.9238795325112867385, 1.000000000000000000, 0.9238795325112867385, 1.000000000000000000, 0.9238795325112867385, 1.000000000000000000, 0.9238795325112867385, 1.000000000000000000, 0.9238795325112867385, 1.000000000000000000, 0.9238795325112867385, 1.000000000000000000, 0.9238795325112867385, 1.000000000000000000, 0.9238795325112867385, 1.000000000000000000, 0.9238795325112867385, 1.000000000000000000, 0.9238795325112867385, 1.000000000000000000, 0.9238795325112867385, 1.000000000000000000, 0.9238795325112867385, 1.000000000000000000, 0.9238795325112867385, 1.000000000000000000, 0.9238795325112867385, 1.000000000000000000, 0.9238795325112867385, 1.000000000000000000, 0.9238795325112867385, 1.000000000000000000, 0.9238795325112867385, 1.000000000000000000, 0.9238795325112867385, 1.000000000000000000, 0.9238795325112867385, 1.000000000000000000, 0.9238795325112867385, 1.000000000000000000, 0.9238795325112867385, 1.000000000000000000, 0.9238795325112867385, 1.000000000000000000, 0.9238795325112867385, 1.000000000000000000, 0.9238795325112867385, 1.000000000000000000, 0.9238795325112867385, 1.000000000000000000, 0.9238795325112867385, 1.000000000000000000, 0.9238795325112867385, 1.000000000000000000, 0.9238795325112867385, 1.000000000000000000, 0.9238795325112867385, 1.000000000000000000, 0.9238795325112867385, 1.000000000000000000, 0.9238795325112867385, 1.000000000000000000, 0.9238795325112867385, 1.000000000000000000, 0.9238795325112867385, 1.000000000000000000, 0.9238795325112867385, 1.000000000000000000, 0.9238795325112867385, 1.000000000000000000, 0.9238795325112867385, 1.000000000000000000, 0.9238795325112867385, 1.000000000000000000, 0.9238795325112867385, 1.000000000000000000, 0.9238795325112867385, 1.000000000000000000, 0.9238795325112867385, 1.000000000000000000, 0.9238795325112867385, 1.000000000000000000, 0.9238795325112867385, 1.000000000000000000, 0.9238795325112867385, 1.000000000000000000, 0.9238795325112867385, 1.000000000000000000, 0.9238795325112867385, 1.000000000000000000, 0.9238795325112867385, 1.000000000000000000, 0.9238795325112867385, 1.000000000000000000, 0.9238795325112867385, 1.000000000000000000, 0.9238795325112867385, 1.000000000000000000, 0.9238795325112867385, 1.000000000000000000, 0.9238795325112867385, 1.000000000000000000, 0.9238795325112867385, 1.000000000000000000, 0.9238795325112867385, 1.000000000000000000, 0.9238795325112867385, 1.000000000000000000, 0.9238795325112867385, 1.000000000000000000, 0.9238795325112867385, 1.000000000000000000, 0.9238795325112867385, 1.000000000000000000, 0.9238795325112867385, 1.000000000000000000) ) ) 
 REPRESENTATION_ITEM ( '' )  SURFACE ( )  );
#161 = CARTESIAN_POINT ( 'NONE',  ( 2.081899558550498061E-16, -50.00000000341398021, -3.400000000000019451 ) ) ;
#162 = CARTESIAN_POINT ( 'NONE',  ( 2.081899558550498061E-16, -62.50000000341399442, -3.400000000000019451 ) ) ;
#163 = CARTESIAN_POINT ( 'NONE',  ( -1.408326112068521319, -77.42187500341398732, -3.400000000000019007 ) ) ;
#164 = CARTESIAN_POINT ( 'NONE',  ( 1.688575694911947256, -74.37500000170699366, -4.076582343750018822 ) ) ;
#165 = CARTESIAN_POINT ( 'NONE',  ( 2.404163056034258616, -61.09375000000000000, -2.404163056034282153 ) ) ;
#166 = CARTESIAN_POINT ( 'NONE',  ( -6.245698675651493936E-16, -64.06250000000000000, 3.399999999999972378 ) ) ;
#167 = CARTESIAN_POINT ( 'NONE',  ( -4.076582343749995729, -52.57812500170700076, -2.388287766204294237E-14 ) ) ;
#168 = ORIENTED_EDGE ( 'NONE', *, *, #3492, .F. ) ;
#169 = VERTEX_POINT ( 'NONE', #5902 ) ;
#170 = CARTESIAN_POINT ( 'NONE',  ( -6.245698675651493936E-16, -58.12500000341398732, 3.399999999999972378 ) ) ;
#171 = CARTESIAN_POINT ( 'NONE',  ( 3.399999999999995914, -53.75000000000000711, -2.338364031016953865E-14 ) ) ;
#172 = ORIENTED_EDGE ( 'NONE', *, *, #6047, .T. ) ;
#173 = CARTESIAN_POINT ( 'NONE',  ( -1.408326112068523317, -59.14062500000000000, 3.399999999999972378 ) ) ;
#174 = CARTESIAN_POINT ( 'NONE',  ( -4.076582343749995729, -50.15625000170700076, -1.688575694911971015 ) ) ;
#175 = DIRECTION ( 'NONE',  ( 0.000000000000000000, 0.000000000000000000, -1.000000000000000000 ) ) ;
#176 = CARTESIAN_POINT ( 'NONE',  ( 2.496186759367024056E-16, -66.64062500170699366, -4.076582343750019710 ) ) ;
#177 = ADVANCED_FACE ( 'NONE', ( #5437, #3437 ), #4480, .T. ) ;
#178 = EDGE_CURVE ( 'NONE', #604, #831, #1889, .T. ) ;
#179 = CARTESIAN_POINT ( 'NONE',  ( 1.408326112068522651, -61.79687500341398732, 3.399999999999972378 ) ) ;
#180 = CARTESIAN_POINT ( 'NONE',  ( 2.882579019330970382, -57.26562500170699366, 2.882579019330949066 ) ) ;
#181 = CARTESIAN_POINT ( 'NONE',  ( 1.408326112068521985, -78.51562500000001421, -3.400000000000019007 ) ) ;
#182 = CARTESIAN_POINT ( 'NONE',  ( -1.688575694911946590, -64.06250000170699366, -4.076582343750018822 ) ) ;
#183 = CARTESIAN_POINT ( 'NONE',  ( 3.399999999999995914, -73.75000000000000000, -2.338364031016953865E-14 ) ) ;
#184 = CARTESIAN_POINT ( 'NONE',  ( 1.688575694911947922, -78.43750000170700787, 4.076582343749971749 ) ) ;
#185 = CARTESIAN_POINT ( 'NONE',  ( 2.882579019330971715, -58.20312500170699366, -2.882579019330995251 ) ) ;
#186 = VECTOR ( 'NONE', #4356, 1000.000000000000000 ) ;
#187 = CARTESIAN_POINT ( 'NONE',  ( -3.399999999999995914, -77.18750000341398732, -2.380002022187964067E-14 ) ) ;
#188 = CARTESIAN_POINT ( 'NONE',  ( -2.882579019330972159, -72.57812500170699366, 2.882579019330947734 ) ) ;
#189 = CARTESIAN_POINT ( 'NONE',  ( 4.076582343749995729, -50.78125000170699366, -1.688575694911970571 ) ) ;
#190 = CARTESIAN_POINT ( 'NONE',  ( -3.399999999999995914, -54.68750000341398732, -2.380002022187964067E-14 ) ) ;
#191 = CARTESIAN_POINT ( 'NONE',  ( 4.076582343749994841, -57.18750000170699366, 1.688575694911926828 ) ) ;
#192 = CARTESIAN_POINT ( 'NONE',  ( 2.882579019330971715, -75.70312500170699366, -2.882579019330995251 ) ) ;
#193 = CARTESIAN_POINT ( 'NONE',  ( 2.081899558550498061E-16, -53.43750000000000000, -3.400000000000019451 ) ) ;
#194 = EDGE_CURVE ( 'NONE', #5909, #693, #2487, .T. ) ;
#195 = CARTESIAN_POINT ( 'NONE',  ( -2.404163056034258172, -72.03125000000000000, -2.404163056034282153 ) ) ;
#196 = CARTESIAN_POINT ( 'NONE',  ( 3.399999999999995914, -69.06250000341398732, -2.338364031016953865E-14 ) ) ;
#197 = CARTESIAN_POINT ( 'NONE',  ( 1.688575694911947256, -73.12500000170699366, -4.076582343750018822 ) ) ;
#198 = CARTESIAN_POINT ( 'NONE',  ( -3.399999999999996803, -70.54687500000001421, 1.408326112068497560 ) ) ;
#199 = CARTESIAN_POINT ( 'NONE',  ( 1.408326112068522651, -55.23437500000000000, 3.399999999999972378 ) ) ;
#200 = DIRECTION ( 'NONE',  ( -0.000000000000000000, -1.000000000000000000, -0.000000000000000000 ) ) ;
#201 = CARTESIAN_POINT ( 'NONE',  ( 4.076582343749994841, -52.03125000170700076, 1.688575694911926828 ) ) ;
#202 = VERTEX_POINT ( 'NONE', #5835 ) ;
#203 = VERTEX_POINT ( 'NONE', #405 ) ;
#204 = CARTESIAN_POINT ( 'NONE',  ( 2.404163056034257728, -76.40625000000000000, 2.404163056034235968 ) ) ;
#205 = CARTESIAN_POINT ( 'NONE',  ( -2.404163056034259061, -50.46875000000000000, 2.404163056034235080 ) ) ;
#206 = ORIENTED_EDGE ( 'NONE', *, *, #2194, .F. ) ;
#207 = CARTESIAN_POINT ( 'NONE',  ( 1.408326112068521985, -56.01562500000000000, -3.400000000000019007 ) ) ;
#208 = CARTESIAN_POINT ( 'NONE',  ( 2.882579019330970382, -49.60937500170699366, 2.882579019330949066 ) ) ;
#209 = CARTESIAN_POINT ( 'NONE',  ( 2.081899558550498061E-16, -76.25000000341398732, -3.400000000000019451 ) ) ;
#210 = CARTESIAN_POINT ( 'NONE',  ( -4.076582343749995729, -65.07812500170699366, -2.388287766204294237E-14 ) ) ;
#211 = CARTESIAN_POINT ( 'NONE',  ( 2.404163056034258616, -63.90625000341398732, -2.404163056034282153 ) ) ;
#212 = CARTESIAN_POINT ( 'NONE',  ( -2.882579019330970826, -61.64062500170698655, -2.882579019330995251 ) ) ;
#213 = EDGE_CURVE ( 'NONE', #602, #6442, #4, .T. ) ;
#214 = CARTESIAN_POINT ( 'NONE',  ( 2.404163056034258616, -71.09375000000000000, -2.404163056034282153 ) ) ;
#215 = CARTESIAN_POINT ( 'NONE',  ( -4.076582343749995729, -66.32812500170699366, -2.388287766204294237E-14 ) ) ;
#216 = CARTESIAN_POINT ( 'NONE',  ( -2.404163056034259061, -74.21875000000000000, 2.404163056034235080 ) ) ;
#217 = CARTESIAN_POINT ( 'NONE',  ( 1.408326112068480018, -78.98437500000002842, 3.400000000000015010 ) ) ;
#218 = CARTESIAN_POINT ( 'NONE',  ( -1.688575694911946590, -59.21875000170700076, -4.076582343750018822 ) ) ;
#219 = ADVANCED_FACE ( 'NONE', ( #1397 ), #3382, .F. ) ;
#220 = CARTESIAN_POINT ( 'NONE',  ( 1.408326112068521985, -78.82812500341401574, -3.400000000000019007 ) ) ;
#221 = CARTESIAN_POINT ( 'NONE',  ( -1.688575694911946590, -74.21875000170702208, -4.076582343750019710 ) ) ;
#222 = CARTESIAN_POINT ( 'NONE',  ( -2.882579019330972159, -50.07812500170698655, 2.882579019330947734 ) ) ;
#223 = CARTESIAN_POINT ( 'NONE',  ( -1.408326112068521319, -56.17187500341398732, -3.400000000000019007 ) ) ;
#224 = CARTESIAN_POINT ( 'NONE',  ( -7.488560278101070689E-16, -57.42187500170699366, 4.076582343749972637 ) ) ;
#225 = CARTESIAN_POINT ( 'NONE',  ( 4.076582343749995729, -75.85937500170699366, -2.338364031016953865E-14 ) ) ;
#226 = CARTESIAN_POINT ( 'NONE',  ( 2.081899558550498061E-16, -73.75000000341398732, -3.400000000000019451 ) ) ;
#227 = CARTESIAN_POINT ( 'NONE',  ( -3.399999999999995470, -49.76562500341398732, -1.408326112068545521 ) ) ;
#228 = CARTESIAN_POINT ( 'NONE',  ( 2.404163056034258616, -72.65625000341398732, -2.404163056034282153 ) ) ;
#229 = CARTESIAN_POINT ( 'NONE',  ( -4.076582343749995729, -72.81250000170700787, -1.688575694911971015 ) ) ;
#230 = CARTESIAN_POINT ( 'NONE',  ( 2.081899558550498061E-16, -78.43750000000001421, -3.400000000000019451 ) ) ;
#231 = CARTESIAN_POINT ( 'NONE',  ( 2.404163056034258616, -57.34375000000000000, -2.404163056034282153 ) ) ;
#232 = LINE ( 'NONE', #6227, #4728 ) ;
#233 = ORIENTED_EDGE ( 'NONE', *, *, #2381, .T. ) ;
#234 = CARTESIAN_POINT ( 'NONE',  ( 2.404163056034258616, -52.34375000000000000, -2.404163056034282153 ) ) ;
#235 = ORIENTED_EDGE ( 'NONE', *, *, #2983, .T. ) ;
#236 = CARTESIAN_POINT ( 'NONE',  ( 3.399999999999995470, -58.67187500000000000, -1.408326112068545521 ) ) ;
#237 = VECTOR ( 'NONE', #4224, 1000.000000000000000 ) ;
#238 = CARTESIAN_POINT ( 'NONE',  ( 1.688575694911947922, -50.93750000170699366, 4.076582343749971749 ) ) ;
#239 = CARTESIAN_POINT ( 'NONE',  ( 2.081899558550498061E-16, -52.18750000000000000, -3.400000000000019451 ) ) ;
#240 = CARTESIAN_POINT ( 'NONE',  ( 4.076582343749995729, -63.20312500170699366, -2.338364031016953865E-14 ) ) ;
#241 = AXIS2_PLACEMENT_3D ( 'NONE', #3435, #1848, #2889 ) ;
#242 = CARTESIAN_POINT ( 'NONE',  ( -3.399999999999996358, -59.60937500341398021, 1.408326112068497560 ) ) ;
#243 = CARTESIAN_POINT ( 'NONE',  ( 1.688575694911947256, -61.87500000170699366, -4.076582343750019710 ) ) ;
#244 = CARTESIAN_POINT ( 'NONE',  ( -3.399999999999995914, -71.87500000000000000, -2.380002022187964067E-14 ) ) ;
#245 = CARTESIAN_POINT ( 'NONE',  ( 4.076582343749995729, -65.62500000170699366, -1.688575694911970571 ) ) ;
#246 = CARTESIAN_POINT ( 'NONE',  ( -2.404163056034258172, -73.28125000000000000, -2.404163056034282153 ) ) ;
#247 = CARTESIAN_POINT ( 'NONE',  ( -4.076582343749996618, -78.75000000170699366, 1.688575694911923053 ) ) ;
#248 = CARTESIAN_POINT ( 'NONE',  ( 4.076582343749994841, -58.43750000170699366, 1.688575694911926828 ) ) ;
#249 = CARTESIAN_POINT ( 'NONE',  ( -4.076582343749995729, -51.40625000170699366, -1.688575694911971015 ) ) ;
#250 = CARTESIAN_POINT ( 'NONE',  ( 2.882579019330971715, -73.20312500170699366, -2.882579019330995251 ) ) ;
#251 = CARTESIAN_POINT ( 'NONE',  ( -2.882579019330972159, -52.57812500170699366, 2.882579019330947734 ) ) ;
#252 = CIRCLE ( 'NONE', #5905, 4.025000000000000355 ) ;
#253 = CARTESIAN_POINT ( 'NONE',  ( -2.404163056034258172, -58.59375000341398732, -2.404163056034282153 ) ) ;
#254 = CARTESIAN_POINT ( 'NONE',  ( -1.688575694911946590, -60.46875000170700076, -4.076582343750018822 ) ) ;
#255 = CARTESIAN_POINT ( 'NONE',  ( -7.488560278101070689E-16, -73.67187500170699366, 4.076582343749972637 ) ) ;
#256 = CARTESIAN_POINT ( 'NONE',  ( 1.408326112068521985, -61.32812500341398732, -3.400000000000019451 ) ) ;
#257 = EDGE_CURVE ( 'NONE', #668, #6456, #5016, .T. ) ;
#258 = ADVANCED_FACE ( 'NONE', ( #1491 ), #4453, .F. ) ;
#259 = FACE_OUTER_BOUND ( 'NONE', #3828, .T. ) ;
#260 = CARTESIAN_POINT ( 'NONE',  ( -1.408326112068523317, -73.20312500341398732, 3.399999999999972378 ) ) ;
#261 = CARTESIAN_POINT ( 'NONE',  ( 2.496186759367024056E-16, -71.79687500170699366, -4.076582343750019710 ) ) ;
#262 = CARTESIAN_POINT ( 'NONE',  ( -6.245698675651493936E-16, -50.31249999999999289, 3.399999999999972378 ) ) ;
#263 = CARTESIAN_POINT ( 'NONE',  ( 3.399999999999995026, -58.82812500000000711, 1.408326112068500224 ) ) ;
#264 = CARTESIAN_POINT ( 'NONE',  ( 1.408326112068510438, -71.01562499999998579, -3.400000000000030553 ) ) ;
#265 = LINE ( 'NONE', #2267, #6315 ) ;
#266 = ORIENTED_EDGE ( 'NONE', *, *, #3929, .T. ) ;
#267 = CALENDAR_DATE ( 2026, 20, 5 ) ;
#268 = CARTESIAN_POINT ( 'NONE',  ( -3.399999999999995914, -50.62500000000000000, -2.380002022187964067E-14 ) ) ;
#269 = ORIENTED_EDGE ( 'NONE', *, *, #2785, .F. ) ;
#270 = CARTESIAN_POINT ( 'NONE',  ( 2.404163056034257728, -57.65625000000000711, 2.404163056034235968 ) ) ;
#271 = CARTESIAN_POINT ( 'NONE',  ( 1.688575694911947922, -49.68750000170698655, 4.076582343749971749 ) ) ;
#272 = CARTESIAN_POINT ( 'NONE',  ( 3.738291171874995822, -49.25781250256049049, -2.338364031016953865E-14 ) ) ;
#273 = CARTESIAN_POINT ( 'NONE',  ( -2.882579019330972159, -67.42187500170699366, 2.882579019330947734 ) ) ;
#274 = CARTESIAN_POINT ( 'NONE',  ( -2.882579019330970826, -75.23437500170699366, -2.882579019330995251 ) ) ;
#275 =( BOUNDED_CURVE ( )  B_SPLINE_CURVE ( 2, ( #782, #5679, #3198, #4299, #4726, #5194, #683, #4665, #5777 ),
 .UNSPECIFIED., .F., .T. ) 
 B_SPLINE_CURVE_WITH_KNOTS ( ( 3, 2, 2, 2, 3 ),
 ( 0.1354166666666665464, 0.1406249999999998890, 0.1458333333333332316, 0.1510416666666665464, 0.1562499999999998890 ),
 .UNSPECIFIED. ) 
 CURVE ( )  GEOMETRIC_REPRESENTATION_ITEM ( )  RATIONAL_B_SPLINE_CURVE ( ( 1.000000000000001554, 0.9238795325112850731, 1.000000000000000000, 0.9238795325112867385, 1.000000000000000000, 0.9238795325112867385, 1.000000000000000000, 0.9238795325112884038, 0.9999999999999983347 ) ) 
 REPRESENTATION_ITEM ( '' )  );
#276 = ORIENTED_EDGE ( 'NONE', *, *, #4617, .F. ) ;
#277 = CARTESIAN_POINT ( 'NONE',  ( -1.408326112068521319, -59.92187500341399442, -3.400000000000019007 ) ) ;
#278 = CARTESIAN_POINT ( 'NONE',  ( 1.688575694911947922, -56.09375000170700076, 4.076582343749971749 ) ) ;
#279 = CARTESIAN_POINT ( 'NONE',  ( 2.081899558550498061E-16, -74.68750000000000000, -3.400000000000019451 ) ) ;
#280 = CARTESIAN_POINT ( 'NONE',  ( -4.076582343749995729, -68.90625000170700787, -1.688575694911971015 ) ) ;
#281 = CARTESIAN_POINT ( 'NONE',  ( 1.408326112068521985, -71.01562500000000000, -3.400000000000019007 ) ) ;
#282 = CARTESIAN_POINT ( 'NONE',  ( 2.882579019330971715, -78.04687500170699366, -2.882579019330995251 ) ) ;
#283 = CARTESIAN_POINT ( 'NONE',  ( -4.076582343749995729, -55.31250000170699366, -1.688575694911971015 ) ) ;
#284 = CARTESIAN_POINT ( 'NONE',  ( -3.399999999999995914, -73.43750000341398732, -2.380002022187964067E-14 ) ) ;
#285 = CARTESIAN_POINT ( 'NONE',  ( -1.688575694911950142, -68.75000000170699366, 4.076582343749971749 ) ) ;
#286 = CARTESIAN_POINT ( 'NONE',  ( 2.081899558550498061E-16, -65.93750000000000000, -3.400000000000019451 ) ) ;
#287 = CARTESIAN_POINT ( 'NONE',  ( 4.076582343749995729, -79.37500000170699366, -1.688575694911970571 ) ) ;
#288 = CARTESIAN_POINT ( 'NONE',  ( 1.408326112068521985, -55.07812500341398021, -3.400000000000019007 ) ) ;
#289 = CARTESIAN_POINT ( 'NONE',  ( -2.882579019330972159, -53.82812500170698655, 2.882579019330947734 ) ) ;
#290 = CARTESIAN_POINT ( 'NONE',  ( -4.076582343749996618, -75.15625000170697945, 1.688575694911923053 ) ) ;
#291 = CARTESIAN_POINT ( 'NONE',  ( 2.404163056034258616, -51.40625000341398732, -2.404163056034282153 ) ) ;
#292 = CARTESIAN_POINT ( 'NONE',  ( 0.000000000000000000, -80.00000000000000000, -3.400000000000019451 ) ) ;
#293 = CARTESIAN_POINT ( 'NONE',  ( -1.408326112068523317, -69.45312500341397310, 3.399999999999972378 ) ) ;
#294 = CARTESIAN_POINT ( 'NONE',  ( -4.076582343749995729, -71.48437500170697945, -2.388287766204294237E-14 ) ) ;
#295 = CARTESIAN_POINT ( 'NONE',  ( -6.154223239494385924E-08, -50.00000000000000711, -3.400000000000019007 ) ) ;
#296 = CARTESIAN_POINT ( 'NONE',  ( 3.399999999999995914, -55.00000000000000000, -2.338364031016953865E-14 ) ) ;
#297 = CARTESIAN_POINT ( 'NONE',  ( 2.404163056034257728, -71.40625000000000000, 2.404163056034235968 ) ) ;
#298 = CARTESIAN_POINT ( 'NONE',  ( -1.408326112068544189, -51.17187500341396600, -3.399999999999995914 ) ) ;
#299 = ORIENTED_EDGE ( 'NONE', *, *, #5573, .F. ) ;
#300 = CARTESIAN_POINT ( 'NONE',  ( -2.404163056034259061, -50.46875000000000000, 2.404163056034235080 ) ) ;
#301 = CARTESIAN_POINT ( 'NONE',  ( -6.245698675651493936E-16, -51.56250000000000000, 3.399999999999972378 ) ) ;
#302 = ORIENTED_EDGE ( 'NONE', *, *, #194, .T. ) ;
#303 = CARTESIAN_POINT ( 'NONE',  ( -3.399999999999995914, -59.37500000000000000, -2.380002022187964067E-14 ) ) ;
#304 = CARTESIAN_POINT ( 'NONE',  ( -6.245698675651493936E-16, -73.12500000341398732, 3.399999999999972378 ) ) ;
#305 = CARTESIAN_POINT ( 'NONE',  ( -1.688575694911946590, -65.31250000170699366, -4.076582343750019710 ) ) ;
#306 = CARTESIAN_POINT ( 'NONE',  ( 2.496186759367024056E-16, -74.14062500170699366, -4.076582343750019710 ) ) ;
#307 = ORIENTED_EDGE ( 'NONE', *, *, #213, .T. ) ;
#308 = CARTESIAN_POINT ( 'NONE',  ( 3.399999999999995914, -56.56250000341398732, -2.338364031016953865E-14 ) ) ;
#309 = CARTESIAN_POINT ( 'NONE',  ( 2.882579019330970382, -56.01562500170699366, 2.882579019330949066 ) ) ;
#310 = CARTESIAN_POINT ( 'NONE',  ( 3.399999999999995026, -72.57812500000000000, 1.408326112068500224 ) ) ;
#311 = CARTESIAN_POINT ( 'NONE',  ( -4.076582343749995729, -63.90625000170699366, -1.688575694911971015 ) ) ;
#312 = CARTESIAN_POINT ( 'NONE',  ( 1.408326112068521985, -68.51562500000000000, -3.400000000000019007 ) ) ;
#313 =( BOUNDED_CURVE ( )  B_SPLINE_CURVE ( 2, ( #5795, #1360, #6400, #4807, #6296 ),
 .UNSPECIFIED., .F., .F. ) 
 B_SPLINE_CURVE_WITH_KNOTS ( ( 3, 2, 3 ),
 ( 0.000000000000000000, 0.005208333333333222022, 0.01041666666666644404 ),
 .UNSPECIFIED. ) 
 CURVE ( )  GEOMETRIC_REPRESENTATION_ITEM ( )  RATIONAL_B_SPLINE_CURVE ( ( 1.000000000000000000, 0.9238795325112867385, 1.000000000000000000, 0.9238795325112899581, 0.9999999999999967804 ) ) 
 REPRESENTATION_ITEM ( '' )  );
#314 = CARTESIAN_POINT ( 'NONE',  ( -4.076582343749995729, -78.82812500170699366, -2.388287766204294237E-14 ) ) ;
#315 = CARTESIAN_POINT ( 'NONE',  ( 2.882579019330970382, -54.76562500170699366, 2.882579019330949066 ) ) ;
#316 =( BOUNDED_CURVE ( )  B_SPLINE_CURVE ( 2, ( #5313, #402, #3895, #2301, #5346, #4847, #2434, #1814, #2404 ),
 .UNSPECIFIED., .F., .T. ) 
 B_SPLINE_CURVE_WITH_KNOTS ( ( 3, 2, 2, 2, 3 ),
 ( 0.07291666666666649088, 0.07812499999999983347, 0.08333333333333316217, 0.08854166666666651864, 0.09374999999999984734 ),
 .UNSPECIFIED. ) 
 CURVE ( )  GEOMETRIC_REPRESENTATION_ITEM ( )  RATIONAL_B_SPLINE_CURVE ( ( 1.000000000000002665, 0.9238795325112840739, 1.000000000000000000, 0.9238795325112867385, 1.000000000000000000, 0.9238795325112867385, 1.000000000000000000, 0.9238795325112889589, 0.9999999999999977796 ) ) 
 REPRESENTATION_ITEM ( '' )  );
#317 = CARTESIAN_POINT ( 'NONE',  ( -3.399999999999996358, -74.60937500341400153, 1.408326112068497560 ) ) ;
#318 = CARTESIAN_POINT ( 'NONE',  ( 4.076582343749995729, -70.78125000170700787, -1.688575694911970571 ) ) ;
#319 = DIRECTION ( 'NONE',  ( -0.000000000000000000, -1.000000000000000000, -0.000000000000000000 ) ) ;
#320 = CARTESIAN_POINT ( 'NONE',  ( -2.882579019330970826, -50.39062500170699366, -2.882579019330995251 ) ) ;
#321 = CARTESIAN_POINT ( 'NONE',  ( -6.245698675651493936E-16, -51.87500000341398021, 3.399999999999972378 ) ) ;
#322 = CARTESIAN_POINT ( 'NONE',  ( 2.882579019330971715, -50.70312500170699366, -2.882579019330995251 ) ) ;
#323 = CARTESIAN_POINT ( 'NONE',  ( -4.076582343749995729, -70.31250000170699366, -1.688575694911971015 ) ) ;
#324 = CARTESIAN_POINT ( 'NONE',  ( 2.081899558550498061E-16, -58.75000000341398732, -3.400000000000019451 ) ) ;
#325 = CIRCLE ( 'NONE', #5647, 3.399999999999993694 ) ;
#326 = CARTESIAN_POINT ( 'NONE',  ( 0.000000000000000000, -80.00000000000000000, -2.338364031016953865E-14 ) ) ;
#327 =( BOUNDED_SURFACE ( )  B_SPLINE_SURFACE ( 1, 2, ( 
 ( #4851, #373, #130, #4087, #1522, #6090, #2102, #1125, #563, #3626, #6057, #3144, #5557, #3502, #1614, #96, #3082, #5624, #4509, #2559, #4120, #163, #3593, #2524, #36, #3114, #2626, #1030, #2072, #67, #5142, #3020, #5111, #1551, #4611, #2040, #626, #5074, #1093, #595, #3993, #5593, #2138, #4055, #6123, #4024, #6025, #659, #3562, #3531, #2656, #5498, #1156, #5527, #1649, #4645, #1583, #4544, #5995, #5008, #2594, #1060, #3049, #4577, #5042, #529, #696, #2817, #724, #1747, #2168, #6189, #5205, #1682, #2751, #260, #3692, #760, #5754, #3239, #3726, #2263, #228, #4188, #5238, #2721, #4154, #4278, #5308, #5656, #5272, #1187, #2688, #3307, #1715, #2296, #4739, #4248, #5723, #2233, #5690, #3176, #3210, #4708, #794, #6291, #1256, #1809, #6156, #4771, #6255, #3791, #4220, #1223, #825, #6221, #1776, #5790, #4676, #3757, #1286, #3274, #2787, #293, #1321, #4802, #3660, #5173, #196, #2201, #4842, #6396, #6460, #2947, #900, #6362, #5341, #3958, #5956, #928, #860, #4312, #4938, #2916, #1355, #1880, #461, #3858, #3925, #1949, #1978, #3373, #5432, #6432, #4448, #4909, #2887, #6327, #428, #5861, #1390, #1484, #5461, #4383, #2431, #5406, #4876, #2332, #995, #5926, #365, #4413, #5377, #2366, #2462, #1422, #1456, #3892, #399, #3464, #964, #2980, #2401, #328, #1914, #5897, #1844, #2852, #3822, #5825, #3406, #3433, #3338, #4347, #124, #6019, #524, #1575, #2551, #29, #5618, #1643, #2034, #90, #1544, #3043, #60, #3526, #1152, #4570, #4017, #2096, #1513, #2066, #589, #4537, #5551, #1024, #5105, #4080, #6117, #2620, #4968, #4048, #6491, #5036, #2489, #3619, #3496, #494, #5490, #4474, #3012, #2004, #2130, #1054, #3987, #5068, #4999, #2588, #556, #6050, #3556, #1086, #3076, #6082, #5520, #1608, #5987, #3587, #2519, #5587, #4503, #620, #1119, #3108, #4605, #4114, #3234, #652, #5233, #1250, #253, #6183, #2779, #5199, #2290, #4702, #2651, #753, #5718, #2227, #4766, #3654, #1709, #3270, #5785, #2745, #1676, #5650, #2258, #1771, #156, #1216, #5685, #4274, #2162, #4243, #690, #3752, #1180, #6246, #4215, #223, #6215, #3138, #4733, #5748, #3205, #1281, #3171, #5167, #6286, #2715, #2682, #1804, #4638, #288, #4670, #5266, #3785, #719, #190, #1742, #788, #3719, #5136, #2196, #4148, #6151, #4183, #3687, #3951, #4870, #2811, #5854, #5300, #6453, #6320, #3303, #4305, #820, #1838, #4797, #2940, #3849, #1970, #1414, #3816, #3399, #3366, #1382, #5369, #891, #3884, #4902, #2845, #6389, #321, #421, #5335, #1941, #1316, #3427, #2879, #5818, #392, #3917, #5399, #2325, #921, #5888, #2423, #4340, #955, #2393, #453, #4375, #1347, #2909, #4406, #1907, #4931, #3332, #6354, #1449, #853, #6423, #4832, #356, #5920, #5426, #2359, #2454, #4441 ),
 ( #1872, #4042, #2029, #583, #1998, #6485, #5095, #5514, #3488, #2612, #3456, #3101, #3981, #2090, #1112, #4010, #5980, #22, #4073, #1507, #1602, #613, #548, #2543, #4597, #518, #117, #2512, #5483, #4530, #3519, #1017, #2122, #5949, #3006, #1079, #4496, #6013, #1048, #1538, #1477, #5545, #4993, #3068, #2483, #3038, #5029, #5454, #54, #2059, #987, #6043, #1569, #3550, #5062, #2579, #4562, #85, #6076, #3580, #5580, #2971, #4960, #487, #4469, #780, #1143, #746, #3131, #4631, #5257, #3644, #4237, #4695, #216, #5678, #2189, #1173, #5128, #5160, #183, #2739, #1765, #3197, #3746, #1635, #246, #6209, #5742, #4175, #6142, #2771, #6175, #2220, #1275, #149, #5642, #5193, #3163, #1702, #2252, #4207, #4664, #714, #1736, #5227, #2155, #4141, #3681, #3261, #6240, #1210, #682, #2644, #4759, #281, #3713, #1669, #3612, #4106, #5710, #644, #2676, #6109, #2709, #1243, #3229, #5611, #4725, #915, #1900, #6416, #384, #4825, #6278, #2870, #1338, #3809, #1934, #947, #6347, #4368, #883, #348, #4267, #2932, #1408, #312, #2386, #5328, #2317, #4894, #3359, #6382, #5846, #5810, #415, #2903, #3910, #3325, #2416, #2837, #846, #3877, #5881, #2352, #813, #4298, #3842, #2804, #4400, #4790, #4924, #4332, #6312, #5362, #1865, #1376, #2282, #5420, #4863, #3392, #5393, #5913, #1443, #3421, #1796, #3778, #5775, #1308, #5291, #3296, #1828, #15, #1042, #2964, #577, #48, #1685, #4648, #3180, #4004, #1964, #4986, #4435, #5659, #5448, #2447, #3448, #6446, #982, #3945, #2171, #3000, #1190, #542, #4954, #2536, #2507, #512, #4490, #2020, #3032, #4036, #1992, #5508, #5943, #6036, #4463, #1073, #446, #2659, #6007, #480, #1532, #3060, #4523, #1471, #2053, #5023, #1562, #3481, #165, #3513, #6159, #3544, #2477, #5538, #5056, #4157, #3662, #6478, #5477, #3973, #5971, #1501, #1011, #5694, #2299, #3794, #2204, #3242, #1259, #4315, #4191, #4281, #2724, #5793, #1226, #6294, #4251, #263, #2266, #5176, #5275, #3277, #5241, #1812, #3213, #5209, #6330, #4743, #4710, #1847, #2691, #2334, #727, #1324, #331, #763, #231, #5725, #3310, #2236, #828, #3825, #6258, #1779, #5828, #6225, #1358, #2789, #1289, #3760, #699, #4222, #1750, #5311, #4679, #797, #3695, #3729, #2820, #4805, #6192, #2754, #5758, #199, #1718, #4774, #296, #1883, #863, #6365, #2369, #368, #4350, #3341, #3861, #5864, #5344, #2854, #4845, #1755, #4256, #2270, #171, #3634, #6264, #2242, #671, #5666, #1784, #3187, #3249, #1265, #1294, #2697, #4747, #5731, #3767, #4227, #2210, #5632, #234, #5182, #1197, #5763, #4779, #3702, #3734, #4715, #4197, #1657, #301, #5246, #4163, #6230, #4685, #6165, #3282, #734, #768, #3219, #704, #5279, #268, #801, #205, #2793, #6198, #1726, #2759, #2304, #5700 ) ),
 .UNSPECIFIED., .F., .F., .F. ) 
 B_SPLINE_SURFACE_WITH_KNOTS ( ( 2, 2 ),
 ( 3, 2, 2, 2, 2, 2, 2, 2, 2, 2, 2, 2, 2, 2, 2, 2, 2, 2, 2, 2, 2, 2, 2, 2, 2, 2, 2, 2, 2, 2, 2, 2, 2, 2, 2, 2, 2, 2, 2, 2, 2, 2, 2, 2, 2, 2, 2, 2, 2, 2, 2, 2, 2, 2, 2, 2, 2, 2, 2, 2, 2, 2, 2, 2, 2, 2, 2, 2, 2, 2, 2, 2, 2, 2, 2, 2, 2, 2, 2, 2, 2, 2, 2, 2, 2, 2, 2, 2, 2, 2, 2, 2, 2, 2, 2, 2, 2, 2, 2, 2, 2, 2, 2, 2, 2, 2, 2, 2, 2, 2, 2, 2, 2, 2, 2, 2, 2, 2, 2, 2, 2, 2, 2, 2, 2, 2, 2, 2, 2, 2, 2, 2, 2, 2, 2, 2, 2, 2, 2, 2, 2, 2, 2, 2, 2, 2, 2, 2, 2, 2, 2, 2, 2, 2, 2, 2, 2, 2, 2, 2, 2, 2, 2, 2, 2, 2, 2, 2, 2, 2, 2, 2, 2, 2, 2, 2, 2, 2, 2, 2, 2, 2, 2, 2, 2, 2, 2, 2, 2, 2, 2, 2, 3 ),
 ( 0.000000000000000000, 1.000000000000000000 ),
 ( 0.000000000000000000, 0.005208333333333333044, 0.01041666666666666609, 0.01562500000000000000, 0.02083333333333333218, 0.02604166666666666782, 0.03125000000000000000, 0.03645833333333333565, 0.04166666666666666435, 0.04687500000000000000, 0.05208333333333333565, 0.05729166666666666435, 0.06250000000000000000, 0.06770833333333332871, 0.07291666666666667129, 0.07812500000000000000, 0.08333333333333332871, 0.08854166666666667129, 0.09375000000000000000, 0.09895833333333332871, 0.1041666666666666713, 0.1093750000000000000, 0.1145833333333333287, 0.1197916666666666713, 0.1250000000000000000, 0.1302083333333333426, 0.1354166666666666574, 0.1406250000000000000, 0.1458333333333333426, 0.1510416666666666574, 0.1562500000000000000, 0.1614583333333333426, 0.1666666666666666574, 0.1718750000000000000, 0.1770833333333333426, 0.1822916666666666574, 0.1875000000000000000, 0.1927083333333333426, 0.1979166666666666574, 0.2031250000000000000, 0.2083333333333333426, 0.2135416666666666574, 0.2187500000000000000, 0.2239583333333333426, 0.2291666666666666574, 0.2343750000000000000, 0.2395833333333333426, 0.2447916666666666574, 0.2500000000000000000, 0.2552083333333333148, 0.2604166666666666852, 0.2656250000000000000, 0.2708333333333333148, 0.2760416666666666852, 0.2812500000000000000, 0.2864583333333333148, 0.2916666666666666852, 0.2968750000000000000, 0.3020833333333333148, 0.3072916666666666852, 0.3125000000000000000, 0.3177083333333333148, 0.3229166666666666852, 0.3281250000000000000, 0.3333333333333333148, 0.3385416666666666852, 0.3437500000000000000, 0.3489583333333333148, 0.3541666666666666852, 0.3593750000000000000, 0.3645833333333333148, 0.3697916666666666852, 0.3750000000000000000, 0.3802083333333333148, 0.3854166666666666852, 0.3906250000000000000, 0.3958333333333333148, 0.4010416666666666852, 0.4062500000000000000, 0.4114583333333333148, 0.4166666666666666852, 0.4218750000000000000, 0.4270833333333333148, 0.4322916666666666852, 0.4375000000000000000, 0.4427083333333333148, 0.4479166666666666852, 0.4531250000000000000, 0.4583333333333333148, 0.4635416666666666852, 0.4687500000000000000, 0.4739583333333333148, 0.4791666666666666852, 0.4843750000000000000, 0.4895833333333333148, 0.4947916666666666852, 0.5000000000000000000, 0.5052083333333333703, 0.5104166666666666297, 0.5156250000000000000, 0.5208333333333333703, 0.5260416666666666297, 0.5312500000000000000, 0.5364583333333333703, 0.5416666666666666297, 0.5468750000000000000, 0.5520833333333333703, 0.5572916666666666297, 0.5625000000000000000, 0.5677083333333333703, 0.5729166666666666297, 0.5781250000000000000, 0.5833333333333333703, 0.5885416666666666297, 0.5937500000000000000, 0.5989583333333333703, 0.6041666666666666297, 0.6093750000000000000, 0.6145833333333333703, 0.6197916666666666297, 0.6250000000000000000, 0.6302083333333333703, 0.6354166666666666297, 0.6406250000000000000, 0.6458333333333333703, 0.6510416666666666297, 0.6562500000000000000, 0.6614583333333333703, 0.6666666666666666297, 0.6718750000000000000, 0.6770833333333333703, 0.6822916666666666297, 0.6875000000000000000, 0.6927083333333333703, 0.6979166666666666297, 0.7031250000000000000, 0.7083333333333333703, 0.7135416666666666297, 0.7187500000000000000, 0.7239583333333333703, 0.7291666666666666297, 0.7343750000000000000, 0.7395833333333333703, 0.7447916666666666297, 0.7500000000000000000, 0.7552083333333333703, 0.7604166666666666297, 0.7656250000000000000, 0.7708333333333333703, 0.7760416666666666297, 0.7812500000000000000, 0.7864583333333333703, 0.7916666666666666297, 0.7968750000000000000, 0.8020833333333333703, 0.8072916666666666297, 0.8125000000000000000, 0.8177083333333333703, 0.8229166666666666297, 0.8281250000000000000, 0.8333333333333333703, 0.8385416666666666297, 0.8437500000000000000, 0.8489583333333333703, 0.8541666666666666297, 0.8593750000000000000, 0.8645833333333333703, 0.8697916666666666297, 0.8750000000000000000, 0.8802083333333333703, 0.8854166666666666297, 0.8906250000000000000, 0.8958333333333333703, 0.9010416666666666297, 0.9062500000000000000, 0.9114583333333333703, 0.9166666666666666297, 0.9218750000000000000, 0.9270833333333333703, 0.9322916666666666297, 0.9375000000000000000, 0.9427083333333333703, 0.9479166666666666297, 0.9531250000000000000, 0.9583333333333333703, 0.9635416666666666297, 0.9687500000000000000, 0.9739583333333333703, 0.9791666666666666297, 0.9843750000000000000, 0.9895833333333333703, 0.9947916666666666297, 1.000000000000000000 ),
 .UNSPECIFIED. ) 
 GEOMETRIC_REPRESENTATION_ITEM ( )  RATIONAL_B_SPLINE_SURFACE ( (
 ( 1.000000000000000000, 0.9238795325112867385, 1.000000000000000000, 0.9238795325112867385, 1.000000000000000000, 0.9238795325112867385, 1.000000000000000000, 0.9238795325112867385, 1.000000000000000000, 0.9238795325112867385, 1.000000000000000000, 0.9238795325112867385, 1.000000000000000000, 0.9238795325112867385, 1.000000000000000000, 0.9238795325112867385, 1.000000000000000000, 0.9238795325112867385, 1.000000000000000000, 0.9238795325112867385, 1.000000000000000000, 0.9238795325112867385, 1.000000000000000000, 0.9238795325112867385, 1.000000000000000000, 0.9238795325112867385, 1.000000000000000000, 0.9238795325112867385, 1.000000000000000000, 0.9238795325112867385, 1.000000000000000000, 0.9238795325112867385, 1.000000000000000000, 0.9238795325112867385, 1.000000000000000000, 0.9238795325112867385, 1.000000000000000000, 0.9238795325112867385, 1.000000000000000000, 0.9238795325112867385, 1.000000000000000000, 0.9238795325112867385, 1.000000000000000000, 0.9238795325112867385, 1.000000000000000000, 0.9238795325112867385, 1.000000000000000000, 0.9238795325112867385, 1.000000000000000000, 0.9238795325112867385, 1.000000000000000000, 0.9238795325112867385, 1.000000000000000000, 0.9238795325112867385, 1.000000000000000000, 0.9238795325112867385, 1.000000000000000000, 0.9238795325112867385, 1.000000000000000000, 0.9238795325112867385, 1.000000000000000000, 0.9238795325112867385, 1.000000000000000000, 0.9238795325112867385, 1.000000000000000000, 0.9238795325112867385, 1.000000000000000000, 0.9238795325112867385, 1.000000000000000000, 0.9238795325112867385, 1.000000000000000000, 0.9238795325112867385, 1.000000000000000000, 0.9238795325112867385, 1.000000000000000000, 0.9238795325112867385, 1.000000000000000000, 0.9238795325112867385, 1.000000000000000000, 0.9238795325112867385, 1.000000000000000000, 0.9238795325112867385, 1.000000000000000000, 0.9238795325112867385, 1.000000000000000000, 0.9238795325112867385, 1.000000000000000000, 0.9238795325112867385, 1.000000000000000000, 0.9238795325112867385, 1.000000000000000000, 0.9238795325112867385, 1.000000000000000000, 0.9238795325112867385, 1.000000000000000000, 0.9238795325112867385, 1.000000000000000000, 0.9238795325112867385, 1.000000000000000000, 0.9238795325112867385, 1.000000000000000000, 0.9238795325112867385, 1.000000000000000000, 0.9238795325112867385, 1.000000000000000000, 0.9238795325112867385, 1.000000000000000000, 0.9238795325112867385, 1.000000000000000000, 0.9238795325112867385, 1.000000000000000000, 0.9238795325112867385, 1.000000000000000000, 0.9238795325112867385, 1.000000000000000000, 0.9238795325112867385, 1.000000000000000000, 0.9238795325112867385, 1.000000000000000000, 0.9238795325112867385, 1.000000000000000000, 0.9238795325112867385, 1.000000000000000000, 0.9238795325112867385, 1.000000000000000000, 0.9238795325112867385, 1.000000000000000000, 0.9238795325112867385, 1.000000000000000000, 0.9238795325112867385, 1.000000000000000000, 0.9238795325112867385, 1.000000000000000000, 0.9238795325112867385, 1.000000000000000000, 0.9238795325112867385, 1.000000000000000000, 0.9238795325112867385, 1.000000000000000000, 0.9238795325112867385, 1.000000000000000000, 0.9238795325112867385, 1.000000000000000000, 0.9238795325112867385, 1.000000000000000000, 0.9238795325112867385, 1.000000000000000000, 0.9238795325112867385, 1.000000000000000000, 0.9238795325112867385, 1.000000000000000000, 0.9238795325112867385, 1.000000000000000000, 0.9238795325112867385, 1.000000000000000000, 0.9238795325112867385, 1.000000000000000000, 0.9238795325112867385, 1.000000000000000000, 0.9238795325112867385, 1.000000000000000000, 0.9238795325112867385, 1.000000000000000000, 0.9238795325112867385, 1.000000000000000000, 0.9238795325112867385, 1.000000000000000000, 0.9238795325112867385, 1.000000000000000000, 0.9238795325112867385, 1.000000000000000000, 0.9238795325112867385, 1.000000000000000000, 0.9238795325112867385, 1.000000000000000000, 0.9238795325112867385, 1.000000000000000000, 0.9238795325112867385, 1.000000000000000000, 0.9238795325112867385, 1.000000000000000000, 0.9238795325112867385, 1.000000000000000000, 0.9238795325112867385, 1.000000000000000000, 0.9238795325112867385, 1.000000000000000000, 0.9238795325112867385, 1.000000000000000000, 0.9238795325112867385, 1.000000000000000000, 0.9238795325112867385, 1.000000000000000000, 0.9238795325112867385, 1.000000000000000000, 0.9238795325112867385, 1.000000000000000000, 0.9238795325112867385, 1.000000000000000000, 0.9238795325112867385, 1.000000000000000000, 0.9238795325112867385, 1.000000000000000000, 0.9238795325112867385, 1.000000000000000000, 0.9238795325112867385, 1.000000000000000000, 0.9238795325112867385, 1.000000000000000000, 0.9238795325112867385, 1.000000000000000000, 0.9238795325112867385, 1.000000000000000000, 0.9238795325112867385, 1.000000000000000000, 0.9238795325112867385, 1.000000000000000000, 0.9238795325112867385, 1.000000000000000000, 0.9238795325112867385, 1.000000000000000000, 0.9238795325112867385, 1.000000000000000000, 0.9238795325112867385, 1.000000000000000000, 0.9238795325112867385, 1.000000000000000000, 0.9238795325112867385, 1.000000000000000000, 0.9238795325112867385, 1.000000000000000000, 0.9238795325112867385, 1.000000000000000000, 0.9238795325112867385, 1.000000000000000000, 0.9238795325112867385, 1.000000000000000000, 0.9238795325112867385, 1.000000000000000000, 0.9238795325112867385, 1.000000000000000000, 0.9238795325112867385, 1.000000000000000000, 0.9238795325112867385, 1.000000000000000000, 0.9238795325112867385, 1.000000000000000000, 0.9238795325112867385, 1.000000000000000000, 0.9238795325112867385, 1.000000000000000000, 0.9238795325112867385, 1.000000000000000000, 0.9238795325112867385, 1.000000000000000000, 0.9238795325112867385, 1.000000000000000000, 0.9238795325112867385, 1.000000000000000000, 0.9238795325112867385, 1.000000000000000000, 0.9238795325112867385, 1.000000000000000000, 0.9238795325112867385, 1.000000000000000000, 0.9238795325112867385, 1.000000000000000000, 0.9238795325112867385, 1.000000000000000000, 0.9238795325112867385, 1.000000000000000000, 0.9238795325112867385, 1.000000000000000000, 0.9238795325112867385, 1.000000000000000000, 0.9238795325112867385, 1.000000000000000000, 0.9238795325112867385, 1.000000000000000000, 0.9238795325112867385, 1.000000000000000000, 0.9238795325112867385, 1.000000000000000000, 0.9238795325112867385, 1.000000000000000000, 0.9238795325112867385, 1.000000000000000000, 0.9238795325112867385, 1.000000000000000000, 0.9238795325112867385, 1.000000000000000000, 0.9238795325112867385, 1.000000000000000000, 0.9238795325112867385, 1.000000000000000000, 0.9238795325112867385, 1.000000000000000000, 0.9238795325112867385, 1.000000000000000000, 0.9238795325112867385, 1.000000000000000000, 0.9238795325112867385, 1.000000000000000000, 0.9238795325112867385, 1.000000000000000000, 0.9238795325112867385, 1.000000000000000000, 0.9238795325112867385, 1.000000000000000000, 0.9238795325112867385, 1.000000000000000000, 0.9238795325112867385, 1.000000000000000000, 0.9238795325112867385, 1.000000000000000000, 0.9238795325112867385, 1.000000000000000000, 0.9238795325112867385, 1.000000000000000000, 0.9238795325112867385, 1.000000000000000000, 0.9238795325112867385, 1.000000000000000000, 0.9238795325112867385, 1.000000000000000000, 0.9238795325112867385, 1.000000000000000000, 0.9238795325112867385, 1.000000000000000000, 0.9238795325112867385, 1.000000000000000000, 0.9238795325112867385, 1.000000000000000000, 0.9238795325112867385, 1.000000000000000000, 0.9238795325112867385, 1.000000000000000000, 0.9238795325112867385, 1.000000000000000000, 0.9238795325112867385, 1.000000000000000000, 0.9238795325112867385, 1.000000000000000000, 0.9238795325112867385, 1.000000000000000000, 0.9238795325112867385, 1.000000000000000000, 0.9238795325112867385, 1.000000000000000000, 0.9238795325112867385, 1.000000000000000000, 0.9238795325112867385, 1.000000000000000000, 0.9238795325112867385, 1.000000000000000000, 0.9238795325112867385, 1.000000000000000000, 0.9238795325112867385, 1.000000000000000000, 0.9238795325112867385, 1.000000000000000000, 0.9238795325112867385, 1.000000000000000000, 0.9238795325112867385, 1.000000000000000000, 0.9238795325112867385, 1.000000000000000000, 0.9238795325112867385, 1.000000000000000000, 0.9238795325112867385, 1.000000000000000000, 0.9238795325112867385, 1.000000000000000000, 0.9238795325112867385, 1.000000000000000000, 0.9238795325112867385, 1.000000000000000000, 0.9238795325112867385, 1.000000000000000000, 0.9238795325112867385, 1.000000000000000000, 0.9238795325112867385, 1.000000000000000000, 0.9238795325112867385, 1.000000000000000000),
 ( 1.000000000000000000, 0.9238795325112867385, 1.000000000000000000, 0.9238795325112867385, 1.000000000000000000, 0.9238795325112867385, 1.000000000000000000, 0.9238795325112867385, 1.000000000000000000, 0.9238795325112867385, 1.000000000000000000, 0.9238795325112867385, 1.000000000000000000, 0.9238795325112867385, 1.000000000000000000, 0.9238795325112867385, 1.000000000000000000, 0.9238795325112867385, 1.000000000000000000, 0.9238795325112867385, 1.000000000000000000, 0.9238795325112867385, 1.000000000000000000, 0.9238795325112867385, 1.000000000000000000, 0.9238795325112867385, 1.000000000000000000, 0.9238795325112867385, 1.000000000000000000, 0.9238795325112867385, 1.000000000000000000, 0.9238795325112867385, 1.000000000000000000, 0.9238795325112867385, 1.000000000000000000, 0.9238795325112867385, 1.000000000000000000, 0.9238795325112867385, 1.000000000000000000, 0.9238795325112867385, 1.000000000000000000, 0.9238795325112867385, 1.000000000000000000, 0.9238795325112867385, 1.000000000000000000, 0.9238795325112867385, 1.000000000000000000, 0.9238795325112867385, 1.000000000000000000, 0.9238795325112867385, 1.000000000000000000, 0.9238795325112867385, 1.000000000000000000, 0.9238795325112867385, 1.000000000000000000, 0.9238795325112867385, 1.000000000000000000, 0.9238795325112867385, 1.000000000000000000, 0.9238795325112867385, 1.000000000000000000, 0.9238795325112867385, 1.000000000000000000, 0.9238795325112867385, 1.000000000000000000, 0.9238795325112867385, 1.000000000000000000, 0.9238795325112867385, 1.000000000000000000, 0.9238795325112867385, 1.000000000000000000, 0.9238795325112867385, 1.000000000000000000, 0.9238795325112867385, 1.000000000000000000, 0.9238795325112867385, 1.000000000000000000, 0.9238795325112867385, 1.000000000000000000, 0.9238795325112867385, 1.000000000000000000, 0.9238795325112867385, 1.000000000000000000, 0.9238795325112867385, 1.000000000000000000, 0.9238795325112867385, 1.000000000000000000, 0.9238795325112867385, 1.000000000000000000, 0.9238795325112867385, 1.000000000000000000, 0.9238795325112867385, 1.000000000000000000, 0.9238795325112867385, 1.000000000000000000, 0.9238795325112867385, 1.000000000000000000, 0.9238795325112867385, 1.000000000000000000, 0.9238795325112867385, 1.000000000000000000, 0.9238795325112867385, 1.000000000000000000, 0.9238795325112867385, 1.000000000000000000, 0.9238795325112867385, 1.000000000000000000, 0.9238795325112867385, 1.000000000000000000, 0.9238795325112867385, 1.000000000000000000, 0.9238795325112867385, 1.000000000000000000, 0.9238795325112867385, 1.000000000000000000, 0.9238795325112867385, 1.000000000000000000, 0.9238795325112867385, 1.000000000000000000, 0.9238795325112867385, 1.000000000000000000, 0.9238795325112867385, 1.000000000000000000, 0.9238795325112867385, 1.000000000000000000, 0.9238795325112867385, 1.000000000000000000, 0.9238795325112867385, 1.000000000000000000, 0.9238795325112867385, 1.000000000000000000, 0.9238795325112867385, 1.000000000000000000, 0.9238795325112867385, 1.000000000000000000, 0.9238795325112867385, 1.000000000000000000, 0.9238795325112867385, 1.000000000000000000, 0.9238795325112867385, 1.000000000000000000, 0.9238795325112867385, 1.000000000000000000, 0.9238795325112867385, 1.000000000000000000, 0.9238795325112867385, 1.000000000000000000, 0.9238795325112867385, 1.000000000000000000, 0.9238795325112867385, 1.000000000000000000, 0.9238795325112867385, 1.000000000000000000, 0.9238795325112867385, 1.000000000000000000, 0.9238795325112867385, 1.000000000000000000, 0.9238795325112867385, 1.000000000000000000, 0.9238795325112867385, 1.000000000000000000, 0.9238795325112867385, 1.000000000000000000, 0.9238795325112867385, 1.000000000000000000, 0.9238795325112867385, 1.000000000000000000, 0.9238795325112867385, 1.000000000000000000, 0.9238795325112867385, 1.000000000000000000, 0.9238795325112867385, 1.000000000000000000, 0.9238795325112867385, 1.000000000000000000, 0.9238795325112867385, 1.000000000000000000, 0.9238795325112867385, 1.000000000000000000, 0.9238795325112867385, 1.000000000000000000, 0.9238795325112867385, 1.000000000000000000, 0.9238795325112867385, 1.000000000000000000, 0.9238795325112867385, 1.000000000000000000, 0.9238795325112867385, 1.000000000000000000, 0.9238795325112867385, 1.000000000000000000, 0.9238795325112867385, 1.000000000000000000, 0.9238795325112867385, 1.000000000000000000, 0.9238795325112867385, 1.000000000000000000, 0.9238795325112867385, 1.000000000000000000, 0.9238795325112867385, 1.000000000000000000, 0.9238795325112867385, 1.000000000000000000, 0.9238795325112867385, 1.000000000000000000, 0.9238795325112867385, 1.000000000000000000, 0.9238795325112867385, 1.000000000000000000, 0.9238795325112867385, 1.000000000000000000, 0.9238795325112867385, 1.000000000000000000, 0.9238795325112867385, 1.000000000000000000, 0.9238795325112867385, 1.000000000000000000, 0.9238795325112867385, 1.000000000000000000, 0.9238795325112867385, 1.000000000000000000, 0.9238795325112867385, 1.000000000000000000, 0.9238795325112867385, 1.000000000000000000, 0.9238795325112867385, 1.000000000000000000, 0.9238795325112867385, 1.000000000000000000, 0.9238795325112867385, 1.000000000000000000, 0.9238795325112867385, 1.000000000000000000, 0.9238795325112867385, 1.000000000000000000, 0.9238795325112867385, 1.000000000000000000, 0.9238795325112867385, 1.000000000000000000, 0.9238795325112867385, 1.000000000000000000, 0.9238795325112867385, 1.000000000000000000, 0.9238795325112867385, 1.000000000000000000, 0.9238795325112867385, 1.000000000000000000, 0.9238795325112867385, 1.000000000000000000, 0.9238795325112867385, 1.000000000000000000, 0.9238795325112867385, 1.000000000000000000, 0.9238795325112867385, 1.000000000000000000, 0.9238795325112867385, 1.000000000000000000, 0.9238795325112867385, 1.000000000000000000, 0.9238795325112867385, 1.000000000000000000, 0.9238795325112867385, 1.000000000000000000, 0.9238795325112867385, 1.000000000000000000, 0.9238795325112867385, 1.000000000000000000, 0.9238795325112867385, 1.000000000000000000, 0.9238795325112867385, 1.000000000000000000, 0.9238795325112867385, 1.000000000000000000, 0.9238795325112867385, 1.000000000000000000, 0.9238795325112867385, 1.000000000000000000, 0.9238795325112867385, 1.000000000000000000, 0.9238795325112867385, 1.000000000000000000, 0.9238795325112867385, 1.000000000000000000, 0.9238795325112867385, 1.000000000000000000, 0.9238795325112867385, 1.000000000000000000, 0.9238795325112867385, 1.000000000000000000, 0.9238795325112867385, 1.000000000000000000, 0.9238795325112867385, 1.000000000000000000, 0.9238795325112867385, 1.000000000000000000, 0.9238795325112867385, 1.000000000000000000, 0.9238795325112867385, 1.000000000000000000, 0.9238795325112867385, 1.000000000000000000, 0.9238795325112867385, 1.000000000000000000, 0.9238795325112867385, 1.000000000000000000, 0.9238795325112867385, 1.000000000000000000, 0.9238795325112867385, 1.000000000000000000, 0.9238795325112867385, 1.000000000000000000, 0.9238795325112867385, 1.000000000000000000, 0.9238795325112867385, 1.000000000000000000, 0.9238795325112867385, 1.000000000000000000, 0.9238795325112867385, 1.000000000000000000, 0.9238795325112867385, 1.000000000000000000, 0.9238795325112867385, 1.000000000000000000, 0.9238795325112867385, 1.000000000000000000, 0.9238795325112867385, 1.000000000000000000, 0.9238795325112867385, 1.000000000000000000, 0.9238795325112867385, 1.000000000000000000, 0.9238795325112867385, 1.000000000000000000, 0.9238795325112867385, 1.000000000000000000, 0.9238795325112867385, 1.000000000000000000, 0.9238795325112867385, 1.000000000000000000, 0.9238795325112867385, 1.000000000000000000, 0.9238795325112867385, 1.000000000000000000, 0.9238795325112867385, 1.000000000000000000, 0.9238795325112867385, 1.000000000000000000, 0.9238795325112867385, 1.000000000000000000, 0.9238795325112867385, 1.000000000000000000, 0.9238795325112867385, 1.000000000000000000, 0.9238795325112867385, 1.000000000000000000, 0.9238795325112867385, 1.000000000000000000, 0.9238795325112867385, 1.000000000000000000, 0.9238795325112867385, 1.000000000000000000, 0.9238795325112867385, 1.000000000000000000, 0.9238795325112867385, 1.000000000000000000, 0.9238795325112867385, 1.000000000000000000, 0.9238795325112867385, 1.000000000000000000, 0.9238795325112867385, 1.000000000000000000, 0.9238795325112867385, 1.000000000000000000, 0.9238795325112867385, 1.000000000000000000, 0.9238795325112867385, 1.000000000000000000, 0.9238795325112867385, 1.000000000000000000, 0.9238795325112867385, 1.000000000000000000, 0.9238795325112867385, 1.000000000000000000, 0.9238795325112867385, 1.000000000000000000) ) ) 
 REPRESENTATION_ITEM ( '' )  SURFACE ( )  );
#328 = CARTESIAN_POINT ( 'NONE',  ( -3.399999999999995470, -64.76562500341398732, -1.408326112068545521 ) ) ;
#329 = CARTESIAN_POINT ( 'NONE',  ( 4.076582343749995729, -65.78125000170699366, -1.688575694911970571 ) ) ;
#330 = CARTESIAN_POINT ( 'NONE',  ( -3.399999999999995914, -56.01562500341398732, -1.408326112068545521 ) ) ;
#331 = CARTESIAN_POINT ( 'NONE',  ( 3.399999999999995914, -57.50000000000000000, -2.338364031016953865E-14 ) ) ;
#332 = CARTESIAN_POINT ( 'NONE',  ( -2.404163056034259061, -70.78125000341398732, 2.404163056034235080 ) ) ;
#333 = CARTESIAN_POINT ( 'NONE',  ( -3.399999999999995914, -51.01562500341398732, -1.408326112068545521 ) ) ;
#334 = EDGE_LOOP ( 'NONE', ( #958, #5389, #6064, #3737 ) ) ;
#335 = CARTESIAN_POINT ( 'NONE',  ( 2.081899558550498061E-16, -74.68750000000000000, -3.400000000000019451 ) ) ;
#336 = ORIENTED_EDGE ( 'NONE', *, *, #4419, .T. ) ;
#337 = CARTESIAN_POINT ( 'NONE',  ( -3.399999999999995470, -55.70312500000000711, -1.408326112068545521 ) ) ;
#338 = CARTESIAN_POINT ( 'NONE',  ( 3.399999999999995914, -55.31250000341398732, -2.338364031016953865E-14 ) ) ;
#339 = FACE_OUTER_BOUND ( 'NONE', #3631, .T. ) ;
#340 = CARTESIAN_POINT ( 'NONE',  ( -4.076582343749995729, -58.82812500170699366, -2.388287766204294237E-14 ) ) ;
#341 = CARTESIAN_POINT ( 'NONE',  ( -1.688575694911946590, -66.56250000170699366, -4.076582343750018822 ) ) ;
#342 = ORIENTED_EDGE ( 'NONE', *, *, #6181, .F. ) ;
#343 = CARTESIAN_POINT ( 'NONE',  ( -2.404163056034259061, -60.78125000341398732, 2.404163056034235080 ) ) ;
#344 = VECTOR ( 'NONE', #6044, 1000.000000000000000 ) ;
#345 = CARTESIAN_POINT ( 'NONE',  ( -2.882579019330972159, -56.32812500170698655, 2.882579019330947734 ) ) ;
#346 = CARTESIAN_POINT ( 'NONE',  ( 3.399999999999995026, -73.82812500000000000, 1.408326112068500224 ) ) ;
#347 = CARTESIAN_POINT ( 'NONE',  ( -4.076582343749995729, -60.07812500170699366, -2.388287766204294237E-14 ) ) ;
#348 = CARTESIAN_POINT ( 'NONE',  ( 3.399999999999995026, -68.82812500000000000, 1.408326112068500224 ) ) ;
#349 = CARTESIAN_POINT ( 'NONE',  ( -7.488560278101070689E-16, -77.26562500170699366, 4.076582343749972637 ) ) ;
#350 = CARTESIAN_POINT ( 'NONE',  ( -7.488560278101070689E-16, -54.92187500170699366, 4.076582343749972637 ) ) ;
#351 = ADVANCED_FACE ( 'NONE', ( #871 ), #327, .T. ) ;
#352 = CARTESIAN_POINT ( 'NONE',  ( -1.408326112068523317, -71.95312500341398732, 3.399999999999972378 ) ) ;
#353 = CARTESIAN_POINT ( 'NONE',  ( -4.076582343749996618, -68.90625000170699366, 1.688575694911923053 ) ) ;
#354 = LINE ( 'NONE', #786, #4396 ) ;
#355 = CARTESIAN_POINT ( 'NONE',  ( 1.688575694911947922, -75.93750000170700787, 4.076582343749971749 ) ) ;
#356 = CARTESIAN_POINT ( 'NONE',  ( -1.408326112068523317, -49.45312500341398021, 3.399999999999972378 ) ) ;
#357 = CARTESIAN_POINT ( 'NONE',  ( 4.076582343749995729, -53.35937500170699366, -2.338364031016953865E-14 ) ) ;
#358 = CC_DESIGN_SECURITY_CLASSIFICATION ( #2566, ( #3075 ) ) ;
#359 = CARTESIAN_POINT ( 'NONE',  ( 1.688575694911947922, -68.59375000170699366, 4.076582343749971749 ) ) ;
#360 = VERTEX_POINT ( 'NONE', #6132 ) ;
#361 = CARTESIAN_POINT ( 'NONE',  ( 3.399999999999995914, -51.56250000341398732, -2.338364031016953865E-14 ) ) ;
#362 = FACE_OUTER_BOUND ( 'NONE', #911, .T. ) ;
#363 = CIRCLE ( 'NONE', #3698, 6.500000000000000000 ) ;
#364 = CARTESIAN_POINT ( 'NONE',  ( 2.882579019330971715, -60.54687500170699366, -2.882579019330995251 ) ) ;
#365 = CARTESIAN_POINT ( 'NONE',  ( -2.404163056034259061, -65.78125000341398732, 2.404163056034235080 ) ) ;
#366 = CARTESIAN_POINT ( 'NONE',  ( -4.076582343749995729, -66.48437500170699366, -2.388287766204294237E-14 ) ) ;
#367 = CARTESIAN_POINT ( 'NONE',  ( 2.404163056034257728, -61.40625000000000000, 2.404163056034235968 ) ) ;
#368 = CARTESIAN_POINT ( 'NONE',  ( -1.408326112068521319, -54.60937500000000711, -3.400000000000019007 ) ) ;
#369 = CARTESIAN_POINT ( 'NONE',  ( -3.399999999999995914, -70.93750000341397310, -2.380002022187964067E-14 ) ) ;
#370 = ORIENTED_EDGE ( 'NONE', *, *, #1221, .F. ) ;
#371 = DIRECTION ( 'NONE',  ( 0.000000000000000000, 0.000000000000000000, -1.000000000000000000 ) ) ;
#372 = CARTESIAN_POINT ( 'NONE',  ( -1.408326112068549296, -76.64062500000001421, 3.399999999999945732 ) ) ;
#373 = CARTESIAN_POINT ( 'NONE',  ( 3.399999999999995470, -78.98437500341398732, -1.408326112068545521 ) ) ;
#374 = CARTESIAN_POINT ( 'NONE',  ( -3.399999999999995914, -51.87500000000000711, -2.380002022187964067E-14 ) ) ;
#375 = CARTESIAN_POINT ( 'NONE',  ( 2.081899558550498061E-16, -68.43750000000000000, -3.400000000000019451 ) ) ;
#376 = CARTESIAN_POINT ( 'NONE',  ( 3.399999999999995914, -74.92187500000000000, -1.408326112068545521 ) ) ;
#377 = CARTESIAN_POINT ( 'NONE',  ( -4.076582343749996618, -60.00000000170699366, 1.688575694911923053 ) ) ;
#378 = CARTESIAN_POINT ( 'NONE',  ( -1.688575694911949698, -68.59375000170699366, 4.076582343749971749 ) ) ;
#379 = VERTEX_POINT ( 'NONE', #5215 ) ;
#380 = CARTESIAN_POINT ( 'NONE',  ( 3.399999999999995470, -60.23437500341398021, -1.408326112068545521 ) ) ;
#381 = CARTESIAN_POINT ( 'NONE',  ( 2.882579019330971715, -53.20312500170699366, -2.882579019330995251 ) ) ;
#382 = CARTESIAN_POINT ( 'NONE',  ( -3.399999999999995914, -70.62500000000001421, -2.380002022187964067E-14 ) ) ;
#383 = CARTESIAN_POINT ( 'NONE',  ( 4.076582343749995729, -63.20312500170699366, -2.338364031016953865E-14 ) ) ;
#384 = CARTESIAN_POINT ( 'NONE',  ( 2.081899558550498061E-16, -69.68750000000000000, -3.400000000000019451 ) ) ;
#385 = EDGE_CURVE ( 'NONE', #5663, #3598, #975, .T. ) ;
#386 = CARTESIAN_POINT ( 'NONE',  ( -4.076582343749995729, -75.15625000170699366, -1.688575694911971015 ) ) ;
#387 = CARTESIAN_POINT ( 'NONE',  ( 1.688575694911947256, -55.62500000170699366, -4.076582343750018822 ) ) ;
#388 = CARTESIAN_POINT ( 'NONE',  ( 3.399999999999995470, -71.48437500341398732, -1.408326112068545521 ) ) ;
#389 = CARTESIAN_POINT ( 'NONE',  ( -4.076582343749996618, -67.65625000170697945, 1.688575694911923053 ) ) ;
#390 = CARTESIAN_POINT ( 'NONE',  ( -3.393081429682031303, -79.39143919597843535, -0.4594220204639295480 ) ) ;
#391 = CARTESIAN_POINT ( 'NONE',  ( 2.882579019330971715, -76.79687500170699366, -2.882579019330995251 ) ) ;
#392 = CARTESIAN_POINT ( 'NONE',  ( 2.081899558550498061E-16, -51.25000000341398021, -3.400000000000019451 ) ) ;
#393 = CARTESIAN_POINT ( 'NONE',  ( -4.076582343749995729, -52.73437500170699366, -2.388287766204294237E-14 ) ) ;
#394 = CARTESIAN_POINT ( 'NONE',  ( -4.076582343749995729, -69.06250000170699366, -1.688575694911971015 ) ) ;
#395 = EDGE_LOOP ( 'NONE', ( #731, #3185 ) ) ;
#396 = CARTESIAN_POINT ( 'NONE',  ( 1.408326112068568170, -58.82812500341399442, -3.399999999999973266 ) ) ;
#397 = CARTESIAN_POINT ( 'NONE',  ( -2.404163056034259061, -52.96875000000000000, 2.404163056034235080 ) ) ;
#398 = CARTESIAN_POINT ( 'NONE',  ( -2.882579019330972159, -57.42187500170699366, 2.882579019330947734 ) ) ;
#399 = CARTESIAN_POINT ( 'NONE',  ( 2.404163056034258616, -65.15625000341398732, -2.404163056034282153 ) ) ;
#400 = CARTESIAN_POINT ( 'NONE',  ( 2.496186759367024056E-16, -66.79687500170699366, -4.076582343750019710 ) ) ;
#401 = CARTESIAN_POINT ( 'NONE',  ( 1.408326112068545299, -51.48437500000000000, 3.399999999999949285 ) ) ;
#402 = CARTESIAN_POINT ( 'NONE',  ( 1.408326112068485347, -76.79687500341401574, 3.400000000000009681 ) ) ;
#403 = EDGE_CURVE ( 'NONE', #3055, #1876, #755, .T. ) ;
#404 = CYLINDRICAL_SURFACE ( 'NONE', #1808, 3.399999999999995914 ) ;
#405 = CARTESIAN_POINT ( 'NONE',  ( -6.245698675651493936E-16, -50.62500000341398021, 3.399999999999972378 ) ) ;
#406 = CARTESIAN_POINT ( 'NONE',  ( 2.404163056034257728, -55.15625000000000711, 2.404163056034235968 ) ) ;
#407 = CARTESIAN_POINT ( 'NONE',  ( 2.404163056034258616, -70.15625000341398732, -2.404163056034282153 ) ) ;
#408 = CARTESIAN_POINT ( 'NONE',  ( 1.408326112068487346, -67.26562500000000000, -3.400000000000054090 ) ) ;
#409 = CARTESIAN_POINT ( 'NONE',  ( 2.882579019330970382, -58.35937500170699366, 2.882579019330949066 ) ) ;
#410 = CARTESIAN_POINT ( 'NONE',  ( 4.076582343749995729, -66.87500000170700787, -1.688575694911970571 ) ) ;
#411 = EDGE_LOOP ( 'NONE', ( #1102, #5315, #3732, #2271, #3700 ) ) ;
#412 = CARTESIAN_POINT ( 'NONE',  ( 4.076582343749995729, -55.85937500170699366, -2.338364031016953865E-14 ) ) ;
#413 = CARTESIAN_POINT ( 'NONE',  ( 2.081899558550498061E-16, -70.93750000000000000, -3.400000000000019451 ) ) ;
#414 = CARTESIAN_POINT ( 'NONE',  ( 2.882579019330971715, -59.29687500170699366, -2.882579019330995251 ) ) ;
#415 = CARTESIAN_POINT ( 'NONE',  ( -6.245698675651493936E-16, -67.81250000000000000, 3.399999999999972378 ) ) ;
#416 = CARTESIAN_POINT ( 'NONE',  ( -4.076582343749995729, -76.40625000170699366, -1.688575694911971015 ) ) ;
#417 = CARTESIAN_POINT ( 'NONE',  ( -2.404163056034258172, -72.34375000341398732, -2.404163056034282153 ) ) ;
#418 = CARTESIAN_POINT ( 'NONE',  ( 2.882579019330971715, -71.95312500170699366, -2.882579019330995251 ) ) ;
#419 = CARTESIAN_POINT ( 'NONE',  ( 3.399999999999995914, -60.31250000341398021, -2.338364031016953865E-14 ) ) ;
#420 = CARTESIAN_POINT ( 'NONE',  ( -4.076582343749995729, -77.65625000170700787, -1.688575694911971015 ) ) ;
#421 = CARTESIAN_POINT ( 'NONE',  ( 1.408326112068522651, -51.79687500341398021, 3.399999999999972378 ) ) ;
#422 = CARTESIAN_POINT ( 'NONE',  ( -4.076582343749995729, -54.06250000170699366, -1.688575694911971015 ) ) ;
#423 = CARTESIAN_POINT ( 'NONE',  ( 2.496186759367024056E-16, -69.29687500170699366, -4.076582343750019710 ) ) ;
#424 = EDGE_LOOP ( 'NONE', ( #4430, #941, #3280, #3837 ) ) ;
#425 = CARTESIAN_POINT ( 'NONE',  ( 1.408326112068545299, -51.79687500341397310, 3.399999999999949285 ) ) ;
#426 = DIRECTION ( 'NONE',  ( 0.000000000000000000, 0.000000000000000000, -1.000000000000000000 ) ) ;
#427 = CARTESIAN_POINT ( 'NONE',  ( -4.076582343749996618, -60.00000000170699366, 1.688575694911923053 ) ) ;
#428 = CARTESIAN_POINT ( 'NONE',  ( 2.404163056034257728, -66.71875000341398732, 2.404163056034235968 ) ) ;
#429 = CARTESIAN_POINT ( 'NONE',  ( 4.076582343749994841, -69.68750000170700787, 1.688575694911926828 ) ) ;
#430 = CARTESIAN_POINT ( 'NONE',  ( 2.081899558550498061E-16, -71.25000000341398732, -3.400000000000019451 ) ) ;
#431 = CONICAL_SURFACE ( 'NONE', #3765, 3.399999999999993694, 1.029744258676652535 ) ;
#432 = CARTESIAN_POINT ( 'NONE',  ( -6.245698675651493936E-16, -60.31250000000000711, 3.399999999999972378 ) ) ;
#433 = CALENDAR_DATE ( 2026, 20, 5 ) ;
#434 = CARTESIAN_POINT ( 'NONE',  ( -6.245698675651493936E-16, -65.31250000000000000, 3.399999999999972378 ) ) ;
#435 = CARTESIAN_POINT ( 'NONE',  ( -6.245698675651493936E-16, -53.12500000341398021, 3.399999999999972378 ) ) ;
#436 = CARTESIAN_POINT ( 'NONE',  ( 2.081899558550498061E-16, -53.43750000000000000, -3.400000000000019451 ) ) ;
#437 = CARTESIAN_POINT ( 'NONE',  ( -3.399999999999995914, -69.76562500341398732, -1.408326112068545521 ) ) ;
#438 = DIRECTION ( 'NONE',  ( -0.000000000000000000, -1.000000000000000000, -0.000000000000000000 ) ) ;
#439 = CARTESIAN_POINT ( 'NONE',  ( -1.688575694911950142, -62.34375000170700076, 4.076582343749971749 ) ) ;
#440 = CARTESIAN_POINT ( 'NONE',  ( 1.688575694911947922, -67.18750000170699366, 4.076582343749971749 ) ) ;
#441 = VERTEX_POINT ( 'NONE', #1363 ) ;
#442 = EDGE_LOOP ( 'NONE', ( #1621, #3887, #476, #2959 ) ) ;
#443 = CARTESIAN_POINT ( 'NONE',  ( 3.399999999999995914, -77.81250000341398732, -2.338364031016953865E-14 ) ) ;
#444 = CARTESIAN_POINT ( 'NONE',  ( -2.404163056034258172, -70.78125000000000000, -2.404163056034282153 ) ) ;
#445 = CARTESIAN_POINT ( 'NONE',  ( 1.688575694911947256, -59.21875000170700076, -4.076582343750018822 ) ) ;
#446 = CARTESIAN_POINT ( 'NONE',  ( -2.404163056034258172, -62.03124999999999289, -2.404163056034282153 ) ) ;
#447 = CARTESIAN_POINT ( 'NONE',  ( -2.882579019330972159, -73.67187500170699366, 2.882579019330947734 ) ) ;
#448 = CARTESIAN_POINT ( 'NONE',  ( 3.399999999999995026, -66.64062500341398732, 1.408326112068500224 ) ) ;
#449 = CARTESIAN_POINT ( 'NONE',  ( 1.688575694911947922, -64.84375000170699366, 4.076582343749971749 ) ) ;
#450 = CARTESIAN_POINT ( 'NONE',  ( 2.404163056034258616, -53.59375000000000000, -2.404163056034282153 ) ) ;
#451 = EDGE_CURVE ( 'NONE', #703, #3819, #2373, .T. ) ;
#452 = CARTESIAN_POINT ( 'NONE',  ( 1.688575694911947256, -74.21875000170700787, -4.076582343750018822 ) ) ;
#453 = CARTESIAN_POINT ( 'NONE',  ( 2.404163056034257728, -50.46875000341398732, 2.404163056034235968 ) ) ;
#454 = CARTESIAN_POINT ( 'NONE',  ( -2.882579019330970826, -50.39062500170699366, -2.882579019330995251 ) ) ;
#455 = CONICAL_SURFACE ( 'NONE', #4101, 4.025000000000000355, 0.7853981633974503884 ) ;
#456 = CARTESIAN_POINT ( 'NONE',  ( 2.882579019330970382, -68.51562500170699366, 2.882579019330949066 ) ) ;
#457 = ORIENTED_EDGE ( 'NONE', *, *, #5495, .F. ) ;
#458 = CARTESIAN_POINT ( 'NONE',  ( 4.076582343749995729, -76.95312500170699366, -2.338364031016953865E-14 ) ) ;
#459 = CARTESIAN_POINT ( 'NONE',  ( 2.081899558550498061E-16, -70.93750000000000000, -3.400000000000019451 ) ) ;
#460 = CARTESIAN_POINT ( 'NONE',  ( -4.076582343749995729, -57.57812500170698655, -2.388287766204294237E-14 ) ) ;
#461 = CARTESIAN_POINT ( 'NONE',  ( 2.404163056034258616, -67.65625000341398732, -2.404163056034282153 ) ) ;
#462 = CARTESIAN_POINT ( 'NONE',  ( -4.076582343749996618, -68.90625000170700787, 1.688575694911923053 ) ) ;
#463 = CARTESIAN_POINT ( 'NONE',  ( -3.399999999999995914, -71.01562500341398732, -1.408326112068545521 ) ) ;
#464 = ADVANCED_FACE ( 'NONE', ( #4355 ), #470, .F. ) ;
#465 = CARTESIAN_POINT ( 'NONE',  ( 3.399999999999995026, -65.39062500341398732, 1.408326112068500446 ) ) ;
#466 = ADVANCED_FACE ( 'NONE', ( #3897 ), #4389, .F. ) ;
#467 = EDGE_CURVE ( 'NONE', #4820, #1229, #4755, .T. ) ;
#468 = LOCAL_TIME ( 18, 39, 25.00000000000000000, #4388 ) ;
#469 = EDGE_CURVE ( 'NONE', #1001, #2442, #3410, .T. ) ;
#470 = CYLINDRICAL_SURFACE ( 'NONE', #5484, 3.399999999999995914 ) ;
#471 = CARTESIAN_POINT ( 'NONE',  ( 2.081899558550498061E-16, -57.18750000000000000, -3.400000000000019451 ) ) ;
#472 = CARTESIAN_POINT ( 'NONE',  ( 2.404163056034257728, -53.90625000000000000, 2.404163056034235968 ) ) ;
#473 = CARTESIAN_POINT ( 'NONE',  ( 2.081899558550498061E-16, -52.18750000000000000, -3.400000000000019451 ) ) ;
#474 = CARTESIAN_POINT ( 'NONE',  ( 2.882579019330970382, -57.10937500170700076, 2.882579019330949066 ) ) ;
#475 = CARTESIAN_POINT ( 'NONE',  ( 4.076582343749995729, -69.45312500170699366, -2.338364031016953865E-14 ) ) ;
#476 = ORIENTED_EDGE ( 'NONE', *, *, #2773, .F. ) ;
#477 = CARTESIAN_POINT ( 'NONE',  ( 4.076582343749994841, -50.93750000170699366, 1.688575694911926828 ) ) ;
#478 = CARTESIAN_POINT ( 'NONE',  ( 3.399999999999995026, -68.82812500000000000, 1.408326112068500224 ) ) ;
#479 = CARTESIAN_POINT ( 'NONE',  ( -2.882579019330970826, -55.23437500170700076, -2.882579019330995251 ) ) ;
#480 = CARTESIAN_POINT ( 'NONE',  ( -3.399999999999996358, -61.79687500000000000, 1.408326112068497560 ) ) ;
#481 = CARTESIAN_POINT ( 'NONE',  ( 2.882579019330970382, -73.35937500170699366, 2.882579019330949066 ) ) ;
#482 = VECTOR ( 'NONE', #5410, 1000.000000000000000 ) ;
#483 = CARTESIAN_POINT ( 'NONE',  ( -3.399999999999995914, -68.43750000341398732, -2.380002022187964067E-14 ) ) ;
#484 = CARTESIAN_POINT ( 'NONE',  ( 2.882579019330970382, -64.76562500170699366, 2.882579019330949066 ) ) ;
#485 = LINE ( 'NONE', #6011, #1061 ) ;
#486 = CARTESIAN_POINT ( 'NONE',  ( -7.488560278101070689E-16, -78.51562500170700787, 4.076582343749972637 ) ) ;
#487 = CARTESIAN_POINT ( 'NONE',  ( 3.399999999999995026, -75.07812500000000000, 1.408326112068500224 ) ) ;
#488 = CARTESIAN_POINT ( 'NONE',  ( 0.000000000000000000, -80.00000000000000000, -2.338364031016953865E-14 ) ) ;
#489 = CARTESIAN_POINT ( 'NONE',  ( -3.399999999999996803, -78.04687500000001421, 1.408326112068497560 ) ) ;
#490 = CARTESIAN_POINT ( 'NONE',  ( 1.688575694911947922, -66.09375000170699366, 4.076582343749971749 ) ) ;
#491 = CARTESIAN_POINT ( 'NONE',  ( 2.496186759367024056E-16, -77.89062500170699366, -4.076582343750019710 ) ) ;
#492 = CARTESIAN_POINT ( 'NONE',  ( 2.882579019330971715, -78.20312500170699366, -2.882579019330995251 ) ) ;
#493 = CARTESIAN_POINT ( 'NONE',  ( -1.688575694911949698, -61.09375000170700076, 4.076582343749971749 ) ) ;
#494 = CARTESIAN_POINT ( 'NONE',  ( -1.408326112068521319, -61.17187500341398021, -3.400000000000019007 ) ) ;
#495 = CARTESIAN_POINT ( 'NONE',  ( -4.076582343749995729, -63.98437500170699366, -2.388287766204294237E-14 ) ) ;
#496 = CARTESIAN_POINT ( 'NONE',  ( -7.488560278101070689E-16, -77.42187500170699366, 4.076582343749972637 ) ) ;
#497 = CARTESIAN_POINT ( 'NONE',  ( 3.399999999999995914, -65.23437500341398732, -1.408326112068545521 ) ) ;
#498 = CARTESIAN_POINT ( 'NONE',  ( 1.408326112068522651, -53.04687500341398732, 3.399999999999972378 ) ) ;
#499 = ADVANCED_FACE ( 'NONE', ( #2405 ), #404, .F. ) ;
#500 = DIRECTION ( 'NONE',  ( -0.000000000000000000, -1.000000000000000000, -0.000000000000000000 ) ) ;
#501 = UNCERTAINTY_MEASURE_WITH_UNIT (LENGTH_MEASURE( 1.000000000000000082E-05 ), #2338, 'distance_accuracy_value', 'NONE');
#502 = CARTESIAN_POINT ( 'NONE',  ( 2.974848675465004977, -79.68937128678412307, -2.237177735915487187 ) ) ;
#503 = CARTESIAN_POINT ( 'NONE',  ( 4.076582343749995729, -77.03125000170699366, -1.688575694911970571 ) ) ;
#504 = CARTESIAN_POINT ( 'NONE',  ( 2.081899558550498061E-16, -65.00000000341397310, -3.400000000000019451 ) ) ;
#505 = CARTESIAN_POINT ( 'NONE',  ( 4.163799117100996122E-16, -80.00000000000000000, 3.399999999999972378 ) ) ;
#506 = CARTESIAN_POINT ( 'NONE',  ( -4.076582343749995729, -57.65625000170699366, -1.688575694911971015 ) ) ;
#507 = CARTESIAN_POINT ( 'NONE',  ( -2.882579019330970826, -63.98437500170699366, -2.882579019330995251 ) ) ;
#508 = VERTEX_POINT ( 'NONE', #2921 ) ;
#509 = CARTESIAN_POINT ( 'NONE',  ( 4.076582343749995729, -49.60937500170699366, -2.338364031016953865E-14 ) ) ;
#510 = CARTESIAN_POINT ( 'NONE',  ( -6.245698675651493936E-16, -67.81250000000000000, 3.399999999999972378 ) ) ;
#511 = CARTESIAN_POINT ( 'NONE',  ( 2.882579019330971715, -55.54687500170699366, -2.882579019330995251 ) ) ;
#512 = CARTESIAN_POINT ( 'NONE',  ( -1.408326112068523317, -62.89062500000000711, 3.399999999999972378 ) ) ;
#513 = CARTESIAN_POINT ( 'NONE',  ( -2.882579019330970826, -72.73437500170699366, -2.882579019330995251 ) ) ;
#514 = CARTESIAN_POINT ( 'NONE',  ( -2.404163056034259061, -69.53125000341398732, 2.404163056034235080 ) ) ;
#515 = CARTESIAN_POINT ( 'NONE',  ( -1.688575694911946590, -62.96875000170698655, -4.076582343750019710 ) ) ;
#516 = CARTESIAN_POINT ( 'NONE',  ( 7.960204194457794491E-16, 0.000000000000000000, -6.499999999999999112 ) ) ;
#517 = CARTESIAN_POINT ( 'NONE',  ( 2.496186759367024056E-16, -69.14062500170699366, -4.076582343750019710 ) ) ;
#518 = CARTESIAN_POINT ( 'NONE',  ( -3.399999999999996358, -78.04687500000000000, 1.408326112068497560 ) ) ;
#519 = DIRECTION ( 'NONE',  ( -0.000000000000000000, -1.000000000000000000, -0.000000000000000000 ) ) ;
#520 = CARTESIAN_POINT ( 'NONE',  ( -1.688575694911946590, -66.71875000170699366, -4.076582343750018822 ) ) ;
#521 = CARTESIAN_POINT ( 'NONE',  ( -6.245698675651493936E-16, -55.31250000000000000, 3.399999999999972378 ) ) ;
#522 = CARTESIAN_POINT ( 'NONE',  ( -4.076582343749996618, -78.90625000170699366, 1.688575694911923053 ) ) ;
#523 = CARTESIAN_POINT ( 'NONE',  ( -7.488560278101070689E-16, -56.01562500170699366, 4.076582343749972637 ) ) ;
#524 = CARTESIAN_POINT ( 'NONE',  ( 2.081899558550498061E-16, -63.75000000341399442, -3.400000000000019451 ) ) ;
#525 = CARTESIAN_POINT ( 'NONE',  ( 2.882579019330971715, -60.70312500170699366, -2.882579019330995251 ) ) ;
#526 = CARTESIAN_POINT ( 'NONE',  ( 1.408326112068545299, -65.54687500341397310, 3.399999999999949285 ) ) ;
#527 = CARTESIAN_POINT ( 'NONE',  ( 2.404163056034257728, -51.71875000341398732, 2.404163056034235968 ) ) ;
#528 = CARTESIAN_POINT ( 'NONE',  ( 3.738291171874995822, -49.80468750085349683, -2.338364031016953865E-14 ) ) ;
#529 = CARTESIAN_POINT ( 'NONE',  ( 3.399999999999995470, -73.98437500341398732, -1.408326112068545521 ) ) ;
#530 = CARTESIAN_POINT ( 'NONE',  ( -4.076582343749996618, -78.90625000170699366, 1.688575694911923053 ) ) ;
#531 = ADVANCED_FACE ( 'NONE', ( #5931 ), #3830, .F. ) ;
#532 = DIRECTION ( 'NONE',  ( 0.000000000000000000, 0.000000000000000000, 1.000000000000000000 ) ) ;
#533 = CARTESIAN_POINT ( 'NONE',  ( -2.404163056034258172, -67.03125000000000000, -2.404163056034282153 ) ) ;
#534 = CARTESIAN_POINT ( 'NONE',  ( 2.882579019330970382, -54.60937500170700076, 2.882579019330949066 ) ) ;
#535 = CARTESIAN_POINT ( 'NONE',  ( -4.076582343749995729, -62.57812500170699366, -2.388287766204294237E-14 ) ) ;
#536 = EDGE_LOOP ( 'NONE', ( #2760, #5372, #1370, #3088 ) ) ;
#537 = ORIENTED_EDGE ( 'NONE', *, *, #5852, .F. ) ;
#538 = CARTESIAN_POINT ( 'NONE',  ( 2.404163056034257728, -77.96875000341398732, 2.404163056034235968 ) ) ;
#539 = ORIENTED_EDGE ( 'NONE', *, *, #1919, .T. ) ;
#540 = CARTESIAN_POINT ( 'NONE',  ( 2.404163056034257728, -65.15625000000000000, 2.404163056034235968 ) ) ;
#541 = CARTESIAN_POINT ( 'NONE',  ( -1.688575694911949698, -56.09375000170700076, 4.076582343749971749 ) ) ;
#542 = CARTESIAN_POINT ( 'NONE',  ( -3.399999999999995470, -63.20312500000000000, -1.408326112068545521 ) ) ;
#543 = CARTESIAN_POINT ( 'NONE',  ( -1.688575694911946590, -67.81250000170699366, -4.076582343750019710 ) ) ;
#544 = CARTESIAN_POINT ( 'NONE',  ( 3.399999999999995026, -70.39062500341400153, 1.408326112068500224 ) ) ;
#545 = CARTESIAN_POINT ( 'NONE',  ( -2.882579019330972159, -65.07812500170699366, 2.882579019330947734 ) ) ;
#546 = CARTESIAN_POINT ( 'NONE',  ( 1.408326112068521985, -77.26562500000000000, -3.400000000000019007 ) ) ;
#547 = CARTESIAN_POINT ( 'NONE',  ( -1.688575694911949698, -69.84375000170697945, 4.076582343749971749 ) ) ;
#548 = CARTESIAN_POINT ( 'NONE',  ( -2.404163056034258172, -78.28125000000000000, -2.404163056034282153 ) ) ;
#549 = CARTESIAN_POINT ( 'NONE',  ( -3.399999999999995914, -60.62500000000000000, -2.380002022187964067E-14 ) ) ;
#550 = EDGE_CURVE ( 'NONE', #1527, #2457, #5003, .T. ) ;
#551 = CARTESIAN_POINT ( 'NONE',  ( 2.882579019330970382, -67.26562500170699366, 2.882579019330949066 ) ) ;
#552 = CARTESIAN_POINT ( 'NONE',  ( 2.496186759367024056E-16, -79.14062500170700787, -4.076582343750019710 ) ) ;
#553 = CARTESIAN_POINT ( 'NONE',  ( -1.688575694911946590, -77.96875000170697945, -4.076582343750019710 ) ) ;
#554 = VECTOR ( 'NONE', #4681, 1000.000000000000000 ) ;
#555 = CARTESIAN_POINT ( 'NONE',  ( 2.882579019330971715, -51.79687500170699366, -2.882579019330995251 ) ) ;
#556 = CARTESIAN_POINT ( 'NONE',  ( 3.399999999999995914, -60.31250000341398021, -2.338364031016953865E-14 ) ) ;
#557 = CARTESIAN_POINT ( 'NONE',  ( -1.688575694911946590, -65.46875000170699366, -4.076582343750018822 ) ) ;
#558 = CARTESIAN_POINT ( 'NONE',  ( -4.076582343749995729, -79.06250000170699366, -1.688575694911971015 ) ) ;
#559 = CARTESIAN_POINT ( 'NONE',  ( 2.081899558550498061E-16, -59.68750000000000711, -3.400000000000019451 ) ) ;
#560 = VECTOR ( 'NONE', #4607, 1000.000000000000000 ) ;
#561 = CARTESIAN_POINT ( 'NONE',  ( 2.404163056034258616, -55.15625000341398021, -2.404163056034282153 ) ) ;
#562 = DIRECTION ( 'NONE',  ( -0.000000000000000000, -1.000000000000000000, -0.000000000000000000 ) ) ;
#563 = CARTESIAN_POINT ( 'NONE',  ( -3.399999999999995914, -78.43750000341398732, -2.380002022187964067E-14 ) ) ;
#564 = CARTESIAN_POINT ( 'NONE',  ( 2.496186759367024056E-16, -76.79687500170699366, -4.076582343750019710 ) ) ;
#565 =( BOUNDED_CURVE ( )  B_SPLINE_CURVE ( 2, ( #1984, #4546, #5560, #3084, #3965, #5076, #597, #1003, #2105 ),
 .UNSPECIFIED., .F., .T. ) 
 B_SPLINE_CURVE_WITH_KNOTS ( ( 3, 2, 2, 2, 3 ),
 ( 0.2187499999999999445, 0.2239583333333332871, 0.2291666666666666019, 0.2343749999999999445, 0.2395833333333332871 ),
 .UNSPECIFIED. ) 
 CURVE ( )  GEOMETRIC_REPRESENTATION_ITEM ( )  RATIONAL_B_SPLINE_CURVE ( ( 1.000000000000000888, 0.9238795325112859613, 1.000000000000000000, 0.9238795325112867385, 1.000000000000000000, 0.9238795325112867385, 1.000000000000000000, 0.9238795325112875156, 0.9999999999999992228 ) ) 
 REPRESENTATION_ITEM ( '' )  );
#566 = CARTESIAN_POINT ( 'NONE',  ( -6.245698675651493936E-16, -72.81250000000000000, 3.399999999999972378 ) ) ;
#567 = CARTESIAN_POINT ( 'NONE',  ( 2.882579019330970382, -53.35937500170699366, 2.882579019330949066 ) ) ;
#568 = LOCAL_TIME ( 18, 39, 25.00000000000000000, #5797 ) ;
#569 = CARTESIAN_POINT ( 'NONE',  ( 4.076582343749994841, -62.03125000170700787, 1.688575694911926828 ) ) ;
#570 = VERTEX_POINT ( 'NONE', #5436 ) ;
#571 = EDGE_LOOP ( 'NONE', ( #574, #6333, #2207, #1480 ) ) ;
#572 = CARTESIAN_POINT ( 'NONE',  ( -4.076582343749995729, -50.31250000170700076, -1.688575694911971015 ) ) ;
#573 = VECTOR ( 'NONE', #3152, 1000.000000000000000 ) ;
#574 = ORIENTED_EDGE ( 'NONE', *, *, #4135, .F. ) ;
#575 = CARTESIAN_POINT ( 'NONE',  ( 3.399999999999995470, -63.67187500000000000, -1.408326112068545521 ) ) ;
#576 = CARTESIAN_POINT ( 'NONE',  ( 1.688575694911947256, -55.46875000170699366, -4.076582343750018822 ) ) ;
#577 = CARTESIAN_POINT ( 'NONE',  ( 2.081899558550498061E-16, -64.68750000000001421, -3.400000000000019451 ) ) ;
#578 = CARTESIAN_POINT ( 'NONE',  ( -1.688575694911946590, -69.06250000170699366, -4.076582343750019710 ) ) ;
#579 = CARTESIAN_POINT ( 'NONE',  ( -1.408326112068521319, -68.67187500341397310, -3.400000000000019007 ) ) ;
#580 = CARTESIAN_POINT ( 'NONE',  ( -4.076582343749995729, -65.31250000170699366, -1.688575694911971015 ) ) ;
#581 = CARTESIAN_POINT ( 'NONE',  ( 1.408326112068522651, -78.98437499999998579, 3.399999999999972378 ) ) ;
#582 = CARTESIAN_POINT ( 'NONE',  ( 4.076582343749995729, -73.20312500170699366, -2.338364031016953865E-14 ) ) ;
#583 = CARTESIAN_POINT ( 'NONE',  ( 1.408326112068521985, -79.76562500000001421, -3.400000000000019007 ) ) ;
#584 = CARTESIAN_POINT ( 'NONE',  ( 1.408326112068499780, -58.98437500000001421, 3.399999999999995470 ) ) ;
#585 = CARTESIAN_POINT ( 'NONE',  ( -1.688575694911949698, -63.75000000170700076, 4.076582343749971749 ) ) ;
#586 = CARTESIAN_POINT ( 'NONE',  ( -7.488560278101070689E-16, -72.26562500170699366, 4.076582343749972637 ) ) ;
#587 = CARTESIAN_POINT ( 'NONE',  ( 2.081899558550498061E-16, -52.18750000000000000, -3.400000000000019451 ) ) ;
#588 = CARTESIAN_POINT ( 'NONE',  ( 4.076582343749994841, -54.53125000170699366, 1.688575694911926828 ) ) ;
#589 = CARTESIAN_POINT ( 'NONE',  ( -2.404163056034258172, -62.34375000341398021, -2.404163056034282153 ) ) ;
#590 = CARTESIAN_POINT ( 'NONE',  ( -4.076582343749995729, -61.56250000170698655, -1.688575694911971015 ) ) ;
#591 = CARTESIAN_POINT ( 'NONE',  ( 2.496186759367024056E-16, -78.04687500170699366, -4.076582343750019710 ) ) ;
#592 = CARTESIAN_POINT ( 'NONE',  ( -3.399999999999995914, -69.45312500000000000, -1.408326112068545521 ) ) ;
#593 = CARTESIAN_POINT ( 'NONE',  ( 2.404163056034258616, -53.90625000341398021, -2.404163056034282153 ) ) ;
#594 = CARTESIAN_POINT ( 'NONE',  ( 2.081899558550498061E-16, -75.00000000341398732, -3.400000000000019451 ) ) ;
#595 = CARTESIAN_POINT ( 'NONE',  ( -3.399999999999995470, -76.01562500341397310, -1.408326112068545521 ) ) ;
#596 = CARTESIAN_POINT ( 'NONE',  ( 2.882579019330971715, -76.95312500170699366, -2.882579019330995251 ) ) ;
#597 = CARTESIAN_POINT ( 'NONE',  ( -2.404163056034259061, -72.03125000341398732, 2.404163056034235080 ) ) ;
#598 = CARTESIAN_POINT ( 'NONE',  ( 2.404163056034258616, -74.84375000000000000, -2.404163056034282153 ) ) ;
#599 = CARTESIAN_POINT ( 'NONE',  ( 4.076582343749995729, -56.87500000170700076, -1.688575694911970571 ) ) ;
#600 = CARTESIAN_POINT ( 'NONE',  ( -1.688575694911949698, -64.84375000170700787, 4.076582343749971749 ) ) ;
#601 = ORIENTED_EDGE ( 'NONE', *, *, #3649, .T. ) ;
#602 = VERTEX_POINT ( 'NONE', #2825 ) ;
#603 = DIRECTION ( 'NONE',  ( 0.000000000000000000, 0.000000000000000000, 1.000000000000000000 ) ) ;
#604 = VERTEX_POINT ( 'NONE', #335 ) ;
#605 = CARTESIAN_POINT ( 'NONE',  ( 2.404163056034258616, -62.34375000000000000, -2.404163056034282153 ) ) ;
#606 = CARTESIAN_POINT ( 'NONE',  ( -2.882579019330972159, -57.42187500170699366, 2.882579019330947734 ) ) ;
#607 = CARTESIAN_POINT ( 'NONE',  ( 1.688575694911947922, -49.84375000170698655, 4.076582343749971749 ) ) ;
#608 = CARTESIAN_POINT ( 'NONE',  ( 4.076582343749994841, -70.78125000170702208, 1.688575694911926828 ) ) ;
#609 = CARTESIAN_POINT ( 'NONE',  ( -1.408326112068521319, -66.17187500341397310, -3.400000000000019007 ) ) ;
#610 = CARTESIAN_POINT ( 'NONE',  ( -7.488560278101070689E-16, -58.67187500170699366, 4.076582343749972637 ) ) ;
#611 = CARTESIAN_POINT ( 'NONE',  ( 2.081899558550498061E-16, -78.43750000000001421, -3.400000000000019451 ) ) ;
#612 = CARTESIAN_POINT ( 'NONE',  ( 2.882579019330971715, -70.54687500170699366, -2.882579019330995251 ) ) ;
#613 = CARTESIAN_POINT ( 'NONE',  ( -1.408326112068521319, -78.35937499999998579, -3.400000000000019007 ) ) ;
#614 = CARTESIAN_POINT ( 'NONE',  ( 2.404163056034258616, -58.59375000000000000, -2.404163056034282153 ) ) ;
#615 = CARTESIAN_POINT ( 'NONE',  ( -4.076582343749996618, -66.40625000170699366, 1.688575694911923053 ) ) ;
#616 = CARTESIAN_POINT ( 'NONE',  ( 4.076582343749995729, -73.12500000170699366, -1.688575694911970571 ) ) ;
#617 = CARTESIAN_POINT ( 'NONE',  ( 4.076582343749995729, -50.62500000170699366, -1.688575694911970571 ) ) ;
#618 = CARTESIAN_POINT ( 'NONE',  ( -1.408326112068544189, -52.10937500000000000, -3.399999999999995914 ) ) ;
#619 = CARTESIAN_POINT ( 'NONE',  ( -4.076582343749995729, -52.65625000170700076, -1.688575694911971015 ) ) ;
#620 = CARTESIAN_POINT ( 'NONE',  ( 1.408326112068522651, -59.29687500341398732, 3.399999999999972378 ) ) ;
#621 = CARTESIAN_POINT ( 'NONE',  ( 4.076582343749995729, -60.85937500170698655, -2.338364031016953865E-14 ) ) ;
#622 = CARTESIAN_POINT ( 'NONE',  ( 2.882579019330971715, -79.45312500170699366, -2.882579019330995251 ) ) ;
#623 = CARTESIAN_POINT ( 'NONE',  ( 3.399999999999995914, -66.48437500341398732, -1.408326112068545521 ) ) ;
#624 = CARTESIAN_POINT ( 'NONE',  ( 1.408326112068522651, -51.79687500341398021, 3.399999999999972378 ) ) ;
#625 = CARTESIAN_POINT ( 'NONE',  ( 3.399999999999995026, -70.07812500000000000, 1.408326112068500446 ) ) ;
#626 = CARTESIAN_POINT ( 'NONE',  ( 2.081899558550498061E-16, -76.25000000341398732, -3.400000000000019451 ) ) ;
#627 = CARTESIAN_POINT ( 'NONE',  ( -1.408326112068521319, -50.85937500000000000, -3.400000000000019007 ) ) ;
#628 = LINE ( 'NONE', #6224, #4626 ) ;
#629 = PLANE ( 'NONE',  #4731 ) ;
#630 = CARTESIAN_POINT ( 'NONE',  ( -4.076582343749996618, -52.50000000170699366, 1.688575694911923053 ) ) ;
#631 = VERTEX_POINT ( 'NONE', #2339 ) ;
#632 = ORIENTED_EDGE ( 'NONE', *, *, #6463, .F. ) ;
#633 = CARTESIAN_POINT ( 'NONE',  ( 1.408326112068544633, -76.01562500000000000, -3.399999999999995914 ) ) ;
#634 = ORIENTED_EDGE ( 'NONE', *, *, #5104, .F. ) ;
#635 = CARTESIAN_POINT ( 'NONE',  ( -1.408326112068523317, -65.39062500000001421, 3.399999999999972378 ) ) ;
#636 = CARTESIAN_POINT ( 'NONE',  ( 4.076582343749995729, -53.20312500170700076, -2.338364031016953865E-14 ) ) ;
#637 = CARTESIAN_POINT ( 'NONE',  ( -6.154223239494385924E-08, -50.00000000000000711, -3.400000000000019007 ) ) ;
#638 = CARTESIAN_POINT ( 'NONE',  ( -4.076582343749995729, -72.65625000170699366, -1.688575694911971015 ) ) ;
#639 = VECTOR ( 'NONE', #562, 1000.000000000000000 ) ;
#640 = CARTESIAN_POINT ( 'NONE',  ( -1.408326112068521319, -62.42187500341399442, -3.400000000000019007 ) ) ;
#641 = CARTESIAN_POINT ( 'NONE',  ( 2.882579019330971715, -59.45312500170699366, -2.882579019330995251 ) ) ;
#642 = CARTESIAN_POINT ( 'NONE',  ( -1.122414059389455598, -79.53299322525843706, -3.384002500199791097 ) ) ;
#643 = CARTESIAN_POINT ( 'NONE',  ( 1.688575694911947256, -71.71875000170699366, -4.076582343750018822 ) ) ;
#644 = CARTESIAN_POINT ( 'NONE',  ( -3.399999999999996358, -70.54687500000000000, 1.408326112068497560 ) ) ;
#645 = CARTESIAN_POINT ( 'NONE',  ( 3.399999999999995914, -75.31250000341398732, -2.338364031016953865E-14 ) ) ;
#646 = CARTESIAN_POINT ( 'NONE',  ( 2.882579019330970382, -58.51562500170699366, 2.882579019330949066 ) ) ;
#647 = CARTESIAN_POINT ( 'NONE',  ( 1.688575694911947922, -70.93750000170699366, 4.076582343749971749 ) ) ;
#648 = CARTESIAN_POINT ( 'NONE',  ( -4.076582343749995729, -51.32812500170700076, -2.388287766204294237E-14 ) ) ;
#649 = CARTESIAN_POINT ( 'NONE',  ( 1.688575694911947922, -72.34375000170699366, 4.076582343749971749 ) ) ;
#650 = CARTESIAN_POINT ( 'NONE',  ( 1.688575694911947922, -54.68750000170698655, 4.076582343749971749 ) ) ;
#651 = CIRCLE ( 'NONE', #5831, 3.399999999999995914 ) ;
#652 = CARTESIAN_POINT ( 'NONE',  ( 1.408326112068521985, -58.82812500341398732, -3.400000000000019007 ) ) ;
#653 = CARTESIAN_POINT ( 'NONE',  ( -2.882579019330972159, -60.07812500170699366, 2.882579019330947734 ) ) ;
#654 = CARTESIAN_POINT ( 'NONE',  ( -2.882579019330970826, -72.89062500170699366, -2.882579019330995251 ) ) ;
#655 = EDGE_CURVE ( 'NONE', #5119, #4820, #4319, .T. ) ;
#656 = DIRECTION ( 'NONE',  ( 8.659560562354951347E-17, -0.7071067811865460184, 0.7071067811865489050 ) ) ;
#657 = FACE_OUTER_BOUND ( 'NONE', #939, .T. ) ;
#658 = CARTESIAN_POINT ( 'NONE',  ( 2.081899558550498061E-16, -65.00000000341397310, -3.400000000000019451 ) ) ;
#659 = CARTESIAN_POINT ( 'NONE',  ( 3.399999999999995026, -75.39062500341398732, 1.408326112068500224 ) ) ;
#660 = EDGE_CURVE ( 'NONE', #2473, #4228, #4973, .T. ) ;
#661 = CARTESIAN_POINT ( 'NONE',  ( 2.882579019330970382, -71.01562500170699366, 2.882579019330949066 ) ) ;
#662 =( BOUNDED_CURVE ( )  B_SPLINE_CURVE ( 2, ( #4641, #4186, #2261, #1611, #2230, #4117, #6187, #3237, #1184 ),
 .UNSPECIFIED., .F., .T. ) 
 B_SPLINE_CURVE_WITH_KNOTS ( ( 3, 2, 2, 2, 3 ),
 ( 0.7395833333333332593, 0.7447916666666665186, 0.7500000000000000000, 0.7552083333333333703, 0.7604166666666666297 ),
 .UNSPECIFIED. ) 
 CURVE ( )  GEOMETRIC_REPRESENTATION_ITEM ( )  RATIONAL_B_SPLINE_CURVE ( ( 1.000000000000001554, 0.9238795325112850731, 1.000000000000000000, 0.9238795325112867385, 1.000000000000000000, 0.9238795325112867385, 1.000000000000000000, 0.9238795325112867385, 1.000000000000000000 ) ) 
 REPRESENTATION_ITEM ( '' )  );
#663 = CARTESIAN_POINT ( 'NONE',  ( 0.000000000000000000, -80.00000000000000000, -2.338364031016953865E-14 ) ) ;
#664 = CARTESIAN_POINT ( 'NONE',  ( 3.399999999999995914, -71.48437500341398732, -1.408326112068545521 ) ) ;
#665 = EDGE_CURVE ( 'NONE', #2078, #766, #651, .T. ) ;
#666 = CIRCLE ( 'NONE', #27, 3.399999999999993694 ) ;
#667 = DIRECTION ( 'NONE',  ( -0.000000000000000000, -1.000000000000000000, -0.000000000000000000 ) ) ;
#668 = VERTEX_POINT ( 'NONE', #5073 ) ;
#669 = ORIENTED_EDGE ( 'NONE', *, *, #4021, .F. ) ;
#670 = CARTESIAN_POINT ( 'NONE',  ( 3.808651545348268472E-15, 1.329783579673954269E-29, 0.000000000000000000 ) ) ;
#671 = CARTESIAN_POINT ( 'NONE',  ( 2.081899558550498061E-16, -53.43750000000000000, -3.400000000000019451 ) ) ;
#672 = ORIENTED_EDGE ( 'NONE', *, *, #257, .T. ) ;
#673 = CARTESIAN_POINT ( 'NONE',  ( 2.404163056034258616, -61.09375000000000000, -2.404163056034282153 ) ) ;
#674 = CARTESIAN_POINT ( 'NONE',  ( -2.882579019330972159, -53.67187500170698655, 2.882579019330947734 ) ) ;
#675 = CARTESIAN_POINT ( 'NONE',  ( 3.399999999999995026, -69.14062500341398732, 1.408326112068500446 ) ) ;
#676 = CARTESIAN_POINT ( 'NONE',  ( -4.076582343749996618, -66.25000000170699366, 1.688575694911923053 ) ) ;
#677 = CARTESIAN_POINT ( 'NONE',  ( -2.404163056034259061, -62.03125000341398732, 2.404163056034235080 ) ) ;
#678 = AXIS2_PLACEMENT_3D ( 'NONE', #2429, #2885, #2331 ) ;
#679 = CARTESIAN_POINT ( 'NONE',  ( -1.688575694911946590, -60.46875000170700076, -4.076582343750019710 ) ) ;
#680 = CARTESIAN_POINT ( 'NONE',  ( 2.404163056034258616, -76.09375000000000000, -2.404163056034282153 ) ) ;
#681 = CARTESIAN_POINT ( 'NONE',  ( 2.882579019330970382, -65.85937500170699366, 2.882579019330949066 ) ) ;
#682 = CARTESIAN_POINT ( 'NONE',  ( 3.399999999999995914, -71.25000000000001421, -2.338364031016953865E-14 ) ) ;
#683 = CARTESIAN_POINT ( 'NONE',  ( -2.404163056034259061, -74.53125000341398732, 2.404163056034235080 ) ) ;
#684 = CARTESIAN_POINT ( 'NONE',  ( -4.076582343749995729, -57.81250000170700076, -1.688575694911971015 ) ) ;
#685 = CARTESIAN_POINT ( 'NONE',  ( -4.076582343749996618, -73.75000000170699366, 1.688575694911923053 ) ) ;
#686 = EDGE_CURVE ( 'NONE', #2426, #1886, #35, .T. ) ;
#687 = CARTESIAN_POINT ( 'NONE',  ( 4.076582343749994841, -50.78125000170699366, 1.688575694911926828 ) ) ;
#688 = CARTESIAN_POINT ( 'NONE',  ( -4.076582343749995729, -74.06250000170699366, -1.688575694911971015 ) ) ;
#689 = CARTESIAN_POINT ( 'NONE',  ( 1.688575694911947256, -51.87500000170699366, -4.076582343750018822 ) ) ;
#690 = CARTESIAN_POINT ( 'NONE',  ( 3.399999999999995914, -56.56250000341398732, -2.338364031016953865E-14 ) ) ;
#691 = CARTESIAN_POINT ( 'NONE',  ( -1.688575694911946590, -57.96875000170699366, -4.076582343750018822 ) ) ;
#692 = CARTESIAN_POINT ( 'NONE',  ( -2.882579019330972159, -76.32812500170699366, 2.882579019330947734 ) ) ;
#693 = VERTEX_POINT ( 'NONE', #6024 ) ;
#694 = CARTESIAN_POINT ( 'NONE',  ( 3.399999999999995026, -66.64062500341398732, 1.408326112068500446 ) ) ;
#695 = DIRECTION ( 'NONE',  ( 0.000000000000000000, 0.000000000000000000, -1.000000000000000000 ) ) ;
#696 = CARTESIAN_POINT ( 'NONE',  ( 2.404163056034258616, -73.90625000341398732, -2.404163056034282153 ) ) ;
#697 = CARTESIAN_POINT ( 'NONE',  ( -4.076582343749996618, -73.90625000170697945, 1.688575694911923053 ) ) ;
#698 = CARTESIAN_POINT ( 'NONE',  ( 2.404163056034258616, -53.90625000341398021, -2.404163056034282153 ) ) ;
#699 = CARTESIAN_POINT ( 'NONE',  ( 3.399999999999995914, -56.25000000000000000, -2.338364031016953865E-14 ) ) ;
#700 = CARTESIAN_POINT ( 'NONE',  ( -1.408326112068500668, -51.95312500341398021, 3.399999999999994582 ) ) ;
#701 = CARTESIAN_POINT ( 'NONE',  ( 0.000000000000000000, -80.00000000000000000, -3.400000000000019451 ) ) ;
#702 = ORIENTED_EDGE ( 'NONE', *, *, #686, .T. ) ;
#703 = VERTEX_POINT ( 'NONE', #4452 ) ;
#704 = CARTESIAN_POINT ( 'NONE',  ( -2.404163056034258172, -50.78125000000000000, -2.404163056034282153 ) ) ;
#705 = EDGE_LOOP ( 'NONE', ( #6392, #3313, #4619, #2340 ) ) ;
#706 = CARTESIAN_POINT ( 'NONE',  ( -3.399999999999995914, -58.12499999999999289, -2.380002022187964067E-14 ) ) ;
#707 = CARTESIAN_POINT ( 'NONE',  ( -4.076582343749995729, -52.57812500170700076, -2.388287766204294237E-14 ) ) ;
#708 = CARTESIAN_POINT ( 'NONE',  ( -2.404163056034258172, -75.78125000000000000, -2.404163056034282153 ) ) ;
#709 = CARTESIAN_POINT ( 'NONE',  ( -4.076582343749996618, -65.00000000170699366, 1.688575694911923053 ) ) ;
#710 = CARTESIAN_POINT ( 'NONE',  ( -2.404163056034258172, -64.84375000341398732, -2.404163056034282153 ) ) ;
#711 = CARTESIAN_POINT ( 'NONE',  ( -2.882579019330970826, -57.89062500170698655, -2.882579019330995251 ) ) ;
#712 = CARTESIAN_POINT ( 'NONE',  ( 2.404163056034258616, -73.59375000000000000, -2.404163056034282153 ) ) ;
#713 = CARTESIAN_POINT ( 'NONE',  ( -2.882579019330970826, -67.73437500170699366, -2.882579019330995251 ) ) ;
#714 = CARTESIAN_POINT ( 'NONE',  ( -3.399999999999995470, -71.95312500000002842, -1.408326112068545521 ) ) ;
#715 = CARTESIAN_POINT ( 'NONE',  ( 1.688575694911947922, -58.59375000170700076, 4.076582343749971749 ) ) ;
#716 = CARTESIAN_POINT ( 'NONE',  ( 3.399999999999995470, -76.48437500341400153, -1.408326112068545521 ) ) ;
#717 = CARTESIAN_POINT ( 'NONE',  ( 4.076582343749995729, -74.60937500170699366, -2.338364031016953865E-14 ) ) ;
#718 = CARTESIAN_POINT ( 'NONE',  ( 1.688575694911947922, -53.59375000170700076, 4.076582343749971749 ) ) ;
#719 = CARTESIAN_POINT ( 'NONE',  ( -3.399999999999995470, -54.76562500341398732, -1.408326112068545521 ) ) ;
#720 = CARTESIAN_POINT ( 'NONE',  ( -4.076582343749995729, -57.81250000170700076, -1.688575694911971015 ) ) ;
#721 = CARTESIAN_POINT ( 'NONE',  ( -4.076582343749996618, -72.65625000170699366, 1.688575694911923053 ) ) ;
#722 = LINE ( 'NONE', #4674, #3896 ) ;
#723 = CARTESIAN_POINT ( 'NONE',  ( 2.404163056034257728, -49.21875000341398021, 2.404163056034235968 ) ) ;
#724 = CARTESIAN_POINT ( 'NONE',  ( 2.081899558550498061E-16, -73.75000000341398732, -3.400000000000019451 ) ) ;
#725 = CARTESIAN_POINT ( 'NONE',  ( -2.882579019330970826, -74.14062500170699366, -2.882579019330995251 ) ) ;
#726 = DIRECTION ( 'NONE',  ( 0.000000000000000000, 0.000000000000000000, -1.000000000000000000 ) ) ;
#727 = CARTESIAN_POINT ( 'NONE',  ( 2.404163056034257728, -57.65625000000000711, 2.404163056034235968 ) ) ;
#728 = CARTESIAN_POINT ( 'NONE',  ( 3.399999999999995914, -72.50000000000001421, -2.338364031016953865E-14 ) ) ;
#729 = DIRECTION ( 'NONE',  ( -0.000000000000000000, -1.000000000000000000, -0.000000000000000000 ) ) ;
#730 = ORIENTED_EDGE ( 'NONE', *, *, #2503, .F. ) ;
#731 = ORIENTED_EDGE ( 'NONE', *, *, #3455, .T. ) ;
#732 = CARTESIAN_POINT ( 'NONE',  ( -6.245698675651493936E-16, -57.81250000000000000, 3.399999999999972378 ) ) ;
#733 = EDGE_CURVE ( 'NONE', #5338, #631, #4479, .T. ) ;
#734 = CARTESIAN_POINT ( 'NONE',  ( 1.408326112068521985, -51.01562500000000000, -3.400000000000019007 ) ) ;
#735 = ORIENTED_EDGE ( 'NONE', *, *, #5871, .T. ) ;
#736 = CARTESIAN_POINT ( 'NONE',  ( 3.399999999999995914, -57.50000000000000000, -2.338364031016953865E-14 ) ) ;
#737 = CARTESIAN_POINT ( 'NONE',  ( -1.688575694911946590, -51.56250000170698655, -4.076582343750018822 ) ) ;
#738 = CARTESIAN_POINT ( 'NONE',  ( 1.408326112068545299, -52.73437499999999289, 3.399999999999949285 ) ) ;
#739 = CARTESIAN_POINT ( 'NONE',  ( 1.688575694911947922, -63.43750000170700076, 4.076582343749971749 ) ) ;
#740 =( BOUNDED_CURVE ( )  B_SPLINE_CURVE ( 2, ( #230, #1811, #1357, #3309, #1508, #489, #2265, #5981, #796 ),
 .UNSPECIFIED., .F., .T. ) 
 B_SPLINE_CURVE_WITH_KNOTS ( ( 3, 2, 2, 2, 3 ),
 ( 0.05208333333333314830, 0.05729166666666647700, 0.06249999999999981959, 0.06770833333333314830, 0.07291666666666649088 ),
 .UNSPECIFIED. ) 
 CURVE ( )  GEOMETRIC_REPRESENTATION_ITEM ( )  RATIONAL_B_SPLINE_CURVE ( ( 1.000000000000002665, 0.9238795325112839629, 1.000000000000000000, 0.9238795325112867385, 1.000000000000000000, 0.9238795325112867385, 1.000000000000000000, 0.9238795325112894030, 0.9999999999999973355 ) ) 
 REPRESENTATION_ITEM ( '' )  );
#741 = EDGE_LOOP ( 'NONE', ( #6196, #4584, #1659, #2111 ) ) ;
#742 = CARTESIAN_POINT ( 'NONE',  ( 2.404163056034258616, -62.65625000341398732, -2.404163056034282153 ) ) ;
#743 = CARTESIAN_POINT ( 'NONE',  ( 1.688575694911947256, -59.37500000170700076, -4.076582343750019710 ) ) ;
#744 = CARTESIAN_POINT ( 'NONE',  ( -1.408326112068523317, -72.89062500000000000, 3.399999999999972378 ) ) ;
#745 = CARTESIAN_POINT ( 'NONE',  ( 4.076582343749994841, -67.03125000170700787, 1.688575694911926828 ) ) ;
#746 = CARTESIAN_POINT ( 'NONE',  ( 1.408326112068521985, -74.76562500000000000, -3.400000000000019007 ) ) ;
#747 = VECTOR ( 'NONE', #3223, 1000.000000000000000 ) ;
#748 = CARTESIAN_POINT ( 'NONE',  ( -4.076582343749995729, -59.06250000170699366, -1.688575694911971015 ) ) ;
#749 = EDGE_CURVE ( 'NONE', #570, #1860, #5959, .T. ) ;
#750 = CARTESIAN_POINT ( 'NONE',  ( 3.399999999999995026, -77.89062500341397310, 1.408326112068500224 ) ) ;
#751 = CARTESIAN_POINT ( 'NONE',  ( -4.076582343749995729, -72.81250000170699366, -1.688575694911971015 ) ) ;
#752 = CARTESIAN_POINT ( 'NONE',  ( -4.076582343749995729, -53.98437500170698655, -2.388287766204294237E-14 ) ) ;
#753 = CARTESIAN_POINT ( 'NONE',  ( 1.408326112068522651, -58.04687500341398732, 3.399999999999972378 ) ) ;
#754 = CARTESIAN_POINT ( 'NONE',  ( -1.688575694911949698, -60.00000000170699366, 4.076582343749971749 ) ) ;
#755 =( BOUNDED_CURVE ( )  B_SPLINE_CURVE ( 2, ( #3346, #5834, #3931, #2952, #1888, #6403, #2892, #372, #6300 ),
 .UNSPECIFIED., .F., .F. ) 
 B_SPLINE_CURVE_WITH_KNOTS ( ( 3, 2, 2, 2, 3 ),
 ( 0.09374999999999984734, 0.09895833333333317605, 0.1041666666666665325, 0.1093749999999998612, 0.1145833333333332038 ),
 .UNSPECIFIED. ) 
 CURVE ( )  GEOMETRIC_REPRESENTATION_ITEM ( )  RATIONAL_B_SPLINE_CURVE ( ( 1.000000000000002220, 0.9238795325112845180, 1.000000000000000000, 0.9238795325112867385, 1.000000000000000000, 0.9238795325112867385, 1.000000000000000000, 0.9238795325112885148, 0.9999999999999982236 ) ) 
 REPRESENTATION_ITEM ( '' )  );
#756 = CARTESIAN_POINT ( 'NONE',  ( -7.488560278101070689E-16, -74.92187500170699366, 4.076582343749972637 ) ) ;
#757 = CARTESIAN_POINT ( 'NONE',  ( 3.399999999999995026, -61.64062500341398732, 1.408326112068500446 ) ) ;
#758 = CARTESIAN_POINT ( 'NONE',  ( -2.404163056034259061, -71.71875000000000000, 2.404163056034235080 ) ) ;
#759 =( BOUNDED_CURVE ( )  B_SPLINE_CURVE ( 2, ( #962, #5404, #926, #2914, #2945, #4015, #3524, #5033, #6080 ),
 .UNSPECIFIED., .F., .T. ) 
 B_SPLINE_CURVE_WITH_KNOTS ( ( 3, 2, 2, 2, 3 ),
 ( 0.4895833333333335369, 0.4947916666666667962, 0.5000000000000000000, 0.5052083333333332593, 0.5104166666666664076 ),
 .UNSPECIFIED. ) 
 CURVE ( )  GEOMETRIC_REPRESENTATION_ITEM ( )  RATIONAL_B_SPLINE_CURVE ( ( 0.9999999999999967804, 0.9238795325112899581, 1.000000000000000000, 0.9238795325112867385, 1.000000000000000000, 0.9238795325112867385, 1.000000000000000000, 0.9238795325112899581, 0.9999999999999967804 ) ) 
 REPRESENTATION_ITEM ( '' )  );
#760 = CARTESIAN_POINT ( 'NONE',  ( 1.408326112068522651, -73.04687500341401574, 3.399999999999972378 ) ) ;
#761 = CARTESIAN_POINT ( 'NONE',  ( 1.688575694911947922, -72.34375000170699366, 4.076582343749971749 ) ) ;
#762 = CARTESIAN_POINT ( 'NONE',  ( -2.404163056034258172, -70.78125000000000000, -2.404163056034282153 ) ) ;
#763 = CARTESIAN_POINT ( 'NONE',  ( 3.399999999999995470, -57.42187500000000000, -1.408326112068545521 ) ) ;
#764 = CARTESIAN_POINT ( 'NONE',  ( 2.404163056034258616, -72.34375000000000000, -2.404163056034282153 ) ) ;
#765 = LINE ( 'NONE', #5661, #237 ) ;
#766 = VERTEX_POINT ( 'NONE', #1981 ) ;
#767 = PERSON_AND_ORGANIZATION_ROLE ( 'classification_officer' ) ;
#768 = CARTESIAN_POINT ( 'NONE',  ( 2.081899558550498061E-16, -50.93750000000000000, -3.400000000000019451 ) ) ;
#769 = VERTEX_POINT ( 'NONE', #2010 ) ;
#770 = CARTESIAN_POINT ( 'NONE',  ( -3.399999999999996358, -59.29687500000000000, 1.408326112068497560 ) ) ;
#771 = AXIS2_PLACEMENT_3D ( 'NONE', #6016, #1481, #3553 ) ;
#772 = CARTESIAN_POINT ( 'NONE',  ( -4.076582343749995729, -51.32812500170700076, -2.388287766204294237E-14 ) ) ;
#773 = CARTESIAN_POINT ( 'NONE',  ( 1.408326112068499336, -52.26562499999999289, -3.400000000000042100 ) ) ;
#774 = CARTESIAN_POINT ( 'NONE',  ( 2.496186759367024056E-16, -62.89062500170700076, -4.076582343750019710 ) ) ;
#775 = AXIS2_PLACEMENT_3D ( 'NONE', #2335, #4316, #1359 ) ;
#776 = CARTESIAN_POINT ( 'NONE',  ( -2.404163056034258172, -61.09375000341398021, -2.404163056034282153 ) ) ;
#777 = CARTESIAN_POINT ( 'NONE',  ( -1.688575694911950142, -53.75000000170699366, 4.076582343749971749 ) ) ;
#778 = CARTESIAN_POINT ( 'NONE',  ( 3.399999999999995470, -72.42187499999998579, -1.408326112068545521 ) ) ;
#779 = CARTESIAN_POINT ( 'NONE',  ( -1.688575694911949698, -64.84375000170700787, 4.076582343749971749 ) ) ;
#780 = CARTESIAN_POINT ( 'NONE',  ( 3.399999999999995470, -74.92187499999998579, -1.408326112068545521 ) ) ;
#781 =( BOUNDED_CURVE ( )  B_SPLINE_CURVE ( 2, ( #1882, #1392, #1778, #330, #4250, #5485, #1288, #1018, #862 ),
 .UNSPECIFIED., .F., .T. ) 
 B_SPLINE_CURVE_WITH_KNOTS ( ( 3, 2, 2, 2, 3 ),
 ( 0.7604166666666666297, 0.7656250000000000000, 0.7708333333333333703, 0.7760416666666666297, 0.7812500000000000000 ),
 .UNSPECIFIED. ) 
 CURVE ( )  GEOMETRIC_REPRESENTATION_ITEM ( )  RATIONAL_B_SPLINE_CURVE ( ( 1.000000000000000000, 0.9238795325112867385, 1.000000000000000000, 0.9238795325112867385, 1.000000000000000000, 0.9238795325112867385, 1.000000000000000000, 0.9238795325112867385, 1.000000000000000000 ) ) 
 REPRESENTATION_ITEM ( '' )  );
#782 = CARTESIAN_POINT ( 'NONE',  ( 2.081899558550498061E-16, -75.00000000341398732, -3.400000000000019451 ) ) ;
#783 = CARTESIAN_POINT ( 'NONE',  ( 4.076582343749994841, -59.68750000170698655, 1.688575694911926828 ) ) ;
#784 = CARTESIAN_POINT ( 'NONE',  ( 3.399999999999995914, -75.31250000341398732, -2.338364031016953865E-14 ) ) ;
#785 = CARTESIAN_POINT ( 'NONE',  ( 4.076582343749995729, -75.78125000170700787, -1.688575694911970571 ) ) ;
#786 = CARTESIAN_POINT ( 'NONE',  ( 0.000000000000000000, -80.00000000000000000, -3.400000000000019451 ) ) ;
#787 = CARTESIAN_POINT ( 'NONE',  ( 2.882579019330971715, -50.70312500170699366, -2.882579019330995251 ) ) ;
#788 = CARTESIAN_POINT ( 'NONE',  ( -2.404163056034259061, -54.53125000341398021, 2.404163056034235080 ) ) ;
#789 = CARTESIAN_POINT ( 'NONE',  ( 2.882579019330971715, -56.95312500170698655, -2.882579019330995251 ) ) ;
#790 = CARTESIAN_POINT ( 'NONE',  ( -4.076582343749995729, -76.56250000170699366, -1.688575694911971015 ) ) ;
#791 = LINE ( 'NONE', #3755, #5780 ) ;
#792 = CARTESIAN_POINT ( 'NONE',  ( 0.000000000000000000, -80.00000000000000000, -2.338364031016953865E-14 ) ) ;
#793 =( BOUNDED_CURVE ( )  B_SPLINE_CURVE ( 2, ( #566, #2562, #4775, #2755, #728, #1260, #764, #4744, #4680 ),
 .UNSPECIFIED., .F., .T. ) 
 B_SPLINE_CURVE_WITH_KNOTS ( ( 3, 2, 2, 2, 3 ),
 ( 0.2395833333333332871, 0.2447916666666666019, 0.2499999999999999445, 0.2552083333333332593, 0.2604166666666666297 ),
 .UNSPECIFIED. ) 
 CURVE ( )  GEOMETRIC_REPRESENTATION_ITEM ( )  RATIONAL_B_SPLINE_CURVE ( ( 1.000000000000000888, 0.9238795325112859613, 1.000000000000000000, 0.9238795325112867385, 1.000000000000000000, 0.9238795325112867385, 1.000000000000000000, 0.9238795325112875156, 0.9999999999999992228 ) ) 
 REPRESENTATION_ITEM ( '' )  );
#794 = CARTESIAN_POINT ( 'NONE',  ( -3.399999999999995914, -70.93750000341397310, -2.380002022187964067E-14 ) ) ;
#795 = CARTESIAN_POINT ( 'NONE',  ( -7.488560278101070689E-16, -73.67187500170699366, 4.076582343749972637 ) ) ;
#796 = CARTESIAN_POINT ( 'NONE',  ( -6.245698675651493936E-16, -77.81250000000000000, 3.399999999999972378 ) ) ;
#797 = CARTESIAN_POINT ( 'NONE',  ( -1.408326112068521319, -55.85937500000000000, -3.400000000000019007 ) ) ;
#798 = CARTESIAN_POINT ( 'NONE',  ( -1.408326112068500668, -50.70312500341399442, 3.399999999999994582 ) ) ;
#799 = ORIENTED_EDGE ( 'NONE', *, *, #3200, .T. ) ;
#800 = APPLICATION_PROTOCOL_DEFINITION ( 'international standard', 'config_control_design', 1994, #5732 ) ;
#801 = CARTESIAN_POINT ( 'NONE',  ( -3.399999999999996358, -50.54687500000001421, 1.408326112068497560 ) ) ;
#802 = EDGE_LOOP ( 'NONE', ( #4780, #5117, #1238, #3217 ) ) ;
#803 = CARTESIAN_POINT ( 'NONE',  ( -3.399999999999995914, -60.62500000000000000, -2.380002022187964067E-14 ) ) ;
#804 = CARTESIAN_POINT ( 'NONE',  ( -1.408326112068540414, -73.20312500341398732, 3.399999999999954170 ) ) ;
#805 = CARTESIAN_POINT ( 'NONE',  ( 2.404163056034257728, -56.71875000341398732, 2.404163056034235968 ) ) ;
#806 = CARTESIAN_POINT ( 'NONE',  ( 1.688575694911947256, -66.71875000170699366, -4.076582343750019710 ) ) ;
#807 = CARTESIAN_POINT ( 'NONE',  ( -1.688575694911946590, -75.31250000170699366, -4.076582343750018822 ) ) ;
#808 = ORIENTED_EDGE ( 'NONE', *, *, #6430, .T. ) ;
#809 = CARTESIAN_POINT ( 'NONE',  ( 1.408326112068522651, -58.04687500341398732, 3.399999999999972378 ) ) ;
#810 = CARTESIAN_POINT ( 'NONE',  ( -1.688575694911950142, -52.50000000170697945, 4.076582343749971749 ) ) ;
#811 = CARTESIAN_POINT ( 'NONE',  ( -3.399999999999996358, -73.04687500000000000, 1.408326112068497560 ) ) ;
#812 = CARTESIAN_POINT ( 'NONE',  ( 4.076582343749994841, -68.28125000170699366, 1.688575694911926828 ) ) ;
#813 = CARTESIAN_POINT ( 'NONE',  ( -2.404163056034258172, -67.03125000000000000, -2.404163056034282153 ) ) ;
#814 = CARTESIAN_POINT ( 'NONE',  ( 4.076582343749995729, -79.37500000170699366, -1.688575694911970571 ) ) ;
#815 = CARTESIAN_POINT ( 'NONE',  ( 2.882579019330971715, -55.70312500170698655, -2.882579019330995251 ) ) ;
#816 = CARTESIAN_POINT ( 'NONE',  ( -1.408326112068521319, -76.17187500341400153, -3.400000000000019007 ) ) ;
#817 = CARTESIAN_POINT ( 'NONE',  ( -4.076582343749995729, -67.73437500170699366, -2.388287766204294237E-14 ) ) ;
#818 = CARTESIAN_POINT ( 'NONE',  ( 3.399999999999995914, -73.75000000000000000, -2.338364031016953865E-14 ) ) ;
#819 = CARTESIAN_POINT ( 'NONE',  ( -4.076582343749996618, -51.40625000170699366, 1.688575694911923053 ) ) ;
#820 = CARTESIAN_POINT ( 'NONE',  ( -1.408326112068523317, -53.20312500341398732, 3.399999999999972378 ) ) ;
#821 = CARTESIAN_POINT ( 'NONE',  ( -4.076582343749995729, -52.81250000170699366, -1.688575694911971015 ) ) ;
#822 = CARTESIAN_POINT ( 'NONE',  ( 4.076582343749994841, -70.93750000170699366, 1.688575694911926828 ) ) ;
#823 = CARTESIAN_POINT ( 'NONE',  ( -2.404163056034258172, -78.59375000341398732, -2.404163056034282153 ) ) ;
#824 = CARTESIAN_POINT ( 'NONE',  ( 1.408326112068533531, -72.57812500341400153, -3.400000000000007905 ) ) ;
#825 = CARTESIAN_POINT ( 'NONE',  ( 2.404163056034258616, -70.15625000341398732, -2.404163056034282153 ) ) ;
#826 = CARTESIAN_POINT ( 'NONE',  ( -7.488560278101070689E-16, -69.92187500170699366, 4.076582343749972637 ) ) ;
#827 = CARTESIAN_POINT ( 'NONE',  ( 3.399999999999995026, -61.32812500000000000, 1.408326112068500446 ) ) ;
#828 = CARTESIAN_POINT ( 'NONE',  ( -2.404163056034258172, -57.03125000000000711, -2.404163056034282153 ) ) ;
#829 = CARTESIAN_POINT ( 'NONE',  ( -6.245698675651493936E-16, -51.87500000341398021, 3.399999999999972378 ) ) ;
#830 = CARTESIAN_POINT ( 'NONE',  ( -3.399999999999996803, -60.85937500341399442, 1.408326112068497560 ) ) ;
#831 = VERTEX_POINT ( 'NONE', #594 ) ;
#832 = DATE_TIME_ROLE ( 'creation_date' ) ;
#833 = CARTESIAN_POINT ( 'NONE',  ( 2.081899558550498061E-16, -64.68750000000001421, -3.400000000000019451 ) ) ;
#834 = VERTEX_POINT ( 'NONE', #2039 ) ;
#835 = CARTESIAN_POINT ( 'NONE',  ( 2.404163056034258616, -51.09375000000000000, -2.404163056034282153 ) ) ;
#836 = EDGE_CURVE ( 'NONE', #1655, #5443, #1932, .T. ) ;
#837 = CARTESIAN_POINT ( 'NONE',  ( -2.404163056034258172, -59.84375000341398732, -2.404163056034282153 ) ) ;
#838 = CARTESIAN_POINT ( 'NONE',  ( 1.408326112068521985, -56.32812500341398732, -3.400000000000019451 ) ) ;
#839 = CARTESIAN_POINT ( 'NONE',  ( -1.688575694911946590, -59.06250000170700076, -4.076582343750019710 ) ) ;
#840 = CARTESIAN_POINT ( 'NONE',  ( 1.688575694911947256, -66.71875000170699366, -4.076582343750018822 ) ) ;
#841 = VERTEX_POINT ( 'NONE', #5994 ) ;
#842 = CARTESIAN_POINT ( 'NONE',  ( 3.399999999999995914, -57.81250000341398021, -2.338364031016953865E-14 ) ) ;
#843 = CARTESIAN_POINT ( 'NONE',  ( -4.076582343749995729, -52.73437500170699366, -2.388287766204294237E-14 ) ) ;
#844 = CARTESIAN_POINT ( 'NONE',  ( 3.399999999999995914, -72.50000000000001421, -2.338364031016953865E-14 ) ) ;
#845 = CARTESIAN_POINT ( 'NONE',  ( -1.688575694911949698, -62.34375000170700076, 4.076582343749971749 ) ) ;
#846 = CARTESIAN_POINT ( 'NONE',  ( 2.404163056034258616, -67.34375000000001421, -2.404163056034282153 ) ) ;
#847 = CARTESIAN_POINT ( 'NONE',  ( -2.882579019330972159, -74.92187500170699366, 2.882579019330947734 ) ) ;
#848 = CARTESIAN_POINT ( 'NONE',  ( -2.882579019330970826, -55.39062500170699366, -2.882579019330995251 ) ) ;
#849 = CARTESIAN_POINT ( 'NONE',  ( 1.408326112068521985, -72.57812500341397310, -3.400000000000019007 ) ) ;
#850 = CARTESIAN_POINT ( 'NONE',  ( 1.688575694911947922, -67.34375000170699366, 4.076582343749971749 ) ) ;
#851 = CARTESIAN_POINT ( 'NONE',  ( 2.081899558550498061E-16, -58.43750000000000000, -3.400000000000019451 ) ) ;
#852 = CARTESIAN_POINT ( 'NONE',  ( -4.076582343749996618, -75.00000000170702208, 1.688575694911923053 ) ) ;
#853 = CARTESIAN_POINT ( 'NONE',  ( -3.399999999999995914, -49.68750000341398732, -2.380002022187964067E-14 ) ) ;
#854 = CARTESIAN_POINT ( 'NONE',  ( -1.688575694911946590, -51.71875000170698655, -4.076582343750018822 ) ) ;
#855 = CARTESIAN_POINT ( 'NONE',  ( 2.882579019330970382, -69.76562500170699366, 2.882579019330949066 ) ) ;
#856 = ORIENTED_EDGE ( 'NONE', *, *, #4899, .F. ) ;
#857 = CARTESIAN_POINT ( 'NONE',  ( -6.245698675651493936E-16, -69.37500000341398732, 3.399999999999972378 ) ) ;
#858 = VECTOR ( 'NONE', #1820, 1000.000000000000227 ) ;
#859 = CARTESIAN_POINT ( 'NONE',  ( 2.081899558550498061E-16, -72.50000000341398732, -3.400000000000019451 ) ) ;
#860 = CARTESIAN_POINT ( 'NONE',  ( -6.245698675651493936E-16, -68.12500000341398732, 3.399999999999972378 ) ) ;
#861 = CARTESIAN_POINT ( 'NONE',  ( 2.882579019330970382, -67.26562500170699366, 2.882579019330949066 ) ) ;
#862 = CARTESIAN_POINT ( 'NONE',  ( -6.245698675651493936E-16, -55.62500000341398732, 3.399999999999972378 ) ) ;
#863 = CARTESIAN_POINT ( 'NONE',  ( 2.404163056034258616, -54.84375000000000000, -2.404163056034282153 ) ) ;
#864 = CYLINDRICAL_SURFACE ( 'NONE', #2238, 3.399999999999995914 ) ;
#865 = CARTESIAN_POINT ( 'NONE',  ( -3.399999999999996803, -50.85937500341398732, 1.408326112068497560 ) ) ;
#866 = ORIENTED_EDGE ( 'NONE', *, *, #4336, .T. ) ;
#867 = EDGE_CURVE ( 'NONE', #1036, #2048, #5497, .T. ) ;
#868 = DATE_AND_TIME ( #2758, #568 ) ;
#869 = DIRECTION ( 'NONE',  ( -0.000000000000000000, -1.000000000000000000, -0.000000000000000000 ) ) ;
#870 = ADVANCED_FACE ( 'NONE', ( #6056 ), #431, .F. ) ;
#871 = FACE_OUTER_BOUND ( 'NONE', #442, .T. ) ;
#872 = CARTESIAN_POINT ( 'NONE',  ( -3.399999999999995470, -51.95312500000000711, -1.408326112068545521 ) ) ;
#873 = CARTESIAN_POINT ( 'NONE',  ( -2.404163056034258172, -69.84375000341398732, -2.404163056034282153 ) ) ;
#874 = CARTESIAN_POINT ( 'NONE',  ( 1.408326112068499780, -75.23437500000001421, 3.399999999999995470 ) ) ;
#875 = CARTESIAN_POINT ( 'NONE',  ( -4.076582343749996618, -58.75000000170700076, 1.688575694911923053 ) ) ;
#876 = CARTESIAN_POINT ( 'NONE',  ( 4.076582343749994841, -67.03125000170700787, 1.688575694911926828 ) ) ;
#877 = EDGE_LOOP ( 'NONE', ( #2568, #672, #2928, #5402, #76, #4934, #4888, #3186, #4686, #3290, #1403, #4343, #6231, #3508, #4950, #5081, #2698, #2685, #1302, #1689, #5473, #2396, #103, #5080, #1973, #104, #4746, #5318, #2694, #3122, #6341, #5939, #6163, #6129, #370, #5148, #856, #1326, #3669, #4164, #4785, #1219, #4520, #4160, #4682, #6307, #4354, #3599, #2143, #5633, #2372, #6031, #168 ) ) ;
#878 = CARTESIAN_POINT ( 'NONE',  ( -6.245698675651493936E-16, -58.12500000341398732, 3.399999999999972378 ) ) ;
#879 = AXIS2_PLACEMENT_3D ( 'NONE', #5010, #4511, #38 ) ;
#880 = CARTESIAN_POINT ( 'NONE',  ( -2.882579019330972159, -53.82812500170698655, 2.882579019330947734 ) ) ;
#881 = CARTESIAN_POINT ( 'NONE',  ( -3.399999999999995470, -69.45312500000000000, -1.408326112068545521 ) ) ;
#882 = CARTESIAN_POINT ( 'NONE',  ( 1.688575694911947256, -61.71875000170700076, -4.076582343750018822 ) ) ;
#883 = CARTESIAN_POINT ( 'NONE',  ( 2.404163056034257728, -68.90625000000000000, 2.404163056034235968 ) ) ;
#884 = CARTESIAN_POINT ( 'NONE',  ( 2.882579019330971715, -76.79687500170699366, -2.882579019330995251 ) ) ;
#885 = CARTESIAN_POINT ( 'NONE',  ( -4.076582343749996618, -56.40625000170698655, 1.688575694911923053 ) ) ;
#886 = AXIS2_PLACEMENT_3D ( 'NONE', #3934, #1553, #1032 ) ;
#887 = CARTESIAN_POINT ( 'NONE',  ( -3.399999999999995470, -72.26562500341400153, -1.408326112068545521 ) ) ;
#888 = CARTESIAN_POINT ( 'NONE',  ( 2.882579019330970382, -67.26562500170699366, 2.882579019330949066 ) ) ;
#889 = CARTESIAN_POINT ( 'NONE',  ( -3.408133602804122919, -79.38313360280410791, -0.2312726655252588248 ) ) ;
#890 = CARTESIAN_POINT ( 'NONE',  ( 4.076582343749995729, -76.95312500170699366, -2.338364031016953865E-14 ) ) ;
#891 = CARTESIAN_POINT ( 'NONE',  ( -3.399999999999995470, -52.26562500341398732, -1.408326112068545521 ) ) ;
#892 = CARTESIAN_POINT ( 'NONE',  ( -4.076582343749995729, -53.98437500170698655, -2.388287766204294237E-14 ) ) ;
#893 = EDGE_CURVE ( 'NONE', #3344, #1229, #1490, .T. ) ;
#894 = CARTESIAN_POINT ( 'NONE',  ( 2.882579019330971715, -71.95312500170699366, -2.882579019330995251 ) ) ;
#895 = VERTEX_POINT ( 'NONE', #2558 ) ;
#896 = CARTESIAN_POINT ( 'NONE',  ( -3.399999999999996803, -78.35937500341398732, 1.408326112068497560 ) ) ;
#897 = CARTESIAN_POINT ( 'NONE',  ( 3.399999999999995914, -72.73437500341398732, -1.408326112068545521 ) ) ;
#898 = AXIS2_PLACEMENT_3D ( 'NONE', #6155, #2687, #1680 ) ;
#899 = CARTESIAN_POINT ( 'NONE',  ( 2.496186759367024056E-16, -61.64062500170699366, -4.076582343750019710 ) ) ;
#900 = CARTESIAN_POINT ( 'NONE',  ( -2.404163056034258172, -68.59375000341398732, -2.404163056034282153 ) ) ;
#901 = CARTESIAN_POINT ( 'NONE',  ( 4.076582343749995729, -69.53125000170697945, -1.688575694911970571 ) ) ;
#902 = CARTESIAN_POINT ( 'NONE',  ( 1.408326112068553515, -77.26562499999998579, -3.399999999999987477 ) ) ;
#903 = DIRECTION ( 'NONE',  ( -0.000000000000000000, -1.000000000000000000, -0.000000000000000000 ) ) ;
#904 = CARTESIAN_POINT ( 'NONE',  ( -2.404163056034258172, -68.59375000341398732, -2.404163056034282153 ) ) ;
#905 = EDGE_LOOP ( 'NONE', ( #1070, #3665, #1559, #4459 ) ) ;
#906 = CARTESIAN_POINT ( 'NONE',  ( -2.404163056034258172, -54.53125000000000000, -2.404163056034282153 ) ) ;
#907 = CARTESIAN_POINT ( 'NONE',  ( 2.404163056034257728, -70.46875000341398732, 2.404163056034235968 ) ) ;
#908 = CARTESIAN_POINT ( 'NONE',  ( -2.404163056034258172, -63.28125000000000000, -2.404163056034282153 ) ) ;
#909 = CARTESIAN_POINT ( 'NONE',  ( 1.688575694911947922, -62.18750000170699366, 4.076582343749971749 ) ) ;
#910 = CARTESIAN_POINT ( 'NONE',  ( 4.076582343749995729, -68.12500000170702208, -1.688575694911970571 ) ) ;
#911 = EDGE_LOOP ( 'NONE', ( #1623, #5278, #4378, #1434 ) ) ;
#912 = CARTESIAN_POINT ( 'NONE',  ( -2.882579019330970826, -56.64062500170699366, -2.882579019330995251 ) ) ;
#913 = CARTESIAN_POINT ( 'NONE',  ( -2.404163056034258172, -68.28125000000000000, -2.404163056034282153 ) ) ;
#914 = CARTESIAN_POINT ( 'NONE',  ( -1.688575694911946590, -62.81250000170699366, -4.076582343750018822 ) ) ;
#915 = CARTESIAN_POINT ( 'NONE',  ( 3.399999999999995470, -69.92187499999998579, -1.408326112068545521 ) ) ;
#916 = CARTESIAN_POINT ( 'NONE',  ( 1.688575694911947256, -74.21875000170702208, -4.076582343750019710 ) ) ;
#917 = CARTESIAN_POINT ( 'NONE',  ( -6.245698675651493936E-16, -73.12500000341398732, 3.399999999999972378 ) ) ;
#918 = CARTESIAN_POINT ( 'NONE',  ( 4.076582343749995729, -70.85937500170699366, -2.338364031016953865E-14 ) ) ;
#919 = CARTESIAN_POINT ( 'NONE',  ( 0.000000000000000000, -80.00000000000000000, -2.338364031016953865E-14 ) ) ;
#920 = CARTESIAN_POINT ( 'NONE',  ( -1.688575694911949698, -76.09375000170697945, 4.076582343749971749 ) ) ;
#921 = CARTESIAN_POINT ( 'NONE',  ( -3.399999999999995914, -50.93750000341398732, -2.380002022187964067E-14 ) ) ;
#922 = CARTESIAN_POINT ( 'NONE',  ( -4.076582343749995729, -55.31250000170699366, -1.688575694911971015 ) ) ;
#923 = CARTESIAN_POINT ( 'NONE',  ( -1.688575694911949698, -67.50000000170699366, 4.076582343749971749 ) ) ;
#924 = EDGE_LOOP ( 'NONE', ( #5429, #3216, #669, #1385 ) ) ;
#925 = CARTESIAN_POINT ( 'NONE',  ( 3.399999999999995026, -59.14062500341398732, 1.408326112068500446 ) ) ;
#926 = CARTESIAN_POINT ( 'NONE',  ( 2.404163056034257728, -64.21875000341398732, 2.404163056034235968 ) ) ;
#927 = CARTESIAN_POINT ( 'NONE',  ( -4.076582343749996618, -61.25000000170700076, 1.688575694911923053 ) ) ;
#928 = CARTESIAN_POINT ( 'NONE',  ( -1.408326112068523317, -68.20312500341397310, 3.399999999999972378 ) ) ;
#929 = CARTESIAN_POINT ( 'NONE',  ( -1.688575694911949698, -66.25000000170700787, 4.076582343749971749 ) ) ;
#930 = CARTESIAN_POINT ( 'NONE',  ( 0.000000000000000000, -80.00000000000000000, -2.338364031016953865E-14 ) ) ;
#931 = CARTESIAN_POINT ( 'NONE',  ( -6.245698675651493936E-16, -60.62500000341398732, 3.399999999999972378 ) ) ;
#932 = CARTESIAN_POINT ( 'NONE',  ( 0.000000000000000000, -80.00000000000000000, -2.338364031016953865E-14 ) ) ;
#933 = ORIENTED_EDGE ( 'NONE', *, *, #5293, .T. ) ;
#934 = CARTESIAN_POINT ( 'NONE',  ( 3.399999999999995026, -55.07812500000000711, 1.408326112068500224 ) ) ;
#935 = CARTESIAN_POINT ( 'NONE',  ( -1.408326112068532865, -69.92187500341398732, -3.400000000000007905 ) ) ;
#936 = CARTESIAN_POINT ( 'NONE',  ( -1.408326112068452707, -63.35937500000000711, -3.400000000000088285 ) ) ;
#937 = CARTESIAN_POINT ( 'NONE',  ( 2.882579019330971715, -59.29687500170699366, -2.882579019330995251 ) ) ;
#938 = CARTESIAN_POINT ( 'NONE',  ( 2.496186759367024056E-16, -67.89062500170699366, -4.076582343750019710 ) ) ;
#939 = EDGE_LOOP ( 'NONE', ( #4096, #2632, #5053, #3027 ) ) ;
#940 = ADVANCED_FACE ( 'NONE', ( #3501 ), #3561, .F. ) ;
#941 = ORIENTED_EDGE ( 'NONE', *, *, #5221, .T. ) ;
#942 = EDGE_CURVE ( 'NONE', #4652, #570, #1059, .T. ) ;
#943 = CARTESIAN_POINT ( 'NONE',  ( -6.245698675651493936E-16, -62.81249999999999289, 3.399999999999972378 ) ) ;
#944 = CARTESIAN_POINT ( 'NONE',  ( -1.408326112068521319, -70.85937500000000000, -3.400000000000019007 ) ) ;
#945 = CARTESIAN_POINT ( 'NONE',  ( 4.076582343749995729, -60.70312500170699366, -2.338364031016953865E-14 ) ) ;
#946 = EDGE_CURVE ( 'NONE', #5952, #3699, #3048, .T. ) ;
#947 = CARTESIAN_POINT ( 'NONE',  ( -1.408326112068523317, -69.14062499999998579, 3.399999999999972378 ) ) ;
#948 = CARTESIAN_POINT ( 'NONE',  ( 1.688575694911947922, -74.68750000170699366, 4.076582343749971749 ) ) ;
#949 = CARTESIAN_POINT ( 'NONE',  ( 3.399999999999995026, -69.14062500341398732, 1.408326112068500224 ) ) ;
#950 = CARTESIAN_POINT ( 'NONE',  ( 1.688575694911947922, -68.59375000170699366, 4.076582343749971749 ) ) ;
#951 = EDGE_CURVE ( 'NONE', #6357, #3150, #3469, .T. ) ;
#952 = CARTESIAN_POINT ( 'NONE',  ( -6.245698675651493936E-16, -60.62500000341398732, 3.399999999999972378 ) ) ;
#953 = CARTESIAN_POINT ( 'NONE',  ( -4.076582343749995729, -75.15625000170697945, -1.688575694911971015 ) ) ;
#954 = ADVANCED_FACE ( 'NONE', ( #4054 ), #1582, .F. ) ;
#955 = CARTESIAN_POINT ( 'NONE',  ( -6.245698675651493936E-16, -50.62500000341398021, 3.399999999999972378 ) ) ;
#956 = CARTESIAN_POINT ( 'NONE',  ( 1.408326112068522651, -69.29687500341398732, 3.399999999999971934 ) ) ;
#957 = CARTESIAN_POINT ( 'NONE',  ( -1.688575694911949698, -68.75000000170697945, 4.076582343749971749 ) ) ;
#958 = ORIENTED_EDGE ( 'NONE', *, *, #1148, .T. ) ;
#959 = ADVANCED_FACE ( 'NONE', ( #1802 ), #5298, .F. ) ;
#960 = CARTESIAN_POINT ( 'NONE',  ( 2.882579019330971715, -78.04687500170699366, -2.882579019330995251 ) ) ;
#961 =( BOUNDED_CURVE ( )  B_SPLINE_CURVE ( 2, ( #2677, #4696, #6241, #3714, #6313, #3297, #5161, #2319, #2221 ),
 .UNSPECIFIED., .F., .T. ) 
 B_SPLINE_CURVE_WITH_KNOTS ( ( 3, 2, 2, 2, 3 ),
 ( 0.8437500000000000000, 0.8489583333333333703, 0.8541666666666665186, 0.8593749999999998890, 0.8645833333333332593 ),
 .UNSPECIFIED. ) 
 CURVE ( )  GEOMETRIC_REPRESENTATION_ITEM ( )  RATIONAL_B_SPLINE_CURVE ( ( 1.000000000000000000, 0.9238795325112867385, 1.000000000000000000, 0.9238795325112867385, 1.000000000000000000, 0.9238795325112867385, 1.000000000000000000, 0.9238795325112884038, 0.9999999999999983347 ) ) 
 REPRESENTATION_ITEM ( '' )  );
#962 = CARTESIAN_POINT ( 'NONE',  ( -6.245698675651493936E-16, -64.37500000341397310, 3.399999999999972378 ) ) ;
#963 = CARTESIAN_POINT ( 'NONE',  ( -7.488560278101070689E-16, -59.76562500170700076, 4.076582343749972637 ) ) ;
#964 = CARTESIAN_POINT ( 'NONE',  ( 2.081899558550498061E-16, -65.00000000341397310, -3.400000000000019451 ) ) ;
#965 = CARTESIAN_POINT ( 'NONE',  ( -7.488560278101070689E-16, -68.67187500170699366, 4.076582343749972637 ) ) ;
#966 = CARTESIAN_POINT ( 'NONE',  ( 3.399999999999995026, -51.32812500000000711, 1.408326112068500446 ) ) ;
#967 = VECTOR ( 'NONE', #5110, 1000.000000000000000 ) ;
#968 = CARTESIAN_POINT ( 'NONE',  ( -2.404163056034258172, -59.53125000000000000, -2.404163056034282153 ) ) ;
#969 = SHAPE_DEFINITION_REPRESENTATION ( #5019, #1389 ) ;
#970 = CARTESIAN_POINT ( 'NONE',  ( 0.000000000000000000, -80.00000000000000000, -2.338364031016953865E-14 ) ) ;
#971 = DIRECTION ( 'NONE',  ( 0.000000000000000000, 0.000000000000000000, 1.000000000000000000 ) ) ;
#972 = CARTESIAN_POINT ( 'NONE',  ( 2.404163056034257728, -51.40625000000000000, 2.404163056034235968 ) ) ;
#973 = FACE_OUTER_BOUND ( 'NONE', #43, .T. ) ;
#974 = CARTESIAN_POINT ( 'NONE',  ( -6.245698675651493936E-16, -65.62500000341398732, 3.399999999999972378 ) ) ;
#975 =( BOUNDED_CURVE ( )  B_SPLINE_CURVE ( 2, ( #1691, #2729, #1232, #3153, #5150, #2665, #4654, #2178, #3668 ),
 .UNSPECIFIED., .F., .T. ) 
 B_SPLINE_CURVE_WITH_KNOTS ( ( 3, 2, 2, 2, 3 ),
 ( 0.05208333333333314830, 0.05729166666666647700, 0.06249999999999981959, 0.06770833333333314830, 0.07291666666666649088 ),
 .UNSPECIFIED. ) 
 CURVE ( )  GEOMETRIC_REPRESENTATION_ITEM ( )  RATIONAL_B_SPLINE_CURVE ( ( 1.000000000000002665, 0.9238795325112839629, 1.000000000000000000, 0.9238795325112867385, 1.000000000000000000, 0.9238795325112867385, 1.000000000000000000, 0.9238795325112894030, 0.9999999999999973355 ) ) 
 REPRESENTATION_ITEM ( '' )  );
#976 = CARTESIAN_POINT ( 'NONE',  ( -1.688575694911950142, -58.59375000170700076, 4.076582343749971749 ) ) ;
#977 = CARTESIAN_POINT ( 'NONE',  ( -2.882579019330972159, -68.67187500170699366, 2.882579019330947734 ) ) ;
#978 = VERTEX_POINT ( 'NONE', #2843 ) ;
#979 = CARTESIAN_POINT ( 'NONE',  ( 4.076582343749994841, -49.68750000170699366, 1.688575694911926828 ) ) ;
#980 = CARTESIAN_POINT ( 'NONE',  ( -3.399999999999995470, -70.70312500000000000, -1.408326112068545521 ) ) ;
#981 = CARTESIAN_POINT ( 'NONE',  ( 1.688575694911947922, -63.43750000170700787, 4.076582343749971749 ) ) ;
#982 = CARTESIAN_POINT ( 'NONE',  ( 2.404163056034258616, -63.59375000000000711, -2.404163056034282153 ) ) ;
#983 = CARTESIAN_POINT ( 'NONE',  ( -2.882579019330972159, -76.17187500170699366, 2.882579019330947734 ) ) ;
#984 = CARTESIAN_POINT ( 'NONE',  ( 2.404163056034258616, -70.15625000341398732, -2.404163056034282153 ) ) ;
#985 = CARTESIAN_POINT ( 'NONE',  ( -2.882579019330970826, -65.39062500170699366, -2.882579019330995251 ) ) ;
#986 = CARTESIAN_POINT ( 'NONE',  ( 4.076582343749994841, -78.28125000170697945, 1.688575694911926828 ) ) ;
#987 = CARTESIAN_POINT ( 'NONE',  ( 2.404163056034258616, -76.09375000000000000, -2.404163056034282153 ) ) ;
#988 = CARTESIAN_POINT ( 'NONE',  ( 2.404163056034258616, -67.65625000341398732, -2.404163056034282153 ) ) ;
#989 = AXIS2_PLACEMENT_3D ( 'NONE', #4482, #3564, #1095 ) ;
#990 = CARTESIAN_POINT ( 'NONE',  ( -2.404163056034258172, -53.59375000341398732, -2.404163056034282153 ) ) ;
#991 = CARTESIAN_POINT ( 'NONE',  ( -4.076582343749996618, -63.90625000170699366, 1.688575694911923053 ) ) ;
#992 = ORIENTED_EDGE ( 'NONE', *, *, #4527, .F. ) ;
#993 = CARTESIAN_POINT ( 'NONE',  ( 1.688575694911947256, -77.96875000170699366, -4.076582343750018822 ) ) ;
#994 = CARTESIAN_POINT ( 'NONE',  ( 4.076582343749995729, -60.70312500170699366, -2.338364031016953865E-14 ) ) ;
#995 = CARTESIAN_POINT ( 'NONE',  ( -3.399999999999995914, -65.93750000341398732, -2.380002022187964067E-14 ) ) ;
#996 = CARTESIAN_POINT ( 'NONE',  ( 2.496186759367024056E-16, -61.79687500170698655, -4.076582343750019710 ) ) ;
#997 = CARTESIAN_POINT ( 'NONE',  ( -6.245698675651493936E-16, -77.81250000000000000, 3.399999999999972378 ) ) ;
#998 = DIRECTION ( 'NONE',  ( 0.000000000000000000, 0.000000000000000000, -1.000000000000000000 ) ) ;
#999 = CARTESIAN_POINT ( 'NONE',  ( 2.404163056034258616, -57.65625000341398021, -2.404163056034282153 ) ) ;
#1000 = CARTESIAN_POINT ( 'NONE',  ( 4.163799117100996122E-16, -80.00000000000000000, 3.399999999999972378 ) ) ;
#1001 = VERTEX_POINT ( 'NONE', #851 ) ;
#1002 = CARTESIAN_POINT ( 'NONE',  ( -4.076582343749996618, -76.40625000170697945, 1.688575694911923053 ) ) ;
#1003 = CARTESIAN_POINT ( 'NONE',  ( -1.408326112068534863, -71.95312500341400153, 3.399999999999960831 ) ) ;
#1004 = CARTESIAN_POINT ( 'NONE',  ( -6.245698675651493936E-16, -75.31250000000000000, 3.399999999999972378 ) ) ;
#1005 = CARTESIAN_POINT ( 'NONE',  ( -4.076582343749995729, -53.82812500170699366, -2.388287766204294237E-14 ) ) ;
#1006 = CARTESIAN_POINT ( 'NONE',  ( -1.688575694911946590, -62.81250000170699366, -4.076582343750018822 ) ) ;
#1007 = ORIENTED_EDGE ( 'NONE', *, *, #5188, .F. ) ;
#1008 = CARTESIAN_POINT ( 'NONE',  ( -4.076582343749996618, -51.40625000170699366, 1.688575694911923053 ) ) ;
#1009 = CARTESIAN_POINT ( 'NONE',  ( 2.404163056034257728, -67.65625000000000000, 2.404163056034235968 ) ) ;
#1010 = CARTESIAN_POINT ( 'NONE',  ( -4.076582343749996618, -58.75000000170700076, 1.688575694911923053 ) ) ;
#1011 = CARTESIAN_POINT ( 'NONE',  ( 3.399999999999995914, -60.00000000000000000, -2.338364031016953865E-14 ) ) ;
#1012 = CARTESIAN_POINT ( 'NONE',  ( -4.076582343749995729, -71.32812500170699366, -2.388287766204294237E-14 ) ) ;
#1013 = CARTESIAN_POINT ( 'NONE',  ( 3.399999999999995914, -70.31250000341398732, -2.338364031016953865E-14 ) ) ;
#1014 =( BOUNDED_CURVE ( )  B_SPLINE_CURVE ( 2, ( #3985, #3073, #5518, #1482, #3462, #5488, #88, #5585, #6489, #522, #5459, #4603, #2002, #3010, #4996, #4568, #4966, #2583, #492, #1542, #2486, #553, #4535, #5984, #1511, #2516, #4501, #58, #2064, #4046, #6048, #1573, #3554, #5549, #4699, #5746, #4636, #3651, #1214, #1674, #4668, #3617, #5616, #1248, #1178, #3232, #3750, #2680, #2743, #785, #5648, #6115, #1707, #2193, #3684, #3203, #4241, #3169, #154, #1279, #5263, #4146, #5231, #5197, #717, #5165, #2776, #3268, #2713, #221, #4112, #688, #1149, #4730, #1641, #6213, #2160, #4212, #1740, #2127, #2225, #3136, #250, #3717, #5716, #6244, #5134, #751, #1769, #6148, #188, #2256, #4763, #649, #4181, #6180, #5682, #2649, #418, #4403, #1869, #1801, #3881, #6419, #2356, #5916, #3846, #1938, #2936, #5885, #5850, #1411, #918, #318, #1313, #2842, #3914, #6351, #1903, #3396, #5396, #2808, #1835, #1380, #6317, #4829, #4897, #2906, #2287, #1446, #2419, #3424, #5423, #4867, #4338, #2322, #3782, #353, #1344, #285, #2390, #950, #3813, #4794, #4271, #6283, #3363, #4302, #5366, #5782, #3300, #5297, #817, #389, #5815, #3329, #5332, #850, #888, #2876, #4372, #6385, #6481, #4559, #3577, #2510, #5480, #1504, #3035, #5577, #1109, #4039, #2968, #5026, #82, #4928, #6073, #4070, #2087, #5059, #19, #5511, #985, #580, #4526, #1599, #545, #51, #6040, #449, #484, #2451, #1995, #1566, #4493, #5451, #4438, #4957, #3547, #2024, #6450, #3485, #2540, #3065, #5541, #1015, #3003, #2480, #1967, #2575, #3948, #4007, #4989, #515, #1076, #3977, #5946, #5975, #6010, #1535, #1474, #3516, #3451, #4466, #1045, #2056, #5639, #243, #2673, #4692, #212, #1733, #114, #1170, #3160, #2249, #2120, #2217, #4594, #4103, #4204, #6206, #3226, #6237, #1207, #679, #5125, #6106, #5157, #4138, #3098, #5190, #1240, #5707, #3710, #2186, #5224, #2152, #641, #743, #4171, #2736, #4722, #1632, #3194, #4234, #1762, #2609, #610, #3743, #3608, #5739, #6139, #2641, #6172, #4661, #4628, #5090, #711, #5608, #1140, #3128, #146, #1666, #2706, #3641, #180, #1699, #3678, #5675, #1405, #2834, #1373, #1897, #912, #4787, #3874, #3806, #345, #5772, #6344, #278, #309, #5807, #412, #1862, #4397, #2413, #5325, #2900, #3839, #3258, #5253, #6413, #1825, #4860, #4822, #1793, #5843, #3775, #3389, #5878, #1335, #2348, #1304, #3356, #6379, #1930, #3907, #5359, #880, #777, #2314, #2768, #5390, #4756, #2867, #3292, #381, #2383, #1272, #2279, #2801, #4365, #843, #5288, #4264, #810, #4890, #4329, #6275, #4295, #6309, #3322, #2049, #1961, #2474, #1438, #5052, #6443, #5445, #1008, #6474, #3970, #4032, #2961, #4921, #477, #1989, #4982, #1069, #2079, #4519, #3942, #44, #572, #5474, #4487, #6032, #4460, #1467, #3056, #5940, #979, #509 ),
 .UNSPECIFIED., .F., .T. ) 
 B_SPLINE_CURVE_WITH_KNOTS ( ( 3, 2, 2, 2, 2, 2, 2, 2, 2, 2, 2, 2, 2, 2, 2, 2, 2, 2, 2, 2, 2, 2, 2, 2, 2, 2, 2, 2, 2, 2, 2, 2, 2, 2, 2, 2, 2, 2, 2, 2, 2, 2, 2, 2, 2, 2, 2, 2, 2, 2, 2, 2, 2, 2, 2, 2, 2, 2, 2, 2, 2, 2, 2, 2, 2, 2, 2, 2, 2, 2, 2, 2, 2, 2, 2, 2, 2, 2, 2, 2, 2, 2, 2, 2, 2, 2, 2, 2, 2, 2, 2, 2, 2, 2, 2, 2, 2, 2, 2, 2, 2, 2, 2, 2, 2, 2, 2, 2, 2, 2, 2, 2, 2, 2, 2, 2, 2, 2, 2, 2, 2, 2, 2, 2, 2, 2, 2, 2, 2, 2, 2, 2, 2, 2, 2, 2, 2, 2, 2, 2, 2, 2, 2, 2, 2, 2, 2, 2, 2, 2, 2, 2, 2, 2, 2, 2, 2, 2, 2, 2, 2, 2, 2, 2, 2, 2, 2, 2, 2, 2, 2, 2, 2, 2, 2, 2, 2, 2, 2, 2, 2, 2, 2, 2, 2, 2, 2, 2, 2, 2, 2, 2, 3 ),
 ( 0.000000000000000000, 0.005208333333333333044, 0.01041666666666666609, 0.01562500000000000000, 0.02083333333333333218, 0.02604166666666666782, 0.03125000000000000000, 0.03645833333333333565, 0.04166666666666666435, 0.04687500000000000000, 0.05208333333333333565, 0.05729166666666666435, 0.06250000000000000000, 0.06770833333333332871, 0.07291666666666667129, 0.07812500000000000000, 0.08333333333333332871, 0.08854166666666667129, 0.09375000000000000000, 0.09895833333333332871, 0.1041666666666666713, 0.1093750000000000000, 0.1145833333333333287, 0.1197916666666666713, 0.1250000000000000000, 0.1302083333333333426, 0.1354166666666666574, 0.1406250000000000000, 0.1458333333333333426, 0.1510416666666666574, 0.1562500000000000000, 0.1614583333333333426, 0.1666666666666666574, 0.1718750000000000000, 0.1770833333333333426, 0.1822916666666666574, 0.1875000000000000000, 0.1927083333333333426, 0.1979166666666666574, 0.2031250000000000000, 0.2083333333333333426, 0.2135416666666666574, 0.2187500000000000000, 0.2239583333333333426, 0.2291666666666666574, 0.2343750000000000000, 0.2395833333333333426, 0.2447916666666666574, 0.2500000000000000000, 0.2552083333333333148, 0.2604166666666666852, 0.2656250000000000000, 0.2708333333333333148, 0.2760416666666666852, 0.2812500000000000000, 0.2864583333333333148, 0.2916666666666666852, 0.2968750000000000000, 0.3020833333333333148, 0.3072916666666666852, 0.3125000000000000000, 0.3177083333333333148, 0.3229166666666666852, 0.3281250000000000000, 0.3333333333333333148, 0.3385416666666666852, 0.3437500000000000000, 0.3489583333333333148, 0.3541666666666666852, 0.3593750000000000000, 0.3645833333333333148, 0.3697916666666666852, 0.3750000000000000000, 0.3802083333333333148, 0.3854166666666666852, 0.3906250000000000000, 0.3958333333333333148, 0.4010416666666666852, 0.4062500000000000000, 0.4114583333333333148, 0.4166666666666666852, 0.4218750000000000000, 0.4270833333333333148, 0.4322916666666666852, 0.4375000000000000000, 0.4427083333333333148, 0.4479166666666666852, 0.4531250000000000000, 0.4583333333333333148, 0.4635416666666666852, 0.4687500000000000000, 0.4739583333333333148, 0.4791666666666666852, 0.4843750000000000000, 0.4895833333333333148, 0.4947916666666666852, 0.5000000000000000000, 0.5052083333333333703, 0.5104166666666666297, 0.5156250000000000000, 0.5208333333333333703, 0.5260416666666666297, 0.5312500000000000000, 0.5364583333333333703, 0.5416666666666666297, 0.5468750000000000000, 0.5520833333333333703, 0.5572916666666666297, 0.5625000000000000000, 0.5677083333333333703, 0.5729166666666666297, 0.5781250000000000000, 0.5833333333333333703, 0.5885416666666666297, 0.5937500000000000000, 0.5989583333333333703, 0.6041666666666666297, 0.6093750000000000000, 0.6145833333333333703, 0.6197916666666666297, 0.6250000000000000000, 0.6302083333333333703, 0.6354166666666666297, 0.6406250000000000000, 0.6458333333333333703, 0.6510416666666666297, 0.6562500000000000000, 0.6614583333333333703, 0.6666666666666666297, 0.6718750000000000000, 0.6770833333333333703, 0.6822916666666666297, 0.6875000000000000000, 0.6927083333333333703, 0.6979166666666666297, 0.7031250000000000000, 0.7083333333333333703, 0.7135416666666666297, 0.7187500000000000000, 0.7239583333333333703, 0.7291666666666666297, 0.7343750000000000000, 0.7395833333333333703, 0.7447916666666666297, 0.7500000000000000000, 0.7552083333333333703, 0.7604166666666666297, 0.7656250000000000000, 0.7708333333333333703, 0.7760416666666666297, 0.7812500000000000000, 0.7864583333333333703, 0.7916666666666666297, 0.7968750000000000000, 0.8020833333333333703, 0.8072916666666666297, 0.8125000000000000000, 0.8177083333333333703, 0.8229166666666666297, 0.8281250000000000000, 0.8333333333333333703, 0.8385416666666666297, 0.8437500000000000000, 0.8489583333333333703, 0.8541666666666666297, 0.8593750000000000000, 0.8645833333333333703, 0.8697916666666666297, 0.8750000000000000000, 0.8802083333333333703, 0.8854166666666666297, 0.8906250000000000000, 0.8958333333333333703, 0.9010416666666666297, 0.9062500000000000000, 0.9114583333333333703, 0.9166666666666666297, 0.9218750000000000000, 0.9270833333333333703, 0.9322916666666666297, 0.9375000000000000000, 0.9427083333333333703, 0.9479166666666666297, 0.9531250000000000000, 0.9583333333333333703, 0.9635416666666666297, 0.9687500000000000000, 0.9739583333333333703, 0.9791666666666666297, 0.9843750000000000000, 0.9895833333333333703, 0.9947916666666666297, 1.000000000000000000 ),
 .UNSPECIFIED. ) 
 CURVE ( )  GEOMETRIC_REPRESENTATION_ITEM ( )  RATIONAL_B_SPLINE_CURVE ( ( 1.000000000000000000, 0.9238795325112867385, 1.000000000000000000, 0.9238795325112867385, 1.000000000000000000, 0.9238795325112867385, 1.000000000000000000, 0.9238795325112867385, 1.000000000000000000, 0.9238795325112867385, 1.000000000000000000, 0.9238795325112867385, 1.000000000000000000, 0.9238795325112867385, 1.000000000000000000, 0.9238795325112867385, 1.000000000000000000, 0.9238795325112867385, 1.000000000000000000, 0.9238795325112867385, 1.000000000000000000, 0.9238795325112867385, 1.000000000000000000, 0.9238795325112867385, 1.000000000000000000, 0.9238795325112867385, 1.000000000000000000, 0.9238795325112867385, 1.000000000000000000, 0.9238795325112867385, 1.000000000000000000, 0.9238795325112867385, 1.000000000000000000, 0.9238795325112867385, 1.000000000000000000, 0.9238795325112867385, 1.000000000000000000, 0.9238795325112867385, 1.000000000000000000, 0.9238795325112867385, 1.000000000000000000, 0.9238795325112867385, 1.000000000000000000, 0.9238795325112867385, 1.000000000000000000, 0.9238795325112867385, 1.000000000000000000, 0.9238795325112867385, 1.000000000000000000, 0.9238795325112867385, 1.000000000000000000, 0.9238795325112867385, 1.000000000000000000, 0.9238795325112867385, 1.000000000000000000, 0.9238795325112867385, 1.000000000000000000, 0.9238795325112867385, 1.000000000000000000, 0.9238795325112867385, 1.000000000000000000, 0.9238795325112867385, 1.000000000000000000, 0.9238795325112867385, 1.000000000000000000, 0.9238795325112867385, 1.000000000000000000, 0.9238795325112867385, 1.000000000000000000, 0.9238795325112867385, 1.000000000000000000, 0.9238795325112867385, 1.000000000000000000, 0.9238795325112867385, 1.000000000000000000, 0.9238795325112867385, 1.000000000000000000, 0.9238795325112867385, 1.000000000000000000, 0.9238795325112867385, 1.000000000000000000, 0.9238795325112867385, 1.000000000000000000, 0.9238795325112867385, 1.000000000000000000, 0.9238795325112867385, 1.000000000000000000, 0.9238795325112867385, 1.000000000000000000, 0.9238795325112867385, 1.000000000000000000, 0.9238795325112867385, 1.000000000000000000, 0.9238795325112867385, 1.000000000000000000, 0.9238795325112867385, 1.000000000000000000, 0.9238795325112867385, 1.000000000000000000, 0.9238795325112867385, 1.000000000000000000, 0.9238795325112867385, 1.000000000000000000, 0.9238795325112867385, 1.000000000000000000, 0.9238795325112867385, 1.000000000000000000, 0.9238795325112867385, 1.000000000000000000, 0.9238795325112867385, 1.000000000000000000, 0.9238795325112867385, 1.000000000000000000, 0.9238795325112867385, 1.000000000000000000, 0.9238795325112867385, 1.000000000000000000, 0.9238795325112867385, 1.000000000000000000, 0.9238795325112867385, 1.000000000000000000, 0.9238795325112867385, 1.000000000000000000, 0.9238795325112867385, 1.000000000000000000, 0.9238795325112867385, 1.000000000000000000, 0.9238795325112867385, 1.000000000000000000, 0.9238795325112867385, 1.000000000000000000, 0.9238795325112867385, 1.000000000000000000, 0.9238795325112867385, 1.000000000000000000, 0.9238795325112867385, 1.000000000000000000, 0.9238795325112867385, 1.000000000000000000, 0.9238795325112867385, 1.000000000000000000, 0.9238795325112867385, 1.000000000000000000, 0.9238795325112867385, 1.000000000000000000, 0.9238795325112867385, 1.000000000000000000, 0.9238795325112867385, 1.000000000000000000, 0.9238795325112867385, 1.000000000000000000, 0.9238795325112867385, 1.000000000000000000, 0.9238795325112867385, 1.000000000000000000, 0.9238795325112867385, 1.000000000000000000, 0.9238795325112867385, 1.000000000000000000, 0.9238795325112867385, 1.000000000000000000, 0.9238795325112867385, 1.000000000000000000, 0.9238795325112867385, 1.000000000000000000, 0.9238795325112867385, 1.000000000000000000, 0.9238795325112867385, 1.000000000000000000, 0.9238795325112867385, 1.000000000000000000, 0.9238795325112867385, 1.000000000000000000, 0.9238795325112867385, 1.000000000000000000, 0.9238795325112867385, 1.000000000000000000, 0.9238795325112867385, 1.000000000000000000, 0.9238795325112867385, 1.000000000000000000, 0.9238795325112867385, 1.000000000000000000, 0.9238795325112867385, 1.000000000000000000, 0.9238795325112867385, 1.000000000000000000, 0.9238795325112867385, 1.000000000000000000, 0.9238795325112867385, 1.000000000000000000, 0.9238795325112867385, 1.000000000000000000, 0.9238795325112867385, 1.000000000000000000, 0.9238795325112867385, 1.000000000000000000, 0.9238795325112867385, 1.000000000000000000, 0.9238795325112867385, 1.000000000000000000, 0.9238795325112867385, 1.000000000000000000, 0.9238795325112867385, 1.000000000000000000, 0.9238795325112867385, 1.000000000000000000, 0.9238795325112867385, 1.000000000000000000, 0.9238795325112867385, 1.000000000000000000, 0.9238795325112867385, 1.000000000000000000, 0.9238795325112867385, 1.000000000000000000, 0.9238795325112867385, 1.000000000000000000, 0.9238795325112867385, 1.000000000000000000, 0.9238795325112867385, 1.000000000000000000, 0.9238795325112867385, 1.000000000000000000, 0.9238795325112867385, 1.000000000000000000, 0.9238795325112867385, 1.000000000000000000, 0.9238795325112867385, 1.000000000000000000, 0.9238795325112867385, 1.000000000000000000, 0.9238795325112867385, 1.000000000000000000, 0.9238795325112867385, 1.000000000000000000, 0.9238795325112867385, 1.000000000000000000, 0.9238795325112867385, 1.000000000000000000, 0.9238795325112867385, 1.000000000000000000, 0.9238795325112867385, 1.000000000000000000, 0.9238795325112867385, 1.000000000000000000, 0.9238795325112867385, 1.000000000000000000, 0.9238795325112867385, 1.000000000000000000, 0.9238795325112867385, 1.000000000000000000, 0.9238795325112867385, 1.000000000000000000, 0.9238795325112867385, 1.000000000000000000, 0.9238795325112867385, 1.000000000000000000, 0.9238795325112867385, 1.000000000000000000, 0.9238795325112867385, 1.000000000000000000, 0.9238795325112867385, 1.000000000000000000, 0.9238795325112867385, 1.000000000000000000, 0.9238795325112867385, 1.000000000000000000, 0.9238795325112867385, 1.000000000000000000, 0.9238795325112867385, 1.000000000000000000, 0.9238795325112867385, 1.000000000000000000, 0.9238795325112867385, 1.000000000000000000, 0.9238795325112867385, 1.000000000000000000, 0.9238795325112867385, 1.000000000000000000, 0.9238795325112867385, 1.000000000000000000, 0.9238795325112867385, 1.000000000000000000, 0.9238795325112867385, 1.000000000000000000, 0.9238795325112867385, 1.000000000000000000, 0.9238795325112867385, 1.000000000000000000, 0.9238795325112867385, 1.000000000000000000, 0.9238795325112867385, 1.000000000000000000, 0.9238795325112867385, 1.000000000000000000, 0.9238795325112867385, 1.000000000000000000, 0.9238795325112867385, 1.000000000000000000, 0.9238795325112867385, 1.000000000000000000, 0.9238795325112867385, 1.000000000000000000, 0.9238795325112867385, 1.000000000000000000, 0.9238795325112867385, 1.000000000000000000, 0.9238795325112867385, 1.000000000000000000, 0.9238795325112867385, 1.000000000000000000, 0.9238795325112867385, 1.000000000000000000, 0.9238795325112867385, 1.000000000000000000, 0.9238795325112867385, 1.000000000000000000, 0.9238795325112867385, 1.000000000000000000, 0.9238795325112867385, 1.000000000000000000, 0.9238795325112867385, 1.000000000000000000, 0.9238795325112867385, 1.000000000000000000, 0.9238795325112867385, 1.000000000000000000, 0.9238795325112867385, 1.000000000000000000, 0.9238795325112867385, 1.000000000000000000, 0.9238795325112867385, 1.000000000000000000, 0.9238795325112867385, 1.000000000000000000, 0.9238795325112867385, 1.000000000000000000, 0.9238795325112867385, 1.000000000000000000, 0.9238795325112867385, 1.000000000000000000, 0.9238795325112867385, 1.000000000000000000, 0.9238795325112867385, 1.000000000000000000, 0.9238795325112867385, 1.000000000000000000, 0.9238795325112867385, 1.000000000000000000, 0.9238795325112867385, 1.000000000000000000, 0.9238795325112867385, 1.000000000000000000, 0.9238795325112867385, 1.000000000000000000, 0.9238795325112867385, 1.000000000000000000, 0.9238795325112867385, 1.000000000000000000, 0.9238795325112867385, 1.000000000000000000, 0.9238795325112867385, 1.000000000000000000, 0.9238795325112867385, 1.000000000000000000, 0.9238795325112867385, 1.000000000000000000, 0.9238795325112867385, 1.000000000000000000, 0.9238795325112867385, 1.000000000000000000, 0.9238795325112867385, 1.000000000000000000, 0.9238795325112867385, 1.000000000000000000, 0.9238795325112867385, 1.000000000000000000, 0.9238795325112867385, 1.000000000000000000, 0.9238795325112867385, 1.000000000000000000, 0.9238795325112867385, 1.000000000000000000, 0.9238795325112867385, 1.000000000000000000 ) ) 
 REPRESENTATION_ITEM ( '' )  );
#1015 = CARTESIAN_POINT ( 'NONE',  ( 1.688575694911947922, -63.59375000170700076, 4.076582343749971749 ) ) ;
#1016 = CARTESIAN_POINT ( 'NONE',  ( -1.688575694911946590, -71.56250000170702208, -4.076582343750018822 ) ) ;
#1017 = CARTESIAN_POINT ( 'NONE',  ( 3.399999999999995026, -77.57812500000000000, 1.408326112068500224 ) ) ;
#1018 = CARTESIAN_POINT ( 'NONE',  ( -1.408326112068523317, -55.70312500341398732, 3.399999999999971934 ) ) ;
#1019 = CARTESIAN_POINT ( 'NONE',  ( -2.882579019330972159, -63.82812500170699366, 2.882579019330947734 ) ) ;
#1020 = CARTESIAN_POINT ( 'NONE',  ( -2.882579019330972159, -76.17187500170699366, 2.882579019330947734 ) ) ;
#1021 = EDGE_CURVE ( 'NONE', #4127, #2473, #2809, .T. ) ;
#1022 = CARTESIAN_POINT ( 'NONE',  ( -3.399999999999995914, -51.95312500000000000, -1.408326112068545521 ) ) ;
#1023 = CARTESIAN_POINT ( 'NONE',  ( -1.688575694911949698, -53.59375000170700076, 4.076582343749971749 ) ) ;
#1024 = CARTESIAN_POINT ( 'NONE',  ( -3.399999999999996358, -62.10937500341398021, 1.408326112068497560 ) ) ;
#1025 = CARTESIAN_POINT ( 'NONE',  ( -2.882579019330972159, -63.82812500170699366, 2.882579019330947734 ) ) ;
#1026 = CYLINDRICAL_SURFACE ( 'NONE', #4000, 3.399999999999995914 ) ;
#1027 = CARTESIAN_POINT ( 'NONE',  ( -1.408326112068534863, -72.89062500000000000, 3.399999999999960831 ) ) ;
#1028 = CARTESIAN_POINT ( 'NONE',  ( 1.408326112068522651, -55.54687500341398732, 3.399999999999972378 ) ) ;
#1029 = DIRECTION ( 'NONE',  ( -0.000000000000000000, -1.000000000000000000, -0.000000000000000000 ) ) ;
#1030 = CARTESIAN_POINT ( 'NONE',  ( -1.408326112068523317, -76.95312500341398732, 3.399999999999972378 ) ) ;
#1031 = CARTESIAN_POINT ( 'NONE',  ( 4.076582343749995729, -78.28125000170697945, -1.688575694911970571 ) ) ;
#1032 = DIRECTION ( 'NONE',  ( 0.000000000000000000, 0.000000000000000000, 1.000000000000000000 ) ) ;
#1033 = CARTESIAN_POINT ( 'NONE',  ( 3.399999999999995026, -71.64062500341398732, 1.408326112068500446 ) ) ;
#1034 = CARTESIAN_POINT ( 'NONE',  ( -7.488560278101070689E-16, -57.26562500170699366, 4.076582343749972637 ) ) ;
#1035 = CARTESIAN_POINT ( 'NONE',  ( 1.688575694911947256, -62.96875000170700076, -4.076582343750018822 ) ) ;
#1036 = VERTEX_POINT ( 'NONE', #1186 ) ;
#1037 = EDGE_LOOP ( 'NONE', ( #6186, #5629, #632, #5729 ) ) ;
#1038 = CARTESIAN_POINT ( 'NONE',  ( 1.408326112068480018, -78.04687500341398732, 3.400000000000015010 ) ) ;
#1039 = EDGE_CURVE ( 'NONE', #1692, #3256, #354, .T. ) ;
#1040 = CARTESIAN_POINT ( 'NONE',  ( -2.404163056034259061, -62.96875000000000711, 2.404163056034235080 ) ) ;
#1041 = CARTESIAN_POINT ( 'NONE',  ( 2.882579019330970382, -55.85937500170700076, 2.882579019330949066 ) ) ;
#1042 = CARTESIAN_POINT ( 'NONE',  ( 2.404163056034258616, -64.84375000000000000, -2.404163056034282153 ) ) ;
#1043 = CARTESIAN_POINT ( 'NONE',  ( 1.688575694911947256, -71.71875000170699366, -4.076582343750019710 ) ) ;
#1044 = CARTESIAN_POINT ( 'NONE',  ( -3.399999999999996358, -69.60937500341401574, 1.408326112068497560 ) ) ;
#1045 = CARTESIAN_POINT ( 'NONE',  ( 4.076582343749995729, -62.10937500170699366, -2.338364031016953865E-14 ) ) ;
#1046 = CARTESIAN_POINT ( 'NONE',  ( 2.404163056034258616, -79.84375000000000000, -2.404163056034282153 ) ) ;
#1047 = CARTESIAN_POINT ( 'NONE',  ( 2.496186759367024056E-16, -72.89062500170699366, -4.076582343750019710 ) ) ;
#1048 = CARTESIAN_POINT ( 'NONE',  ( -2.404163056034258172, -77.03125000000000000, -2.404163056034282153 ) ) ;
#1049 = CARTESIAN_POINT ( 'NONE',  ( 3.399999999999995026, -75.39062500341398732, 1.408326112068500446 ) ) ;
#1050 = CARTESIAN_POINT ( 'NONE',  ( 2.882579019330970382, -66.01562500170699366, 2.882579019330949066 ) ) ;
#1051 = CARTESIAN_POINT ( 'NONE',  ( -1.688575694911949698, -76.09375000170697945, 4.076582343749971749 ) ) ;
#1052 = CYLINDRICAL_SURFACE ( 'NONE', #5063, 3.399999999999995914 ) ;
#1053 = CARTESIAN_POINT ( 'NONE',  ( -4.076582343749996618, -56.25000000170700076, 1.688575694911923053 ) ) ;
#1054 = CARTESIAN_POINT ( 'NONE',  ( -1.408326112068523317, -60.70312500341399442, 3.399999999999972378 ) ) ;
#1055 = CARTESIAN_POINT ( 'NONE',  ( 4.076582343749995729, -62.03125000170700787, -1.688575694911970571 ) ) ;
#1056 = FACE_OUTER_BOUND ( 'NONE', #3541, .T. ) ;
#1057 = CARTESIAN_POINT ( 'NONE',  ( -3.399999999999996803, -54.60937500341398732, 1.408326112068497560 ) ) ;
#1058 = CARTESIAN_POINT ( 'NONE',  ( -2.404163056034259061, -55.78125000341398021, 2.404163056034235080 ) ) ;
#1059 = LINE ( 'NONE', #3592, #4285 ) ;
#1060 = CARTESIAN_POINT ( 'NONE',  ( 1.408326112068522651, -74.29687500341400153, 3.399999999999972378 ) ) ;
#1061 = VECTOR ( 'NONE', #4404, 1000.000000000000000 ) ;
#1062 = CARTESIAN_POINT ( 'NONE',  ( 4.076582343749995729, -78.35937500170699366, -2.338364031016953865E-14 ) ) ;
#1063 = CARTESIAN_POINT ( 'NONE',  ( -6.245698675651493936E-16, -56.87500000341398732, 3.399999999999972378 ) ) ;
#1064 = CARTESIAN_POINT ( 'NONE',  ( -1.408326112068477354, -63.20312500341398732, 3.400000000000018119 ) ) ;
#1065 = CARTESIAN_POINT ( 'NONE',  ( 4.076582343749994841, -53.28125000170700076, 1.688575694911926828 ) ) ;
#1066 = CARTESIAN_POINT ( 'NONE',  ( -7.488560278101070689E-16, -62.26562500170699366, 4.076582343749972637 ) ) ;
#1067 = ORIENTED_EDGE ( 'NONE', *, *, #4548, .T. ) ;
#1068 = EDGE_CURVE ( 'NONE', #4395, #4262, #3143, .T. ) ;
#1069 = CARTESIAN_POINT ( 'NONE',  ( 2.882579019330971715, -50.70312500170699366, -2.882579019330995251 ) ) ;
#1070 = ORIENTED_EDGE ( 'NONE', *, *, #4899, .T. ) ;
#1071 = CARTESIAN_POINT ( 'NONE',  ( 3.399999999999995026, -65.07812500000000000, 1.408326112068500224 ) ) ;
#1072 = CARTESIAN_POINT ( 'NONE',  ( 1.688575694911947256, -56.71875000170699366, -4.076582343750018822 ) ) ;
#1073 = CARTESIAN_POINT ( 'NONE',  ( -1.408326112068521319, -62.10937500000000000, -3.400000000000019007 ) ) ;
#1074 = CARTESIAN_POINT ( 'NONE',  ( -2.882579019330970826, -70.23437500170699366, -2.882579019330995251 ) ) ;
#1075 = CARTESIAN_POINT ( 'NONE',  ( 1.408326112068521985, -67.57812500341398732, -3.400000000000019007 ) ) ;
#1076 = CARTESIAN_POINT ( 'NONE',  ( -2.882579019330970826, -62.89062500170698655, -2.882579019330995251 ) ) ;
#1077 = CARTESIAN_POINT ( 'NONE',  ( -0.9029412743271356678, -79.54135396649145662, -3.457803628252058559 ) ) ;
#1078 = CARTESIAN_POINT ( 'NONE',  ( 4.076582343749995729, -69.45312500170699366, -2.338364031016953865E-14 ) ) ;
#1079 = CARTESIAN_POINT ( 'NONE',  ( 1.408326112068521985, -77.26562500000000000, -3.400000000000019007 ) ) ;
#1080 = CARTESIAN_POINT ( 'NONE',  ( -6.245698675651493936E-16, -59.06250000000000711, 3.399999999999972378 ) ) ;
#1081 = CARTESIAN_POINT ( 'NONE',  ( -1.688575694911946590, -64.21875000170699366, -4.076582343750018822 ) ) ;
#1082 = CYLINDRICAL_SURFACE ( 'NONE', #5260, 3.399999999999995914 ) ;
#1083 = CARTESIAN_POINT ( 'NONE',  ( -3.399999999999995914, -64.37500000000000000, -2.380002022187964067E-14 ) ) ;
#1084 = AXIS2_PLACEMENT_3D ( 'NONE', #5653, #3722, #3690 ) ;
#1085 = CARTESIAN_POINT ( 'NONE',  ( 4.076582343749995729, -54.45312500170699366, -2.338364031016953865E-14 ) ) ;
#1086 = CARTESIAN_POINT ( 'NONE',  ( 1.408326112068521985, -60.07812500341398732, -3.400000000000019007 ) ) ;
#1087 = CARTESIAN_POINT ( 'NONE',  ( 2.882579019330970382, -62.26562500170698655, 2.882579019330949066 ) ) ;
#1088 = CARTESIAN_POINT ( 'NONE',  ( -6.245698675651493936E-16, -60.31250000000000711, 3.399999999999972378 ) ) ;
#1089 = CARTESIAN_POINT ( 'NONE',  ( -1.408326112068509994, -73.35937500000000000, -3.400000000000030553 ) ) ;
#1090 = VECTOR ( 'NONE', #200, 1000.000000000000000 ) ;
#1091 = CARTESIAN_POINT ( 'NONE',  ( -1.408326112068521319, -54.92187500341399442, -3.400000000000019007 ) ) ;
#1092 = CARTESIAN_POINT ( 'NONE',  ( 0.000000000000000000, -79.37500000000000000, -2.338364031016953865E-14 ) ) ;
#1093 = CARTESIAN_POINT ( 'NONE',  ( -2.404163056034258172, -76.09375000341397310, -2.404163056034282153 ) ) ;
#1094 = CARTESIAN_POINT ( 'NONE',  ( -2.404163056034259061, -50.46875000000000000, 2.404163056034235080 ) ) ;
#1095 = DIRECTION ( 'NONE',  ( 0.000000000000000000, 0.000000000000000000, -1.000000000000000000 ) ) ;
#1096 = CARTESIAN_POINT ( 'NONE',  ( 1.408326112068499336, -66.01562500000000000, -3.400000000000042100 ) ) ;
#1097 = CARTESIAN_POINT ( 'NONE',  ( 2.882579019330971715, -54.29687500170699366, -2.882579019330995251 ) ) ;
#1098 = CARTESIAN_POINT ( 'NONE',  ( 2.496186759367024056E-16, -64.14062500170700787, -4.076582343750019710 ) ) ;
#1099 = EDGE_LOOP ( 'NONE', ( #2953, #5630, #4318, #537 ) ) ;
#1100 = ORIENTED_EDGE ( 'NONE', *, *, #1105, .F. ) ;
#1101 = CARTESIAN_POINT ( 'NONE',  ( 2.081899558550498061E-16, -50.93750000000000000, -3.400000000000019451 ) ) ;
#1102 = ORIENTED_EDGE ( 'NONE', *, *, #749, .F. ) ;
#1103 = CARTESIAN_POINT ( 'NONE',  ( -1.408326112068523317, -61.64062500000000000, 3.399999999999972378 ) ) ;
#1104 = CARTESIAN_POINT ( 'NONE',  ( 2.882579019330971715, -58.04687500170699366, -2.882579019330995251 ) ) ;
#1105 = EDGE_CURVE ( 'NONE', #5443, #6442, #1639, .T. ) ;
#1106 = CYLINDRICAL_SURFACE ( 'NONE', #4810, 3.399999999999995914 ) ;
#1107 = CARTESIAN_POINT ( 'NONE',  ( 4.076582343749995729, -68.12500000170700787, -1.688575694911970571 ) ) ;
#1108 = CARTESIAN_POINT ( 'NONE',  ( 2.081899558550498061E-16, -63.75000000341399442, -3.400000000000019451 ) ) ;
#1109 = CARTESIAN_POINT ( 'NONE',  ( -2.882579019330972159, -66.32812500170699366, 2.882579019330947734 ) ) ;
#1110 = CARTESIAN_POINT ( 'NONE',  ( 2.081899558550498061E-16, -77.18750000000000000, -3.400000000000019451 ) ) ;
#1111 = CARTESIAN_POINT ( 'NONE',  ( -2.882579019330970826, -71.48437500170699366, -2.882579019330995251 ) ) ;
#1112 = CARTESIAN_POINT ( 'NONE',  ( 2.404163056034257728, -78.90625000000000000, 2.404163056034235968 ) ) ;
#1113 = CARTESIAN_POINT ( 'NONE',  ( 3.399999999999995026, -58.82812500000000000, 1.408326112068500446 ) ) ;
#1114 = CARTESIAN_POINT ( 'NONE',  ( 1.688575694911947922, -62.34375000170699366, 4.076582343749971749 ) ) ;
#1115 = CARTESIAN_POINT ( 'NONE',  ( 2.882579019330971715, -75.54687500170699366, -2.882579019330995251 ) ) ;
#1116 = CARTESIAN_POINT ( 'NONE',  ( 1.688575694911947256, -51.71875000170698655, -4.076582343750018822 ) ) ;
#1117 = CARTESIAN_POINT ( 'NONE',  ( -2.404163056034259061, -64.21875000000000000, 2.404163056034235080 ) ) ;
#1118 = CARTESIAN_POINT ( 'NONE',  ( 2.496186759367024056E-16, -55.39062500170699366, -4.076582343750019710 ) ) ;
#1119 = CARTESIAN_POINT ( 'NONE',  ( 2.404163056034257728, -59.21875000341398732, 2.404163056034235968 ) ) ;
#1120 = CARTESIAN_POINT ( 'NONE',  ( 4.076582343749995729, -63.35937500170699366, -2.338364031016953865E-14 ) ) ;
#1121 = CARTESIAN_POINT ( 'NONE',  ( 4.163799117100996122E-16, -80.00000000000000000, 3.399999999999972378 ) ) ;
#1122 = CARTESIAN_POINT ( 'NONE',  ( 2.404163056034257728, -66.71875000341398732, 2.404163056034235968 ) ) ;
#1123 = CARTESIAN_POINT ( 'NONE',  ( 1.408326112068521985, -52.57812500341397310, -3.400000000000019007 ) ) ;
#1124 = DIRECTION ( 'NONE',  ( -0.8660254037844389297, 0.4999999999999994449, 0.000000000000000000 ) ) ;
#1125 = CARTESIAN_POINT ( 'NONE',  ( -3.399999999999995470, -78.51562500341398732, -1.408326112068545521 ) ) ;
#1126 = CARTESIAN_POINT ( 'NONE',  ( -4.076582343749995729, -78.98437500170699366, -2.388287766204294237E-14 ) ) ;
#1127 = CYLINDRICAL_SURFACE ( 'NONE', #4310, 3.399999999999995914 ) ;
#1128 = CARTESIAN_POINT ( 'NONE',  ( 2.081899558550498061E-16, -64.68750000000001421, -3.400000000000019451 ) ) ;
#1129 = CARTESIAN_POINT ( 'NONE',  ( -1.688575694911950142, -54.84375000170699366, 4.076582343749971749 ) ) ;
#1130 = ORIENTED_EDGE ( 'NONE', *, *, #3062, .T. ) ;
#1131 = EDGE_LOOP ( 'NONE', ( #5467, #5083 ) ) ;
#1132 = LINE ( 'NONE', #4714, #4532 ) ;
#1133 = ORIENTED_EDGE ( 'NONE', *, *, #3523, .T. ) ;
#1134 = CARTESIAN_POINT ( 'NONE',  ( -3.399999999999995914, -64.37500000000000000, -2.380002022187964067E-14 ) ) ;
#1135 = CARTESIAN_POINT ( 'NONE',  ( 3.399999999999995026, -68.82812499999998579, 1.408326112068500446 ) ) ;
#1136 = CARTESIAN_POINT ( 'NONE',  ( 2.882579019330970382, -49.76562500170698655, 2.882579019330949066 ) ) ;
#1137 = CARTESIAN_POINT ( 'NONE',  ( 2.882579019330970382, -72.10937500170699366, 2.882579019330949066 ) ) ;
#1138 = EDGE_CURVE ( 'NONE', #4395, #841, #3707, .T. ) ;
#1139 = CARTESIAN_POINT ( 'NONE',  ( -1.408326112068521319, -64.92187500341398732, -3.400000000000019007 ) ) ;
#1140 = CARTESIAN_POINT ( 'NONE',  ( -4.076582343749995729, -57.73437500170698655, -2.388287766204294237E-14 ) ) ;
#1141 = CARTESIAN_POINT ( 'NONE',  ( -2.404163056034258172, -78.28125000000000000, -2.404163056034282153 ) ) ;
#1142 = CARTESIAN_POINT ( 'NONE',  ( -2.882579019330972159, -72.42187500170699366, 2.882579019330947734 ) ) ;
#1143 = CARTESIAN_POINT ( 'NONE',  ( 2.404163056034258616, -74.84375000000000000, -2.404163056034282153 ) ) ;
#1144 = CARTESIAN_POINT ( 'NONE',  ( 2.081899558550498061E-16, -66.25000000341398732, -3.400000000000019451 ) ) ;
#1145 = CARTESIAN_POINT ( 'NONE',  ( -1.688575694911946590, -60.46875000170700076, -4.076582343750018822 ) ) ;
#1146 = CARTESIAN_POINT ( 'NONE',  ( -4.076582343749995729, -71.32812500170699366, -2.388287766204294237E-14 ) ) ;
#1147 = CARTESIAN_POINT ( 'NONE',  ( -2.882579019330970826, -51.48437500170699366, -2.882579019330995251 ) ) ;
#1148 = EDGE_CURVE ( 'NONE', #1823, #1527, #2966, .T. ) ;
#1149 = CARTESIAN_POINT ( 'NONE',  ( -4.076582343749995729, -73.98437500170699366, -2.388287766204294237E-14 ) ) ;
#1150 = EDGE_CURVE ( 'NONE', #6456, #4655, #6284, .T. ) ;
#1151 = CARTESIAN_POINT ( 'NONE',  ( 1.688575694911947922, -53.43750000170699366, 4.076582343749971749 ) ) ;
#1152 = CARTESIAN_POINT ( 'NONE',  ( 3.399999999999995914, -62.81250000341398732, -2.338364031016953865E-14 ) ) ;
#1153 = CARTESIAN_POINT ( 'NONE',  ( -2.882579019330972159, -57.57812500170698655, 2.882579019330947734 ) ) ;
#1154 = CARTESIAN_POINT ( 'NONE',  ( -1.688575694911949698, -76.25000000170699366, 4.076582343749971749 ) ) ;
#1155 = CARTESIAN_POINT ( 'NONE',  ( 3.399999999999995914, -49.06250000341398732, -2.338364031016953865E-14 ) ) ;
#1156 = CARTESIAN_POINT ( 'NONE',  ( 2.081899558550498061E-16, -75.00000000341398732, -3.400000000000019451 ) ) ;
#1157 = CARTESIAN_POINT ( 'NONE',  ( -7.488560278101070689E-16, -72.42187500170699366, 4.076582343749972637 ) ) ;
#1158 = CARTESIAN_POINT ( 'NONE',  ( -2.404163056034259061, -70.46875000000000000, 2.404163056034235080 ) ) ;
#1159 = DIRECTION ( 'NONE',  ( 0.000000000000000000, 0.000000000000000000, -1.000000000000000000 ) ) ;
#1160 = CARTESIAN_POINT ( 'NONE',  ( -7.488560278101070689E-16, -49.76562500170698655, 4.076582343749972637 ) ) ;
#1161 = ORIENTED_EDGE ( 'NONE', *, *, #3873, .T. ) ;
#1162 =( BOUNDED_CURVE ( )  B_SPLINE_CURVE ( 2, ( #166, #4158, #6160, #1686, #3663, #5660, #5899, #1424, #4940 ),
 .UNSPECIFIED., .F., .T. ) 
 B_SPLINE_CURVE_WITH_KNOTS ( ( 3, 2, 2, 2, 3 ),
 ( 0.5312500000000002220, 0.5364583333333334814, 0.5416666666666665186, 0.5468749999999997780, 0.5520833333333330373 ),
 .UNSPECIFIED. ) 
 CURVE ( )  GEOMETRIC_REPRESENTATION_ITEM ( )  RATIONAL_B_SPLINE_CURVE ( ( 0.9999999999999967804, 0.9238795325112899581, 1.000000000000000000, 0.9238795325112867385, 1.000000000000000000, 0.9238795325112867385, 1.000000000000000000, 0.9238795325112916235, 0.9999999999999951150 ) ) 
 REPRESENTATION_ITEM ( '' )  );
#1163 = EDGE_LOOP ( 'NONE', ( #3430, #233, #2635, #2912 ) ) ;
#1164 = CARTESIAN_POINT ( 'NONE',  ( -2.404163056034259061, -58.28125000341398732, 2.404163056034235080 ) ) ;
#1165 = ORIENTED_EDGE ( 'NONE', *, *, #6271, .F. ) ;
#1166 = CARTESIAN_POINT ( 'NONE',  ( -2.404163056034258172, -64.53125000000000000, -2.404163056034282153 ) ) ;
#1167 = CARTESIAN_POINT ( 'NONE',  ( -4.076582343749996618, -51.25000000170699366, 1.688575694911923053 ) ) ;
#1168 = CARTESIAN_POINT ( 'NONE',  ( -1.688575694911950142, -64.84375000170700787, 4.076582343749971749 ) ) ;
#1169 = CARTESIAN_POINT ( 'NONE',  ( -1.408326112068521319, -63.67187500341397310, -3.400000000000019007 ) ) ;
#1170 = CARTESIAN_POINT ( 'NONE',  ( -4.076582343749996618, -61.40625000170699366, 1.688575694911923053 ) ) ;
#1171 = CARTESIAN_POINT ( 'NONE',  ( -6.245698675651493936E-16, -76.56250000000000000, 3.399999999999972378 ) ) ;
#1172 = CARTESIAN_POINT ( 'NONE',  ( -4.076582343749995729, -68.82812500170699366, -2.388287766204294237E-14 ) ) ;
#1173 = CARTESIAN_POINT ( 'NONE',  ( 1.408326112068522651, -73.98437500000000000, 3.399999999999972378 ) ) ;
#1174 = CARTESIAN_POINT ( 'NONE',  ( 0.000000000000000000, -80.00000000000000000, -2.338364031016953865E-14 ) ) ;
#1175 = CARTESIAN_POINT ( 'NONE',  ( 2.882579019330970382, -61.01562500170699366, 2.882579019330949066 ) ) ;
#1176 = CARTESIAN_POINT ( 'NONE',  ( 1.688575694911947256, -75.46875000170699366, -4.076582343750018822 ) ) ;
#1177 = CARTESIAN_POINT ( 'NONE',  ( 4.076582343749995729, -49.45312500170699366, -2.338364031016953865E-14 ) ) ;
#1178 = CARTESIAN_POINT ( 'NONE',  ( -7.488560278101070689E-16, -76.17187500170699366, 4.076582343749972637 ) ) ;
#1179 = CARTESIAN_POINT ( 'NONE',  ( -4.076582343749996618, -53.90625000170698655, 1.688575694911923053 ) ) ;
#1180 = CARTESIAN_POINT ( 'NONE',  ( 2.404163056034258616, -56.40625000341398021, -2.404163056034282153 ) ) ;
#1181 = CARTESIAN_POINT ( 'NONE',  ( -4.076582343749996618, -58.90625000170698655, 1.688575694911923053 ) ) ;
#1182 = EDGE_CURVE ( 'NONE', #3245, #3057, #5674, .T. ) ;
#1183 = CARTESIAN_POINT ( 'NONE',  ( -1.688575694911946590, -76.71875000170699366, -4.076582343750018822 ) ) ;
#1184 = CARTESIAN_POINT ( 'NONE',  ( 2.081899558550498061E-16, -57.18750000000000000, -3.400000000000019451 ) ) ;
#1185 = EDGE_CURVE ( 'NONE', #3571, #1591, #3623, .T. ) ;
#1186 = CARTESIAN_POINT ( 'NONE',  ( 2.081899558550498061E-16, -63.43750000000000711, -3.400000000000019451 ) ) ;
#1187 = CARTESIAN_POINT ( 'NONE',  ( -1.408326112068523317, -71.95312500341398732, 3.399999999999972378 ) ) ;
#1188 = CARTESIAN_POINT ( 'NONE',  ( -2.882579019330972159, -71.32812500170699366, 2.882579019330947734 ) ) ;
#1189 = CARTESIAN_POINT ( 'NONE',  ( 0.000000000000000000, -80.00000000000000000, -2.338364031016953865E-14 ) ) ;
#1190 = CARTESIAN_POINT ( 'NONE',  ( -2.404163056034258172, -63.28125000000000000, -2.404163056034282153 ) ) ;
#1191 = CARTESIAN_POINT ( 'NONE',  ( 3.399999999999995026, -71.32812500000000000, 1.408326112068500446 ) ) ;
#1192 = CIRCLE ( 'NONE', #4213, 6.499999999999999112 ) ;
#1193 = CARTESIAN_POINT ( 'NONE',  ( 1.688575694911947922, -50.93750000170699366, 4.076582343749971749 ) ) ;
#1194 = VERTEX_POINT ( 'NONE', #3979 ) ;
#1195 = VERTEX_POINT ( 'NONE', #4008 ) ;
#1196 = CARTESIAN_POINT ( 'NONE',  ( -3.399999999999996803, -58.35937500341398732, 1.408326112068497560 ) ) ;
#1197 = CARTESIAN_POINT ( 'NONE',  ( 2.081899558550498061E-16, -52.18750000000000000, -3.400000000000019451 ) ) ;
#1198 = ORIENTED_EDGE ( 'NONE', *, *, #5574, .T. ) ;
#1199 = CARTESIAN_POINT ( 'NONE',  ( -1.408326112068523317, -56.64062500000000000, 3.399999999999972378 ) ) ;
#1200 = CARTESIAN_POINT ( 'NONE',  ( -2.882579019330970826, -51.48437500170699366, -2.882579019330995251 ) ) ;
#1201 = FACE_OUTER_BOUND ( 'NONE', #3090, .T. ) ;
#1202 = CARTESIAN_POINT ( 'NONE',  ( 2.882579019330970382, -64.60937500170699366, 2.882579019330949066 ) ) ;
#1203 = EDGE_LOOP ( 'NONE', ( #4858, #1854, #1590, #2727 ) ) ;
#1204 =( BOUNDED_CURVE ( )  B_SPLINE_CURVE ( 2, ( #6367, #4317, #5277, #3409, #3928, #830, #6332, #1885, #931 ),
 .UNSPECIFIED., .F., .T. ) 
 B_SPLINE_CURVE_WITH_KNOTS ( ( 3, 2, 2, 2, 3 ),
 ( 0.5937500000000000000, 0.5989583333333332593, 0.6041666666666665186, 0.6093749999999997780, 0.6145833333333331483 ),
 .UNSPECIFIED. ) 
 CURVE ( )  GEOMETRIC_REPRESENTATION_ITEM ( )  RATIONAL_B_SPLINE_CURVE ( ( 1.000000000000000000, 0.9238795325112867385, 1.000000000000000000, 0.9238795325112867385, 1.000000000000000000, 0.9238795325112867385, 1.000000000000000000, 0.9238795325112899581, 0.9999999999999967804 ) ) 
 REPRESENTATION_ITEM ( '' )  );
#1205 = CARTESIAN_POINT ( 'NONE',  ( 3.399999999999995026, -64.14062500341398732, 1.408326112068500224 ) ) ;
#1206 = CIRCLE ( 'NONE', #4854, 7.750000000000000000 ) ;
#1207 = CARTESIAN_POINT ( 'NONE',  ( 2.496186759367024056E-16, -60.54687500170699366, -4.076582343750019710 ) ) ;
#1208 = CARTESIAN_POINT ( 'NONE',  ( 3.399999999999995914, -71.25000000000001421, -2.338364031016953865E-14 ) ) ;
#1209 = CARTESIAN_POINT ( 'NONE',  ( -2.882579019330972159, -68.67187500170699366, 2.882579019330947734 ) ) ;
#1210 = CARTESIAN_POINT ( 'NONE',  ( 3.399999999999995026, -71.32812500000000000, 1.408326112068500224 ) ) ;
#1211 = CARTESIAN_POINT ( 'NONE',  ( 3.399999999999995914, -78.67187499999998579, -1.408326112068545521 ) ) ;
#1212 = CARTESIAN_POINT ( 'NONE',  ( -4.076582343749995729, -61.48437500170698655, -2.388287766204294237E-14 ) ) ;
#1213 = CARTESIAN_POINT ( 'NONE',  ( 2.404163056034257728, -76.71875000341397310, 2.404163056034235968 ) ) ;
#1214 = CARTESIAN_POINT ( 'NONE',  ( -2.882579019330970826, -76.64062500170697945, -2.882579019330995251 ) ) ;
#1215 = CARTESIAN_POINT ( 'NONE',  ( 2.882579019330970382, -51.01562500170699366, 2.882579019330949066 ) ) ;
#1216 = CARTESIAN_POINT ( 'NONE',  ( -1.408326112068523317, -56.95312500341398021, 3.399999999999972378 ) ) ;
#1217 = CARTESIAN_POINT ( 'NONE',  ( 2.496186759367024056E-16, -59.29687500170699366, -4.076582343750019710 ) ) ;
#1218 = CARTESIAN_POINT ( 'NONE',  ( -4.076582343749996618, -73.90625000170697945, 1.688575694911923053 ) ) ;
#1219 = ORIENTED_EDGE ( 'NONE', *, *, #2517, .F. ) ;
#1220 = PLANE ( 'NONE',  #1929 ) ;
#1221 = EDGE_CURVE ( 'NONE', #5119, #3344, #2548, .T. ) ;
#1222 = CARTESIAN_POINT ( 'NONE',  ( -2.404163056034258172, -49.84375000341398021, -2.404163056034282153 ) ) ;
#1223 = CARTESIAN_POINT ( 'NONE',  ( 3.399999999999995470, -70.23437500341397310, -1.408326112068545521 ) ) ;
#1224 = CARTESIAN_POINT ( 'NONE',  ( -2.882579019330972159, -75.07812500170699366, 2.882579019330947734 ) ) ;
#1225 = CYLINDRICAL_SURFACE ( 'NONE', #1404, 3.399999999999995914 ) ;
#1226 = CARTESIAN_POINT ( 'NONE',  ( -6.245698675651493936E-16, -59.06250000000000711, 3.399999999999972378 ) ) ;
#1227 = CARTESIAN_POINT ( 'NONE',  ( 3.399999999999995914, -71.17187500000001421, -1.408326112068545521 ) ) ;
#1228 = CARTESIAN_POINT ( 'NONE',  ( -1.688575694911946590, -50.31250000170700076, -4.076582343750019710 ) ) ;
#1229 = VERTEX_POINT ( 'NONE', #1939 ) ;
#1230 = VERTEX_POINT ( 'NONE', #6451 ) ;
#1231 = CARTESIAN_POINT ( 'NONE',  ( 2.404163056034257728, -50.15625000000000000, 2.404163056034235968 ) ) ;
#1232 = CARTESIAN_POINT ( 'NONE',  ( -2.404163056034258172, -77.34375000341398732, -2.404163056034282153 ) ) ;
#1233 = VERTEX_POINT ( 'NONE', #5947 ) ;
#1234 = CARTESIAN_POINT ( 'NONE',  ( 2.404163056034257728, -58.90625000000000000, 2.404163056034235968 ) ) ;
#1235 = CARTESIAN_POINT ( 'NONE',  ( -4.076582343749996618, -52.50000000170699366, 1.688575694911923053 ) ) ;
#1236 = CARTESIAN_POINT ( 'NONE',  ( -1.408326112068498670, -75.85937500000002842, -3.400000000000042100 ) ) ;
#1237 = CARTESIAN_POINT ( 'NONE',  ( -2.882579019330970826, -63.98437500170699366, -2.882579019330995251 ) ) ;
#1238 = ORIENTED_EDGE ( 'NONE', *, *, #1439, .T. ) ;
#1239 = CARTESIAN_POINT ( 'NONE',  ( -1.408326112068523317, -64.45312500341398732, 3.399999999999972378 ) ) ;
#1240 = CARTESIAN_POINT ( 'NONE',  ( -7.488560278101070689E-16, -59.92187500170699366, 4.076582343749972637 ) ) ;
#1241 = CARTESIAN_POINT ( 'NONE',  ( 1.408326112068521985, -73.51562500000000000, -3.400000000000019007 ) ) ;
#1242 = CARTESIAN_POINT ( 'NONE',  ( -7.488560278101070689E-16, -67.26562500170699366, 4.076582343749972637 ) ) ;
#1243 = CARTESIAN_POINT ( 'NONE',  ( 1.408326112068522651, -70.23437499999998579, 3.399999999999972378 ) ) ;
#1244 =( BOUNDED_CURVE ( )  B_SPLINE_CURVE ( 2, ( #3694, #3147, #4122, #5175, #6158, #3628, #2753, #5144, #4742 ),
 .UNSPECIFIED., .F., .F. ) 
 B_SPLINE_CURVE_WITH_KNOTS ( ( 3, 2, 2, 2, 3 ),
 ( 0.9479166666666667407, 0.9531250000000001110, 0.9583333333333334814, 0.9635416666666666297, 0.9687500001231752478 ),
 .UNSPECIFIED. ) 
 CURVE ( )  GEOMETRIC_REPRESENTATION_ITEM ( )  RATIONAL_B_SPLINE_CURVE ( ( 0.9999999999999983347, 0.9238795325112884038, 1.000000000000000000, 0.9238795325112867385, 1.000000000000000000, 0.9238795325112867385, 1.000000000000000000, 0.9238795325112867385, 1.000000000000000000 ) ) 
 REPRESENTATION_ITEM ( '' )  );
#1245 = CARTESIAN_POINT ( 'NONE',  ( 1.688575694911947256, -79.21875000170702208, -4.076582343750019710 ) ) ;
#1246 = CARTESIAN_POINT ( 'NONE',  ( -4.076582343749996618, -61.40625000170699366, 1.688575694911923053 ) ) ;
#1247 = CARTESIAN_POINT ( 'NONE',  ( -2.404163056034259061, -78.28125000341398732, 2.404163056034235080 ) ) ;
#1248 = CARTESIAN_POINT ( 'NONE',  ( -1.688575694911950142, -76.25000000170699366, 4.076582343749971749 ) ) ;
#1249 = CARTESIAN_POINT ( 'NONE',  ( 4.076582343749995729, -49.60937500170699366, -2.338364031016953865E-14 ) ) ;
#1250 = CARTESIAN_POINT ( 'NONE',  ( -1.408326112068521319, -58.67187500341398732, -3.400000000000019007 ) ) ;
#1251 = CARTESIAN_POINT ( 'NONE',  ( -7.488560278101070689E-16, -56.17187500170699366, 4.076582343749972637 ) ) ;
#1252 = CARTESIAN_POINT ( 'NONE',  ( 2.882579019330970382, -74.76562500170699366, 2.882579019330949066 ) ) ;
#1253 = CYLINDRICAL_SURFACE ( 'NONE', #5985, 3.399999999999995914 ) ;
#1254 = CARTESIAN_POINT ( 'NONE',  ( 2.404163056034258616, -51.40625000341398732, -2.404163056034282153 ) ) ;
#1255 = VECTOR ( 'NONE', #4576, 1000.000000000000000 ) ;
#1256 = CARTESIAN_POINT ( 'NONE',  ( -2.404163056034259061, -70.78125000341398732, 2.404163056034235080 ) ) ;
#1257 = CARTESIAN_POINT ( 'NONE',  ( -4.076582343749995729, -74.06250000170699366, -1.688575694911971015 ) ) ;
#1258 = CARTESIAN_POINT ( 'NONE',  ( -6.245698675651493936E-16, -61.56250000000000711, 3.399999999999972378 ) ) ;
#1259 = CARTESIAN_POINT ( 'NONE',  ( -2.404163056034258172, -59.53125000000000000, -2.404163056034282153 ) ) ;
#1260 = CARTESIAN_POINT ( 'NONE',  ( 3.399999999999995914, -72.42187500000000000, -1.408326112068545521 ) ) ;
#1261 = CARTESIAN_POINT ( 'NONE',  ( -7.488560278101070689E-16, -51.01562500170699366, 4.076582343749972637 ) ) ;
#1262 = CC_DESIGN_PERSON_AND_ORGANIZATION_ASSIGNMENT ( #5730, #2269, ( #3075 ) ) ;
#1263 = ORIENTED_EDGE ( 'NONE', *, *, #5015, .T. ) ;
#1264 = CARTESIAN_POINT ( 'NONE',  ( -1.408326112068500668, -50.39062500000000711, 3.399999999999994582 ) ) ;
#1265 = CARTESIAN_POINT ( 'NONE',  ( -3.399999999999996358, -53.04687500000001421, 1.408326112068497560 ) ) ;
#1266 = VERTEX_POINT ( 'NONE', #3915 ) ;
#1267 = CARTESIAN_POINT ( 'NONE',  ( -1.408326112068523317, -57.89062500000000000, 3.399999999999972378 ) ) ;
#1268 = CARTESIAN_POINT ( 'NONE',  ( 2.882579019330971715, -50.54687500170699366, -2.882579019330995251 ) ) ;
#1269 = CARTESIAN_POINT ( 'NONE',  ( 2.404163056034258616, -52.34375000000000000, -2.404163056034282153 ) ) ;
#1270 = CARTESIAN_POINT ( 'NONE',  ( 2.882579019330971715, -63.04687500170700076, -2.882579019330995251 ) ) ;
#1271 = CARTESIAN_POINT ( 'NONE',  ( -1.408326112068523317, -60.70312500341399442, 3.399999999999972378 ) ) ;
#1272 = CARTESIAN_POINT ( 'NONE',  ( 2.496186759367024056E-16, -53.04687500170698655, -4.076582343750019710 ) ) ;
#1273 = CARTESIAN_POINT ( 'NONE',  ( -2.404163056034258172, -75.78125000000000000, -2.404163056034282153 ) ) ;
#1274 = CARTESIAN_POINT ( 'NONE',  ( -2.882579019330970826, -66.48437500170699366, -2.882579019330995251 ) ) ;
#1275 = CARTESIAN_POINT ( 'NONE',  ( 2.404163056034257728, -72.65625000000000000, 2.404163056034235968 ) ) ;
#1276 = CARTESIAN_POINT ( 'NONE',  ( 4.076582343749995729, -78.20312500170699366, -2.338364031016953865E-14 ) ) ;
#1277 = CARTESIAN_POINT ( 'NONE',  ( 1.688575694911947256, -61.87500000170700076, -4.076582343750018822 ) ) ;
#1278 = CARTESIAN_POINT ( 'NONE',  ( -3.399999999999995914, -75.93750000341398732, -2.380002022187964067E-14 ) ) ;
#1279 = CARTESIAN_POINT ( 'NONE',  ( -1.688575694911950142, -75.00000000170700787, 4.076582343749971749 ) ) ;
#1280 = CARTESIAN_POINT ( 'NONE',  ( -1.688575694911949698, -50.00000000170698655, 4.076582343749971749 ) ) ;
#1281 = CARTESIAN_POINT ( 'NONE',  ( -1.408326112068523317, -55.70312500341399442, 3.399999999999972378 ) ) ;
#1282 = CARTESIAN_POINT ( 'NONE',  ( -4.076582343749996618, -60.15625000170699366, 1.688575694911923053 ) ) ;
#1283 = CARTESIAN_POINT ( 'NONE',  ( 1.688575694911947922, -76.09375000170697945, 4.076582343749971749 ) ) ;
#1284 = DIRECTION ( 'NONE',  ( -0.000000000000000000, -1.000000000000000000, -0.000000000000000000 ) ) ;
#1285 = CARTESIAN_POINT ( 'NONE',  ( 1.408326112068522651, -50.54687500341398021, 3.399999999999972378 ) ) ;
#1286 = CARTESIAN_POINT ( 'NONE',  ( -3.399999999999995914, -69.68750000341398732, -2.380002022187964067E-14 ) ) ;
#1287 = CARTESIAN_POINT ( 'NONE',  ( -1.688575694911949698, -72.50000000170699366, 4.076582343749971749 ) ) ;
#1288 = CARTESIAN_POINT ( 'NONE',  ( -2.404163056034259061, -55.78125000341398021, 2.404163056034235080 ) ) ;
#1289 = CARTESIAN_POINT ( 'NONE',  ( 2.404163056034257728, -56.40625000000000711, 2.404163056034235968 ) ) ;
#1290 = FACE_OUTER_BOUND ( 'NONE', #4713, .T. ) ;
#1291 = DIRECTION ( 'NONE',  ( 0.000000000000000000, -0.5150380749100558209, -0.8571673007021113344 ) ) ;
#1292 = ORIENTED_EDGE ( 'NONE', *, *, #5852, .T. ) ;
#1293 = COORDINATED_UNIVERSAL_TIME_OFFSET ( 8, 0, .AHEAD. ) ;
#1294 = CARTESIAN_POINT ( 'NONE',  ( -2.404163056034259061, -52.96875000000000000, 2.404163056034235080 ) ) ;
#1295 = VERTEX_POINT ( 'NONE', #3486 ) ;
#1296 = CARTESIAN_POINT ( 'NONE',  ( -2.404163056034259061, -60.46875000000000000, 2.404163056034235080 ) ) ;
#1297 = CIRCLE ( 'NONE', #4513, 6.500000000000000000 ) ;
#1298 = CARTESIAN_POINT ( 'NONE',  ( -2.404163056034258172, -73.59375000341398732, -2.404163056034282153 ) ) ;
#1299 = LINE ( 'NONE', #272, #858 ) ;
#1300 = CARTESIAN_POINT ( 'NONE',  ( -4.076582343749995729, -67.57812500170699366, -2.388287766204294237E-14 ) ) ;
#1301 = CARTESIAN_POINT ( 'NONE',  ( 4.076582343749995729, -71.95312500170700787, -2.338364031016953865E-14 ) ) ;
#1302 = ORIENTED_EDGE ( 'NONE', *, *, #4416, .F. ) ;
#1303 = CARTESIAN_POINT ( 'NONE',  ( 1.408326112068522651, -59.29687500341398732, 3.399999999999972378 ) ) ;
#1304 = CARTESIAN_POINT ( 'NONE',  ( 2.496186759367024056E-16, -54.29687500170699366, -4.076582343750019710 ) ) ;
#1305 = EDGE_CURVE ( 'NONE', #4587, #895, #4380, .T. ) ;
#1306 = CARTESIAN_POINT ( 'NONE',  ( -1.408326112068523317, -71.64062500000000000, 3.399999999999972378 ) ) ;
#1307 = CARTESIAN_POINT ( 'NONE',  ( -7.488560278101070689E-16, -66.01562500170699366, 4.076582343749972637 ) ) ;
#1308 = CARTESIAN_POINT ( 'NONE',  ( 1.408326112068522651, -65.23437500000000000, 3.399999999999972378 ) ) ;
#1309 = CARTESIAN_POINT ( 'NONE',  ( -4.076582343749995729, -78.90625000170699366, -1.688575694911971015 ) ) ;
#1310 = CARTESIAN_POINT ( 'NONE',  ( -4.076582343749995729, -56.48437500170699366, -2.388287766204294237E-14 ) ) ;
#1311 = CC_DESIGN_APPROVAL ( #3293, ( #3075 ) ) ;
#1312 = CARTESIAN_POINT ( 'NONE',  ( -3.399999999999996358, -72.10937500341398732, 1.408326112068497560 ) ) ;
#1313 = CARTESIAN_POINT ( 'NONE',  ( 2.882579019330971715, -70.70312500170699366, -2.882579019330995251 ) ) ;
#1314 = CARTESIAN_POINT ( 'NONE',  ( -3.399999999999995914, -65.62500000000000000, -2.380002022187964067E-14 ) ) ;
#1315 = CARTESIAN_POINT ( 'NONE',  ( 4.076582343749994841, -52.18750000170698655, 1.688575694911926828 ) ) ;
#1316 = CARTESIAN_POINT ( 'NONE',  ( 3.399999999999995914, -51.56250000341398732, -2.338364031016953865E-14 ) ) ;
#1317 = CARTESIAN_POINT ( 'NONE',  ( 2.496186759367024056E-16, -55.54687500170699366, -4.076582343750019710 ) ) ;
#1318 = CARTESIAN_POINT ( 'NONE',  ( 2.496186759367024056E-16, -71.79687500170699366, -4.076582343750019710 ) ) ;
#1319 = CARTESIAN_POINT ( 'NONE',  ( 2.081899558550498061E-16, -62.50000000341399442, -3.400000000000019451 ) ) ;
#1320 = CARTESIAN_POINT ( 'NONE',  ( 2.081899558550498061E-16, -53.43750000000000000, -3.400000000000019451 ) ) ;
#1321 = CARTESIAN_POINT ( 'NONE',  ( -6.245698675651493936E-16, -69.37500000341398732, 3.399999999999972378 ) ) ;
#1322 = CARTESIAN_POINT ( 'NONE',  ( 1.688575694911947922, -66.09375000170699366, 4.076582343749971749 ) ) ;
#1323 = CARTESIAN_POINT ( 'NONE',  ( 4.163799117100996122E-16, -80.00000000000000000, 3.399999999999972378 ) ) ;
#1324 = CARTESIAN_POINT ( 'NONE',  ( 3.399999999999995026, -57.57812500000000000, 1.408326112068500224 ) ) ;
#1325 = CARTESIAN_POINT ( 'NONE',  ( -1.408326112068544189, -52.42187500341399442, -3.399999999999995914 ) ) ;
#1326 = ORIENTED_EDGE ( 'NONE', *, *, #1182, .F. ) ;
#1327 = CYLINDRICAL_SURFACE ( 'NONE', #4323, 3.399999999999995914 ) ;
#1328 = CARTESIAN_POINT ( 'NONE',  ( 0.000000000000000000, -80.00000000000000000, -2.338364031016953865E-14 ) ) ;
#1329 = VERTEX_POINT ( 'NONE', #516 ) ;
#1330 = CARTESIAN_POINT ( 'NONE',  ( 3.399999999999995914, -58.75000000000000000, -2.338364031016953865E-14 ) ) ;
#1331 = CARTESIAN_POINT ( 'NONE',  ( -6.245698675651493936E-16, -55.62500000341398732, 3.399999999999972378 ) ) ;
#1332 = CARTESIAN_POINT ( 'NONE',  ( 1.688575694911947922, -60.93750000170699366, 4.076582343749971749 ) ) ;
#1333 = CARTESIAN_POINT ( 'NONE',  ( 2.882579019330971715, -74.29687500170699366, -2.882579019330995251 ) ) ;
#1334 = CARTESIAN_POINT ( 'NONE',  ( -1.408326112068521319, -61.17187500341398021, -3.400000000000019007 ) ) ;
#1335 = CARTESIAN_POINT ( 'NONE',  ( 2.882579019330971715, -54.45312500170698655, -2.882579019330995251 ) ) ;
#1336 = CARTESIAN_POINT ( 'NONE',  ( -2.404163056034258172, -73.28125000000000000, -2.404163056034282153 ) ) ;
#1337 = CARTESIAN_POINT ( 'NONE',  ( 1.688575694911947922, -60.93750000170700076, 4.076582343749971749 ) ) ;
#1338 = CARTESIAN_POINT ( 'NONE',  ( -3.399999999999995914, -69.37500000000000000, -2.380002022187964067E-14 ) ) ;
#1340 = CARTESIAN_POINT ( 'NONE',  ( 4.076582343749995729, -76.87500000170700787, -1.688575694911970571 ) ) ;
#1339 =( BOUNDED_CURVE ( )  B_SPLINE_CURVE ( 2, ( #5590, #5170, #1122, #694, #3111, #623, #2623, #2686, #4608 ),
 .UNSPECIFIED., .F., .T. ) 
 B_SPLINE_CURVE_WITH_KNOTS ( ( 3, 2, 2, 2, 3 ),
 ( 0.4062500000000001110, 0.4114583333333334259, 0.4166666666666668517, 0.4218750000000001665, 0.4270833333333334814 ),
 .UNSPECIFIED. ) 
 CURVE ( )  GEOMETRIC_REPRESENTATION_ITEM ( )  RATIONAL_B_SPLINE_CURVE ( ( 0.9999999999999983347, 0.9238795325112884038, 1.000000000000000000, 0.9238795325112867385, 1.000000000000000000, 0.9238795325112867385, 1.000000000000000000, 0.9238795325112842960, 1.000000000000002442 ) ) 
 REPRESENTATION_ITEM ( '' )  );
#1341 = CARTESIAN_POINT ( 'NONE',  ( 1.688575694911947922, -54.84375000170698655, 4.076582343749971749 ) ) ;
#1342 = EDGE_CURVE ( 'NONE', #1266, #5348, #485, .T. ) ;
#1343 = CARTESIAN_POINT ( 'NONE',  ( 3.399999999999995914, -71.56250000341398732, -2.338364031016953865E-14 ) ) ;
#1344 = CARTESIAN_POINT ( 'NONE',  ( -2.882579019330972159, -68.82812500170697945, 2.882579019330947734 ) ) ;
#1345 = CARTESIAN_POINT ( 'NONE',  ( -2.404163056034258172, -65.78125000000000000, -2.404163056034282153 ) ) ;
#1346 = CARTESIAN_POINT ( 'NONE',  ( -1.688575694911949698, -74.84375000170699366, 4.076582343749971749 ) ) ;
#1347 = CARTESIAN_POINT ( 'NONE',  ( 3.399999999999995914, -50.31250000341398732, -2.338364031016953865E-14 ) ) ;
#1348 = CARTESIAN_POINT ( 'NONE',  ( 4.076582343749994841, -52.18750000170698655, 1.688575694911926828 ) ) ;
#1349 = CARTESIAN_POINT ( 'NONE',  ( 1.688575694911947922, -69.84375000170697945, 4.076582343749971749 ) ) ;
#1350 = ORIENTED_EDGE ( 'NONE', *, *, #893, .T. ) ;
#1351 = CARTESIAN_POINT ( 'NONE',  ( -6.245698675651493936E-16, -51.87500000341398021, 3.399999999999972378 ) ) ;
#1352 = EDGE_CURVE ( 'NONE', #3245, #6281, #6420, .T. ) ;
#1353 = EDGE_CURVE ( 'NONE', #441, #5116, #3215, .T. ) ;
#1354 = CYLINDRICAL_SURFACE ( 'NONE', #678, 3.399999999999995914 ) ;
#1355 = CARTESIAN_POINT ( 'NONE',  ( 3.399999999999995914, -67.81250000341398732, -2.338364031016953865E-14 ) ) ;
#1356 = CARTESIAN_POINT ( 'NONE',  ( 4.076582343749995729, -68.35937500170699366, -2.338364031016953865E-14 ) ) ;
#1357 = CARTESIAN_POINT ( 'NONE',  ( -2.404163056034258172, -78.28125000000000000, -2.404163056034282153 ) ) ;
#1358 = CARTESIAN_POINT ( 'NONE',  ( -6.245698675651493936E-16, -56.56250000000000000, 3.399999999999972378 ) ) ;
#1359 = DIRECTION ( 'NONE',  ( 0.000000000000000000, 0.000000000000000000, -1.000000000000000000 ) ) ;
#1360 = CARTESIAN_POINT ( 'NONE',  ( 3.399999999999995914, -78.98437500341398732, -1.408326112068545521 ) ) ;
#1361 = ORIENTED_EDGE ( 'NONE', *, *, #4548, .F. ) ;
#1362 = PERSON_AND_ORGANIZATION ( #5202, #2556 ) ;
#1363 = CARTESIAN_POINT ( 'NONE',  ( -6.245698675651493936E-16, -54.06250000000000000, 3.399999999999972378 ) ) ;
#1364 = CARTESIAN_POINT ( 'NONE',  ( 3.647928244992169944, -79.73924089959663775, -0.9595341859922023042 ) ) ;
#1365 = CARTESIAN_POINT ( 'NONE',  ( -1.408326112068521319, -52.10937500000000000, -3.400000000000019007 ) ) ;
#1366 = CARTESIAN_POINT ( 'NONE',  ( -6.245698675651493936E-16, -59.37500000341398732, 3.399999999999972378 ) ) ;
#1367 = CARTESIAN_POINT ( 'NONE',  ( -6.245698675651493936E-16, -75.62500000341398732, 3.399999999999972378 ) ) ;
#1368 = CARTESIAN_POINT ( 'NONE',  ( -1.688575694911950142, -59.84375000170699366, 4.076582343749971749 ) ) ;
#1369 = CARTESIAN_POINT ( 'NONE',  ( 4.076582343749995729, -68.20312500170699366, -2.338364031016953865E-14 ) ) ;
#1370 = ORIENTED_EDGE ( 'NONE', *, *, #4527, .T. ) ;
#1371 = CARTESIAN_POINT ( 'NONE',  ( -3.399999999999995914, -60.93750000341398021, -2.380002022187964067E-14 ) ) ;
#1372 = ADVANCED_FACE ( 'NONE', ( #2391 ), #5367, .F. ) ;
#1373 = CARTESIAN_POINT ( 'NONE',  ( 2.496186759367024056E-16, -56.79687500170699366, -4.076582343750019710 ) ) ;
#1374 = CARTESIAN_POINT ( 'NONE',  ( -1.408326112068523317, -66.64062500000001421, 3.399999999999972378 ) ) ;
#1375 = CARTESIAN_POINT ( 'NONE',  ( 2.882579019330970382, -60.85937500170699366, 2.882579019330949066 ) ) ;
#1376 = CARTESIAN_POINT ( 'NONE',  ( 3.399999999999995470, -66.17187500000000000, -1.408326112068545521 ) ) ;
#1377 = CARTESIAN_POINT ( 'NONE',  ( 1.688575694911947256, -75.46875000170699366, -4.076582343750019710 ) ) ;
#1378 = CARTESIAN_POINT ( 'NONE',  ( -2.882579019330970826, -56.64062500170699366, -2.882579019330995251 ) ) ;
#1379 = CARTESIAN_POINT ( 'NONE',  ( -3.399999999999996358, -75.85937500341398732, 1.408326112068497560 ) ) ;
#1380 = CARTESIAN_POINT ( 'NONE',  ( -1.688575694911950142, -70.00000000170700787, 4.076582343749971749 ) ) ;
#1381 = CARTESIAN_POINT ( 'NONE',  ( 1.688575694911947922, -77.18750000170699366, 4.076582343749971749 ) ) ;
#1382 = CARTESIAN_POINT ( 'NONE',  ( -1.408326112068521319, -52.42187500341399442, -3.400000000000019007 ) ) ;
#1383 = CARTESIAN_POINT ( 'NONE',  ( -2.882579019330972159, -52.57812500170699366, 2.882579019330947734 ) ) ;
#1384 = CARTESIAN_POINT ( 'NONE',  ( -1.688575694911946590, -69.21875000170702208, -4.076582343750018822 ) ) ;
#1385 = ORIENTED_EDGE ( 'NONE', *, *, #660, .F. ) ;
#1386 = CARTESIAN_POINT ( 'NONE',  ( 2.081899558550498061E-16, -70.00000000341398732, -3.400000000000019451 ) ) ;
#1387 = CARTESIAN_POINT ( 'NONE',  ( -2.404163056034259061, -56.71875000000000000, 2.404163056034235080 ) ) ;
#1388 = CARTESIAN_POINT ( 'NONE',  ( 2.496186759367024056E-16, -57.89062500170699366, -4.076582343750019710 ) ) ;
#1389 = ADVANCED_BREP_SHAPE_REPRESENTATION ( '\X2\740394f0\X0\-\X2\6746\X0\80', ( #6039, #3912 ), #3079 ) ;
#1390 = CARTESIAN_POINT ( 'NONE',  ( 3.399999999999995914, -66.56250000341398732, -2.338364031016953865E-14 ) ) ;
#1391 = CARTESIAN_POINT ( 'NONE',  ( 4.076582343749995729, -68.28125000170699366, -1.688575694911970571 ) ) ;
#1392 = CARTESIAN_POINT ( 'NONE',  ( -1.408326112068521763, -56.17187500341398732, -3.400000000000019451 ) ) ;
#1393 = CARTESIAN_POINT ( 'NONE',  ( 3.399999999999995914, -77.50000000000000000, -2.338364031016953865E-14 ) ) ;
#1394 = CARTESIAN_POINT ( 'NONE',  ( 3.399999999999995026, -52.89062500341398732, 1.408326112068500446 ) ) ;
#1395 = EDGE_CURVE ( 'NONE', #766, #668, #6250, .T. ) ;
#1396 = PERSON_AND_ORGANIZATION ( #5202, #2556 ) ;
#1397 = FACE_OUTER_BOUND ( 'NONE', #1037, .T. ) ;
#1398 = CARTESIAN_POINT ( 'NONE',  ( 1.408326112068521985, -51.01562500000000000, -3.400000000000019007 ) ) ;
#1399 = CARTESIAN_POINT ( 'NONE',  ( -6.245698675651493936E-16, -69.37500000341398732, 3.399999999999972378 ) ) ;
#1400 = CYLINDRICAL_SURFACE ( 'NONE', #2420, 3.399999999999995914 ) ;
#1401 = CARTESIAN_POINT ( 'NONE',  ( -1.688575694911950142, -61.09375000170701497, 4.076582343749971749 ) ) ;
#1402 = CARTESIAN_POINT ( 'NONE',  ( -4.076582343749995729, -70.15625000170699366, -1.688575694911971015 ) ) ;
#1403 = ORIENTED_EDGE ( 'NONE', *, *, #5979, .F. ) ;
#1404 = AXIS2_PLACEMENT_3D ( 'NONE', #1651, #3212, #5208 ) ;
#1405 = CARTESIAN_POINT ( 'NONE',  ( 2.882579019330971715, -56.95312500170698655, -2.882579019330995251 ) ) ;
#1406 = CARTESIAN_POINT ( 'NONE',  ( -3.399999999999995914, -69.37500000000000000, -2.380002022187964067E-14 ) ) ;
#1407 = CARTESIAN_POINT ( 'NONE',  ( 2.882579019330971715, -60.54687500170699366, -2.882579019330995251 ) ) ;
#1408 = CARTESIAN_POINT ( 'NONE',  ( 2.404163056034258616, -68.59375000000001421, -2.404163056034282153 ) ) ;
#1409 = CARTESIAN_POINT ( 'NONE',  ( 1.688575694911947922, -73.43750000170699366, 4.076582343749971749 ) ) ;
#1410 = CARTESIAN_POINT ( 'NONE',  ( -3.399999999999995470, -74.76562500341397310, -1.408326112068545521 ) ) ;
#1411 = CARTESIAN_POINT ( 'NONE',  ( 4.076582343749994841, -70.93750000170699366, 1.688575694911926828 ) ) ;
#1412 = CARTESIAN_POINT ( 'NONE',  ( -1.408326112068477354, -64.45312500341398732, 3.400000000000018119 ) ) ;
#1413 = CARTESIAN_POINT ( 'NONE',  ( 4.076582343749994841, -77.03125000170699366, 1.688575694911926828 ) ) ;
#1414 = CARTESIAN_POINT ( 'NONE',  ( 3.399999999999995470, -52.73437500341398021, -1.408326112068545521 ) ) ;
#1415 = CARTESIAN_POINT ( 'NONE',  ( -4.076582343749996618, -55.15625000170699366, 1.688575694911923053 ) ) ;
#1416 = CARTESIAN_POINT ( 'NONE',  ( -2.882579019330972159, -67.57812500170697945, 2.882579019330947734 ) ) ;
#1417 = ORIENTED_EDGE ( 'NONE', *, *, #3939, .T. ) ;
#1418 = CARTESIAN_POINT ( 'NONE',  ( 3.399999999999995914, -51.48437500341398732, -1.408326112068545521 ) ) ;
#1419 =( BOUNDED_CURVE ( )  B_SPLINE_CURVE ( 2, ( #1080, #584, #2645, #1113, #3582, #5096, #614, #2613, #4107 ),
 .UNSPECIFIED., .F., .T. ) 
 B_SPLINE_CURVE_WITH_KNOTS ( ( 3, 2, 2, 2, 3 ),
 ( 0.6979166666666665186, 0.7031249999999998890, 0.7083333333333332593, 0.7135416666666666297, 0.7187500000000000000 ),
 .UNSPECIFIED. ) 
 CURVE ( )  GEOMETRIC_REPRESENTATION_ITEM ( )  RATIONAL_B_SPLINE_CURVE ( ( 1.000000000000001554, 0.9238795325112850731, 1.000000000000000000, 0.9238795325112867385, 1.000000000000000000, 0.9238795325112867385, 1.000000000000000000, 0.9238795325112867385, 1.000000000000000000 ) ) 
 REPRESENTATION_ITEM ( '' )  );
#1420 = CARTESIAN_POINT ( 'NONE',  ( 2.081899558550498061E-16, -57.50000000341398732, -3.400000000000019451 ) ) ;
#1421 = CARTESIAN_POINT ( 'NONE',  ( 2.882579019330971715, -59.29687500170699366, -2.882579019330995251 ) ) ;
#1422 = CARTESIAN_POINT ( 'NONE',  ( 3.399999999999995026, -65.39062500341398732, 1.408326112068500224 ) ) ;
#1423 = CARTESIAN_POINT ( 'NONE',  ( -2.882579019330972159, -66.32812500170699366, 2.882579019330947734 ) ) ;
#1424 = CARTESIAN_POINT ( 'NONE',  ( 1.408326112068590819, -63.51562500000000711, -3.399999999999950173 ) ) ;
#1425 = LINE ( 'NONE', #5409, #4210 ) ;
#1426 = CARTESIAN_POINT ( 'NONE',  ( -6.245698675651493936E-16, -68.12500000341398732, 3.399999999999972378 ) ) ;
#1427 = VERTEX_POINT ( 'NONE', #1567 ) ;
#1428 = CARTESIAN_POINT ( 'NONE',  ( -3.399999999999995914, -55.62500000000000000, -2.380002022187964067E-14 ) ) ;
#1429 = CARTESIAN_POINT ( 'NONE',  ( 3.399999999999995026, -70.39062500341400153, 1.408326112068500446 ) ) ;
#1430 = DIRECTION ( 'NONE',  ( 0.000000000000000000, 0.000000000000000000, -1.000000000000000000 ) ) ;
#1431 =( BOUNDED_CURVE ( )  B_SPLINE_CURVE ( 2, ( #2084, #956, #3157, #675, #1695, #4442, #1478, #3802, #4719 ),
 .UNSPECIFIED., .F., .T. ) 
 B_SPLINE_CURVE_WITH_KNOTS ( ( 3, 2, 2, 2, 3 ),
 ( 0.3229166666666666852, 0.3281250000000000000, 0.3333333333333333703, 0.3385416666666667407, 0.3437500000000000555 ),
 .UNSPECIFIED. ) 
 CURVE ( )  GEOMETRIC_REPRESENTATION_ITEM ( )  RATIONAL_B_SPLINE_CURVE ( ( 1.000000000000000000, 0.9238795325112867385, 1.000000000000000000, 0.9238795325112867385, 1.000000000000000000, 0.9238795325112867385, 1.000000000000000000, 0.9238795325112859613, 1.000000000000000888 ) ) 
 REPRESENTATION_ITEM ( '' )  );
#1432 = CARTESIAN_POINT ( 'NONE',  ( -2.882579019330972159, -61.17187500170699366, 2.882579019330947734 ) ) ;
#1433 = CARTESIAN_POINT ( 'NONE',  ( -2.882579019330970826, -68.98437500170699366, -2.882579019330995251 ) ) ;
#1434 = ORIENTED_EDGE ( 'NONE', *, *, #2587, .F. ) ;
#1435 = ADVANCED_FACE ( 'NONE', ( #4595 ), #3879, .T. ) ;
#1436 = ORIENTED_EDGE ( 'NONE', *, *, #4085, .T. ) ;
#1437 = ADVANCED_FACE ( 'NONE', ( #3574 ), #1106, .F. ) ;
#1438 = CARTESIAN_POINT ( 'NONE',  ( -1.688575694911946590, -51.71875000170698655, -4.076582343750019710 ) ) ;
#1439 = EDGE_CURVE ( 'NONE', #4033, #5443, #3673, .T. ) ;
#1440 = CARTESIAN_POINT ( 'NONE',  ( 3.399999999999995026, -66.32812500000000000, 1.408326112068500224 ) ) ;
#1441 =( BOUNDED_CURVE ( )  B_SPLINE_CURVE ( 2, ( #1101, #2602, #3667, #5181, #6131, #5149, #300, #1264, #3281 ),
 .UNSPECIFIED., .F., .F. ) 
 B_SPLINE_CURVE_WITH_KNOTS ( ( 3, 2, 2, 2, 3 ),
 ( 0.9687500000000001110, 0.9739583333333334814, 0.9791666666666667407, 0.9843750000000001110, 0.9895833333333334814 ),
 .UNSPECIFIED. ) 
 CURVE ( )  GEOMETRIC_REPRESENTATION_ITEM ( )  RATIONAL_B_SPLINE_CURVE ( ( 0.9999999999999983347, 0.9238795325112884038, 1.000000000000000000, 0.9238795325112867385, 1.000000000000000000, 0.9238795325112867385, 1.000000000000000000, 0.9238795325112850731, 1.000000000000001554 ) ) 
 REPRESENTATION_ITEM ( '' )  );
#1442 = CARTESIAN_POINT ( 'NONE',  ( -2.882579019330970826, -58.98437500170699366, -2.882579019330995251 ) ) ;
#1443 = CARTESIAN_POINT ( 'NONE',  ( -3.399999999999995914, -65.62500000000000000, -2.380002022187964067E-14 ) ) ;
#1444 = CARTESIAN_POINT ( 'NONE',  ( 2.882579019330970382, -74.60937500170700787, 2.882579019330949066 ) ) ;
#1445 = CARTESIAN_POINT ( 'NONE',  ( -2.404163056034259061, -67.03125000341397310, 2.404163056034235080 ) ) ;
#1446 = CARTESIAN_POINT ( 'NONE',  ( 4.076582343749995729, -69.53125000170697945, -1.688575694911970571 ) ) ;
#1447 = CARTESIAN_POINT ( 'NONE',  ( 2.081899558550498061E-16, -68.43750000000000000, -3.400000000000019451 ) ) ;
#1448 = CARTESIAN_POINT ( 'NONE',  ( 4.076582343749994841, -74.53125000170697945, 1.688575694911926828 ) ) ;
#1449 = CARTESIAN_POINT ( 'NONE',  ( -3.399999999999995470, -49.76562500341398732, -1.408326112068545521 ) ) ;
#1450 = CARTESIAN_POINT ( 'NONE',  ( 4.076582343749994841, -53.43750000170699366, 1.688575694911926828 ) ) ;
#1451 = CARTESIAN_POINT ( 'NONE',  ( -4.076582343749995729, -68.98437500170699366, -2.388287766204294237E-14 ) ) ;
#1452 = ORIENTED_EDGE ( 'NONE', *, *, #1628, .T. ) ;
#1453 = CYLINDRICAL_SURFACE ( 'NONE', #771, 3.399999999999995914 ) ;
#1454 = CARTESIAN_POINT ( 'NONE',  ( -1.408326112068521763, -57.10937500000000711, -3.400000000000019451 ) ) ;
#1455 = CARTESIAN_POINT ( 'NONE',  ( -4.076582343749995729, -60.07812500170699366, -2.388287766204294237E-14 ) ) ;
#1456 = CARTESIAN_POINT ( 'NONE',  ( 3.399999999999995914, -65.31250000341398732, -2.338364031016953865E-14 ) ) ;
#1457 = CARTESIAN_POINT ( 'NONE',  ( 4.076582343749995729, -69.60937500170699366, -2.338364031016953865E-14 ) ) ;
#1458 = CARTESIAN_POINT ( 'NONE',  ( -1.408326112068523317, -70.70312500341397310, 3.399999999999971934 ) ) ;
#1459 = CARTESIAN_POINT ( 'NONE',  ( 2.081899558550498061E-16, -65.00000000341397310, -3.400000000000019451 ) ) ;
#1460 = CARTESIAN_POINT ( 'NONE',  ( 3.399999999999995914, -64.92187500000000000, -1.408326112068545521 ) ) ;
#1461 = CARTESIAN_POINT ( 'NONE',  ( 3.808651545348268472E-15, 1.329783579673954269E-29, 0.000000000000000000 ) ) ;
#1462 = CARTESIAN_POINT ( 'NONE',  ( 1.408326112068522651, -52.73437500000000000, 3.399999999999972378 ) ) ;
#1463 = CARTESIAN_POINT ( 'NONE',  ( 0.000000000000000000, 0.000000000000000000, 0.000000000000000000 ) ) ;
#1464 = CARTESIAN_POINT ( 'NONE',  ( 4.076582343749995729, -59.45312500170699366, -2.338364031016953865E-14 ) ) ;
#1465 = CARTESIAN_POINT ( 'NONE',  ( 2.882579019330971715, -69.29687500170699366, -2.882579019330995251 ) ) ;
#1466 = ORIENTED_EDGE ( 'NONE', *, *, #1353, .T. ) ;
#1467 = CARTESIAN_POINT ( 'NONE',  ( -7.488560278101070689E-16, -49.92187500170698655, 4.076582343749972637 ) ) ;
#1468 = CARTESIAN_POINT ( 'NONE',  ( -6.245698675651493936E-16, -69.06250000000000000, 3.399999999999972378 ) ) ;
#1469 =( BOUNDED_CURVE ( )  B_SPLINE_CURVE ( 2, ( #3243, #5242, #297, #1191, #1780, #1227, #2205, #264, #4223 ),
 .UNSPECIFIED., .F., .T. ) 
 B_SPLINE_CURVE_WITH_KNOTS ( ( 3, 2, 2, 2, 3 ),
 ( 0.2812500000000000000, 0.2864583333333333148, 0.2916666666666667407, 0.2968750000000000555, 0.3020833333333333703 ),
 .UNSPECIFIED. ) 
 CURVE ( )  GEOMETRIC_REPRESENTATION_ITEM ( )  RATIONAL_B_SPLINE_CURVE ( ( 1.000000000000000000, 0.9238795325112867385, 1.000000000000000000, 0.9238795325112867385, 1.000000000000000000, 0.9238795325112867385, 1.000000000000000000, 0.9238795325112859613, 1.000000000000000888 ) ) 
 REPRESENTATION_ITEM ( '' )  );
#1470 = CARTESIAN_POINT ( 'NONE',  ( 2.496186759367024056E-16, -61.64062500170699366, -4.076582343750019710 ) ) ;
#1471 = CARTESIAN_POINT ( 'NONE',  ( 1.408326112068522651, -61.48437500000001421, 3.399999999999972378 ) ) ;
#1472 = CARTESIAN_POINT ( 'NONE',  ( -4.076582343749996618, -75.00000000170700787, 1.688575694911923053 ) ) ;
#1473 = CARTESIAN_POINT ( 'NONE',  ( 1.408326112068522651, -68.04687500341398732, 3.399999999999972378 ) ) ;
#1474 = CARTESIAN_POINT ( 'NONE',  ( -7.488560278101070689E-16, -62.42187500170699366, 4.076582343749972637 ) ) ;
#1475 = CARTESIAN_POINT ( 'NONE',  ( 1.408326112068476244, -60.54687500341398732, 3.400000000000018563 ) ) ;
#1476 = CARTESIAN_POINT ( 'NONE',  ( -1.688575694911946590, -77.81250000170699366, -4.076582343750018822 ) ) ;
#1477 = CARTESIAN_POINT ( 'NONE',  ( -3.399999999999995914, -76.87500000000000000, -2.380002022187964067E-14 ) ) ;
#1478 = CARTESIAN_POINT ( 'NONE',  ( 2.404163056034258616, -68.90625000341397310, -2.404163056034282153 ) ) ;
#1479 = CARTESIAN_POINT ( 'NONE',  ( -1.688575694911949698, -65.00000000170700787, 4.076582343749971749 ) ) ;
#1480 = ORIENTED_EDGE ( 'NONE', *, *, #1829, .F. ) ;
#1481 = DIRECTION ( 'NONE',  ( -0.000000000000000000, -1.000000000000000000, -0.000000000000000000 ) ) ;
#1482 = CARTESIAN_POINT ( 'NONE',  ( 1.688575694911947256, -79.37500000170699366, -4.076582343750019710 ) ) ;
#1483 = CARTESIAN_POINT ( 'NONE',  ( 1.688575694911947922, -57.18750000170700076, 4.076582343749971749 ) ) ;
#1484 = CARTESIAN_POINT ( 'NONE',  ( 3.399999999999995470, -66.48437500341398732, -1.408326112068545521 ) ) ;
#1485 = CARTESIAN_POINT ( 'NONE',  ( 4.076582343749995729, -64.60937500170699366, -2.338364031016953865E-14 ) ) ;
#1486 = CARTESIAN_POINT ( 'NONE',  ( 0.000000000000000000, -1.902774812712059887E-15, -5.570079981371408481E-31 ) ) ;
#1487 = AXIS2_PLACEMENT_3D ( 'NONE', #5556, #2466, #5466 ) ;
#1488 = CARTESIAN_POINT ( 'NONE',  ( 2.081899558550498061E-16, -55.00000000341398732, -3.400000000000019451 ) ) ;
#1489 = CARTESIAN_POINT ( 'NONE',  ( 2.081899558550498061E-16, -61.25000000341398021, -3.400000000000019451 ) ) ;
#1490 = LINE ( 'NONE', #1000, #639 ) ;
#1491 = FACE_OUTER_BOUND ( 'NONE', #6301, .T. ) ;
#1492 = CARTESIAN_POINT ( 'NONE',  ( 3.399999999999995470, -53.67187500000000000, -1.408326112068545521 ) ) ;
#1493 = CARTESIAN_POINT ( 'NONE',  ( 1.408326112068522651, -56.48437500000001421, 3.399999999999971934 ) ) ;
#1494 = DIRECTION ( 'NONE',  ( 0.000000000000000000, 0.000000000000000000, -1.000000000000000000 ) ) ;
#1495 = CARTESIAN_POINT ( 'NONE',  ( -2.882579019330970826, -56.48437500170700076, -2.882579019330995251 ) ) ;
#1496 = CARTESIAN_POINT ( 'NONE',  ( -4.076582343749995729, -67.57812500170699366, -2.388287766204294237E-14 ) ) ;
#1497 = ORIENTED_EDGE ( 'NONE', *, *, #4700, .F. ) ;
#1498 = CARTESIAN_POINT ( 'NONE',  ( 3.399999999999995914, -77.73437500341398732, -1.408326112068545521 ) ) ;
#1499 = CARTESIAN_POINT ( 'NONE',  ( 1.408326112068522651, -68.98437500000000000, 3.399999999999972378 ) ) ;
#1500 = CARTESIAN_POINT ( 'NONE',  ( 4.076582343749994841, -54.53125000170699366, 1.688575694911926828 ) ) ;
#1501 = CARTESIAN_POINT ( 'NONE',  ( 3.399999999999995026, -60.07812499999999289, 1.408326112068500224 ) ) ;
#1502 = CARTESIAN_POINT ( 'NONE',  ( 1.688575694911947922, -72.18750000170699366, 4.076582343749971749 ) ) ;
#1503 = CARTESIAN_POINT ( 'NONE',  ( -2.404163056034258172, -68.59375000341398732, -2.404163056034282153 ) ) ;
#1504 = CARTESIAN_POINT ( 'NONE',  ( -4.076582343749995729, -66.56250000170699366, -1.688575694911971015 ) ) ;
#1505 = CARTESIAN_POINT ( 'NONE',  ( -3.399999999999996803, -68.04687500000000000, 1.408326112068497560 ) ) ;
#1506 = CARTESIAN_POINT ( 'NONE',  ( 1.688575694911947256, -72.96875000170697945, -4.076582343750018822 ) ) ;
#1507 = CARTESIAN_POINT ( 'NONE',  ( 1.408326112068521985, -78.51562500000001421, -3.400000000000019007 ) ) ;
#1508 = CARTESIAN_POINT ( 'NONE',  ( -3.399999999999995914, -78.12500000000000000, -2.380002022187964067E-14 ) ) ;
#1509 = CARTESIAN_POINT ( 'NONE',  ( -2.882579019330972159, -62.57812500170699366, 2.882579019330947734 ) ) ;
#1510 = CARTESIAN_POINT ( 'NONE',  ( -4.076582343749996618, -77.50000000170699366, 1.688575694911923053 ) ) ;
#1511 = CARTESIAN_POINT ( 'NONE',  ( -4.076582343749995729, -77.73437500170699366, -2.388287766204294237E-14 ) ) ;
#1512 = CARTESIAN_POINT ( 'NONE',  ( -4.076582343749995729, -58.90625000170700076, -1.688575694911971015 ) ) ;
#1513 = CARTESIAN_POINT ( 'NONE',  ( 2.081899558550498061E-16, -62.50000000341399442, -3.400000000000019451 ) ) ;
#1514 = CARTESIAN_POINT ( 'NONE',  ( -7.488560278101070689E-16, -64.92187500170697945, 4.076582343749972637 ) ) ;
#1515 = CARTESIAN_POINT ( 'NONE',  ( 1.688575694911947256, -78.12500000170700787, -4.076582343750018822 ) ) ;
#1516 = CARTESIAN_POINT ( 'NONE',  ( -2.404163056034259061, -72.96875000000000000, 2.404163056034235080 ) ) ;
#1517 = ADVANCED_FACE ( 'NONE', ( #1971 ), #3952, .F. ) ;
#1518 = AXIS2_PLACEMENT_3D ( 'NONE', #1976, #5789, #426 ) ;
#1519 = CARTESIAN_POINT ( 'NONE',  ( -1.408326112068523317, -51.95312500341398021, 3.399999999999972378 ) ) ;
#1520 = DATE_AND_TIME ( #5005, #6105 ) ;
#1521 = DIRECTION ( 'NONE',  ( -0.000000000000000000, -1.000000000000000000, -0.000000000000000000 ) ) ;
#1522 = CARTESIAN_POINT ( 'NONE',  ( 2.081899558550498061E-16, -78.75000000341398732, -3.400000000000019451 ) ) ;
#1523 = CARTESIAN_POINT ( 'NONE',  ( -6.245698675651493936E-16, -50.31249999999999289, 3.399999999999972378 ) ) ;
#1524 = CARTESIAN_POINT ( 'NONE',  ( 3.399999999999995026, -56.32812500000000000, 1.408326112068500446 ) ) ;
#1525 = CARTESIAN_POINT ( 'NONE',  ( -2.882579019330972159, -56.17187500170699366, 2.882579019330947734 ) ) ;
#1526 = CARTESIAN_POINT ( 'NONE',  ( -2.882579019330972159, -63.67187500170700076, 2.882579019330947734 ) ) ;
#1527 = VERTEX_POINT ( 'NONE', #2182 ) ;
#1528 = ORIENTED_EDGE ( 'NONE', *, *, #4700, .T. ) ;
#1529 = CARTESIAN_POINT ( 'NONE',  ( -3.399999999999995914, -57.26562500341398732, -1.408326112068545521 ) ) ;
#1530 = CARTESIAN_POINT ( 'NONE',  ( -3.399999999999995470, -64.45312500000000000, -1.408326112068545521 ) ) ;
#1531 = CARTESIAN_POINT ( 'NONE',  ( -4.076582343749995729, -56.32812500170699366, -2.388287766204294237E-14 ) ) ;
#1532 = CARTESIAN_POINT ( 'NONE',  ( -2.404163056034259061, -61.71875000000000000, 2.404163056034235080 ) ) ;
#1533 = CARTESIAN_POINT ( 'NONE',  ( 2.882579019330971715, -70.54687500170699366, -2.882579019330995251 ) ) ;
#1534 = CARTESIAN_POINT ( 'NONE',  ( 2.404163056034257728, -67.96875000341398732, 2.404163056034235968 ) ) ;
#1535 = CARTESIAN_POINT ( 'NONE',  ( -1.688575694911950142, -62.50000000170699366, 4.076582343749971749 ) ) ;
#1536 = CARTESIAN_POINT ( 'NONE',  ( 4.163799117100996122E-16, -80.00000000000000000, 3.399999999999972378 ) ) ;
#1537 = CARTESIAN_POINT ( 'NONE',  ( -7.488560278101070689E-16, -72.26562500170699366, 4.076582343749972637 ) ) ;
#1538 = CARTESIAN_POINT ( 'NONE',  ( -3.399999999999995470, -76.95312500000000000, -1.408326112068545521 ) ) ;
#1539 = CYLINDRICAL_SURFACE ( 'NONE', #5046, 3.399999999999995914 ) ;
#1540 = CARTESIAN_POINT ( 'NONE',  ( 4.076582343749994841, -67.18750000170699366, 1.688575694911926828 ) ) ;
#1541 = CARTESIAN_POINT ( 'NONE',  ( -7.488560278101070689E-16, -77.26562500170699366, 4.076582343749972637 ) ) ;
#1542 = CARTESIAN_POINT ( 'NONE',  ( 1.688575694911947256, -78.12500000170699366, -4.076582343750019710 ) ) ;
#1543 = CARTESIAN_POINT ( 'NONE',  ( -4.076582343749995729, -56.40625000170699366, -1.688575694911971015 ) ) ;
#1544 = CARTESIAN_POINT ( 'NONE',  ( -6.245698675651493936E-16, -63.12500000341398021, 3.399999999999972378 ) ) ;
#1545 = CARTESIAN_POINT ( 'NONE',  ( 2.882579019330970382, -64.76562500170699366, 2.882579019330949066 ) ) ;
#1546 = CARTESIAN_POINT ( 'NONE',  ( -6.245698675651493936E-16, -75.31250000000000000, 3.399999999999972378 ) ) ;
#1547 = EDGE_CURVE ( 'NONE', #1229, #2050, #4541, .T. ) ;
#1548 = CARTESIAN_POINT ( 'NONE',  ( -2.404163056034258172, -73.28125000000000000, -2.404163056034282153 ) ) ;
#1549 = CARTESIAN_POINT ( 'NONE',  ( 2.081899558550498061E-16, -55.00000000341398732, -3.400000000000019451 ) ) ;
#1550 = DIRECTION ( 'NONE',  ( -0.8660254037844389297, -0.4999999999999994449, -0.000000000000000000 ) ) ;
#1551 = CARTESIAN_POINT ( 'NONE',  ( 3.399999999999995470, -76.48437500341400153, -1.408326112068545521 ) ) ;
#1552 = CARTESIAN_POINT ( 'NONE',  ( 1.688575694911947256, -79.37500000170699366, -4.076582343750018822 ) ) ;
#1553 = DIRECTION ( 'NONE',  ( 6.982962677686266711E-15, -1.000000000000000000, 0.000000000000000000 ) ) ;
#1554 = CARTESIAN_POINT ( 'NONE',  ( 0.000000000000000000, -80.00000000000000000, -3.400000000000019451 ) ) ;
#1555 = CARTESIAN_POINT ( 'NONE',  ( 1.688575694911947256, -54.21875000170699366, -4.076582343750019710 ) ) ;
#1556 = CARTESIAN_POINT ( 'NONE',  ( 2.882579019330971715, -64.29687500170699366, -2.882579019330995251 ) ) ;
#1557 = VERTEX_POINT ( 'NONE', #637 ) ;
#1558 = FACE_OUTER_BOUND ( 'NONE', #4748, .T. ) ;
#1559 = ORIENTED_EDGE ( 'NONE', *, *, #3349, .F. ) ;
#1560 = CARTESIAN_POINT ( 'NONE',  ( 2.404163056034258616, -63.59375000000000711, -2.404163056034282153 ) ) ;
#1561 = CARTESIAN_POINT ( 'NONE',  ( 1.688575694911947256, -54.21875000170698655, -4.076582343750018822 ) ) ;
#1562 = CARTESIAN_POINT ( 'NONE',  ( 3.399999999999995914, -61.25000000000000000, -2.338364031016953865E-14 ) ) ;
#1563 = CARTESIAN_POINT ( 'NONE',  ( -2.882579019330972159, -69.92187500170699366, 2.882579019330947734 ) ) ;
#1564 = ADVANCED_FACE ( 'NONE', ( #4932 ), #4099, .F. ) ;
#1565 = CARTESIAN_POINT ( 'NONE',  ( 2.081899558550498061E-16, -68.75000000341398732, -3.400000000000019451 ) ) ;
#1566 = CARTESIAN_POINT ( 'NONE',  ( 4.076582343749995729, -64.53125000170699366, -1.688575694911970571 ) ) ;
#1567 = CARTESIAN_POINT ( 'NONE',  ( 2.081899558550498061E-16, -55.00000000341398732, -3.400000000000019451 ) ) ;
#1568 = CARTESIAN_POINT ( 'NONE',  ( 2.496186759367024056E-16, -70.39062500170699366, -4.076582343750019710 ) ) ;
#1569 = CARTESIAN_POINT ( 'NONE',  ( 2.081899558550498061E-16, -75.93750000000000000, -3.400000000000019451 ) ) ;
#1570 = CARTESIAN_POINT ( 'NONE',  ( -6.245698675651493936E-16, -52.81250000000000000, 3.399999999999972378 ) ) ;
#1571 = CARTESIAN_POINT ( 'NONE',  ( 1.688575694911947256, -64.37500000170700787, -4.076582343750018822 ) ) ;
#1572 = CARTESIAN_POINT ( 'NONE',  ( -1.408326112068523317, -55.39062500000000000, 3.399999999999971934 ) ) ;
#1573 = CARTESIAN_POINT ( 'NONE',  ( 4.076582343749994841, -77.18750000170699366, 1.688575694911926828 ) ) ;
#1574 = CARTESIAN_POINT ( 'NONE',  ( -2.882579019330970826, -55.23437500170700076, -2.882579019330995251 ) ) ;
#1575 = CARTESIAN_POINT ( 'NONE',  ( -1.408326112068521319, -63.67187500341397310, -3.400000000000019007 ) ) ;
#1576 = CARTESIAN_POINT ( 'NONE',  ( -1.688575694911949698, -61.25000000170700076, 4.076582343749971749 ) ) ;
#1577 = CARTESIAN_POINT ( 'NONE',  ( -1.688575694911946590, -79.21875000170700787, -4.076582343750018822 ) ) ;
#1578 = DIRECTION ( 'NONE',  ( 0.000000000000000000, 0.000000000000000000, -1.000000000000000000 ) ) ;
#1579 = PRODUCT ( '\X2\740394f0\X0\-\X2\6746\X0\80', '\X2\740394f0\X0\-\X2\6746\X0\80', '', ( #3829 ) ) ;
#1580 = CARTESIAN_POINT ( 'NONE',  ( -2.404163056034259061, -53.28125000341398021, 2.404163056034235080 ) ) ;
#1581 = EDGE_CURVE ( 'NONE', #4262, #5216, #5223, .T. ) ;
#1582 = CYLINDRICAL_SURFACE ( 'NONE', #1487, 3.399999999999995914 ) ;
#1583 = CARTESIAN_POINT ( 'NONE',  ( -3.399999999999995914, -74.68750000341398732, -2.380002022187964067E-14 ) ) ;
#1584 = AXIS2_PLACEMENT_3D ( 'NONE', #919, #5424, #3453 ) ;
#1585 = CARTESIAN_POINT ( 'NONE',  ( -2.882579019330970826, -76.64062500170697945, -2.882579019330995251 ) ) ;
#1586 = LINE ( 'NONE', #4579, #5051 ) ;
#1587 = CARTESIAN_POINT ( 'NONE',  ( 1.408326112068545299, -66.48437500000000000, 3.399999999999949285 ) ) ;
#1588 = CARTESIAN_POINT ( 'NONE',  ( 2.496186759367024056E-16, -52.89062500170699366, -4.076582343750019710 ) ) ;
#1589 = CARTESIAN_POINT ( 'NONE',  ( -1.688575694911949698, -63.59375000170700787, 4.076582343749971749 ) ) ;
#1590 = ORIENTED_EDGE ( 'NONE', *, *, #178, .T. ) ;
#1591 = VERTEX_POINT ( 'NONE', #6169 ) ;
#1592 = CARTESIAN_POINT ( 'NONE',  ( 0.000000000000000000, -80.00000000000000000, -2.341876692568689577E-14 ) ) ;
#1593 = ORIENTED_EDGE ( 'NONE', *, *, #5015, .F. ) ;
#1594 = CARTESIAN_POINT ( 'NONE',  ( -3.399999999999995470, -65.70312500000000000, -1.408326112068545521 ) ) ;
#1595 = CARTESIAN_POINT ( 'NONE',  ( 2.496186759367024056E-16, -57.89062500170699366, -4.076582343750019710 ) ) ;
#1596 = CARTESIAN_POINT ( 'NONE',  ( 2.404163056034257728, -74.21875000341398732, 2.404163056034235968 ) ) ;
#1597 = CARTESIAN_POINT ( 'NONE',  ( 1.688575694911947922, -70.93750000170699366, 4.076582343749971749 ) ) ;
#1598 = CARTESIAN_POINT ( 'NONE',  ( -1.408326112068523317, -65.70312500341398732, 3.399999999999972378 ) ) ;
#1599 = CARTESIAN_POINT ( 'NONE',  ( -4.076582343749996618, -65.15625000170699366, 1.688575694911923053 ) ) ;
#1600 = CARTESIAN_POINT ( 'NONE',  ( -2.288831143946557400, -79.48326849101360381, -2.668581166128694004 ) ) ;
#1601 = CARTESIAN_POINT ( 'NONE',  ( -1.688575694911946590, -69.06250000170699366, -4.076582343750018822 ) ) ;
#1602 = CARTESIAN_POINT ( 'NONE',  ( 2.081899558550498061E-16, -78.43750000000001421, -3.400000000000019451 ) ) ;
#1603 = CARTESIAN_POINT ( 'NONE',  ( 2.081899558550498061E-16, -60.93750000000000711, -3.400000000000019451 ) ) ;
#1604 = CARTESIAN_POINT ( 'NONE',  ( 4.076582343749995729, -63.28125000170699366, -1.688575694911970571 ) ) ;
#1605 = CARTESIAN_POINT ( 'NONE',  ( -1.688575694911949698, -72.34375000170699366, 4.076582343749971749 ) ) ;
#1606 = FACE_OUTER_BOUND ( 'NONE', #10, .T. ) ;
#1607 = CARTESIAN_POINT ( 'NONE',  ( -1.688575694911946590, -55.31250000170699366, -4.076582343750018822 ) ) ;
#1608 = CARTESIAN_POINT ( 'NONE',  ( -3.399999999999995470, -59.76562500341398021, -1.408326112068545521 ) ) ;
#1609 = CARTESIAN_POINT ( 'NONE',  ( -2.882579019330970826, -62.89062500170698655, -2.882579019330995251 ) ) ;
#1610 = CARTESIAN_POINT ( 'NONE',  ( -1.688575694911949698, -78.75000000170699366, 4.076582343749971749 ) ) ;
#1611 = CARTESIAN_POINT ( 'NONE',  ( 3.399999999999995026, -57.57812500000000000, 1.408326112068500446 ) ) ;
#1612 = CARTESIAN_POINT ( 'NONE',  ( -1.408326112068523317, -53.20312500341398732, 3.399999999999972378 ) ) ;
#1613 = DIRECTION ( 'NONE',  ( 0.000000000000000000, 0.000000000000000000, -1.000000000000000000 ) ) ;
#1614 = CARTESIAN_POINT ( 'NONE',  ( 2.404163056034257728, -77.96875000341398732, 2.404163056034235968 ) ) ;
#1615 = CARTESIAN_POINT ( 'NONE',  ( 2.882579019330970382, -78.51562500170699366, 2.882579019330949066 ) ) ;
#1616 = CARTESIAN_POINT ( 'NONE',  ( 1.408326112068522651, -54.29687500341398732, 3.399999999999971934 ) ) ;
#1617 = CARTESIAN_POINT ( 'NONE',  ( 3.399999999999995914, -66.17187500000000000, -1.408326112068545521 ) ) ;
#1618 = CARTESIAN_POINT ( 'NONE',  ( 4.076582343749995729, -55.62500000170698655, -1.688575694911970571 ) ) ;
#1619 = VERTEX_POINT ( 'NONE', #79 ) ;
#1620 =( BOUNDED_CURVE ( )  B_SPLINE_CURVE ( 2, ( #5929, #2919, #3377, #1394, #5830, #4387, #3343, #2856, #4352 ),
 .UNSPECIFIED., .F., .F. ) 
 B_SPLINE_CURVE_WITH_KNOTS ( ( 3, 2, 2, 2, 3 ),
 ( 0.8645833333333332593, 0.8697916666666665186, 0.8750000000000000000, 0.8802083333333334814, 0.8854166666666667407 ),
 .UNSPECIFIED. ) 
 CURVE ( )  GEOMETRIC_REPRESENTATION_ITEM ( )  RATIONAL_B_SPLINE_CURVE ( ( 1.000000000000001554, 0.9238795325112850731, 1.000000000000000000, 0.9238795325112867385, 1.000000000000000000, 0.9238795325112867385, 1.000000000000000000, 0.9238795325112850731, 1.000000000000001554 ) ) 
 REPRESENTATION_ITEM ( '' )  );
#1621 = ORIENTED_EDGE ( 'NONE', *, *, #4021, .T. ) ;
#1622 = CARTESIAN_POINT ( 'NONE',  ( 2.081899558550498061E-16, -75.93750000000000000, -3.400000000000019451 ) ) ;
#1623 = ORIENTED_EDGE ( 'NONE', *, *, #6053, .T. ) ;
#1624 = CARTESIAN_POINT ( 'NONE',  ( 3.399999999999995914, -63.75000000000000000, -2.338364031016953865E-14 ) ) ;
#1625 = CARTESIAN_POINT ( 'NONE',  ( -2.882579019330972159, -56.17187500170699366, 2.882579019330947734 ) ) ;
#1626 = CARTESIAN_POINT ( 'NONE',  ( -4.076582343749995729, -50.31250000170699366, -1.688575694911971015 ) ) ;
#1627 = CARTESIAN_POINT ( 'NONE',  ( -4.076582343749995729, -71.40625000170699366, -1.688575694911971015 ) ) ;
#1628 = EDGE_CURVE ( 'NONE', #5348, #4820, #1431, .T. ) ;
#1629 = EDGE_CURVE ( 'NONE', #2426, #3220, #4294, .T. ) ;
#1630 = CARTESIAN_POINT ( 'NONE',  ( 2.404163056034258616, -66.40625000341398732, -2.404163056034282153 ) ) ;
#1631 = EDGE_CURVE ( 'NONE', #1233, #4127, #1299, .T. ) ;
#1632 = CARTESIAN_POINT ( 'NONE',  ( -4.076582343749995729, -59.06250000170699366, -1.688575694911971015 ) ) ;
#1633 = CARTESIAN_POINT ( 'NONE',  ( 1.408326112068522651, -76.48437500000000000, 3.399999999999972378 ) ) ;
#1634 = CARTESIAN_POINT ( 'NONE',  ( 4.076582343749995729, -71.95312500170700787, -2.338364031016953865E-14 ) ) ;
#1635 = CARTESIAN_POINT ( 'NONE',  ( -1.408326112068521319, -73.35937499999998579, -3.400000000000019007 ) ) ;
#1636 = DIRECTION ( 'NONE',  ( -0.000000000000000000, -1.000000000000000000, -0.000000000000000000 ) ) ;
#1637 = CARTESIAN_POINT ( 'NONE',  ( 4.076582343749995729, -59.53125000170699366, -1.688575694911970571 ) ) ;
#1638 = CARTESIAN_POINT ( 'NONE',  ( 4.076582343749994841, -72.03125000170699366, 1.688575694911926828 ) ) ;
#1639 =( BOUNDED_CURVE ( )  B_SPLINE_CURVE ( 2, ( #162, #6352, #4153, #1836, #2323, #1870, #3659, #5816, #3814 ),
 .UNSPECIFIED., .F., .F. ) 
 B_SPLINE_CURVE_WITH_KNOTS ( ( 3, 2, 2, 2, 3 ),
 ( 0.5520833333333330373, 0.5572916666666664076, 0.5624999999999997780, 0.5677083333333332593, 0.5729166666666666297 ),
 .UNSPECIFIED. ) 
 CURVE ( )  GEOMETRIC_REPRESENTATION_ITEM ( )  RATIONAL_B_SPLINE_CURVE ( ( 1.000000000000004885, 0.9238795325112818535, 1.000000000000000000, 0.9238795325112867385, 1.000000000000000000, 0.9238795325112867385, 1.000000000000000000, 0.9238795325112867385, 1.000000000000000000 ) ) 
 REPRESENTATION_ITEM ( '' )  );
#1640 = CARTESIAN_POINT ( 'NONE',  ( -1.688575694911946590, -50.31250000170699366, -4.076582343750018822 ) ) ;
#1641 = CARTESIAN_POINT ( 'NONE',  ( -2.882579019330972159, -73.82812500170699366, 2.882579019330947734 ) ) ;
#1642 = CARTESIAN_POINT ( 'NONE',  ( 4.076582343749995729, -53.20312500170700076, -2.338364031016953865E-14 ) ) ;
#1643 = CARTESIAN_POINT ( 'NONE',  ( -3.399999999999996358, -63.35937500341398732, 1.408326112068497560 ) ) ;
#1644 = CARTESIAN_POINT ( 'NONE',  ( -2.882579019330970826, -56.64062500170699366, -2.882579019330995251 ) ) ;
#1645 = CARTESIAN_POINT ( 'NONE',  ( -4.076582343749995729, -77.73437500170699366, -2.388287766204294237E-14 ) ) ;
#1646 = DIRECTION ( 'NONE',  ( -0.000000000000000000, 1.000000000000000000, 2.927345865710861972E-16 ) ) ;
#1647 = CARTESIAN_POINT ( 'NONE',  ( 3.399999999999995470, -55.23437500341397310, -1.408326112068545521 ) ) ;
#1648 = CARTESIAN_POINT ( 'NONE',  ( 1.408326112068510438, -69.76562500000000000, -3.400000000000030553 ) ) ;
#1649 = CARTESIAN_POINT ( 'NONE',  ( -2.404163056034258172, -74.84375000341397310, -2.404163056034282153 ) ) ;
#1650 = CARTESIAN_POINT ( 'NONE',  ( -3.399999999999996358, -50.54687500000001421, 1.408326112068497560 ) ) ;
#1651 = CARTESIAN_POINT ( 'NONE',  ( 0.000000000000000000, -80.00000000000000000, -2.338364031016953865E-14 ) ) ;
#1652 = CYLINDRICAL_SURFACE ( 'NONE', #1720, 3.399999999999995914 ) ;
#1653 = CYLINDRICAL_SURFACE ( 'NONE', #2231, 3.399999999999995914 ) ;
#1654 = ORIENTED_EDGE ( 'NONE', *, *, #5305, .T. ) ;
#1655 = VERTEX_POINT ( 'NONE', #6270 ) ;
#1656 = DIRECTION ( 'NONE',  ( 6.982962677686266711E-15, -1.000000000000000000, 0.000000000000000000 ) ) ;
#1657 = CARTESIAN_POINT ( 'NONE',  ( -1.408326112068523317, -51.64062500000000000, 3.399999999999972378 ) ) ;
#1658 = AXIS2_PLACEMENT_3D ( 'NONE', #1461, #6371, #971 ) ;
#1659 = ORIENTED_EDGE ( 'NONE', *, *, #4657, .F. ) ;
#1660 = CARTESIAN_POINT ( 'NONE',  ( 1.408326112068522651, -62.73437500000000711, 3.399999999999972378 ) ) ;
#1661 = CARTESIAN_POINT ( 'NONE',  ( -4.076582343749996618, -50.00000000170699366, 1.688575694911923053 ) ) ;
#1662 = CARTESIAN_POINT ( 'NONE',  ( 3.399999999999995914, -67.73437500341398732, -1.408326112068545521 ) ) ;
#1663 = CARTESIAN_POINT ( 'NONE',  ( 4.076582343749994841, -65.78125000170699366, 1.688575694911926828 ) ) ;
#1664 =( BOUNDED_CURVE ( )  B_SPLINE_CURVE ( 2, ( #5113, #5658, #4190, #1684, #2690, #4614, #2235, #1717, #1258 ),
 .UNSPECIFIED., .F., .T. ) 
 B_SPLINE_CURVE_WITH_KNOTS ( ( 3, 2, 2, 2, 3 ),
 ( 0.5937500000000000000, 0.5989583333333332593, 0.6041666666666665186, 0.6093749999999997780, 0.6145833333333331483 ),
 .UNSPECIFIED. ) 
 CURVE ( )  GEOMETRIC_REPRESENTATION_ITEM ( )  RATIONAL_B_SPLINE_CURVE ( ( 1.000000000000000000, 0.9238795325112867385, 1.000000000000000000, 0.9238795325112867385, 1.000000000000000000, 0.9238795325112867385, 1.000000000000000000, 0.9238795325112899581, 0.9999999999999967804 ) ) 
 REPRESENTATION_ITEM ( '' )  );
#1665 = CARTESIAN_POINT ( 'NONE',  ( -3.399999999999996358, -65.85937500341398732, 1.408326112068497560 ) ) ;
#1666 = CARTESIAN_POINT ( 'NONE',  ( -1.688575694911950142, -57.50000000170699366, 4.076582343749971749 ) ) ;
#1667 = CARTESIAN_POINT ( 'NONE',  ( -2.404163056034259061, -76.71875000000000000, 2.404163056034235080 ) ) ;
#1668 = CARTESIAN_POINT ( 'NONE',  ( -2.882579019330972159, -67.42187500170699366, 2.882579019330947734 ) ) ;
#1669 = CARTESIAN_POINT ( 'NONE',  ( -1.408326112068521319, -70.85937500000000000, -3.400000000000019007 ) ) ;
#1670 = CARTESIAN_POINT ( 'NONE',  ( -6.245698675651493936E-16, -74.37500000341398732, 3.399999999999972378 ) ) ;
#1671 = CARTESIAN_POINT ( 'NONE',  ( -2.882579019330972159, -60.07812500170699366, 2.882579019330947734 ) ) ;
#1672 = CARTESIAN_POINT ( 'NONE',  ( -2.882579019330972159, -71.17187500170699366, 2.882579019330947734 ) ) ;
#1673 = CARTESIAN_POINT ( 'NONE',  ( -3.399999999999995470, -78.51562500341398732, -1.408326112068545521 ) ) ;
#1674 = CARTESIAN_POINT ( 'NONE',  ( -4.076582343749995729, -76.56250000170699366, -1.688575694911971015 ) ) ;
#1675 = CARTESIAN_POINT ( 'NONE',  ( 1.688575694911947256, -54.21875000170698655, -4.076582343750018822 ) ) ;
#1676 = CARTESIAN_POINT ( 'NONE',  ( -2.404163056034258172, -57.34375000341398021, -2.404163056034282153 ) ) ;
#1677 = CARTESIAN_POINT ( 'NONE',  ( 1.688575694911947922, -58.59375000170700076, 4.076582343749971749 ) ) ;
#1678 = CARTESIAN_POINT ( 'NONE',  ( -7.488560278101070689E-16, -72.42187500170699366, 4.076582343749972637 ) ) ;
#1679 = DIRECTION ( 'NONE',  ( 0.000000000000000000, 0.000000000000000000, -1.000000000000000000 ) ) ;
#1680 = DIRECTION ( 'NONE',  ( 0.000000000000000000, 0.000000000000000000, -1.000000000000000000 ) ) ;
#1681 =( BOUNDED_CURVE ( )  B_SPLINE_CURVE ( 2, ( #5631, #4653, #1231, #4620, #3600 ),
 .UNSPECIFIED., .F., .T. ) 
 B_SPLINE_CURVE_WITH_KNOTS ( ( 3, 2, 3 ),
 ( 0.9895833333333334814, 0.9947916666666667407, 1.000000000000000000 ),
 .UNSPECIFIED. ) 
 CURVE ( )  GEOMETRIC_REPRESENTATION_ITEM ( )  RATIONAL_B_SPLINE_CURVE ( ( 0.9999999999999983347, 0.9238795325112884038, 1.000000000000000000, 0.9238795325112867385, 1.000000000000000000 ) ) 
 REPRESENTATION_ITEM ( '' )  );
#1682 = CARTESIAN_POINT ( 'NONE',  ( -3.399999999999996358, -73.35937500341398732, 1.408326112068497560 ) ) ;
#1683 = CARTESIAN_POINT ( 'NONE',  ( 4.076582343749995729, -74.53125000170697945, -1.688575694911970571 ) ) ;
#1684 = CARTESIAN_POINT ( 'NONE',  ( -3.399999999999995914, -61.95312500000000000, -1.408326112068545521 ) ) ;
#1685 = CARTESIAN_POINT ( 'NONE',  ( -2.404163056034258172, -64.53125000000000000, -2.404163056034282153 ) ) ;
#1686 = CARTESIAN_POINT ( 'NONE',  ( 3.399999999999995026, -63.82812500000000000, 1.408326112068500446 ) ) ;
#1687 = CARTESIAN_POINT ( 'NONE',  ( 1.688575694911947922, -52.18750000170699366, 4.076582343749971749 ) ) ;
#1688 = ORIENTED_EDGE ( 'NONE', *, *, #4370, .T. ) ;
#1689 = ORIENTED_EDGE ( 'NONE', *, *, #4172, .F. ) ;
#1690 = DIRECTION ( 'NONE',  ( 0.000000000000000000, 0.000000000000000000, -1.000000000000000000 ) ) ;
#1691 = CARTESIAN_POINT ( 'NONE',  ( 2.081899558550498061E-16, -77.50000000341398732, -3.400000000000019451 ) ) ;
#1692 = VERTEX_POINT ( 'NONE', #239 ) ;
#1693 = CARTESIAN_POINT ( 'NONE',  ( 3.399999999999995914, -56.25000000000000000, -2.338364031016953865E-14 ) ) ;
#1694 = CARTESIAN_POINT ( 'NONE',  ( 4.076582343749995729, -53.12500000170698655, -1.688575694911970571 ) ) ;
#1695 = CARTESIAN_POINT ( 'NONE',  ( 3.399999999999995914, -69.06250000341398732, -2.338364031016953865E-14 ) ) ;
#1696 = CARTESIAN_POINT ( 'NONE',  ( 2.496186759367024056E-16, -65.39062500170699366, -4.076582343750019710 ) ) ;
#1697 = VECTOR ( 'NONE', #500, 1000.000000000000000 ) ;
#1698 = CARTESIAN_POINT ( 'NONE',  ( 3.399999999999995470, -61.48437500341398732, -1.408326112068545521 ) ) ;
#1699 = CARTESIAN_POINT ( 'NONE',  ( 4.076582343749994841, -57.18750000170699366, 1.688575694911926828 ) ) ;
#1700 = CARTESIAN_POINT ( 'NONE',  ( -6.245698675651493936E-16, -71.56250000000000000, 3.399999999999972378 ) ) ;
#1701 = CARTESIAN_POINT ( 'NONE',  ( 2.882579019330970382, -68.35937500170699366, 2.882579019330949066 ) ) ;
#1702 = CARTESIAN_POINT ( 'NONE',  ( 1.408326112068521985, -72.26562500000000000, -3.400000000000019007 ) ) ;
#1703 = CARTESIAN_POINT ( 'NONE',  ( 2.081899558550498061E-16, -78.43750000000001421, -3.400000000000019451 ) ) ;
#1704 = EDGE_CURVE ( 'NONE', #4814, #4161, #5283, .T. ) ;
#1705 = CARTESIAN_POINT ( 'NONE',  ( -1.688575694911949698, -57.50000000170699366, 4.076582343749971749 ) ) ;
#1706 = CARTESIAN_POINT ( 'NONE',  ( -2.404163056034258172, -77.34375000341398732, -2.404163056034282153 ) ) ;
#1707 = CARTESIAN_POINT ( 'NONE',  ( 2.496186759367024056E-16, -75.54687500170699366, -4.076582343750019710 ) ) ;
#1708 = CARTESIAN_POINT ( 'NONE',  ( 2.882579019330971715, -51.95312500170699366, -2.882579019330995251 ) ) ;
#1709 = CARTESIAN_POINT ( 'NONE',  ( 2.404163056034258616, -57.65625000341398021, -2.404163056034282153 ) ) ;
#1710 = CARTESIAN_POINT ( 'NONE',  ( -1.688575694911949698, -57.50000000170699366, 4.076582343749971749 ) ) ;
#1711 = CARTESIAN_POINT ( 'NONE',  ( 4.076582343749995729, -77.10937500170699366, -2.338364031016953865E-14 ) ) ;
#1712 = DIRECTION ( 'NONE',  ( -0.000000000000000000, -1.000000000000000000, -0.000000000000000000 ) ) ;
#1713 = CARTESIAN_POINT ( 'NONE',  ( -2.404163056034259061, -50.78125000341398732, 2.404163056034235080 ) ) ;
#1714 =( BOUNDED_CURVE ( )  B_SPLINE_CURVE ( 2, ( #4782, #3706, #805, #2214, #4259, #4290, #2764, #838, #2274 ),
 .UNSPECIFIED., .F., .F. ) 
 B_SPLINE_CURVE_WITH_KNOTS ( ( 3, 2, 2, 2, 3 ),
 ( 0.7395833333333332593, 0.7447916666666665186, 0.7500000000000000000, 0.7552083333333333703, 0.7604166666666666297 ),
 .UNSPECIFIED. ) 
 CURVE ( )  GEOMETRIC_REPRESENTATION_ITEM ( )  RATIONAL_B_SPLINE_CURVE ( ( 1.000000000000001554, 0.9238795325112850731, 1.000000000000000000, 0.9238795325112867385, 1.000000000000000000, 0.9238795325112867385, 1.000000000000000000, 0.9238795325112867385, 1.000000000000000000 ) ) 
 REPRESENTATION_ITEM ( '' )  );
#1715 = CARTESIAN_POINT ( 'NONE',  ( 2.404163056034257728, -71.71875000341398732, 2.404163056034235968 ) ) ;
#1716 = CARTESIAN_POINT ( 'NONE',  ( -4.076582343749996618, -71.40625000170697945, 1.688575694911923053 ) ) ;
#1717 = CARTESIAN_POINT ( 'NONE',  ( -1.408326112068569280, -61.64062500000000711, 3.399999999999925304 ) ) ;
#1718 = CARTESIAN_POINT ( 'NONE',  ( 2.404163056034257728, -55.15625000000000711, 2.404163056034235968 ) ) ;
#1719 = CARTESIAN_POINT ( 'NONE',  ( -3.399999999999995914, -52.18750000341398732, -2.380002022187964067E-14 ) ) ;
#1720 = AXIS2_PLACEMENT_3D ( 'NONE', #3629, #4058, #1159 ) ;
#1721 = CARTESIAN_POINT ( 'NONE',  ( -2.882579019330970826, -52.73437500170699366, -2.882579019330995251 ) ) ;
#1722 = EDGE_CURVE ( 'NONE', #508, #1619, #2309, .T. ) ;
#1723 = ORIENTED_EDGE ( 'NONE', *, *, #1305, .F. ) ;
#1724 = ORIENTED_EDGE ( 'NONE', *, *, #3671, .T. ) ;
#1725 = LINE ( 'NONE', #3218, #573 ) ;
#1726 = CARTESIAN_POINT ( 'NONE',  ( 1.408326112068522651, -50.23437500000000000, 3.399999999999972378 ) ) ;
#1727 = ORIENTED_EDGE ( 'NONE', *, *, #5102, .F. ) ;
#1728 = CARTESIAN_POINT ( 'NONE',  ( 1.408326112068522651, -60.23437500000000000, 3.399999999999972378 ) ) ;
#1729 = CARTESIAN_POINT ( 'NONE',  ( -4.076582343749995729, -52.65625000170700076, -1.688575694911971015 ) ) ;
#1730 = CARTESIAN_POINT ( 'NONE',  ( 0.000000000000000000, -1.902774812712059887E-15, 6.499999999999999112 ) ) ;
#1731 = CARTESIAN_POINT ( 'NONE',  ( -4.076582343749995729, -65.15625000170699366, -1.688575694911971015 ) ) ;
#1732 = CARTESIAN_POINT ( 'NONE',  ( 1.408326112068522651, -64.29687500341398732, 3.399999999999972378 ) ) ;
#1733 = CARTESIAN_POINT ( 'NONE',  ( -4.076582343749995729, -61.56250000170698655, -1.688575694911971015 ) ) ;
#1734 = CARTESIAN_POINT ( 'NONE',  ( 3.399999999999995470, -74.92187499999998579, -1.408326112068545521 ) ) ;
#1735 = CARTESIAN_POINT ( 'NONE',  ( -1.688575694911946590, -67.81250000170699366, -4.076582343750018822 ) ) ;
#1736 = CARTESIAN_POINT ( 'NONE',  ( -3.399999999999995914, -71.87500000000000000, -2.380002022187964067E-14 ) ) ;
#1737 = CARTESIAN_POINT ( 'NONE',  ( -3.399999999999996803, -58.04687500000000000, 1.408326112068497560 ) ) ;
#1738 = CARTESIAN_POINT ( 'NONE',  ( -2.882579019330970826, -61.64062500170698655, -2.882579019330995251 ) ) ;
#1739 = CARTESIAN_POINT ( 'NONE',  ( 1.688575694911947256, -50.46875000170698655, -4.076582343750018822 ) ) ;
#1740 = CARTESIAN_POINT ( 'NONE',  ( 2.882579019330970382, -73.51562500170699366, 2.882579019330949066 ) ) ;
#1741 = CARTESIAN_POINT ( 'NONE',  ( 1.688575694911947256, -53.12500000170698655, -4.076582343750018822 ) ) ;
#1742 = CARTESIAN_POINT ( 'NONE',  ( -3.399999999999996358, -54.60937500341398732, 1.408326112068497560 ) ) ;
#1743 = CARTESIAN_POINT ( 'NONE',  ( 2.496186759367024056E-16, -56.79687500170699366, -4.076582343750019710 ) ) ;
#1744 = CARTESIAN_POINT ( 'NONE',  ( 2.882579019330971715, -76.95312500170699366, -2.882579019330995251 ) ) ;
#1745 = LINE ( 'NONE', #6120, #2128 ) ;
#1746 = DIRECTION ( 'NONE',  ( -0.000000000000000000, -1.000000000000000000, -0.000000000000000000 ) ) ;
#1747 = CARTESIAN_POINT ( 'NONE',  ( -1.408326112068521319, -73.67187500341398732, -3.400000000000019007 ) ) ;
#1748 = CARTESIAN_POINT ( 'NONE',  ( -2.882579019330970826, -75.39062500170697945, -2.882579019330995251 ) ) ;
#1749 = CARTESIAN_POINT ( 'NONE',  ( 2.404163056034257728, -54.21875000341398732, 2.404163056034235968 ) ) ;
#1750 = CARTESIAN_POINT ( 'NONE',  ( 2.404163056034258616, -56.09375000000000000, -2.404163056034282153 ) ) ;
#1751 = CARTESIAN_POINT ( 'NONE',  ( -1.408326112068490232, -76.17187500341400153, -3.400000000000050981 ) ) ;
#1752 = CARTESIAN_POINT ( 'NONE',  ( 0.000000000000000000, -50.00000000000000000, -2.338364031016953865E-14 ) ) ;
#1753 = ORIENTED_EDGE ( 'NONE', *, *, #4135, .T. ) ;
#1754 = APPROVAL_ROLE ( '' ) ;
#1755 = CARTESIAN_POINT ( 'NONE',  ( 1.408326112068522651, -53.98437500000000711, 3.399999999999972378 ) ) ;
#1756 = EDGE_LOOP ( 'NONE', ( #299, #2047, #3120, #3354 ) ) ;
#1757 = CARTESIAN_POINT ( 'NONE',  ( -1.408326112068523317, -60.39062500000000711, 3.399999999999972378 ) ) ;
#1758 = CARTESIAN_POINT ( 'NONE',  ( -2.882579019330970826, -52.73437500170699366, -2.882579019330995251 ) ) ;
#1759 = CARTESIAN_POINT ( 'NONE',  ( -6.245698675651493936E-16, -75.31250000000000000, 3.399999999999972378 ) ) ;
#1760 = CARTESIAN_POINT ( 'NONE',  ( -1.688575694911950142, -63.59375000170700076, 4.076582343749971749 ) ) ;
#1761 = CARTESIAN_POINT ( 'NONE',  ( -3.399999999999995914, -57.18750000341398021, -2.380002022187964067E-14 ) ) ;
#1762 = CARTESIAN_POINT ( 'NONE',  ( -2.882579019330972159, -58.82812500170699366, 2.882579019330947734 ) ) ;
#1763 = CARTESIAN_POINT ( 'NONE',  ( -1.408326112068521319, -75.85937500000000000, -3.400000000000019007 ) ) ;
#1764 = CARTESIAN_POINT ( 'NONE',  ( -4.076582343749996618, -68.75000000170699366, 1.688575694911923053 ) ) ;
#1765 = CARTESIAN_POINT ( 'NONE',  ( 2.404163056034258616, -73.59375000000000000, -2.404163056034282153 ) ) ;
#1766 = CARTESIAN_POINT ( 'NONE',  ( 2.404163056034258616, -78.59375000000000000, -2.404163056034282153 ) ) ;
#1767 = CARTESIAN_POINT ( 'NONE',  ( 4.076582343749995729, -62.10937500170699366, -2.338364031016953865E-14 ) ) ;
#1768 = CARTESIAN_POINT ( 'NONE',  ( 2.404163056034257728, -77.96875000341398732, 2.404163056034235968 ) ) ;
#1769 = CARTESIAN_POINT ( 'NONE',  ( -4.076582343749995729, -72.73437500170697945, -2.388287766204294237E-14 ) ) ;
#1770 = CARTESIAN_POINT ( 'NONE',  ( 1.688575694911947256, -50.62500000170698655, -4.076582343750018822 ) ) ;
#1771 = CARTESIAN_POINT ( 'NONE',  ( -3.399999999999996358, -57.10937500341398021, 1.408326112068497560 ) ) ;
#1772 = CARTESIAN_POINT ( 'NONE',  ( -7.488560278101070689E-16, -59.92187500170699366, 4.076582343749972637 ) ) ;
#1773 = CARTESIAN_POINT ( 'NONE',  ( -1.688575694911949698, -75.00000000170702208, 4.076582343749971749 ) ) ;
#1774 = CARTESIAN_POINT ( 'NONE',  ( 4.163799117100996122E-16, -80.00000000000000000, 3.399999999999972378 ) ) ;
#1775 = CARTESIAN_POINT ( 'NONE',  ( -6.245698675651493936E-16, -49.37500000341398021, 3.399999999999972378 ) ) ;
#1776 = CARTESIAN_POINT ( 'NONE',  ( 2.081899558550498061E-16, -70.00000000341398732, -3.400000000000019451 ) ) ;
#1777 = CARTESIAN_POINT ( 'NONE',  ( -2.882579019330972159, -73.82812500170699366, 2.882579019330947734 ) ) ;
#1778 = CARTESIAN_POINT ( 'NONE',  ( -2.404163056034258172, -56.09375000341398732, -2.404163056034282153 ) ) ;
#1779 = CARTESIAN_POINT ( 'NONE',  ( -3.399999999999996358, -56.79687499999999289, 1.408326112068497560 ) ) ;
#1780 = CARTESIAN_POINT ( 'NONE',  ( 3.399999999999995914, -71.25000000000001421, -2.338364031016953865E-14 ) ) ;
#1781 = CARTESIAN_POINT ( 'NONE',  ( -1.688575694911946590, -51.56250000170699366, -4.076582343750019710 ) ) ;
#1782 = ORIENTED_EDGE ( 'NONE', *, *, #6473, .T. ) ;
#1783 = CARTESIAN_POINT ( 'NONE',  ( 0.000000000000000000, -80.00000000000000000, -2.338364031016953865E-14 ) ) ;
#1784 = CARTESIAN_POINT ( 'NONE',  ( -2.404163056034258172, -53.28125000000000000, -2.404163056034282153 ) ) ;
#1785 = VERTEX_POINT ( 'NONE', #304 ) ;
#1786 = CARTESIAN_POINT ( 'NONE',  ( -3.399999999999995470, -58.20312500000000711, -1.408326112068545521 ) ) ;
#1787 = CARTESIAN_POINT ( 'NONE',  ( 2.496186759367024056E-16, -50.39062500170699366, -4.076582343750019710 ) ) ;
#1788 = CYLINDRICAL_SURFACE ( 'NONE', #2007, 6.499999999999999112 ) ;
#1789 = CARTESIAN_POINT ( 'NONE',  ( -7.488560278101070689E-16, -66.01562500170699366, 4.076582343749972637 ) ) ;
#1790 = CARTESIAN_POINT ( 'NONE',  ( -2.882579019330972159, -74.92187500170699366, 2.882579019330947734 ) ) ;
#1791 = VERTEX_POINT ( 'NONE', #3287 ) ;
#1792 = CARTESIAN_POINT ( 'NONE',  ( -1.408326112068523317, -58.20312500341399442, 3.399999999999972378 ) ) ;
#1793 = CARTESIAN_POINT ( 'NONE',  ( 1.688575694911947922, -54.84375000170699366, 4.076582343749971749 ) ) ;
#1794 = CARTESIAN_POINT ( 'NONE',  ( -3.399999999999995914, -74.37500000000000000, -2.380002022187964067E-14 ) ) ;
#1795 = CARTESIAN_POINT ( 'NONE',  ( 4.076582343749994841, -64.53125000170699366, 1.688575694911926828 ) ) ;
#1796 = CARTESIAN_POINT ( 'NONE',  ( -2.404163056034259061, -65.46875000000000000, 2.404163056034235080 ) ) ;
#1797 = VECTOR ( 'NONE', #5767, 1000.000000000000000 ) ;
#1798 = CARTESIAN_POINT ( 'NONE',  ( -1.688575694911946590, -77.81250000170699366, -4.076582343750019710 ) ) ;
#1799 = CARTESIAN_POINT ( 'NONE',  ( -1.688575694911946590, -54.21875000170698655, -4.076582343750018822 ) ) ;
#1800 = CARTESIAN_POINT ( 'NONE',  ( -3.399999999999995914, -74.68750000341398732, -2.380002022187964067E-14 ) ) ;
#1801 = CARTESIAN_POINT ( 'NONE',  ( -1.688575694911946590, -71.71875000170699366, -4.076582343750019710 ) ) ;
#1802 = FACE_OUTER_BOUND ( 'NONE', #1099, .T. ) ;
#1803 = CARTESIAN_POINT ( 'NONE',  ( 2.882579019330971715, -53.20312500170699366, -2.882579019330995251 ) ) ;
#1804 = CARTESIAN_POINT ( 'NONE',  ( 3.399999999999995470, -55.23437500341397310, -1.408326112068545521 ) ) ;
#1805 = CARTESIAN_POINT ( 'NONE',  ( 4.076582343749995729, -50.85937500170699366, -2.338364031016953865E-14 ) ) ;
#1806 = CARTESIAN_POINT ( 'NONE',  ( -4.076582343749995729, -73.98437500170699366, -2.388287766204294237E-14 ) ) ;
#1807 = CARTESIAN_POINT ( 'NONE',  ( -1.408326112068475577, -78.67187500341397310, -3.400000000000065192 ) ) ;
#1808 = AXIS2_PLACEMENT_3D ( 'NONE', #932, #5799, #4881 ) ;
#1809 = CARTESIAN_POINT ( 'NONE',  ( -1.408326112068523317, -70.70312500341397310, 3.399999999999972378 ) ) ;
#1810 = CARTESIAN_POINT ( 'NONE',  ( 4.076582343749994841, -67.18750000170699366, 1.688575694911926828 ) ) ;
#1811 = CARTESIAN_POINT ( 'NONE',  ( -1.408326112068482461, -78.35937500000000000, -3.400000000000058531 ) ) ;
#1812 = CARTESIAN_POINT ( 'NONE',  ( -1.408326112068521319, -58.35937500000000711, -3.400000000000019007 ) ) ;
#1813 = CARTESIAN_POINT ( 'NONE',  ( 2.081899558550498061E-16, -54.68750000000000000, -3.400000000000019451 ) ) ;
#1814 = CARTESIAN_POINT ( 'NONE',  ( 1.408326112068553515, -76.32812500341397310, -3.399999999999987477 ) ) ;
#1815 = ORIENTED_EDGE ( 'NONE', *, *, #2783, .F. ) ;
#1816 = CARTESIAN_POINT ( 'NONE',  ( -2.404163056034259061, -68.28125000341397310, 2.404163056034235080 ) ) ;
#1817 = ORIENTED_EDGE ( 'NONE', *, *, #3182, .F. ) ;
#1818 = CARTESIAN_POINT ( 'NONE',  ( 3.399999999999995470, -57.42187500000000000, -1.408326112068545521 ) ) ;
#1819 = CARTESIAN_POINT ( 'NONE',  ( -1.408326112068498670, -59.92187500341398732, -3.400000000000042100 ) ) ;
#1820 = DIRECTION ( 'NONE',  ( 0.8660254037844389297, -0.4999999999999994449, -0.000000000000000000 ) ) ;
#1821 = CARTESIAN_POINT ( 'NONE',  ( -4.076582343749995729, -61.32812500170699366, -2.388287766204294237E-14 ) ) ;
#1822 = CARTESIAN_POINT ( 'NONE',  ( 4.076582343749994841, -74.53125000170697945, 1.688575694911926828 ) ) ;
#1823 = VERTEX_POINT ( 'NONE', #5321 ) ;
#1824 = CARTESIAN_POINT ( 'NONE',  ( 1.408326112068521985, -58.82812500341398732, -3.400000000000019007 ) ) ;
#1825 = CARTESIAN_POINT ( 'NONE',  ( -2.882579019330972159, -55.07812500170698655, 2.882579019330947734 ) ) ;
#1826 = CARTESIAN_POINT ( 'NONE',  ( -1.408326112068521319, -73.35937499999998579, -3.400000000000019007 ) ) ;
#1827 = CARTESIAN_POINT ( 'NONE',  ( 2.882579019330970382, -62.10937500170699366, 2.882579019330949066 ) ) ;
#1828 = CARTESIAN_POINT ( 'NONE',  ( 3.399999999999995914, -65.00000000000000000, -2.338364031016953865E-14 ) ) ;
#1829 = EDGE_CURVE ( 'NONE', #3569, #1791, #1714, .T. ) ;
#1830 = CARTESIAN_POINT ( 'NONE',  ( 2.081899558550498061E-16, -58.43750000000000000, -3.400000000000019451 ) ) ;
#1831 = CARTESIAN_POINT ( 'NONE',  ( 2.882579019330970382, -56.01562500170699366, 2.882579019330949066 ) ) ;
#1832 = ADVANCED_FACE ( 'NONE', ( #1201 ), #1788, .T. ) ;
#1833 = CONICAL_SURFACE ( 'NONE', #2874, 4.025000000000000355, 0.7853981633974503884 ) ;
#1834 = CARTESIAN_POINT ( 'NONE',  ( -1.408326112068521319, -73.67187500341398732, -3.400000000000019007 ) ) ;
#1835 = CARTESIAN_POINT ( 'NONE',  ( -2.882579019330972159, -70.07812500170699366, 2.882579019330947734 ) ) ;
#1836 = CARTESIAN_POINT ( 'NONE',  ( -3.399999999999995914, -62.26562500341398021, -1.408326112068545521 ) ) ;
#1837 = CARTESIAN_POINT ( 'NONE',  ( -2.882579019330970826, -78.98437500170699366, -2.882579019330995251 ) ) ;
#1838 = CARTESIAN_POINT ( 'NONE',  ( -6.245698675651493936E-16, -53.12500000341398021, 3.399999999999972378 ) ) ;
#1839 = CARTESIAN_POINT ( 'NONE',  ( -7.488560278101070689E-16, -54.92187500170699366, 4.076582343749972637 ) ) ;
#1840 = CARTESIAN_POINT ( 'NONE',  ( -2.882579019330972159, -71.32812500170699366, 2.882579019330947734 ) ) ;
#1841 = ORIENTED_EDGE ( 'NONE', *, *, #2584, .F. ) ;
#1842 = CARTESIAN_POINT ( 'NONE',  ( 3.399999999999995914, -58.98437500341398021, -1.408326112068545521 ) ) ;
#1843 = CARTESIAN_POINT ( 'NONE',  ( 2.081899558550498061E-16, -50.93750000000000000, -3.400000000000019451 ) ) ;
#1844 = CARTESIAN_POINT ( 'NONE',  ( -2.404163056034259061, -64.53125000341398732, 2.404163056034235080 ) ) ;
#1845 = CARTESIAN_POINT ( 'NONE',  ( 2.882579019330971715, -65.70312500170699366, -2.882579019330995251 ) ) ;
#1846 = CARTESIAN_POINT ( 'NONE',  ( -6.245698675651493936E-16, -61.56250000000000711, 3.399999999999972378 ) ) ;
#1847 = CARTESIAN_POINT ( 'NONE',  ( -1.408326112068523317, -57.89062500000000000, 3.399999999999972378 ) ) ;
#1848 = DIRECTION ( 'NONE',  ( -0.000000000000000000, -1.000000000000000000, -0.000000000000000000 ) ) ;
#1849 = CARTESIAN_POINT ( 'NONE',  ( 4.163799117100996122E-16, -80.00000000000000000, 3.399999999999972378 ) ) ;
#1850 = ADVANCED_FACE ( 'NONE', ( #339 ), #5219, .T. ) ;
#1851 = ORIENTED_EDGE ( 'NONE', *, *, #6360, .F. ) ;
#1852 = APPLICATION_PROTOCOL_DEFINITION ( 'international standard', 'config_control_design', 1994, #6422 ) ;
#1853 = CARTESIAN_POINT ( 'NONE',  ( 0.000000000000000000, -80.00000000000000000, -3.400000000000019451 ) ) ;
#1854 = ORIENTED_EDGE ( 'NONE', *, *, #2303, .T. ) ;
#1855 = CARTESIAN_POINT ( 'NONE',  ( -3.399999999999996358, -54.29687500000000000, 1.408326112068497560 ) ) ;
#1856 = CARTESIAN_POINT ( 'NONE',  ( 3.399999999999995914, -68.75000000000000000, -2.338364031016953865E-14 ) ) ;
#1857 = DIRECTION ( 'NONE',  ( -1.000000000000000000, -6.982962677686266711E-15, 0.000000000000000000 ) ) ;
#1858 = CARTESIAN_POINT ( 'NONE',  ( -2.882579019330972159, -62.42187500170700076, 2.882579019330947734 ) ) ;
#1859 = CARTESIAN_POINT ( 'NONE',  ( -1.688575694911946590, -67.81250000170699366, -4.076582343750018822 ) ) ;
#1860 = VERTEX_POINT ( 'NONE', #2246 ) ;
#1861 = CARTESIAN_POINT ( 'NONE',  ( -1.408326112068523317, -56.95312500341398021, 3.399999999999972378 ) ) ;
#1862 = CARTESIAN_POINT ( 'NONE',  ( 4.076582343749995729, -55.78125000170698655, -1.688575694911970571 ) ) ;
#1863 = CARTESIAN_POINT ( 'NONE',  ( 1.408326112068522651, -67.73437500000001421, 3.399999999999972378 ) ) ;
#1864 = CARTESIAN_POINT ( 'NONE',  ( -7.488560278101070689E-16, -61.01562500170700076, 4.076582343749972637 ) ) ;
#1865 = CARTESIAN_POINT ( 'NONE',  ( 3.399999999999995914, -66.25000000000000000, -2.338364031016953865E-14 ) ) ;
#1866 = CARTESIAN_POINT ( 'NONE',  ( -4.076582343749995729, -76.32812500170699366, -2.388287766204294237E-14 ) ) ;
#1867 = CARTESIAN_POINT ( 'NONE',  ( 2.882579019330971715, -54.45312500170698655, -2.882579019330995251 ) ) ;
#1868 = CARTESIAN_POINT ( 'NONE',  ( 2.404163056034258616, -75.15625000341398732, -2.404163056034282153 ) ) ;
#1869 = CARTESIAN_POINT ( 'NONE',  ( 2.496186759367024056E-16, -71.79687500170699366, -4.076582343750019710 ) ) ;
#1870 = CARTESIAN_POINT ( 'NONE',  ( -3.399999999999996803, -62.10937500341398732, 1.408326112068497560 ) ) ;
#1871 = CARTESIAN_POINT ( 'NONE',  ( -2.882579019330972159, -78.67187500170699366, 2.882579019330947734 ) ) ;
#1872 = CARTESIAN_POINT ( 'NONE',  ( 3.399999999999995914, -80.00000000000000000, -2.338364031016953865E-14 ) ) ;
#1873 = CARTESIAN_POINT ( 'NONE',  ( -2.882579019330972159, -55.07812500170698655, 2.882579019330947734 ) ) ;
#1874 = ADVANCED_FACE ( 'NONE', ( #5671 ), #4324, .F. ) ;
#1875 = CARTESIAN_POINT ( 'NONE',  ( -1.688575694911946590, -70.46875000170699366, -4.076582343750018822 ) ) ;
#1876 = VERTEX_POINT ( 'NONE', #2701 ) ;
#1877 = CARTESIAN_POINT ( 'NONE',  ( 3.399999999999995914, -59.06250000341398021, -2.338364031016953865E-14 ) ) ;
#1878 = CARTESIAN_POINT ( 'NONE',  ( 0.000000000000000000, -80.00000000000000000, -4.025000000000024336 ) ) ;
#1879 = CARTESIAN_POINT ( 'NONE',  ( 2.882579019330970382, -59.60937500170699366, 2.882579019330949066 ) ) ;
#1880 = CARTESIAN_POINT ( 'NONE',  ( 3.399999999999995470, -67.73437500341398732, -1.408326112068545521 ) ) ;
#1881 = CARTESIAN_POINT ( 'NONE',  ( -4.076582343749995729, -69.06250000170699366, -1.688575694911971015 ) ) ;
#1882 = CARTESIAN_POINT ( 'NONE',  ( 2.081899558550498061E-16, -56.25000000341398732, -3.400000000000019451 ) ) ;
#1883 = CARTESIAN_POINT ( 'NONE',  ( 3.399999999999995470, -54.92187500000000000, -1.408326112068545521 ) ) ;
#1884 = PLANE ( 'NONE',  #3685 ) ;
#1885 = CARTESIAN_POINT ( 'NONE',  ( -1.408326112068569280, -60.70312500341398732, 3.399999999999925304 ) ) ;
#1886 = VERTEX_POINT ( 'NONE', #209 ) ;
#1887 = APPROVAL_DATE_TIME ( #6299, #3293 ) ;
#1888 = CARTESIAN_POINT ( 'NONE',  ( -3.399999999999995914, -76.87500000000000000, -2.380002022187964067E-14 ) ) ;
#1889 = LINE ( 'NONE', #1982, #5314 ) ;
#1890 = CARTESIAN_POINT ( 'NONE',  ( -3.399999999999996358, -51.79687500000000711, 1.408326112068497560 ) ) ;
#1891 = CARTESIAN_POINT ( 'NONE',  ( 2.404163056034258616, -68.59375000000001421, -2.404163056034282153 ) ) ;
#1892 = CARTESIAN_POINT ( 'NONE',  ( 2.404163056034258616, -67.34375000000001421, -2.404163056034282153 ) ) ;
#1893 = CARTESIAN_POINT ( 'NONE',  ( 1.688575694911947922, -58.43750000170700076, 4.076582343749971749 ) ) ;
#1894 = CARTESIAN_POINT ( 'NONE',  ( -4.076582343749995729, -66.40625000170699366, -1.688575694911971015 ) ) ;
#1895 = ORIENTED_EDGE ( 'NONE', *, *, #4612, .F. ) ;
#1896 = CARTESIAN_POINT ( 'NONE',  ( -1.408326112068521319, -58.67187500341398732, -3.400000000000019007 ) ) ;
#1897 = CARTESIAN_POINT ( 'NONE',  ( -1.688575694911946590, -56.71875000170699366, -4.076582343750019710 ) ) ;
#1898 = CARTESIAN_POINT ( 'NONE',  ( 3.399999999999995470, -66.17187500000000000, -1.408326112068545521 ) ) ;
#1899 = CARTESIAN_POINT ( 'NONE',  ( -2.882579019330972159, -59.92187500170699366, 2.882579019330947734 ) ) ;
#1900 = CARTESIAN_POINT ( 'NONE',  ( 2.404163056034258616, -69.84375000000000000, -2.404163056034282153 ) ) ;
#1901 = CARTESIAN_POINT ( 'NONE',  ( 4.076582343749995729, -74.37500000170699366, -1.688575694911970571 ) ) ;
#1902 = CARTESIAN_POINT ( 'NONE',  ( -1.408326112068523317, -74.45312500341397310, 3.399999999999972378 ) ) ;
#1903 = CARTESIAN_POINT ( 'NONE',  ( -2.882579019330970826, -70.39062500170699366, -2.882579019330995251 ) ) ;
#1904 = VECTOR ( 'NONE', #1521, 1000.000000000000000 ) ;
#1905 = CARTESIAN_POINT ( 'NONE',  ( -2.992475627044587139, -79.44274202726403189, -1.767125683794964042 ) ) ;
#1906 = CARTESIAN_POINT ( 'NONE',  ( 4.076582343749995729, -78.20312500170699366, -2.338364031016953865E-14 ) ) ;
#1907 = CARTESIAN_POINT ( 'NONE',  ( 1.408326112068521985, -50.07812500341398021, -3.400000000000019007 ) ) ;
#1908 = CARTESIAN_POINT ( 'NONE',  ( -2.882579019330970826, -52.89062500170699366, -2.882579019330995251 ) ) ;
#1909 = CARTESIAN_POINT ( 'NONE',  ( -4.076582343749995729, -67.73437500170699366, -2.388287766204294237E-14 ) ) ;
#1910 = ORIENTED_EDGE ( 'NONE', *, *, #385, .T. ) ;
#1911 = CARTESIAN_POINT ( 'NONE',  ( -2.404163056034258172, -74.53125000000001421, -2.404163056034282153 ) ) ;
#1912 = CARTESIAN_POINT ( 'NONE',  ( -6.245698675651493936E-16, -56.56250000000000000, 3.399999999999972378 ) ) ;
#1913 = CARTESIAN_POINT ( 'NONE',  ( -1.688575694911946590, -57.81250000170700787, -4.076582343750018822 ) ) ;
#1914 = CARTESIAN_POINT ( 'NONE',  ( -3.399999999999995914, -64.68750000341398732, -2.380002022187964067E-14 ) ) ;
#1915 = CARTESIAN_POINT ( 'NONE',  ( 1.688575694911947256, -68.12500000170699366, -4.076582343750018822 ) ) ;
#1916 = CARTESIAN_POINT ( 'NONE',  ( 2.404163056034257728, -51.40625000000000000, 2.404163056034235968 ) ) ;
#1918 =( BOUNDED_CURVE ( )  B_SPLINE_CURVE ( 2, ( #6191, #1616, #1749, #3728, #4156, #3241, #698, #3595, #5693 ),
 .UNSPECIFIED., .F., .T. ) 
 B_SPLINE_CURVE_WITH_KNOTS ( ( 3, 2, 2, 2, 3 ),
 ( 0.8229166666666666297, 0.8281250000000000000, 0.8333333333333333703, 0.8385416666666666297, 0.8437500000000000000 ),
 .UNSPECIFIED. ) 
 CURVE ( )  GEOMETRIC_REPRESENTATION_ITEM ( )  RATIONAL_B_SPLINE_CURVE ( ( 1.000000000000000000, 0.9238795325112867385, 1.000000000000000000, 0.9238795325112867385, 1.000000000000000000, 0.9238795325112867385, 1.000000000000000000, 0.9238795325112867385, 1.000000000000000000 ) ) 
 REPRESENTATION_ITEM ( '' )  );
#1917 = CARTESIAN_POINT ( 'NONE',  ( -3.399999999999995914, -50.93750000341398732, -2.380002022187964067E-14 ) ) ;
#1919 = EDGE_CURVE ( 'NONE', #4061, #1692, #5049, .T. ) ;
#1920 = DATE_AND_TIME ( #433, #468 ) ;
#1921 = CARTESIAN_POINT ( 'NONE',  ( 4.163799117100993164E-16, -50.00000000000000000, 3.399999999999970157 ) ) ;
#1922 = CARTESIAN_POINT ( 'NONE',  ( -4.076582343749995729, -54.06250000170699366, -1.688575694911971015 ) ) ;
#1923 = CARTESIAN_POINT ( 'NONE',  ( 1.408326112068522651, -55.23437500000000000, 3.399999999999972378 ) ) ;
#1924 = CARTESIAN_POINT ( 'NONE',  ( 4.163799117100996122E-16, -80.00000000000000000, 3.399999999999972378 ) ) ;
#1925 = CARTESIAN_POINT ( 'NONE',  ( 3.399999999999995026, -67.57812500000000000, 1.408326112068500446 ) ) ;
#1926 = CARTESIAN_POINT ( 'NONE',  ( 2.496186759367024056E-16, -57.89062500170699366, -4.076582343750019710 ) ) ;
#1927 = CARTESIAN_POINT ( 'NONE',  ( 4.076582343749994841, -68.28125000170699366, 1.688575694911926828 ) ) ;
#1928 = VERTEX_POINT ( 'NONE', #974 ) ;
#1929 = AXIS2_PLACEMENT_3D ( 'NONE', #2134, #1646, #3622 ) ;
#1930 = CARTESIAN_POINT ( 'NONE',  ( -4.076582343749995729, -54.06250000170699366, -1.688575694911971015 ) ) ;
#1931 = CARTESIAN_POINT ( 'NONE',  ( 1.408326112068522651, -66.48437500000000000, 3.399999999999972378 ) ) ;
#1932 =( BOUNDED_CURVE ( )  B_SPLINE_CURVE ( 2, ( #4023, #3530, #2101, #3, #5592, #3962, #6089, #3992, #2593 ),
 .UNSPECIFIED., .F., .T. ) 
 B_SPLINE_CURVE_WITH_KNOTS ( ( 3, 2, 2, 2, 3 ),
 ( 0.5312500000000002220, 0.5364583333333334814, 0.5416666666666665186, 0.5468749999999997780, 0.5520833333333330373 ),
 .UNSPECIFIED. ) 
 CURVE ( )  GEOMETRIC_REPRESENTATION_ITEM ( )  RATIONAL_B_SPLINE_CURVE ( ( 0.9999999999999967804, 0.9238795325112899581, 1.000000000000000000, 0.9238795325112867385, 1.000000000000000000, 0.9238795325112867385, 1.000000000000000000, 0.9238795325112916235, 0.9999999999999951150 ) ) 
 REPRESENTATION_ITEM ( '' )  );
#1933 = CARTESIAN_POINT ( 'NONE',  ( 4.076582343749994841, -62.03125000170700787, 1.688575694911926828 ) ) ;
#1934 = CARTESIAN_POINT ( 'NONE',  ( -2.404163056034259061, -69.21875000000000000, 2.404163056034235080 ) ) ;
#1935 = CARTESIAN_POINT ( 'NONE',  ( 2.496186759367024056E-16, -75.39062500170699366, -4.076582343750019710 ) ) ;
#1936 = CIRCLE ( 'NONE', #241, 3.399999999999993694 ) ;
#1937 = CARTESIAN_POINT ( 'NONE',  ( -1.408326112068523317, -70.70312500341397310, 3.399999999999972378 ) ) ;
#1938 = CARTESIAN_POINT ( 'NONE',  ( -1.688575694911950142, -71.25000000170699366, 4.076582343749971749 ) ) ;
#1939 = CARTESIAN_POINT ( 'NONE',  ( -6.245698675651493936E-16, -68.12500000341398732, 3.399999999999972378 ) ) ;
#1940 = CARTESIAN_POINT ( 'NONE',  ( 4.076582343749995729, -75.62500000170699366, -1.688575694911970571 ) ) ;
#1941 = CARTESIAN_POINT ( 'NONE',  ( 3.399999999999995026, -51.64062500341398732, 1.408326112068500224 ) ) ;
#1942 = CARTESIAN_POINT ( 'NONE',  ( 4.076582343749995729, -52.10937500170699366, -2.338364031016953865E-14 ) ) ;
#1943 = CARTESIAN_POINT ( 'NONE',  ( -4.076582343749995729, -71.56250000170702208, -1.688575694911971015 ) ) ;
#1944 = ORIENTED_EDGE ( 'NONE', *, *, #665, .F. ) ;
#1945 = CARTESIAN_POINT ( 'NONE',  ( -1.688575694911946590, -79.06250000170699366, -4.076582343750018822 ) ) ;
#1946 = DIRECTION ( 'NONE',  ( 0.000000000000000000, 0.000000000000000000, -1.000000000000000000 ) ) ;
#1947 = CC_DESIGN_PERSON_AND_ORGANIZATION_ASSIGNMENT ( #1362, #3798, ( #1579 ) ) ;
#1948 = CARTESIAN_POINT ( 'NONE',  ( -4.076582343749996618, -58.75000000170700076, 1.688575694911923053 ) ) ;
#1949 = CARTESIAN_POINT ( 'NONE',  ( -1.408326112068521319, -67.42187500341398732, -3.400000000000019007 ) ) ;
#1950 = CARTESIAN_POINT ( 'NONE',  ( -1.688575694911946590, -70.46875000170699366, -4.076582343750018822 ) ) ;
#1951 = DIRECTION ( 'NONE',  ( -0.000000000000000000, -1.000000000000000000, -0.000000000000000000 ) ) ;
#1952 = APPROVAL_ROLE ( '' ) ;
#1953 = CARTESIAN_POINT ( 'NONE',  ( 3.399999999999995914, -65.00000000000000000, -2.338364031016953865E-14 ) ) ;
#1954 = CARTESIAN_POINT ( 'NONE',  ( 3.252888307890863473, -79.70584388512384066, -1.842837095203567532 ) ) ;
#1955 = CARTESIAN_POINT ( 'NONE',  ( 2.081899558550498061E-16, -54.68750000000000000, -3.400000000000019451 ) ) ;
#1956 = CARTESIAN_POINT ( 'NONE',  ( 0.000000000000000000, -80.00000000000000000, -2.338364031016953865E-14 ) ) ;
#1957 = CARTESIAN_POINT ( 'NONE',  ( 2.081899558550498061E-16, -78.43750000000001421, -3.400000000000019451 ) ) ;
#1958 = CARTESIAN_POINT ( 'NONE',  ( -2.882579019330970826, -60.23437500170699366, -2.882579019330995251 ) ) ;
#1959 = CARTESIAN_POINT ( 'NONE',  ( 4.076582343749994841, -69.53125000170699366, 1.688575694911926828 ) ) ;
#1960 = ORIENTED_EDGE ( 'NONE', *, *, #3265, .F. ) ;
#1961 = CARTESIAN_POINT ( 'NONE',  ( 1.688575694911947256, -51.87500000170699366, -4.076582343750019710 ) ) ;
#1962 = CARTESIAN_POINT ( 'NONE',  ( 3.399999999999995914, -70.00000000000000000, -2.338364031016953865E-14 ) ) ;
#1963 = CARTESIAN_POINT ( 'NONE',  ( 4.076582343749995729, -60.62500000170699366, -1.688575694911970571 ) ) ;
#1964 = CARTESIAN_POINT ( 'NONE',  ( -2.404163056034259061, -64.21875000000000000, 2.404163056034235080 ) ) ;
#1965 = CARTESIAN_POINT ( 'NONE',  ( -4.076582343749996618, -76.25000000170699366, 1.688575694911923053 ) ) ;
#1966 = CARTESIAN_POINT ( 'NONE',  ( -3.399999999999995914, -70.93750000341397310, -2.380002022187964067E-14 ) ) ;
#1967 = CARTESIAN_POINT ( 'NONE',  ( 4.076582343749995729, -63.35937500170699366, -2.338364031016953865E-14 ) ) ;
#1968 = CARTESIAN_POINT ( 'NONE',  ( 3.399999999999995914, -60.23437500341398732, -1.408326112068545521 ) ) ;
#1969 = CARTESIAN_POINT ( 'NONE',  ( 1.688575694911947256, -77.96875000170699366, -4.076582343750018822 ) ) ;
#1970 = CARTESIAN_POINT ( 'NONE',  ( 3.399999999999995914, -52.81250000341398732, -2.338364031016953865E-14 ) ) ;
#1971 = FACE_OUTER_BOUND ( 'NONE', #4554, .T. ) ;
#1972 = CARTESIAN_POINT ( 'NONE',  ( 4.076582343749994841, -69.68750000170700787, 1.688575694911926828 ) ) ;
#1973 = ORIENTED_EDGE ( 'NONE', *, *, #3723, .F. ) ;
#1974 = CARTESIAN_POINT ( 'NONE',  ( -4.076582343749995729, -77.57812500170699366, -2.388287766204294237E-14 ) ) ;
#1975 =( BOUNDED_CURVE ( )  B_SPLINE_CURVE ( 2, ( #6359, #1454, #2364, #4345, #5859, #2398, #1387, #6394, #1912 ),
 .UNSPECIFIED., .F., .F. ) 
 B_SPLINE_CURVE_WITH_KNOTS ( ( 3, 2, 2, 2, 3 ),
 ( 0.7604166666666666297, 0.7656250000000000000, 0.7708333333333333703, 0.7760416666666666297, 0.7812500000000000000 ),
 .UNSPECIFIED. ) 
 CURVE ( )  GEOMETRIC_REPRESENTATION_ITEM ( )  RATIONAL_B_SPLINE_CURVE ( ( 1.000000000000000000, 0.9238795325112867385, 1.000000000000000000, 0.9238795325112867385, 1.000000000000000000, 0.9238795325112867385, 1.000000000000000000, 0.9238795325112867385, 1.000000000000000000 ) ) 
 REPRESENTATION_ITEM ( '' )  );
#1976 = CARTESIAN_POINT ( 'NONE',  ( 0.000000000000000000, -80.00000000000000000, -2.338364031016953865E-14 ) ) ;
#1977 = CARTESIAN_POINT ( 'NONE',  ( 4.076582343749995729, -58.12500000170699366, -1.688575694911970571 ) ) ;
#1978 = CARTESIAN_POINT ( 'NONE',  ( -2.404163056034258172, -67.34375000341398732, -2.404163056034282153 ) ) ;
#1979 = CARTESIAN_POINT ( 'NONE',  ( -2.882579019330970826, -64.14062500170699366, -2.882579019330995251 ) ) ;
#1980 = CYLINDRICAL_SURFACE ( 'NONE', #3063, 3.399999999999995914 ) ;
#1981 = CARTESIAN_POINT ( 'NONE',  ( -3.399999999999996358, -79.37500000000000000, 5.515357593243953213E-14 ) ) ;
#1982 = CARTESIAN_POINT ( 'NONE',  ( 0.000000000000000000, -80.00000000000000000, -3.400000000000019451 ) ) ;
#1983 = CARTESIAN_POINT ( 'NONE',  ( -2.404163056034259061, -54.21874999999999289, 2.404163056034235080 ) ) ;
#1984 = CARTESIAN_POINT ( 'NONE',  ( 2.081899558550498061E-16, -72.50000000341398732, -3.400000000000019451 ) ) ;
#1985 = CARTESIAN_POINT ( 'NONE',  ( 3.399999999999995914, -57.81250000341398021, -2.338364031016953865E-14 ) ) ;
#1986 = CARTESIAN_POINT ( 'NONE',  ( -4.076582343749996618, -55.00000000170699366, 1.688575694911923053 ) ) ;
#1987 = CARTESIAN_POINT ( 'NONE',  ( 2.882579019330970382, -68.35937500170699366, 2.882579019330949066 ) ) ;
#1988 = ORIENTED_EDGE ( 'NONE', *, *, #2224, .T. ) ;
#1989 = CARTESIAN_POINT ( 'NONE',  ( 4.076582343749995729, -50.85937500170699366, -2.338364031016953865E-14 ) ) ;
#1990 = CARTESIAN_POINT ( 'NONE',  ( -1.408326112068521319, -69.60937500000000000, -3.400000000000019007 ) ) ;
#1991 = CARTESIAN_POINT ( 'NONE',  ( 2.496186759367024056E-16, -56.64062500170699366, -4.076582343750019710 ) ) ;
#1992 = CARTESIAN_POINT ( 'NONE',  ( 3.399999999999995914, -62.50000000000000000, -2.338364031016953865E-14 ) ) ;
#1993 = CARTESIAN_POINT ( 'NONE',  ( -1.688575694911950142, -77.34375000170699366, 4.076582343749971749 ) ) ;
#1994 = CARTESIAN_POINT ( 'NONE',  ( -3.399999999999995470, -68.51562500341398732, -1.408326112068545521 ) ) ;
#1995 = CARTESIAN_POINT ( 'NONE',  ( 4.076582343749995729, -64.60937500170699366, -2.338364031016953865E-14 ) ) ;
#1996 = CARTESIAN_POINT ( 'NONE',  ( -1.408326112068500668, -67.89062500000000000, 3.399999999999994582 ) ) ;
#1997 = CARTESIAN_POINT ( 'NONE',  ( -4.076582343749995729, -73.82812500170699366, -2.388287766204294237E-14 ) ) ;
#1998 = CARTESIAN_POINT ( 'NONE',  ( 2.081899558550498061E-16, -79.68750000000001421, -3.400000000000019451 ) ) ;
#1999 = LINE ( 'NONE', #1323, #2022 ) ;
#2000 = CARTESIAN_POINT ( 'NONE',  ( -1.688575694911946590, -62.96875000170699366, -4.076582343750018822 ) ) ;
#2001 = CARTESIAN_POINT ( 'NONE',  ( 1.688575694911947922, -78.43750000170700787, 4.076582343749971749 ) ) ;
#2002 = CARTESIAN_POINT ( 'NONE',  ( -7.488560278101070689E-16, -78.67187500170699366, 4.076582343749972637 ) ) ;
#2003 = CARTESIAN_POINT ( 'NONE',  ( 4.076582343749994841, -58.28125000170700076, 1.688575694911926828 ) ) ;
#2004 = CARTESIAN_POINT ( 'NONE',  ( -3.399999999999996358, -60.85937500341399442, 1.408326112068497560 ) ) ;
#2005 = CARTESIAN_POINT ( 'NONE',  ( -4.076582343749995729, -61.48437500170698655, -2.388287766204294237E-14 ) ) ;
#2006 = FACE_OUTER_BOUND ( 'NONE', #5796, .T. ) ;
#2007 = AXIS2_PLACEMENT_3D ( 'NONE', #2829, #3191, #4817 ) ;
#2008 = CYLINDRICAL_SURFACE ( 'NONE', #3167, 3.399999999999995914 ) ;
#2009 = CARTESIAN_POINT ( 'NONE',  ( -1.408326112068523317, -55.70312500341399442, 3.399999999999972378 ) ) ;
#2010 = CARTESIAN_POINT ( 'NONE',  ( -6.245698675651493936E-16, -59.37500000341398732, 3.399999999999972378 ) ) ;
#2011 = LINE ( 'NONE', #3898, #186 ) ;
#2012 = CARTESIAN_POINT ( 'NONE',  ( 1.688575694911947922, -76.09375000170697945, 4.076582343749971749 ) ) ;
#2013 = FACE_OUTER_BOUND ( 'NONE', #6133, .T. ) ;
#2014 = CARTESIAN_POINT ( 'NONE',  ( -4.076582343749995729, -56.40625000170699366, -1.688575694911971015 ) ) ;
#2015 = CARTESIAN_POINT ( 'NONE',  ( -1.688575694911946590, -65.31250000170699366, -4.076582343750018822 ) ) ;
#2016 = ORIENTED_EDGE ( 'NONE', *, *, #733, .F. ) ;
#2017 = CARTESIAN_POINT ( 'NONE',  ( -1.408326112068521763, -57.42187500341399442, -3.400000000000019451 ) ) ;
#2018 = CARTESIAN_POINT ( 'NONE',  ( -6.245698675651493936E-16, -65.31250000000000000, 3.399999999999972378 ) ) ;
#2019 = CARTESIAN_POINT ( 'NONE',  ( -4.076582343749995729, -57.65625000170699366, -1.688575694911971015 ) ) ;
#2020 = CARTESIAN_POINT ( 'NONE',  ( 1.408326112068522651, -62.73437500000000711, 3.399999999999972378 ) ) ;
#2021 = CARTESIAN_POINT ( 'NONE',  ( -1.688575694911950142, -68.59375000170699366, 4.076582343749971749 ) ) ;
#2022 = VECTOR ( 'NONE', #3007, 1000.000000000000000 ) ;
#2023 = CARTESIAN_POINT ( 'NONE',  ( -1.408326112068523317, -69.45312500341397310, 3.399999999999972378 ) ) ;
#2024 = CARTESIAN_POINT ( 'NONE',  ( -4.076582343749995729, -64.06250000170699366, -1.688575694911971015 ) ) ;
#2025 = EDGE_CURVE ( 'NONE', #3344, #1194, #6401, .T. ) ;
#2026 = CARTESIAN_POINT ( 'NONE',  ( 3.399999999999995914, -53.67187500000000000, -1.408326112068545521 ) ) ;
#2027 = CARTESIAN_POINT ( 'NONE',  ( -7.488560278101070689E-16, -71.01562500170699366, 4.076582343749972637 ) ) ;
#2028 = ADVANCED_FACE ( 'NONE', ( #5414 ), #1400, .F. ) ;
#2029 = CARTESIAN_POINT ( 'NONE',  ( 2.404163056034258616, -79.84375000000000000, -2.404163056034282153 ) ) ;
#2030 = LINE ( 'NONE', #5030, #344 ) ;
#2031 = CARTESIAN_POINT ( 'NONE',  ( -2.882579019330970826, -66.64062500170699366, -2.882579019330995251 ) ) ;
#2032 = CARTESIAN_POINT ( 'NONE',  ( 2.882579019330971715, -76.79687500170699366, -2.882579019330995251 ) ) ;
#2033 = CARTESIAN_POINT ( 'NONE',  ( -4.076582343749996618, -52.50000000170699366, 1.688575694911923053 ) ) ;
#2034 = CARTESIAN_POINT ( 'NONE',  ( -2.404163056034259061, -63.28125000341398732, 2.404163056034235080 ) ) ;
#2035 = CARTESIAN_POINT ( 'NONE',  ( -4.076582343749995729, -65.23437500170699366, -2.388287766204294237E-14 ) ) ;
#2036 = DIRECTION ( 'NONE',  ( -0.000000000000000000, -1.000000000000000000, -0.000000000000000000 ) ) ;
#2037 = VECTOR ( 'NONE', #5350, 1000.000000000000000 ) ;
#2038 = CARTESIAN_POINT ( 'NONE',  ( 3.399999999999995470, -52.73437500341398021, -1.408326112068545521 ) ) ;
#2039 = CARTESIAN_POINT ( 'NONE',  ( -6.245698675651493936E-16, -64.06250000000000000, 3.399999999999972378 ) ) ;
#2040 = CARTESIAN_POINT ( 'NONE',  ( 1.408326112068521985, -76.32812500341398732, -3.400000000000019007 ) ) ;
#2041 = CARTESIAN_POINT ( 'NONE',  ( -3.399999999999995470, -50.70312500000000000, -1.408326112068545521 ) ) ;
#2042 = CARTESIAN_POINT ( 'NONE',  ( 3.399999999999995914, -55.23437500341398021, -1.408326112068545521 ) ) ;
#2043 = CARTESIAN_POINT ( 'NONE',  ( -3.399999999999996803, -66.79687500000000000, 1.408326112068497560 ) ) ;
#2044 = EDGE_CURVE ( 'NONE', #45, #6002, #2498, .T. ) ;
#2045 = CARTESIAN_POINT ( 'NONE',  ( -4.076582343749996618, -53.75000000170699366, 1.688575694911923053 ) ) ;
#2046 = CARTESIAN_POINT ( 'NONE',  ( -7.488560278101070689E-16, -64.76562500170699366, 4.076582343749972637 ) ) ;
#2047 = ORIENTED_EDGE ( 'NONE', *, *, #2704, .T. ) ;
#2048 = VERTEX_POINT ( 'NONE', #2470 ) ;
#2049 = CARTESIAN_POINT ( 'NONE',  ( 2.882579019330971715, -51.95312500170699366, -2.882579019330995251 ) ) ;
#2050 = VERTEX_POINT ( 'NONE', #5470 ) ;
#2051 = CARTESIAN_POINT ( 'NONE',  ( 3.399999999999995026, -62.57812499999999289, 1.408326112068500224 ) ) ;
#2052 = CARTESIAN_POINT ( 'NONE',  ( -1.688575694911946590, -57.81250000170700787, -4.076582343750018822 ) ) ;
#2053 = CARTESIAN_POINT ( 'NONE',  ( 2.404163056034257728, -61.40625000000000000, 2.404163056034235968 ) ) ;
#2054 = CARTESIAN_POINT ( 'NONE',  ( -4.076582343749995729, -70.15625000170699366, -1.688575694911971015 ) ) ;
#2055 = CARTESIAN_POINT ( 'NONE',  ( 1.408326112068521985, -71.32812500341397310, -3.400000000000019007 ) ) ;
#2056 = CARTESIAN_POINT ( 'NONE',  ( 4.076582343749995729, -62.03125000170700076, -1.688575694911970571 ) ) ;
#2057 = CARTESIAN_POINT ( 'NONE',  ( 3.399999999999995026, -77.57812500000000000, 1.408326112068500224 ) ) ;
#2058 = CARTESIAN_POINT ( 'NONE',  ( 1.688575694911947256, -70.46875000170699366, -4.076582343750018822 ) ) ;
#2059 = CARTESIAN_POINT ( 'NONE',  ( 3.399999999999995470, -76.17187500000001421, -1.408326112068545521 ) ) ;
#2060 = CARTESIAN_POINT ( 'NONE',  ( -6.245698675651493936E-16, -65.62500000341398732, 3.399999999999972378 ) ) ;
#2061 = CARTESIAN_POINT ( 'NONE',  ( -2.882579019330970826, -65.39062500170699366, -2.882579019330995251 ) ) ;
#2062 = CARTESIAN_POINT ( 'NONE',  ( 1.688575694911947922, -75.93750000170700787, 4.076582343749971749 ) ) ;
#2063 = EDGE_CURVE ( 'NONE', #4228, #3819, #325, .T. ) ;
#2064 = CARTESIAN_POINT ( 'NONE',  ( -7.488560278101070689E-16, -77.42187500170699366, 4.076582343749972637 ) ) ;
#2065 = CARTESIAN_POINT ( 'NONE',  ( 4.076582343749995729, -55.70312500170699366, -2.338364031016953865E-14 ) ) ;
#2066 = CARTESIAN_POINT ( 'NONE',  ( -1.408326112068521319, -62.42187500341399442, -3.400000000000019007 ) ) ;
#2067 = CARTESIAN_POINT ( 'NONE',  ( -1.688575694911949698, -62.50000000170700076, 4.076582343749971749 ) ) ;
#2068 = CARTESIAN_POINT ( 'NONE',  ( -2.882579019330972159, -78.82812500170699366, 2.882579019330947734 ) ) ;
#2069 = DIRECTION ( 'NONE',  ( -0.000000000000000000, -1.000000000000000000, -0.000000000000000000 ) ) ;
#2070 = CARTESIAN_POINT ( 'NONE',  ( -3.399999999999995914, -53.43750000341398021, -2.380002022187964067E-14 ) ) ;
#2071 = DIRECTION ( 'NONE',  ( -0.000000000000000000, -1.000000000000000000, -0.000000000000000000 ) ) ;
#2072 = CARTESIAN_POINT ( 'NONE',  ( -6.245698675651493936E-16, -76.87500000341398732, 3.399999999999972378 ) ) ;
#2073 = CARTESIAN_POINT ( 'NONE',  ( -4.076582343749995729, -77.81250000170699366, -1.688575694911971015 ) ) ;
#2074 = CARTESIAN_POINT ( 'NONE',  ( -3.399999999999960831, -79.29687499999998579, 1.408326112068533087 ) ) ;
#2075 = CARTESIAN_POINT ( 'NONE',  ( 1.688575694911947256, -55.46875000170699366, -4.076582343750019710 ) ) ;
#2076 = CARTESIAN_POINT ( 'NONE',  ( -2.882579019330972159, -64.92187500170699366, 2.882579019330947734 ) ) ;
#2077 = EDGE_LOOP ( 'NONE', ( #3601, #5014, #5504, #6335 ) ) ;
#2078 = VERTEX_POINT ( 'NONE', #2991 ) ;
#2080 =( BOUNDED_CURVE ( )  B_SPLINE_CURVE ( 2, ( #3279, #1089, #1548, #6022, #3990, #2555, #1516, #1027, #2522 ),
 .UNSPECIFIED., .F., .T. ) 
 B_SPLINE_CURVE_WITH_KNOTS ( ( 3, 2, 2, 2, 3 ),
 ( 0.2187499999999999445, 0.2239583333333332871, 0.2291666666666666019, 0.2343749999999999445, 0.2395833333333332871 ),
 .UNSPECIFIED. ) 
 CURVE ( )  GEOMETRIC_REPRESENTATION_ITEM ( )  RATIONAL_B_SPLINE_CURVE ( ( 1.000000000000000888, 0.9238795325112859613, 1.000000000000000000, 0.9238795325112867385, 1.000000000000000000, 0.9238795325112867385, 1.000000000000000000, 0.9238795325112875156, 0.9999999999999992228 ) ) 
 REPRESENTATION_ITEM ( '' )  );
#2079 = CARTESIAN_POINT ( 'NONE',  ( 1.688575694911947256, -50.62500000170699366, -4.076582343750019710 ) ) ;
#2081 = ORIENTED_EDGE ( 'NONE', *, *, #3452, .F. ) ;
#2082 = CARTESIAN_POINT ( 'NONE',  ( 3.399999999999995026, -63.82812500000000000, 1.408326112068500224 ) ) ;
#2083 = CARTESIAN_POINT ( 'NONE',  ( 4.076582343749995729, -55.62500000170699366, -1.688575694911970571 ) ) ;
#2084 = CARTESIAN_POINT ( 'NONE',  ( -6.245698675651493936E-16, -69.37500000341398732, 3.399999999999972378 ) ) ;
#2085 = CARTESIAN_POINT ( 'NONE',  ( 4.076582343749995729, -71.95312500170700787, -2.338364031016953865E-14 ) ) ;
#2086 = CARTESIAN_POINT ( 'NONE',  ( 3.399999999999995470, -65.23437500341398732, -1.408326112068545521 ) ) ;
#2087 = CARTESIAN_POINT ( 'NONE',  ( 2.882579019330971715, -65.70312500170699366, -2.882579019330995251 ) ) ;
#2088 = CARTESIAN_POINT ( 'NONE',  ( -3.399999999999996358, -76.79687499999998579, 1.408326112068497560 ) ) ;
#2089 = CARTESIAN_POINT ( 'NONE',  ( 4.076582343749994841, -70.78125000170702208, 1.688575694911926828 ) ) ;
#2090 = CARTESIAN_POINT ( 'NONE',  ( 1.408326112068522651, -78.98437499999998579, 3.399999999999972378 ) ) ;
#2091 = CARTESIAN_POINT ( 'NONE',  ( -6.245698675651493936E-16, -75.62500000341398732, 3.399999999999972378 ) ) ;
#2092 = CARTESIAN_POINT ( 'NONE',  ( 2.882579019330970382, -63.51562500170698655, 2.882579019330949066 ) ) ;
#2093 = CARTESIAN_POINT ( 'NONE',  ( -1.688575694911946590, -72.81250000170700787, -4.076582343750018822 ) ) ;
#2094 = CARTESIAN_POINT ( 'NONE',  ( -3.399999999999995914, -64.45312500000000000, -1.408326112068545521 ) ) ;
#2095 = CARTESIAN_POINT ( 'NONE',  ( 4.076582343749994841, -55.78125000170698655, 1.688575694911926828 ) ) ;
#2096 = CARTESIAN_POINT ( 'NONE',  ( 1.408326112068521985, -62.57812500341399442, -3.400000000000019007 ) ) ;
#2097 = CARTESIAN_POINT ( 'NONE',  ( 1.688575694911947256, -64.37500000170700787, -4.076582343750018822 ) ) ;
#2098 = CARTESIAN_POINT ( 'NONE',  ( -6.245698675651493936E-16, -70.31250000000000000, 3.399999999999972378 ) ) ;
#2099 = CARTESIAN_POINT ( 'NONE',  ( 2.404163056034257728, -65.46875000341398732, 2.404163056034235968 ) ) ;
#2100 = CARTESIAN_POINT ( 'NONE',  ( -3.399999999999995914, -54.68750000341398732, -2.380002022187964067E-14 ) ) ;
#2101 = CARTESIAN_POINT ( 'NONE',  ( 2.404163056034257728, -62.96875000341398021, 2.404163056034235968 ) ) ;
#2102 = CARTESIAN_POINT ( 'NONE',  ( -2.404163056034258172, -78.59375000341398732, -2.404163056034282153 ) ) ;
#2103 = EDGE_CURVE ( 'NONE', #1860, #6456, #2377, .T. ) ;
#2104 = CARTESIAN_POINT ( 'NONE',  ( -1.688575694911949698, -76.25000000170699366, 4.076582343749971749 ) ) ;
#2105 = CARTESIAN_POINT ( 'NONE',  ( -6.245698675651493936E-16, -71.87500000341398732, 3.399999999999972378 ) ) ;
#2106 = CARTESIAN_POINT ( 'NONE',  ( 1.408326112068511327, -71.79687500341398732, 3.399999999999983924 ) ) ;
#2107 = EDGE_CURVE ( 'NONE', #1036, #2600, #5714, .T. ) ;
#2108 = CARTESIAN_POINT ( 'NONE',  ( 1.688575694911947922, -55.93750000170699366, 4.076582343749971749 ) ) ;
#2109 = CARTESIAN_POINT ( 'NONE',  ( 4.076582343749995729, -63.20312500170699366, -2.338364031016953865E-14 ) ) ;
#2110 = ORIENTED_EDGE ( 'NONE', *, *, #3379, .T. ) ;
#2111 = ORIENTED_EDGE ( 'NONE', *, *, #946, .F. ) ;
#2112 = CARTESIAN_POINT ( 'NONE',  ( 0.000000000000000000, -80.00000000000000000, -2.338364031016953865E-14 ) ) ;
#2113 = VERTEX_POINT ( 'NONE', #1367 ) ;
#2114 = CARTESIAN_POINT ( 'NONE',  ( 1.408326112068522651, -65.23437500000000000, 3.399999999999972378 ) ) ;
#2115 = CARTESIAN_POINT ( 'NONE',  ( 2.882579019330971715, -56.79687500170699366, -2.882579019330995251 ) ) ;
#2116 = CARTESIAN_POINT ( 'NONE',  ( -7.488560278101070689E-16, -49.92187500170698655, 4.076582343749972637 ) ) ;
#2117 = CARTESIAN_POINT ( 'NONE',  ( -2.882579019330970826, -68.98437500170699366, -2.882579019330995251 ) ) ;
#2118 =( BOUNDED_CURVE ( )  B_SPLINE_CURVE ( 2, ( #1846, #2484, #367, #827, #2368, #5863, #4470, #6293, #3276 ),
 .UNSPECIFIED., .F., .T. ) 
 B_SPLINE_CURVE_WITH_KNOTS ( ( 3, 2, 2, 2, 3 ),
 ( 0.6145833333333331483, 0.6197916666666664076, 0.6249999999999997780, 0.6302083333333332593, 0.6354166666666665186 ),
 .UNSPECIFIED. ) 
 CURVE ( )  GEOMETRIC_REPRESENTATION_ITEM ( )  RATIONAL_B_SPLINE_CURVE ( ( 1.000000000000003331, 0.9238795325112835188, 1.000000000000000000, 0.9238795325112867385, 1.000000000000000000, 0.9238795325112867385, 1.000000000000000000, 0.9238795325112884038, 0.9999999999999983347 ) ) 
 REPRESENTATION_ITEM ( '' )  );
#2119 = CARTESIAN_POINT ( 'NONE',  ( 1.408326112068521985, -63.82812500341398732, -3.400000000000019007 ) ) ;
#2120 = CARTESIAN_POINT ( 'NONE',  ( -7.488560278101070689E-16, -61.17187500170699366, 4.076582343749972637 ) ) ;
#2121 = CARTESIAN_POINT ( 'NONE',  ( -4.076582343749995729, -72.57812500170699366, -2.388287766204294237E-14 ) ) ;
#2122 = CARTESIAN_POINT ( 'NONE',  ( 3.399999999999995914, -77.50000000000000000, -2.338364031016953865E-14 ) ) ;
#2123 = CARTESIAN_POINT ( 'NONE',  ( -3.399999999999996803, -60.54687500000000000, 1.408326112068497560 ) ) ;
#2124 = CARTESIAN_POINT ( 'NONE',  ( 1.688575694911947922, -59.84375000170699366, 4.076582343749971749 ) ) ;
#2125 = CARTESIAN_POINT ( 'NONE',  ( -7.488560278101070689E-16, -73.51562500170699366, 4.076582343749972637 ) ) ;
#2126 = CARTESIAN_POINT ( 'NONE',  ( -3.399999999999996358, -78.35937500341398732, 1.408326112068497560 ) ) ;
#2127 = CARTESIAN_POINT ( 'NONE',  ( 4.076582343749994841, -73.43750000170699366, 1.688575694911926828 ) ) ;
#2128 = VECTOR ( 'NONE', #1712, 1000.000000000000000 ) ;
#2129 = CARTESIAN_POINT ( 'NONE',  ( -1.688575694911946590, -54.06250000170699366, -4.076582343750018822 ) ) ;
#2130 = CARTESIAN_POINT ( 'NONE',  ( -2.404163056034259061, -60.78125000341398732, 2.404163056034235080 ) ) ;
#2131 = CARTESIAN_POINT ( 'NONE',  ( -4.076582343749995729, -56.48437500170699366, -2.388287766204294237E-14 ) ) ;
#2132 =( BOUNDED_CURVE ( )  B_SPLINE_CURVE ( 2, ( #3181, #1751, #4252, #6226, #6259, #2692, #2300, #3761, #5794 ),
 .UNSPECIFIED., .F., .F. ) 
 B_SPLINE_CURVE_WITH_KNOTS ( ( 3, 2, 2, 2, 3 ),
 ( 0.09374999999999984734, 0.09895833333333317605, 0.1041666666666665325, 0.1093749999999998612, 0.1145833333333332038 ),
 .UNSPECIFIED. ) 
 CURVE ( )  GEOMETRIC_REPRESENTATION_ITEM ( )  RATIONAL_B_SPLINE_CURVE ( ( 1.000000000000002220, 0.9238795325112845180, 1.000000000000000000, 0.9238795325112867385, 1.000000000000000000, 0.9238795325112867385, 1.000000000000000000, 0.9238795325112885148, 0.9999999999999982236 ) ) 
 REPRESENTATION_ITEM ( '' )  );
#2133 = CARTESIAN_POINT ( 'NONE',  ( -7.488560278101070689E-16, -78.67187500170699366, 4.076582343749972637 ) ) ;
#2134 = CARTESIAN_POINT ( 'NONE',  ( 0.000000000000000000, -80.00000000000000000, -2.341876692568689577E-14 ) ) ;
#2135 = CARTESIAN_POINT ( 'NONE',  ( 2.404163056034257728, -54.21875000341398732, 2.404163056034235968 ) ) ;
#2136 =( BOUNDED_CURVE ( )  B_SPLINE_CURVE ( 2, ( #3091, #3121, #2177, #4128, #5567, #1196, #1164, #4586, #170 ),
 .UNSPECIFIED., .F., .F. ) 
 B_SPLINE_CURVE_WITH_KNOTS ( ( 3, 2, 2, 2, 3 ),
 ( 0.6770833333333331483, 0.6822916666666664076, 0.6874999999999997780, 0.6927083333333332593, 0.6979166666666665186 ),
 .UNSPECIFIED. ) 
 CURVE ( )  GEOMETRIC_REPRESENTATION_ITEM ( )  RATIONAL_B_SPLINE_CURVE ( ( 1.000000000000003331, 0.9238795325112835188, 1.000000000000000000, 0.9238795325112867385, 1.000000000000000000, 0.9238795325112867385, 1.000000000000000000, 0.9238795325112884038, 0.9999999999999983347 ) ) 
 REPRESENTATION_ITEM ( '' )  );
#2137 = CARTESIAN_POINT ( 'NONE',  ( -1.408326112068477354, -65.39062500000001421, 3.400000000000018119 ) ) ;
#2138 = CARTESIAN_POINT ( 'NONE',  ( -2.404163056034259061, -75.78125000341398732, 2.404163056034235080 ) ) ;
#2139 = CARTESIAN_POINT ( 'NONE',  ( -7.488560278101070689E-16, -78.67187500170699366, 4.076582343749972637 ) ) ;
#2140 = CYLINDRICAL_SURFACE ( 'NONE', #2342, 3.399999999999995914 ) ;
#2141 = LINE ( 'NONE', #1554, #5264 ) ;
#2142 = CARTESIAN_POINT ( 'NONE',  ( 4.076582343749994841, -49.53125000170699366, 1.688575694911926828 ) ) ;
#2143 = ORIENTED_EDGE ( 'NONE', *, *, #403, .F. ) ;
#2144 = ORIENTED_EDGE ( 'NONE', *, *, #2349, .F. ) ;
#2145 = DIRECTION ( 'NONE',  ( -0.000000000000000000, -1.000000000000000000, -0.000000000000000000 ) ) ;
#2146 = ORIENTED_EDGE ( 'NONE', *, *, #2773, .T. ) ;
#2147 = CARTESIAN_POINT ( 'NONE',  ( 1.408326112068522651, -63.98437500000001421, 3.399999999999972378 ) ) ;
#2148 = CARTESIAN_POINT ( 'NONE',  ( 2.882579019330970382, -50.85937500170699366, 2.882579019330949066 ) ) ;
#2149 = CARTESIAN_POINT ( 'NONE',  ( 1.408326112068510438, -67.57812500341398732, -3.400000000000030553 ) ) ;
#2150 = CARTESIAN_POINT ( 'NONE',  ( 2.882579019330970382, -69.60937500170699366, 2.882579019330949066 ) ) ;
#2151 = CARTESIAN_POINT ( 'NONE',  ( -2.404163056034259061, -64.53125000341398732, 2.404163056034235080 ) ) ;
#2152 = CARTESIAN_POINT ( 'NONE',  ( 4.076582343749995729, -59.53125000170699366, -1.688575694911970571 ) ) ;
#2153 = CARTESIAN_POINT ( 'NONE',  ( 2.404163056034258616, -77.34375000000000000, -2.404163056034282153 ) ) ;
#2154 = CARTESIAN_POINT ( 'NONE',  ( 2.882579019330971715, -65.54687500170699366, -2.882579019330995251 ) ) ;
#2155 = CARTESIAN_POINT ( 'NONE',  ( -2.404163056034259061, -71.71875000000000000, 2.404163056034235080 ) ) ;
#2156 = CARTESIAN_POINT ( 'NONE',  ( -3.399999999999995914, -60.70312500000000711, -1.408326112068545521 ) ) ;
#2157 = CARTESIAN_POINT ( 'NONE',  ( -1.688575694911949698, -61.25000000170700076, 4.076582343749971749 ) ) ;
#2158 = CARTESIAN_POINT ( 'NONE',  ( 1.688575694911947256, -72.96875000170697945, -4.076582343750018822 ) ) ;
#2159 = CARTESIAN_POINT ( 'NONE',  ( -2.882579019330970826, -50.23437500170699366, -2.882579019330995251 ) ) ;
#2160 = CARTESIAN_POINT ( 'NONE',  ( -7.488560278101070689E-16, -73.67187500170699366, 4.076582343749972637 ) ) ;
#2161 = CARTESIAN_POINT ( 'NONE',  ( 1.688575694911947256, -56.71875000170699366, -4.076582343750018822 ) ) ;
#2162 = CARTESIAN_POINT ( 'NONE',  ( 2.404163056034257728, -56.71875000341398732, 2.404163056034235968 ) ) ;
#2163 = CARTESIAN_POINT ( 'NONE',  ( -2.882579019330972159, -58.82812500170699366, 2.882579019330947734 ) ) ;
#2164 = CARTESIAN_POINT ( 'NONE',  ( 1.688575694911947256, -75.62500000170699366, -4.076582343750018822 ) ) ;
#2165 = CARTESIAN_POINT ( 'NONE',  ( 0.000000000000000000, -80.00000000000000000, -2.338364031016953865E-14 ) ) ;
#2166 = DIRECTION ( 'NONE',  ( -0.000000000000000000, -1.000000000000000000, -0.000000000000000000 ) ) ;
#2167 = CARTESIAN_POINT ( 'NONE',  ( 0.000000000000000000, -80.00000000000000000, -2.338364031016953865E-14 ) ) ;
#2168 = CARTESIAN_POINT ( 'NONE',  ( -2.404163056034258172, -73.59375000341398732, -2.404163056034282153 ) ) ;
#2169 = CARTESIAN_POINT ( 'NONE',  ( 2.496186759367024056E-16, -73.04687500170699366, -4.076582343750019710 ) ) ;
#2170 = DIRECTION ( 'NONE',  ( -0.000000000000000000, -1.000000000000000000, -0.000000000000000000 ) ) ;
#2171 = CARTESIAN_POINT ( 'NONE',  ( 2.081899558550498061E-16, -63.43750000000000711, -3.400000000000019451 ) ) ;
#2172 = DIRECTION ( 'NONE',  ( 0.000000000000000000, 0.000000000000000000, -1.000000000000000000 ) ) ;
#2173 = CARTESIAN_POINT ( 'NONE',  ( -1.688575694911950142, -51.09375000170699366, 4.076582343749971749 ) ) ;
#2174 = EDGE_LOOP ( 'NONE', ( #2899, #808, #2501, #3703 ) ) ;
#2175 =( BOUNDED_CURVE ( )  B_SPLINE_CURVE ( 2, ( #559, #3015, #968, #2950, #2984, #4052, #6054, #3961, #4477 ),
 .UNSPECIFIED., .F., .T. ) 
 B_SPLINE_CURVE_WITH_KNOTS ( ( 3, 2, 2, 2, 3 ),
 ( 0.6770833333333331483, 0.6822916666666664076, 0.6874999999999997780, 0.6927083333333332593, 0.6979166666666665186 ),
 .UNSPECIFIED. ) 
 CURVE ( )  GEOMETRIC_REPRESENTATION_ITEM ( )  RATIONAL_B_SPLINE_CURVE ( ( 1.000000000000003331, 0.9238795325112835188, 1.000000000000000000, 0.9238795325112867385, 1.000000000000000000, 0.9238795325112867385, 1.000000000000000000, 0.9238795325112884038, 0.9999999999999983347 ) ) 
 REPRESENTATION_ITEM ( '' )  );
#2176 = ORIENTED_EDGE ( 'NONE', *, *, #2194, .T. ) ;
#2177 = CARTESIAN_POINT ( 'NONE',  ( -2.404163056034258172, -58.59375000341398732, -2.404163056034282153 ) ) ;
#2178 = CARTESIAN_POINT ( 'NONE',  ( -1.408326112068560620, -76.95312500341398732, 3.399999999999934186 ) ) ;
#2179 = ORIENTED_EDGE ( 'NONE', *, *, #3379, .F. ) ;
#2180 = CARTESIAN_POINT ( 'NONE',  ( -1.408326112068521319, -57.10937500000000711, -3.400000000000019007 ) ) ;
#2181 = CARTESIAN_POINT ( 'NONE',  ( -4.076582343749995729, -50.07812500170699366, -2.388287766204294237E-14 ) ) ;
#2182 = CARTESIAN_POINT ( 'NONE',  ( -6.245698675651493936E-16, -65.31250000000000000, 3.399999999999972378 ) ) ;
#2183 = CARTESIAN_POINT ( 'NONE',  ( -2.882579019330970826, -67.73437500170699366, -2.882579019330995251 ) ) ;
#2184 = ORIENTED_EDGE ( 'NONE', *, *, #1722, .T. ) ;
#2185 = CARTESIAN_POINT ( 'NONE',  ( 2.404163056034257728, -61.71875000341398021, 2.404163056034235968 ) ) ;
#2186 = CARTESIAN_POINT ( 'NONE',  ( 4.076582343749994841, -59.68750000170697945, 1.688575694911926828 ) ) ;
#2187 = CARTESIAN_POINT ( 'NONE',  ( -1.408326112068521319, -79.60937500000001421, -3.400000000000019007 ) ) ;
#2188 = CARTESIAN_POINT ( 'NONE',  ( -1.688575694911949698, -68.59375000170699366, 4.076582343749971749 ) ) ;
#2189 = CARTESIAN_POINT ( 'NONE',  ( -6.245698675651493936E-16, -74.06250000000000000, 3.399999999999972378 ) ) ;
#2190 = CARTESIAN_POINT ( 'NONE',  ( 2.882579019330970382, -78.35937500170699366, 2.882579019330949066 ) ) ;
#2191 = CARTESIAN_POINT ( 'NONE',  ( -2.882579019330972159, -57.57812500170698655, 2.882579019330947734 ) ) ;
#2192 = CARTESIAN_POINT ( 'NONE',  ( -3.399999999999996358, -77.10937500341398732, 1.408326112068497560 ) ) ;
#2193 = CARTESIAN_POINT ( 'NONE',  ( -1.688575694911946590, -75.46875000170699366, -4.076582343750019710 ) ) ;
#2194 = EDGE_CURVE ( 'NONE', #441, #1195, #5838, .T. ) ;
#2195 = CARTESIAN_POINT ( 'NONE',  ( -4.076582343749995729, -50.23437500170699366, -2.388287766204294237E-14 ) ) ;
#2196 = CARTESIAN_POINT ( 'NONE',  ( 1.408326112068522651, -54.29687500341398021, 3.399999999999972378 ) ) ;
#2197 = CARTESIAN_POINT ( 'NONE',  ( -7.488560278101070689E-16, -58.67187500170699366, 4.076582343749972637 ) ) ;
#2198 = CARTESIAN_POINT ( 'NONE',  ( 4.076582343749995729, -74.60937500170699366, -2.338364031016953865E-14 ) ) ;
#2199 = FACE_OUTER_BOUND ( 'NONE', #2174, .T. ) ;
#2200 = CARTESIAN_POINT ( 'NONE',  ( -1.408326112068521319, -49.92187500341399442, -3.400000000000019007 ) ) ;
#2201 = CARTESIAN_POINT ( 'NONE',  ( 3.399999999999995470, -68.98437500341397310, -1.408326112068545521 ) ) ;
#2202 = CARTESIAN_POINT ( 'NONE',  ( 4.076582343749994841, -72.18750000170699366, 1.688575694911926828 ) ) ;
#2203 = FACE_OUTER_BOUND ( 'NONE', #4716, .T. ) ;
#2204 = CARTESIAN_POINT ( 'NONE',  ( 2.081899558550498061E-16, -59.68750000000000711, -3.400000000000019451 ) ) ;
#2205 = CARTESIAN_POINT ( 'NONE',  ( 2.404163056034258616, -71.09375000000000000, -2.404163056034282153 ) ) ;
#2206 = CARTESIAN_POINT ( 'NONE',  ( 1.688575694911947256, -51.71875000170698655, -4.076582343750019710 ) ) ;
#2207 = ORIENTED_EDGE ( 'NONE', *, *, #5188, .T. ) ;
#2208 = ORIENTED_EDGE ( 'NONE', *, *, #467, .T. ) ;
#2209 = CARTESIAN_POINT ( 'NONE',  ( 2.404163056034258616, -76.09375000000000000, -2.404163056034282153 ) ) ;
#2210 = CARTESIAN_POINT ( 'NONE',  ( 3.399999999999995914, -52.50000000000000711, -2.338364031016953865E-14 ) ) ;
#2211 = ORIENTED_EDGE ( 'NONE', *, *, #2934, .T. ) ;
#2212 = CARTESIAN_POINT ( 'NONE',  ( -1.408326112068521319, -60.85937500000000000, -3.400000000000019007 ) ) ;
#2213 = CARTESIAN_POINT ( 'NONE',  ( 2.081899558550498061E-16, -52.50000000341398021, -3.400000000000019451 ) ) ;
#2214 = CARTESIAN_POINT ( 'NONE',  ( 3.399999999999995026, -56.64062500341399442, 1.408326112068500446 ) ) ;
#2215 = CARTESIAN_POINT ( 'NONE',  ( -4.076582343749995729, -66.40625000170699366, -1.688575694911971015 ) ) ;
#2216 = CARTESIAN_POINT ( 'NONE',  ( -2.404163056034258172, -63.59375000341398021, -2.404163056034282153 ) ) ;
#2217 = CARTESIAN_POINT ( 'NONE',  ( 1.688575694911947922, -61.09375000170700076, 4.076582343749971749 ) ) ;
#2218 = CARTESIAN_POINT ( 'NONE',  ( 1.408326112068521985, -71.01562500000000000, -3.400000000000019007 ) ) ;
#2219 = CARTESIAN_POINT ( 'NONE',  ( 2.496186759367024056E-16, -64.14062500170700787, -4.076582343750019710 ) ) ;
#2220 = CARTESIAN_POINT ( 'NONE',  ( 1.408326112068522651, -72.73437500000001421, 3.399999999999972378 ) ) ;
#2221 = CARTESIAN_POINT ( 'NONE',  ( -6.245698675651493936E-16, -54.06250000000000000, 3.399999999999972378 ) ) ;
#2222 = CARTESIAN_POINT ( 'NONE',  ( 1.688575694911947922, -57.34375000170699366, 4.076582343749971749 ) ) ;
#2223 = CARTESIAN_POINT ( 'NONE',  ( -4.076582343749996618, -51.25000000170699366, 1.688575694911923053 ) ) ;
#2224 = EDGE_CURVE ( 'NONE', #1860, #2078, #2937, .T. ) ;
#2225 = CARTESIAN_POINT ( 'NONE',  ( 4.076582343749995729, -73.35937500170697945, -2.338364031016953865E-14 ) ) ;
#2226 = CARTESIAN_POINT ( 'NONE',  ( -4.076582343749995729, -52.81250000170699366, -1.688575694911971015 ) ) ;
#2227 = CARTESIAN_POINT ( 'NONE',  ( 3.399999999999995026, -57.89062500341398021, 1.408326112068500224 ) ) ;
#2228 = CARTESIAN_POINT ( 'NONE',  ( 1.688575694911947256, -56.87500000170699366, -4.076582343750018822 ) ) ;
#2229 = CARTESIAN_POINT ( 'NONE',  ( 4.076582343749995729, -77.03125000170699366, -1.688575694911970571 ) ) ;
#2230 = CARTESIAN_POINT ( 'NONE',  ( 3.399999999999995914, -57.50000000000000000, -2.338364031016953865E-14 ) ) ;
#2231 = AXIS2_PLACEMENT_3D ( 'NONE', #5178, #667, #3762 ) ;
#2232 = FACE_OUTER_BOUND ( 'NONE', #5832, .T. ) ;
#2233 = CARTESIAN_POINT ( 'NONE',  ( 1.408326112068521985, -71.32812500341397310, -3.400000000000019007 ) ) ;
#2234 = CARTESIAN_POINT ( 'NONE',  ( 2.496186759367024056E-16, -74.29687500170699366, -4.076582343750019710 ) ) ;
#2235 = CARTESIAN_POINT ( 'NONE',  ( -2.404163056034259061, -61.71875000000000000, 2.404163056034235080 ) ) ;
#2236 = CARTESIAN_POINT ( 'NONE',  ( -1.408326112068521319, -57.10937500000000711, -3.400000000000019007 ) ) ;
#2237 = CARTESIAN_POINT ( 'NONE',  ( -2.404163056034258172, -52.34375000341398732, -2.404163056034282153 ) ) ;
#2238 = AXIS2_PLACEMENT_3D ( 'NONE', #3927, #2855, #5345 ) ;
#2239 = CARTESIAN_POINT ( 'NONE',  ( -2.882579019330970826, -51.48437500170699366, -2.882579019330995251 ) ) ;
#2240 = VERTEX_POINT ( 'NONE', #1957 ) ;
#2241 = PERSON_AND_ORGANIZATION_ROLE ( 'design_supplier' ) ;
#2242 = CARTESIAN_POINT ( 'NONE',  ( 1.408326112068521985, -53.51562500000000000, -3.400000000000019007 ) ) ;
#2243 = EDGE_LOOP ( 'NONE', ( #5444, #3954, #6471, #3283 ) ) ;
#2244 = CARTESIAN_POINT ( 'NONE',  ( -2.404163056034259061, -56.71875000000000000, 2.404163056034235080 ) ) ;
#2245 = CARTESIAN_POINT ( 'NONE',  ( 1.688575694911947256, -51.71875000170698655, -4.076582343750018822 ) ) ;
#2246 = CARTESIAN_POINT ( 'NONE',  ( 3.399999999999998579, -79.37500000000000000, -2.338364031016953865E-14 ) ) ;
#2247 = CARTESIAN_POINT ( 'NONE',  ( -2.882579019330972159, -64.92187500170699366, 2.882579019330947734 ) ) ;
#2248 = CARTESIAN_POINT ( 'NONE',  ( 3.399999999999995914, -60.31250000341398021, -2.338364031016953865E-14 ) ) ;
#2249 = CARTESIAN_POINT ( 'NONE',  ( -1.688575694911950142, -61.25000000170699366, 4.076582343749971749 ) ) ;
#2250 = CARTESIAN_POINT ( 'NONE',  ( 2.404163056034258616, -74.84375000000000000, -2.404163056034282153 ) ) ;
#2251 = CARTESIAN_POINT ( 'NONE',  ( 1.688575694911947922, -67.18750000170699366, 4.076582343749971749 ) ) ;
#2252 = CARTESIAN_POINT ( 'NONE',  ( 2.081899558550498061E-16, -72.18750000000000000, -3.400000000000019451 ) ) ;
#2253 = CARTESIAN_POINT ( 'NONE',  ( 3.399999999999995914, -78.75000000000000000, -2.338364031016953865E-14 ) ) ;
#2254 = CARTESIAN_POINT ( 'NONE',  ( 4.076582343749995729, -58.35937500170698655, -2.338364031016953865E-14 ) ) ;
#2255 = CARTESIAN_POINT ( 'NONE',  ( -4.076582343749995729, -50.07812500170699366, -2.388287766204294237E-14 ) ) ;
#2256 = CARTESIAN_POINT ( 'NONE',  ( -1.688575694911950142, -72.50000000170699366, 4.076582343749971749 ) ) ;
#2257 = CARTESIAN_POINT ( 'NONE',  ( -1.688575694911949698, -52.50000000170699366, 4.076582343749971749 ) ) ;
#2258 = CARTESIAN_POINT ( 'NONE',  ( -3.399999999999995914, -57.18750000341398021, -2.380002022187964067E-14 ) ) ;
#2259 = CARTESIAN_POINT ( 'NONE',  ( 2.882579019330971715, -59.45312500170699366, -2.882579019330995251 ) ) ;
#2260 = CARTESIAN_POINT ( 'NONE',  ( 2.882579019330970382, -73.51562500170699366, 2.882579019330949066 ) ) ;
#2261 = CARTESIAN_POINT ( 'NONE',  ( 2.404163056034257728, -57.65625000000000711, 2.404163056034235968 ) ) ;
#2262 = CARTESIAN_POINT ( 'NONE',  ( -3.399999999999995914, -50.93750000341398732, -2.380002022187964067E-14 ) ) ;
#2263 = CARTESIAN_POINT ( 'NONE',  ( 3.399999999999995470, -72.73437500341398732, -1.408326112068545521 ) ) ;
#2264 = CARTESIAN_POINT ( 'NONE',  ( -1.688575694911946590, -71.71875000170699366, -4.076582343750018822 ) ) ;
#2265 = CARTESIAN_POINT ( 'NONE',  ( -2.404163056034259061, -77.96875000000000000, 2.404163056034235080 ) ) ;
#2266 = CARTESIAN_POINT ( 'NONE',  ( 3.399999999999995914, -58.75000000000000000, -2.338364031016953865E-14 ) ) ;
#2267 = CARTESIAN_POINT ( 'NONE',  ( 0.000000000000000000, -80.00000000000000000, -3.400000000000019451 ) ) ;
#2268 = ORIENTED_EDGE ( 'NONE', *, *, #6463, .T. ) ;
#2269 = PERSON_AND_ORGANIZATION_ROLE ( 'creator' ) ;
#2270 = CARTESIAN_POINT ( 'NONE',  ( 3.399999999999995026, -53.82812500000001421, 1.408326112068500224 ) ) ;
#2271 = ORIENTED_EDGE ( 'NONE', *, *, #1150, .F. ) ;
#2272 = CARTESIAN_POINT ( 'NONE',  ( -3.399999999999995470, -59.45312500000000000, -1.408326112068545521 ) ) ;
#2273 = CARTESIAN_POINT ( 'NONE',  ( 4.076582343749994841, -49.53125000170698655, 1.688575694911926828 ) ) ;
#2274 = CARTESIAN_POINT ( 'NONE',  ( 2.081899558550498061E-16, -56.25000000341398732, -3.400000000000019451 ) ) ;
#2275 = CARTESIAN_POINT ( 'NONE',  ( 4.076582343749994841, -67.03125000170699366, 1.688575694911926828 ) ) ;
#2276 = CARTESIAN_POINT ( 'NONE',  ( -4.076582343749996618, -75.00000000170702208, 1.688575694911923053 ) ) ;
#2277 = EDGE_LOOP ( 'NONE', ( #206, #1466, #866, #4409 ) ) ;
#2278 = CARTESIAN_POINT ( 'NONE',  ( -6.245698675651493936E-16, -56.87500000341398732, 3.399999999999972378 ) ) ;
#2279 = CARTESIAN_POINT ( 'NONE',  ( -1.688575694911946590, -52.96875000170699366, -4.076582343750019710 ) ) ;
#2280 = CARTESIAN_POINT ( 'NONE',  ( -3.399999999999995470, -71.95312500000002842, -1.408326112068545521 ) ) ;
#2281 = CARTESIAN_POINT ( 'NONE',  ( 4.076582343749995729, -66.87500000170700787, -1.688575694911970571 ) ) ;
#2282 = CARTESIAN_POINT ( 'NONE',  ( 2.404163056034258616, -66.09375000000000000, -2.404163056034282153 ) ) ;
#2283 = CARTESIAN_POINT ( 'NONE',  ( -1.408326112068546188, -57.89062500000000000, 3.399999999999948841 ) ) ;
#2284 = CARTESIAN_POINT ( 'NONE',  ( 4.076582343749994841, -54.68750000170698655, 1.688575694911926828 ) ) ;
#2285 = CARTESIAN_POINT ( 'NONE',  ( 2.081899558550498061E-16, -72.50000000341398732, -3.400000000000019451 ) ) ;
#2286 =( BOUNDED_CURVE ( )  B_SPLINE_CURVE ( 2, ( #430, #6434, #5928, #463, #369, #5829, #332, #1458, #3342 ),
 .UNSPECIFIED., .F., .T. ) 
 B_SPLINE_CURVE_WITH_KNOTS ( ( 3, 2, 2, 2, 3 ),
 ( 0.2604166666666666297, 0.2656249999999999445, 0.2708333333333332593, 0.2760416666666666852, 0.2812500000000000000 ),
 .UNSPECIFIED. ) 
 CURVE ( )  GEOMETRIC_REPRESENTATION_ITEM ( )  RATIONAL_B_SPLINE_CURVE ( ( 1.000000000000000888, 0.9238795325112859613, 1.000000000000000000, 0.9238795325112867385, 1.000000000000000000, 0.9238795325112867385, 1.000000000000000000, 0.9238795325112867385, 1.000000000000000000 ) ) 
 REPRESENTATION_ITEM ( '' )  );
#2287 = CARTESIAN_POINT ( 'NONE',  ( 4.076582343749995729, -69.60937500170699366, -2.338364031016953865E-14 ) ) ;
#2288 = CARTESIAN_POINT ( 'NONE',  ( -3.399999999999996803, -65.54687500000000000, 1.408326112068497560 ) ) ;
#2289 = CARTESIAN_POINT ( 'NONE',  ( 2.882579019330971715, -79.29687500170699366, -2.882579019330995251 ) ) ;
#2290 = CARTESIAN_POINT ( 'NONE',  ( -2.404163056034259061, -58.28125000341398732, 2.404163056034235080 ) ) ;
#2291 = CARTESIAN_POINT ( 'NONE',  ( -4.076582343749995729, -51.48437500170699366, -2.388287766204294237E-14 ) ) ;
#2292 = CARTESIAN_POINT ( 'NONE',  ( 1.688575694911947922, -74.84375000170699366, 4.076582343749971749 ) ) ;
#2293 = CARTESIAN_POINT ( 'NONE',  ( -1.408326112068504221, -74.60937500000000000, -3.400000000000036771 ) ) ;
#2294 = EDGE_CURVE ( 'NONE', #3150, #6002, #3254, .T. ) ;
#2295 = CARTESIAN_POINT ( 'NONE',  ( 1.408326112068522651, -49.29687500341398021, 3.399999999999972378 ) ) ;
#2296 = CARTESIAN_POINT ( 'NONE',  ( 3.399999999999995026, -71.64062500341398732, 1.408326112068500224 ) ) ;
#2297 = CARTESIAN_POINT ( 'NONE',  ( -4.076582343749996618, -75.15625000170697945, 1.688575694911923053 ) ) ;
#2298 = CARTESIAN_POINT ( 'NONE',  ( -1.408326112068523317, -49.45312500341398732, 3.399999999999971934 ) ) ;
#2299 = CARTESIAN_POINT ( 'NONE',  ( 2.404163056034258616, -59.84375000000000000, -2.404163056034282153 ) ) ;
#2300 = CARTESIAN_POINT ( 'NONE',  ( -2.404163056034259061, -75.78125000341398732, 2.404163056034235080 ) ) ;
#2301 = CARTESIAN_POINT ( 'NONE',  ( 3.399999999999995026, -76.64062500341398732, 1.408326112068500446 ) ) ;
#2302 = ORIENTED_EDGE ( 'NONE', *, *, #4615, .T. ) ;
#2303 = EDGE_CURVE ( 'NONE', #3220, #604, #3922, .T. ) ;
#2304 = CARTESIAN_POINT ( 'NONE',  ( 3.399999999999995026, -50.07812500000000000, 1.408326112068500224 ) ) ;
#2305 = ADVANCED_FACE ( 'NONE', ( #6093 ), #1652, .F. ) ;
#2306 = ORIENTED_EDGE ( 'NONE', *, *, #1631, .T. ) ;
#2307 = CARTESIAN_POINT ( 'NONE',  ( 3.399999999999995026, -58.82812500000000711, 1.408326112068500224 ) ) ;
#2308 = FACE_OUTER_BOUND ( 'NONE', #5664, .T. ) ;
#2309 = LINE ( 'NONE', #1730, #747 ) ;
#2311 = CARTESIAN_POINT ( 'NONE',  ( 1.688575694911947256, -57.96875000170699366, -4.076582343750019710 ) ) ;
#2310 =( BOUNDED_CURVE ( )  B_SPLINE_CURVE ( 2, ( #3041, #3493, #26, #2094, #1083, #5954, #1117, #5066, #4078 ),
 .UNSPECIFIED., .F., .T. ) 
 B_SPLINE_CURVE_WITH_KNOTS ( ( 3, 2, 2, 2, 3 ),
 ( 0.5104166666666664076, 0.5156249999999998890, 0.5208333333333333703, 0.5260416666666667407, 0.5312500000000002220 ),
 .UNSPECIFIED. ) 
 CURVE ( )  GEOMETRIC_REPRESENTATION_ITEM ( )  RATIONAL_B_SPLINE_CURVE ( ( 1.000000000000003331, 0.9238795325112835188, 1.000000000000000000, 0.9238795325112867385, 1.000000000000000000, 0.9238795325112867385, 1.000000000000000000, 0.9238795325112835188, 1.000000000000003331 ) ) 
 REPRESENTATION_ITEM ( '' )  );
#2312 = CARTESIAN_POINT ( 'NONE',  ( -4.076582343749995729, -73.90625000170700787, -1.688575694911971015 ) ) ;
#2313 = CARTESIAN_POINT ( 'NONE',  ( -3.399999999999995470, -59.76562500341398021, -1.408326112068545521 ) ) ;
#2314 = CARTESIAN_POINT ( 'NONE',  ( -7.488560278101070689E-16, -53.67187500170698655, 4.076582343749972637 ) ) ;
#2315 = CARTESIAN_POINT ( 'NONE',  ( 2.404163056034257728, -71.40625000000000000, 2.404163056034235968 ) ) ;
#2316 = CARTESIAN_POINT ( 'NONE',  ( 1.688575694911947256, -62.96875000170700076, -4.076582343750018822 ) ) ;
#2317 = CARTESIAN_POINT ( 'NONE',  ( -2.404163056034258172, -68.28125000000000000, -2.404163056034282153 ) ) ;
#2318 = VECTOR ( 'NONE', #3019, 1000.000000000000000 ) ;
#2319 = CARTESIAN_POINT ( 'NONE',  ( -1.408326112068546188, -54.14062499999998579, 3.399999999999948841 ) ) ;
#2320 = CARTESIAN_POINT ( 'NONE',  ( 4.076582343749995729, -55.85937500170699366, -2.338364031016953865E-14 ) ) ;
#2321 = CARTESIAN_POINT ( 'NONE',  ( 1.408326112068522651, -74.29687500341400153, 3.399999999999972378 ) ) ;
#2322 = CARTESIAN_POINT ( 'NONE',  ( -4.076582343749995729, -69.06250000170699366, -1.688575694911971015 ) ) ;
#2323 = CARTESIAN_POINT ( 'NONE',  ( -3.399999999999995914, -62.18750000341398732, -2.380002022187964067E-14 ) ) ;
#2324 = CARTESIAN_POINT ( 'NONE',  ( 4.076582343749995729, -79.45312500170699366, -2.338364031016953865E-14 ) ) ;
#2325 = CARTESIAN_POINT ( 'NONE',  ( -3.399999999999995470, -51.01562500341398021, -1.408326112068545521 ) ) ;
#2326 = CARTESIAN_POINT ( 'NONE',  ( 2.882579019330970382, -54.76562500170699366, 2.882579019330949066 ) ) ;
#2327 = CARTESIAN_POINT ( 'NONE',  ( -2.882579019330970826, -67.89062500170699366, -2.882579019330995251 ) ) ;
#2328 = VERTEX_POINT ( 'NONE', #6060 ) ;
#2329 = LINE ( 'NONE', #1774, #2749 ) ;
#2330 =( BOUNDED_CURVE ( )  B_SPLINE_CURVE ( 2, ( #1830, #2740, #5258, #4238, #5292, #1737, #3810, #2283, #2710 ),
 .UNSPECIFIED., .F., .T. ) 
 B_SPLINE_CURVE_WITH_KNOTS ( ( 3, 2, 2, 2, 3 ),
 ( 0.7187500000000000000, 0.7239583333333333703, 0.7291666666666665186, 0.7343749999999998890, 0.7395833333333332593 ),
 .UNSPECIFIED. ) 
 CURVE ( )  GEOMETRIC_REPRESENTATION_ITEM ( )  RATIONAL_B_SPLINE_CURVE ( ( 1.000000000000000000, 0.9238795325112867385, 1.000000000000000000, 0.9238795325112867385, 1.000000000000000000, 0.9238795325112867385, 1.000000000000000000, 0.9238795325112884038, 0.9999999999999983347 ) ) 
 REPRESENTATION_ITEM ( '' )  );
#2331 = DIRECTION ( 'NONE',  ( 0.000000000000000000, 0.000000000000000000, -1.000000000000000000 ) ) ;
#2332 = CARTESIAN_POINT ( 'NONE',  ( -3.399999999999995470, -66.01562500341398732, -1.408326112068545521 ) ) ;
#2333 = CARTESIAN_POINT ( 'NONE',  ( -4.076582343749995729, -67.73437500170699366, -2.388287766204294237E-14 ) ) ;
#2334 = CARTESIAN_POINT ( 'NONE',  ( 1.408326112068522651, -57.73437500000000711, 3.399999999999972378 ) ) ;
#2335 = CARTESIAN_POINT ( 'NONE',  ( 0.000000000000000000, -80.00000000000000000, -2.338364031016953865E-14 ) ) ;
#2336 = CARTESIAN_POINT ( 'NONE',  ( -6.245698675651493936E-16, -66.56250000000000000, 3.399999999999972378 ) ) ;
#2337 = EDGE_LOOP ( 'NONE', ( #137, #1198, #4320, #992 ) ) ;
#2338 =( LENGTH_UNIT ( ) NAMED_UNIT ( * ) SI_UNIT ( .MILLI., .METRE. ) );
#2339 = CARTESIAN_POINT ( 'NONE',  ( 2.081899558550498061E-16, -61.25000000341398021, -3.400000000000019451 ) ) ;
#2340 = ORIENTED_EDGE ( 'NONE', *, *, #1039, .F. ) ;
#2341 = CARTESIAN_POINT ( 'NONE',  ( -1.408326112068521319, -54.60937500000000711, -3.400000000000019007 ) ) ;
#2342 = AXIS2_PLACEMENT_3D ( 'NONE', #1189, #3179, #4089 ) ;
#2343 = DIRECTION ( 'NONE',  ( -0.000000000000000000, 1.000000000000000000, 2.927345865710861972E-16 ) ) ;
#2344 = CARTESIAN_POINT ( 'NONE',  ( -2.882579019330970826, -62.73437500170699366, -2.882579019330995251 ) ) ;
#2345 = CARTESIAN_POINT ( 'NONE',  ( -1.688575694911946590, -70.31250000170699366, -4.076582343750018822 ) ) ;
#2346 = ORIENTED_EDGE ( 'NONE', *, *, #3452, .T. ) ;
#2347 = CARTESIAN_POINT ( 'NONE',  ( 2.081899558550498061E-16, -57.50000000341398732, -3.400000000000019451 ) ) ;
#2348 = CARTESIAN_POINT ( 'NONE',  ( 1.688575694911947256, -54.37500000170699366, -4.076582343750019710 ) ) ;
#2349 = EDGE_CURVE ( 'NONE', #841, #5216, #2141, .T. ) ;
#2350 = CARTESIAN_POINT ( 'NONE',  ( -2.404163056034258172, -72.03125000000000000, -2.404163056034282153 ) ) ;
#2351 = CARTESIAN_POINT ( 'NONE',  ( -1.688575694911949698, -59.84375000170700076, 4.076582343749971749 ) ) ;
#2352 = CARTESIAN_POINT ( 'NONE',  ( -1.408326112068521319, -67.10937500000000000, -3.400000000000019007 ) ) ;
#2353 = CARTESIAN_POINT ( 'NONE',  ( -1.688575694911946590, -74.06250000170699366, -4.076582343750019710 ) ) ;
#2354 = CARTESIAN_POINT ( 'NONE',  ( 4.076582343749995729, -54.60937500170699366, -2.338364031016953865E-14 ) ) ;
#2355 = CARTESIAN_POINT ( 'NONE',  ( 1.408326112068521985, -75.07812500341398732, -3.400000000000019007 ) ) ;
#2356 = CARTESIAN_POINT ( 'NONE',  ( -4.076582343749995729, -71.48437500170697945, -2.388287766204294237E-14 ) ) ;
#2357 = CARTESIAN_POINT ( 'NONE',  ( 4.163799117100996122E-16, -80.00000000000000000, 3.399999999999972378 ) ) ;
#2358 = CARTESIAN_POINT ( 'NONE',  ( 1.688575694911947922, -74.68750000170700787, 4.076582343749971749 ) ) ;
#2359 = CARTESIAN_POINT ( 'NONE',  ( 2.404163056034257728, -49.21875000341398021, 2.404163056034235968 ) ) ;
#2360 = CARTESIAN_POINT ( 'NONE',  ( 4.076582343749994841, -50.93750000170699366, 1.688575694911926828 ) ) ;
#2361 = CARTESIAN_POINT ( 'NONE',  ( 4.076582343749994841, -72.18750000170699366, 1.688575694911926828 ) ) ;
#2362 = EDGE_LOOP ( 'NONE', ( #4776, #2996, #1841, #5357 ) ) ;
#2363 = CARTESIAN_POINT ( 'NONE',  ( -6.245698675651493936E-16, -59.06250000000000711, 3.399999999999972378 ) ) ;
#2364 = CARTESIAN_POINT ( 'NONE',  ( -2.404163056034258172, -57.03125000000000711, -2.404163056034282153 ) ) ;
#2365 = CARTESIAN_POINT ( 'NONE',  ( 4.076582343749995729, -60.62500000170699366, -1.688575694911970571 ) ) ;
#2366 = CARTESIAN_POINT ( 'NONE',  ( 1.408326112068522651, -65.54687500341397310, 3.399999999999972378 ) ) ;
#2367 = CARTESIAN_POINT ( 'NONE',  ( 2.496186759367024056E-16, -68.04687500170699366, -4.076582343750019710 ) ) ;
#2368 = CARTESIAN_POINT ( 'NONE',  ( 3.399999999999995914, -61.25000000000000000, -2.338364031016953865E-14 ) ) ;
#2369 = CARTESIAN_POINT ( 'NONE',  ( 2.081899558550498061E-16, -54.68750000000000000, -3.400000000000019451 ) ) ;
#2370 = CYLINDRICAL_SURFACE ( 'NONE', #775, 3.399999999999995914 ) ;
#2371 = CARTESIAN_POINT ( 'NONE',  ( 2.081899558550498061E-16, -68.75000000341398732, -3.400000000000019451 ) ) ;
#2372 = ORIENTED_EDGE ( 'NONE', *, *, #3929, .F. ) ;
#2373 = LINE ( 'NONE', #1921, #2599 ) ;
#2374 = CARTESIAN_POINT ( 'NONE',  ( 3.756747215699735687, -79.75551817717226299, -0.4875908425774503341 ) ) ;
#2375 = CARTESIAN_POINT ( 'NONE',  ( -2.404163056034259061, -55.46875000000000000, 2.404163056034235080 ) ) ;
#2376 = CARTESIAN_POINT ( 'NONE',  ( -3.399999999999995914, -59.76562500341398021, -1.408326112068545521 ) ) ;
#2377 = LINE ( 'NONE', #4483, #2838 ) ;
#2378 = CARTESIAN_POINT ( 'NONE',  ( 2.882579019330970382, -59.60937500170699366, 2.882579019330949066 ) ) ;
#2379 = CARTESIAN_POINT ( 'NONE',  ( 2.882579019330971715, -66.79687500170700787, -2.882579019330995251 ) ) ;
#2380 = ORIENTED_EDGE ( 'NONE', *, *, #3855, .T. ) ;
#2381 = EDGE_CURVE ( 'NONE', #4814, #1823, #4583, .T. ) ;
#2382 = CARTESIAN_POINT ( 'NONE',  ( -3.399999999999996358, -60.85937500341399442, 1.408326112068497560 ) ) ;
#2383 = CARTESIAN_POINT ( 'NONE',  ( 1.688575694911947256, -53.12500000170698655, -4.076582343750019710 ) ) ;
#2384 = CARTESIAN_POINT ( 'NONE',  ( 2.404163056034258616, -66.09375000000000000, -2.404163056034282153 ) ) ;
#2385 = CARTESIAN_POINT ( 'NONE',  ( -4.076582343749996618, -60.00000000170699366, 1.688575694911923053 ) ) ;
#2386 = CARTESIAN_POINT ( 'NONE',  ( 2.081899558550498061E-16, -68.43750000000000000, -3.400000000000019451 ) ) ;
#2387 = CARTESIAN_POINT ( 'NONE',  ( 4.076582343749995729, -76.95312500170699366, -2.338364031016953865E-14 ) ) ;
#2388 = CARTESIAN_POINT ( 'NONE',  ( 2.496186759367024056E-16, -55.54687500170699366, -4.076582343750019710 ) ) ;
#2389 = CARTESIAN_POINT ( 'NONE',  ( 2.404163056034257728, -72.96875000341398732, 2.404163056034235968 ) ) ;
#2390 = CARTESIAN_POINT ( 'NONE',  ( -7.488560278101070689E-16, -68.67187500170699366, 4.076582343749972637 ) ) ;
#2391 = FACE_OUTER_BOUND ( 'NONE', #5286, .T. ) ;
#2392 = CARTESIAN_POINT ( 'NONE',  ( -1.688575694911946590, -76.56250000170702208, -4.076582343750018822 ) ) ;
#2393 = CARTESIAN_POINT ( 'NONE',  ( 1.408326112068522651, -50.54687500341398021, 3.399999999999972378 ) ) ;
#2394 = CARTESIAN_POINT ( 'NONE',  ( -2.882579019330970826, -54.14062500170699366, -2.882579019330995251 ) ) ;
#2395 = CARTESIAN_POINT ( 'NONE',  ( 2.496186759367024056E-16, -68.04687500170699366, -4.076582343750019710 ) ) ;
#2396 = ORIENTED_EDGE ( 'NONE', *, *, #3177, .F. ) ;
#2397 = CARTESIAN_POINT ( 'NONE',  ( -3.399999999999995914, -78.43750000341398732, -2.380002022187964067E-14 ) ) ;
#2398 = CARTESIAN_POINT ( 'NONE',  ( -3.399999999999996803, -56.79687500000000000, 1.408326112068497560 ) ) ;
#2399 = EDGE_CURVE ( 'NONE', #1194, #4814, #5261, .T. ) ;
#2400 = CARTESIAN_POINT ( 'NONE',  ( 2.496186759367024056E-16, -59.14062500170700076, -4.076582343750019710 ) ) ;
#2401 = CARTESIAN_POINT ( 'NONE',  ( -2.404163056034258172, -64.84375000341398732, -2.404163056034282153 ) ) ;
#2402 = CARTESIAN_POINT ( 'NONE',  ( -2.882579019330970826, -67.89062500170699366, -2.882579019330995251 ) ) ;
#2403 = CYLINDRICAL_SURFACE ( 'NONE', #3069, 3.399999999999995914 ) ;
#2404 = CARTESIAN_POINT ( 'NONE',  ( 2.081899558550498061E-16, -76.25000000341398732, -3.400000000000019451 ) ) ;
#2405 = FACE_OUTER_BOUND ( 'NONE', #3969, .T. ) ;
#2406 = CARTESIAN_POINT ( 'NONE',  ( 4.163799117100996122E-16, -80.00000000000000000, 3.399999999999972378 ) ) ;
#2407 = CARTESIAN_POINT ( 'NONE',  ( -2.404163056034258172, -53.28125000000000000, -2.404163056034282153 ) ) ;
#2408 = CARTESIAN_POINT ( 'NONE',  ( 1.408326112068510438, -70.07812500341397310, -3.400000000000030553 ) ) ;
#2409 = CARTESIAN_POINT ( 'NONE',  ( -1.408326112068454705, -62.89062500000000711, 3.400000000000040767 ) ) ;
#2410 = CARTESIAN_POINT ( 'NONE',  ( 4.076582343749995729, -58.20312500170699366, -2.338364031016953865E-14 ) ) ;
#2411 = CARTESIAN_POINT ( 'NONE',  ( -4.076582343749995729, -66.32812500170699366, -2.388287766204294237E-14 ) ) ;
#2412 = ORIENTED_EDGE ( 'NONE', *, *, #2107, .T. ) ;
#2413 = CARTESIAN_POINT ( 'NONE',  ( 1.688575694911947256, -55.62500000170698655, -4.076582343750019710 ) ) ;
#2414 = CARTESIAN_POINT ( 'NONE',  ( 1.408326112068522651, -70.23437499999998579, 3.399999999999972378 ) ) ;
#2415 = CARTESIAN_POINT ( 'NONE',  ( -7.488560278101070689E-16, -63.51562500170698655, 4.076582343749972637 ) ) ;
#2416 = CARTESIAN_POINT ( 'NONE',  ( 3.399999999999995914, -67.50000000000000000, -2.338364031016953865E-14 ) ) ;
#2417 = CARTESIAN_POINT ( 'NONE',  ( 2.882579019330970382, -75.85937500170699366, 2.882579019330949066 ) ) ;
#2418 = CARTESIAN_POINT ( 'NONE',  ( -3.399999999999995914, -72.18750000341397310, -2.380002022187964067E-14 ) ) ;
#2419 = CARTESIAN_POINT ( 'NONE',  ( 2.882579019330971715, -69.45312500170697945, -2.882579019330995251 ) ) ;
#2420 = AXIS2_PLACEMENT_3D ( 'NONE', #5354, #3966, #1494 ) ;
#2421 = CARTESIAN_POINT ( 'NONE',  ( 2.404163056034258616, -60.15625000341398732, -2.404163056034282153 ) ) ;
#2422 = CARTESIAN_POINT ( 'NONE',  ( -4.076582343749995729, -77.57812500170699366, -2.388287766204294237E-14 ) ) ;
#2423 = CARTESIAN_POINT ( 'NONE',  ( -2.404163056034259061, -50.78125000341398732, 2.404163056034235080 ) ) ;
#2424 = CARTESIAN_POINT ( 'NONE',  ( 2.882579019330970382, -53.51562500170699366, 2.882579019330949066 ) ) ;
#2425 = CARTESIAN_POINT ( 'NONE',  ( 1.688575694911947922, -67.34375000170699366, 4.076582343749971749 ) ) ;
#2426 = VERTEX_POINT ( 'NONE', #3505 ) ;
#2427 = CARTESIAN_POINT ( 'NONE',  ( -4.076582343749995729, -77.65625000170700787, -1.688575694911971015 ) ) ;
#2428 =( BOUNDED_CURVE ( )  B_SPLINE_CURVE ( 2, ( #3370, #5339, #4769, #2883, #4309, #2782, #6324, #1572, #521 ),
 .UNSPECIFIED., .F., .F. ) 
 B_SPLINE_CURVE_WITH_KNOTS ( ( 3, 2, 2, 2, 3 ),
 ( 0.8020833333333332593, 0.8072916666666665186, 0.8125000000000000000, 0.8177083333333333703, 0.8229166666666666297 ),
 .UNSPECIFIED. ) 
 CURVE ( )  GEOMETRIC_REPRESENTATION_ITEM ( )  RATIONAL_B_SPLINE_CURVE ( ( 1.000000000000001554, 0.9238795325112850731, 1.000000000000000000, 0.9238795325112867385, 1.000000000000000000, 0.9238795325112867385, 1.000000000000000000, 0.9238795325112867385, 1.000000000000000000 ) ) 
 REPRESENTATION_ITEM ( '' )  );
#2429 = CARTESIAN_POINT ( 'NONE',  ( 0.000000000000000000, -80.00000000000000000, -2.338364031016953865E-14 ) ) ;
#2430 = CARTESIAN_POINT ( 'NONE',  ( -1.688575694911949698, -57.34375000170699366, 4.076582343749971749 ) ) ;
#2431 = CARTESIAN_POINT ( 'NONE',  ( 2.081899558550498061E-16, -66.25000000341398732, -3.400000000000019451 ) ) ;
#2432 = CARTESIAN_POINT ( 'NONE',  ( 1.688575694911947256, -66.87500000170699366, -4.076582343750018822 ) ) ;
#2433 = CARTESIAN_POINT ( 'NONE',  ( 4.163799117100996122E-16, -80.00000000000000000, 3.399999999999972378 ) ) ;
#2434 = CARTESIAN_POINT ( 'NONE',  ( 2.404163056034258616, -76.40625000341398732, -2.404163056034282153 ) ) ;
#2435 = DIRECTION ( 'NONE',  ( 0.000000000000000000, 0.000000000000000000, -1.000000000000000000 ) ) ;
#2436 = CARTESIAN_POINT ( 'NONE',  ( -1.238049829315974164E-11, -79.57311706131696383, -3.598117061316978837 ) ) ;
#2437 = CARTESIAN_POINT ( 'NONE',  ( 1.408326112068521985, -54.76562500000000711, -3.400000000000019007 ) ) ;
#2438 = DIRECTION ( 'NONE',  ( -0.000000000000000000, -1.000000000000000000, -0.000000000000000000 ) ) ;
#2439 = CARTESIAN_POINT ( 'NONE',  ( 2.081899558550498061E-16, -63.43750000000000711, -3.400000000000019451 ) ) ;
#2440 = CARTESIAN_POINT ( 'NONE',  ( 4.076582343749994841, -60.78125000170699366, 1.688575694911926828 ) ) ;
#2441 = CARTESIAN_POINT ( 'NONE',  ( 1.688575694911947256, -70.46875000170699366, -4.076582343750018822 ) ) ;
#2442 = VERTEX_POINT ( 'NONE', #6127 ) ;
#2443 = AXIS2_PLACEMENT_3D ( 'NONE', #3559, #2069, #998 ) ;
#2444 = CARTESIAN_POINT ( 'NONE',  ( 1.408326112068591263, -62.73437499999999289, 3.399999999999903544 ) ) ;
#2445 = CARTESIAN_POINT ( 'NONE',  ( -1.408326112068521319, -68.35937500000000000, -3.400000000000019007 ) ) ;
#2446 = CARTESIAN_POINT ( 'NONE',  ( -4.076582343749995729, -61.40625000170699366, -1.688575694911971015 ) ) ;
#2447 = CARTESIAN_POINT ( 'NONE',  ( 3.399999999999995026, -63.82812500000000000, 1.408326112068500224 ) ) ;
#2448 = CARTESIAN_POINT ( 'NONE',  ( 4.076582343749995729, -73.20312500170699366, -2.338364031016953865E-14 ) ) ;
#2449 = AXIS2_PLACEMENT_3D ( 'NONE', #1956, #2438, #5766 ) ;
#2450 = CARTESIAN_POINT ( 'NONE',  ( 3.399999999999995914, -66.56250000341398732, -2.338364031016953865E-14 ) ) ;
#2451 = CARTESIAN_POINT ( 'NONE',  ( 4.076582343749994841, -64.68750000170699366, 1.688575694911926828 ) ) ;
#2452 = CARTESIAN_POINT ( 'NONE',  ( -2.747973893229826992, -79.45942696696984342, -2.154594988252814591 ) ) ;
#2453 = CARTESIAN_POINT ( 'NONE',  ( -1.688575694911946590, -74.06250000170699366, -4.076582343750018822 ) ) ;
#2454 = CARTESIAN_POINT ( 'NONE',  ( 3.399999999999995026, -49.14062500341398732, 1.408326112068500224 ) ) ;
#2455 = CARTESIAN_POINT ( 'NONE',  ( 2.081899558550498061E-16, -73.75000000341398732, -3.400000000000019451 ) ) ;
#2456 = CARTESIAN_POINT ( 'NONE',  ( -7.488560278101070689E-16, -68.67187500170699366, 4.076582343749972637 ) ) ;
#2457 = VERTEX_POINT ( 'NONE', #1128 ) ;
#2458 = CARTESIAN_POINT ( 'NONE',  ( -4.076582343749995729, -76.40625000170697945, -1.688575694911971015 ) ) ;
#2459 = CARTESIAN_POINT ( 'NONE',  ( 2.081899558550498061E-16, -67.50000000341398732, -3.400000000000019451 ) ) ;
#2460 = EDGE_CURVE ( 'NONE', #5598, #6267, #5930, .T. ) ;
#2461 = CARTESIAN_POINT ( 'NONE',  ( 2.882579019330970382, -58.35937500170699366, 2.882579019330949066 ) ) ;
#2462 = CARTESIAN_POINT ( 'NONE',  ( 2.404163056034257728, -65.46875000341398732, 2.404163056034235968 ) ) ;
#2463 = CARTESIAN_POINT ( 'NONE',  ( 2.882579019330971715, -66.95312500170699366, -2.882579019330995251 ) ) ;
#2464 = CARTESIAN_POINT ( 'NONE',  ( 3.399999999999995914, -51.25000000000000711, -2.338364031016953865E-14 ) ) ;
#2465 = CARTESIAN_POINT ( 'NONE',  ( -1.408326112068523317, -54.45312500341398021, 3.399999999999971934 ) ) ;
#2466 = DIRECTION ( 'NONE',  ( -0.000000000000000000, -1.000000000000000000, -0.000000000000000000 ) ) ;
#2467 = CARTESIAN_POINT ( 'NONE',  ( 0.4868072105384447235, -79.58958099923432883, -3.589766488362191588 ) ) ;
#2468 = CARTESIAN_POINT ( 'NONE',  ( 1.408326112068522651, -51.48437500000000711, 3.399999999999972378 ) ) ;
#2469 = CARTESIAN_POINT ( 'NONE',  ( 1.408326112068544633, -56.01562499999999289, -3.399999999999995914 ) ) ;
#2470 = CARTESIAN_POINT ( 'NONE',  ( 2.081899558550498061E-16, -63.75000000341399442, -3.400000000000019451 ) ) ;
#2471 = CARTESIAN_POINT ( 'NONE',  ( -1.688575694911950142, -56.09375000170700076, 4.076582343749971749 ) ) ;
#2472 = CARTESIAN_POINT ( 'NONE',  ( 1.688575694911947922, -68.43750000170700787, 4.076582343749971749 ) ) ;
#2473 = VERTEX_POINT ( 'NONE', #3117 ) ;
#2474 = CARTESIAN_POINT ( 'NONE',  ( 2.496186759367024056E-16, -51.79687500170698655, -4.076582343750019710 ) ) ;
#2475 = CARTESIAN_POINT ( 'NONE',  ( -6.245698675651493936E-16, -70.31250000000000000, 3.399999999999972378 ) ) ;
#2476 = CARTESIAN_POINT ( 'NONE',  ( -4.076582343749995729, -55.15625000170700787, -1.688575694911971015 ) ) ;
#2477 = CARTESIAN_POINT ( 'NONE',  ( -2.404163056034258172, -60.78125000000000000, -2.404163056034282153 ) ) ;
#2478 = CARTESIAN_POINT ( 'NONE',  ( 4.076582343749995729, -74.45312500170699366, -2.338364031016953865E-14 ) ) ;
#2479 = CARTESIAN_POINT ( 'NONE',  ( 1.408326112068522651, -69.29687500341398732, 3.399999999999972378 ) ) ;
#2480 = CARTESIAN_POINT ( 'NONE',  ( 4.076582343749994841, -63.43750000170698655, 1.688575694911926828 ) ) ;
#2481 = CARTESIAN_POINT ( 'NONE',  ( -3.399999999999995914, -64.68750000341398732, -2.380002022187964067E-14 ) ) ;
#2482 = CARTESIAN_POINT ( 'NONE',  ( -7.488560278101070689E-16, -74.76562500170699366, 4.076582343749972637 ) ) ;
#2483 = CARTESIAN_POINT ( 'NONE',  ( -6.245698675651493936E-16, -76.56250000000000000, 3.399999999999972378 ) ) ;
#2484 = CARTESIAN_POINT ( 'NONE',  ( 1.408326112068476244, -61.48437500000000000, 3.400000000000018563 ) ) ;
#2485 = CARTESIAN_POINT ( 'NONE',  ( 4.076582343749995729, -64.60937500170699366, -2.338364031016953865E-14 ) ) ;
#2486 = CARTESIAN_POINT ( 'NONE',  ( 2.496186759367024056E-16, -78.04687500170699366, -4.076582343750019710 ) ) ;
#2487 = CIRCLE ( 'NONE', #6145, 4.025000000000000355 ) ;
#2488 = CARTESIAN_POINT ( 'NONE',  ( 1.688575694911947922, -58.43750000170699366, 4.076582343749971749 ) ) ;
#2489 = CARTESIAN_POINT ( 'NONE',  ( 2.404163056034258616, -61.40625000341398732, -2.404163056034282153 ) ) ;
#2490 = CARTESIAN_POINT ( 'NONE',  ( -1.688575694911946590, -64.21875000170699366, -4.076582343750018822 ) ) ;
#2491 = CARTESIAN_POINT ( 'NONE',  ( 2.496186759367024056E-16, -79.29687500170699366, -4.076582343750019710 ) ) ;
#2492 = CARTESIAN_POINT ( 'NONE',  ( -6.245698675651493936E-16, -54.37500000341398732, 3.399999999999972378 ) ) ;
#2493 = CARTESIAN_POINT ( 'NONE',  ( 3.399999999999995914, -52.81250000341398732, -2.338364031016953865E-14 ) ) ;
#2494 = CARTESIAN_POINT ( 'NONE',  ( 3.399999999999995914, -79.53125000170699366, -2.338364031016953865E-14 ) ) ;
#2495 = DIRECTION ( 'NONE',  ( -0.000000000000000000, -1.000000000000000000, -0.000000000000000000 ) ) ;
#2496 = CARTESIAN_POINT ( 'NONE',  ( 3.399999999999995026, -50.07812500000000000, 1.408326112068500224 ) ) ;
#2497 = CARTESIAN_POINT ( 'NONE',  ( -6.245698675651493936E-16, -56.56250000000000000, 3.399999999999972378 ) ) ;
#2498 = LINE ( 'NONE', #4359, #5752 ) ;
#2499 = CARTESIAN_POINT ( 'NONE',  ( -1.688575694911946590, -55.31250000170699366, -4.076582343750019710 ) ) ;
#2500 = CARTESIAN_POINT ( 'NONE',  ( 4.076582343749995729, -63.12500000170700076, -1.688575694911970571 ) ) ;
#2501 = ORIENTED_EDGE ( 'NONE', *, *, #3930, .F. ) ;
#2502 = ADVANCED_FACE ( 'NONE', ( #5114 ), #629, .F. ) ;
#2503 = EDGE_CURVE ( 'NONE', #2048, #1655, #113, .T. ) ;
#2504 = CARTESIAN_POINT ( 'NONE',  ( 2.081899558550498061E-16, -57.50000000341398732, -3.400000000000019451 ) ) ;
#2505 = CARTESIAN_POINT ( 'NONE',  ( 3.399999999999995026, -67.57812500000000000, 1.408326112068500224 ) ) ;
#2506 = CARTESIAN_POINT ( 'NONE',  ( 4.076582343749994841, -58.28125000170700076, 1.688575694911926828 ) ) ;
#2507 = CARTESIAN_POINT ( 'NONE',  ( -2.404163056034259061, -62.96875000000000711, 2.404163056034235080 ) ) ;
#2508 = CARTESIAN_POINT ( 'NONE',  ( -4.076582343749996618, -72.50000000170699366, 1.688575694911923053 ) ) ;
#2509 = CARTESIAN_POINT ( 'NONE',  ( -6.245698675651493936E-16, -69.37500000341398732, 3.399999999999972378 ) ) ;
#2510 = CARTESIAN_POINT ( 'NONE',  ( -1.688575694911946590, -66.71875000170699366, -4.076582343750019710 ) ) ;
#2511 = CARTESIAN_POINT ( 'NONE',  ( -1.688575694911949698, -72.34375000170699366, 4.076582343749971749 ) ) ;
#2512 = CARTESIAN_POINT ( 'NONE',  ( -1.408326112068523317, -77.89062500000000000, 3.399999999999972378 ) ) ;
#2513 = CARTESIAN_POINT ( 'NONE',  ( -2.404163056034259061, -60.46875000000000000, 2.404163056034235080 ) ) ;
#2514 = CARTESIAN_POINT ( 'NONE',  ( -4.076582343749995729, -66.48437500170699366, -2.388287766204294237E-14 ) ) ;
#2515 = CARTESIAN_POINT ( 'NONE',  ( 4.076582343749995729, -78.20312500170699366, -2.338364031016953865E-14 ) ) ;
#2516 = CARTESIAN_POINT ( 'NONE',  ( -4.076582343749996618, -77.65625000170702208, 1.688575694911923053 ) ) ;
#2517 = EDGE_CURVE ( 'NONE', #3509, #5761, #793, .T. ) ;
#2518 = CARTESIAN_POINT ( 'NONE',  ( 1.688575694911947922, -55.93750000170699366, 4.076582343749971749 ) ) ;
#2519 = CARTESIAN_POINT ( 'NONE',  ( -2.404163056034259061, -59.53125000341398732, 2.404163056034235080 ) ) ;
#2520 = CARTESIAN_POINT ( 'NONE',  ( 1.688575694911947256, -65.62500000170697945, -4.076582343750018822 ) ) ;
#2521 = CARTESIAN_POINT ( 'NONE',  ( 2.081899558550498061E-16, -69.68750000000000000, -3.400000000000019451 ) ) ;
#2522 = CARTESIAN_POINT ( 'NONE',  ( -6.245698675651493936E-16, -72.81250000000000000, 3.399999999999972378 ) ) ;
#2523 = CARTESIAN_POINT ( 'NONE',  ( 3.399999999999995026, -51.64062500341398732, 1.408326112068500224 ) ) ;
#2524 = CARTESIAN_POINT ( 'NONE',  ( -3.399999999999995470, -77.26562500341400153, -1.408326112068545521 ) ) ;
#2525 = CARTESIAN_POINT ( 'NONE',  ( 4.076582343749995729, -77.10937500170699366, -2.338364031016953865E-14 ) ) ;
#2526 = CARTESIAN_POINT ( 'NONE',  ( -6.245698675651493936E-16, -72.81250000000000000, 3.399999999999972378 ) ) ;
#2527 = CARTESIAN_POINT ( 'NONE',  ( -3.399999999999995914, -66.95312500000000000, -1.408326112068545521 ) ) ;
#2528 = CARTESIAN_POINT ( 'NONE',  ( -1.688575694911946590, -54.06250000170699366, -4.076582343750019710 ) ) ;
#2529 = CARTESIAN_POINT ( 'NONE',  ( 2.882579019330970382, -63.35937500170699366, 2.882579019330949066 ) ) ;
#2530 = EDGE_LOOP ( 'NONE', ( #266, #6323, #457, #3800 ) ) ;
#2531 = EDGE_LOOP ( 'NONE', ( #269, #5800, #1067, #2081 ) ) ;
#2532 = CARTESIAN_POINT ( 'NONE',  ( 3.399999999999995026, -62.57812500000000711, 1.408326112068500446 ) ) ;
#2533 = EDGE_LOOP ( 'NONE', ( #5564, #2211, #4362, #3476 ) ) ;
#2534 = CARTESIAN_POINT ( 'NONE',  ( 1.408326112068521985, -64.76562500000001421, -3.400000000000019007 ) ) ;
#2535 = CARTESIAN_POINT ( 'NONE',  ( 4.076582343749995729, -54.45312500170699366, -2.338364031016953865E-14 ) ) ;
#2536 = CARTESIAN_POINT ( 'NONE',  ( -3.399999999999996358, -63.04687500000000711, 1.408326112068497560 ) ) ;
#2537 = CARTESIAN_POINT ( 'NONE',  ( -7.488560278101070689E-16, -71.01562500170699366, 4.076582343749972637 ) ) ;
#2538 = VECTOR ( 'NONE', #5612, 1000.000000000000000 ) ;
#2539 = CARTESIAN_POINT ( 'NONE',  ( -3.399999999999995470, -67.26562500341398732, -1.408326112068545521 ) ) ;
#2540 = CARTESIAN_POINT ( 'NONE',  ( -2.882579019330972159, -63.82812500170699366, 2.882579019330947734 ) ) ;
#2541 = CARTESIAN_POINT ( 'NONE',  ( -1.538875920453226742, -79.51636960601283022, -3.197675724480086856 ) ) ;
#2542 = CARTESIAN_POINT ( 'NONE',  ( 4.076582343749994841, -69.53125000170699366, 1.688575694911926828 ) ) ;
#2543 = CARTESIAN_POINT ( 'NONE',  ( -3.399999999999995470, -78.20312500000000000, -1.408326112068545521 ) ) ;
#2544 = VECTOR ( 'NONE', #3528, 1000.000000000000000 ) ;
#2545 = CARTESIAN_POINT ( 'NONE',  ( -6.245698675651493936E-16, -66.87500000341398732, 3.399999999999972378 ) ) ;
#2546 = CARTESIAN_POINT ( 'NONE',  ( -1.688575694911949698, -66.25000000170700787, 4.076582343749971749 ) ) ;
#2547 = CARTESIAN_POINT ( 'NONE',  ( 1.688575694911947256, -79.21875000170702208, -4.076582343750018822 ) ) ;
#2548 =( BOUNDED_CURVE ( )  B_SPLINE_CURVE ( 2, ( #1447, #4494, #6386, #6482, #4898, #1505, #3397, #1996, #4439 ),
 .UNSPECIFIED., .F., .F. ) 
 B_SPLINE_CURVE_WITH_KNOTS ( ( 3, 2, 2, 2, 3 ),
 ( 0.3854166666666667407, 0.3906250000000000555, 0.3958333333333333703, 0.4010416666666667962, 0.4062500000000001110 ),
 .UNSPECIFIED. ) 
 CURVE ( )  GEOMETRIC_REPRESENTATION_ITEM ( )  RATIONAL_B_SPLINE_CURVE ( ( 0.9999999999999992228, 0.9238795325112875156, 1.000000000000000000, 0.9238795325112867385, 1.000000000000000000, 0.9238795325112867385, 1.000000000000000000, 0.9238795325112850731, 1.000000000000001554 ) ) 
 REPRESENTATION_ITEM ( '' )  );
#2549 = CARTESIAN_POINT ( 'NONE',  ( -2.404163056034259061, -51.71875000000000000, 2.404163056034235080 ) ) ;
#2550 = CARTESIAN_POINT ( 'NONE',  ( 2.496186759367024056E-16, -56.64062500170699366, -4.076582343750019710 ) ) ;
#2551 = CARTESIAN_POINT ( 'NONE',  ( -2.404163056034258172, -63.59375000341398021, -2.404163056034282153 ) ) ;
#2552 = CARTESIAN_POINT ( 'NONE',  ( -2.882579019330972159, -65.07812500170699366, 2.882579019330947734 ) ) ;
#2553 =( BOUNDED_CURVE ( )  B_SPLINE_CURVE ( 2, ( #4001, #1038, #538, #2567, #443, #1498, #3478, #4553, #12 ),
 .UNSPECIFIED., .F., .T. ) 
 B_SPLINE_CURVE_WITH_KNOTS ( ( 3, 2, 2, 2, 3 ),
 ( 0.03124999999999979530, 0.03645833333333313442, 0.04166666666666647006, 0.04687499999999980571, 0.05208333333333314830 ),
 .UNSPECIFIED. ) 
 CURVE ( )  GEOMETRIC_REPRESENTATION_ITEM ( )  RATIONAL_B_SPLINE_CURVE ( ( 1.000000000000002887, 0.9238795325112837409, 1.000000000000000000, 0.9238795325112867385, 1.000000000000000000, 0.9238795325112867385, 1.000000000000000000, 0.9238795325112895140, 0.9999999999999972244 ) ) 
 REPRESENTATION_ITEM ( '' )  );
#2554 = CARTESIAN_POINT ( 'NONE',  ( 3.399999999999995914, -60.00000000000000000, -2.338364031016953865E-14 ) ) ;
#2555 = CARTESIAN_POINT ( 'NONE',  ( -3.399999999999996803, -73.04687500000001421, 1.408326112068497560 ) ) ;
#2556 = ORGANIZATION ( 'æœª', 'æœª', '' ) ;
#2557 = CARTESIAN_POINT ( 'NONE',  ( 3.399999999999995914, -51.56250000341398732, -2.338364031016953865E-14 ) ) ;
#2558 = CARTESIAN_POINT ( 'NONE',  ( 2.081899558550498061E-16, -60.00000000341398732, -3.400000000000019451 ) ) ;
#2559 = CARTESIAN_POINT ( 'NONE',  ( 1.408326112068521985, -77.57812500341398732, -3.400000000000019007 ) ) ;
#2560 = CARTESIAN_POINT ( 'NONE',  ( -1.688575694911946590, -76.71875000170699366, -4.076582343750018822 ) ) ;
#2561 = CARTESIAN_POINT ( 'NONE',  ( -1.408326112068565727, -79.14062500000000000, 3.399999999999929301 ) ) ;
#2562 = CARTESIAN_POINT ( 'NONE',  ( 1.408326112068511327, -72.73437500000000000, 3.399999999999983924 ) ) ;
#2563 = CARTESIAN_POINT ( 'NONE',  ( 4.076582343749994841, -57.03125000170699366, 1.688575694911926828 ) ) ;
#2564 = CARTESIAN_POINT ( 'NONE',  ( 4.076582343749995729, -61.95312500170699366, -2.338364031016953865E-14 ) ) ;
#2565 = ORIENTED_EDGE ( 'NONE', *, *, #3975, .T. ) ;
#2566 = SECURITY_CLASSIFICATION ( '', '', #3766 ) ;
#2567 = CARTESIAN_POINT ( 'NONE',  ( 3.399999999999995026, -77.89062500341398732, 1.408326112068500446 ) ) ;
#2568 = ORIENTED_EDGE ( 'NONE', *, *, #1395, .T. ) ;
#2569 = CARTESIAN_POINT ( 'NONE',  ( -1.408326112068521319, -63.35937500000000000, -3.400000000000019007 ) ) ;
#2570 = CARTESIAN_POINT ( 'NONE',  ( 4.076582343749995729, -56.87500000170699366, -1.688575694911970571 ) ) ;
#2571 = CARTESIAN_POINT ( 'NONE',  ( -4.076582343749996618, -50.15625000170700076, 1.688575694911923053 ) ) ;
#2572 = CARTESIAN_POINT ( 'NONE',  ( -4.076582343749995729, -72.57812500170699366, -2.388287766204294237E-14 ) ) ;
#2573 =( BOUNDED_CURVE ( )  B_SPLINE_CURVE ( 2, ( #997, #5865, #4806, #3894, #1393, #4878, #6398, #902, #3466 ),
 .UNSPECIFIED., .F., .T. ) 
 B_SPLINE_CURVE_WITH_KNOTS ( ( 3, 2, 2, 2, 3 ),
 ( 0.07291666666666649088, 0.07812499999999983347, 0.08333333333333316217, 0.08854166666666651864, 0.09374999999999984734 ),
 .UNSPECIFIED. ) 
 CURVE ( )  GEOMETRIC_REPRESENTATION_ITEM ( )  RATIONAL_B_SPLINE_CURVE ( ( 1.000000000000002665, 0.9238795325112840739, 1.000000000000000000, 0.9238795325112867385, 1.000000000000000000, 0.9238795325112867385, 1.000000000000000000, 0.9238795325112889589, 0.9999999999999977796 ) ) 
 REPRESENTATION_ITEM ( '' )  );
#2574 = CARTESIAN_POINT ( 'NONE',  ( -2.404163056034259061, -68.28125000341397310, 2.404163056034235080 ) ) ;
#2575 = CARTESIAN_POINT ( 'NONE',  ( 4.076582343749995729, -63.28125000170699366, -1.688575694911970571 ) ) ;
#2576 = EDGE_CURVE ( 'NONE', #379, #5857, #1469, .T. ) ;
#2577 = CARTESIAN_POINT ( 'NONE',  ( 3.399999999999995026, -78.82812500000001421, 1.408326112068500224 ) ) ;
#2578 = CARTESIAN_POINT ( 'NONE',  ( 2.882579019330971715, -69.29687500170699366, -2.882579019330995251 ) ) ;
#2579 = CARTESIAN_POINT ( 'NONE',  ( -3.399999999999995470, -75.70312499999998579, -1.408326112068545521 ) ) ;
#2580 = CARTESIAN_POINT ( 'NONE',  ( -1.408326112068498670, -60.85937500000000711, -3.400000000000042100 ) ) ;
#2581 = CARTESIAN_POINT ( 'NONE',  ( -7.488560278101070689E-16, -63.67187500170698655, 4.076582343749972637 ) ) ;
#2582 = CARTESIAN_POINT ( 'NONE',  ( -2.882579019330970826, -73.98437500170699366, -2.882579019330995251 ) ) ;
#2583 = CARTESIAN_POINT ( 'NONE',  ( 4.076582343749995729, -78.28125000170699366, -1.688575694911970571 ) ) ;
#2584 = EDGE_CURVE ( 'NONE', #1886, #2113, #2132, .T. ) ;
#2585 = EDGE_CURVE ( 'NONE', #1295, #2695, #3610, .T. ) ;
#2586 = CARTESIAN_POINT ( 'NONE',  ( -1.688575694911949698, -56.09375000170700076, 4.076582343749971749 ) ) ;
#2587 = EDGE_CURVE ( 'NONE', #2457, #3571, #2725, .T. ) ;
#2588 = CARTESIAN_POINT ( 'NONE',  ( 3.399999999999995026, -60.39062500341398021, 1.408326112068500224 ) ) ;
#2589 = CARTESIAN_POINT ( 'NONE',  ( -4.076582343749996618, -61.40625000170699366, 1.688575694911923053 ) ) ;
#2590 = CARTESIAN_POINT ( 'NONE',  ( -1.688575694911946590, -77.96875000170697945, -4.076582343750018822 ) ) ;
#2591 = CARTESIAN_POINT ( 'NONE',  ( -2.404163056034259061, -69.21875000000000000, 2.404163056034235080 ) ) ;
#2592 = CARTESIAN_POINT ( 'NONE',  ( 3.399999999999995026, -52.89062500341398732, 1.408326112068500224 ) ) ;
#2593 = CARTESIAN_POINT ( 'NONE',  ( 2.081899558550498061E-16, -62.50000000341399442, -3.400000000000019451 ) ) ;
#2594 = CARTESIAN_POINT ( 'NONE',  ( -6.245698675651493936E-16, -74.37500000341398732, 3.399999999999972378 ) ) ;
#2595 = CARTESIAN_POINT ( 'NONE',  ( 1.408326112068522651, -50.23437500000000000, 3.399999999999972378 ) ) ;
#2596 = FACE_OUTER_BOUND ( 'NONE', #4551, .T. ) ;
#2597 = CARTESIAN_POINT ( 'NONE',  ( 2.496186759367024056E-16, -56.64062500170699366, -4.076582343750019710 ) ) ;
#2598 = CARTESIAN_POINT ( 'NONE',  ( 4.076582343749994841, -64.53125000170699366, 1.688575694911926828 ) ) ;
#2599 = VECTOR ( 'NONE', #4943, 1000.000000000000000 ) ;
#2600 = VERTEX_POINT ( 'NONE', #4711 ) ;
#2601 = ORIENTED_EDGE ( 'NONE', *, *, #1722, .F. ) ;
#2602 = CARTESIAN_POINT ( 'NONE',  ( -1.408326112068544189, -50.85937499999999289, -3.399999999999995914 ) ) ;
#2603 = ORIENTED_EDGE ( 'NONE', *, *, #5495, .T. ) ;
#2604 = CARTESIAN_POINT ( 'NONE',  ( 2.404163056034258616, -64.84375000000000000, -2.404163056034282153 ) ) ;
#2605 = CARTESIAN_POINT ( 'NONE',  ( -7.488560278101070689E-16, -58.51562500170700076, 4.076582343749972637 ) ) ;
#2606 = CARTESIAN_POINT ( 'NONE',  ( 1.408326112068539082, -73.82812500341397310, -3.400000000000001688 ) ) ;
#2607 = CARTESIAN_POINT ( 'NONE',  ( 2.496186759367024056E-16, -71.64062500170699366, -4.076582343750019710 ) ) ;
#2608 = CARTESIAN_POINT ( 'NONE',  ( 3.399999999999995026, -65.39062500341398732, 1.408326112068500224 ) ) ;
#2609 = CARTESIAN_POINT ( 'NONE',  ( -1.688575694911950142, -58.75000000170700076, 4.076582343749971749 ) ) ;
#2610 = CARTESIAN_POINT ( 'NONE',  ( -3.399999999999995914, -78.12500000000000000, -2.380002022187964067E-14 ) ) ;
#2611 = CARTESIAN_POINT ( 'NONE',  ( -4.076582343749995729, -71.32812500170699366, -2.388287766204294237E-14 ) ) ;
#2612 = CARTESIAN_POINT ( 'NONE',  ( -3.399999999999996358, -79.29687500000000000, 1.408326112068497560 ) ) ;
#2613 = CARTESIAN_POINT ( 'NONE',  ( 1.408326112068521985, -58.51562500000000000, -3.400000000000019451 ) ) ;
#2614 = CARTESIAN_POINT ( 'NONE',  ( -7.488560278101070689E-16, -64.92187500170697945, 4.076582343749972637 ) ) ;
#2615 = CARTESIAN_POINT ( 'NONE',  ( -4.076582343749996618, -72.50000000170699366, 1.688575694911923053 ) ) ;
#2616 = APPROVAL ( #6402, 'æœª' ) ;
#2617 = CARTESIAN_POINT ( 'NONE',  ( -4.076582343749995729, -50.15625000170700076, -1.688575694911971015 ) ) ;
#2618 = CARTESIAN_POINT ( 'NONE',  ( -1.408326112068500668, -51.64062500000000711, 3.399999999999994582 ) ) ;
#2619 = CARTESIAN_POINT ( 'NONE',  ( -1.688575694911949698, -52.34375000170698655, 4.076582343749971749 ) ) ;
#2620 = CARTESIAN_POINT ( 'NONE',  ( 1.408326112068522651, -61.79687500341398732, 3.399999999999972378 ) ) ;
#2621 = CARTESIAN_POINT ( 'NONE',  ( -2.882579019330972159, -62.57812500170699366, 2.882579019330947734 ) ) ;
#2622 = DIRECTION ( 'NONE',  ( 0.000000000000000000, 0.000000000000000000, -1.000000000000000000 ) ) ;
#2623 = CARTESIAN_POINT ( 'NONE',  ( 2.404163056034258616, -66.40625000341398732, -2.404163056034282153 ) ) ;
#2624 = CARTESIAN_POINT ( 'NONE',  ( 3.399999999999995914, -55.31250000341398732, -2.338364031016953865E-14 ) ) ;
#2625 = CARTESIAN_POINT ( 'NONE',  ( 3.399999999999995914, -69.92187500000000000, -1.408326112068545521 ) ) ;
#2626 = CARTESIAN_POINT ( 'NONE',  ( -2.404163056034259061, -77.03125000341398732, 2.404163056034235080 ) ) ;
#2627 = AXIS2_PLACEMENT_3D ( 'NONE', #4201, #5250, #5186 ) ;
#2628 = CARTESIAN_POINT ( 'NONE',  ( -1.688575694911949698, -78.75000000170699366, 4.076582343749971749 ) ) ;
#2629 = CARTESIAN_POINT ( 'NONE',  ( -3.399999999999995914, -70.70312500000000000, -1.408326112068545521 ) ) ;
#2630 = CARTESIAN_POINT ( 'NONE',  ( 4.076582343749995729, -49.53125000170699366, -2.338364031016953865E-14 ) ) ;
#2631 = CARTESIAN_POINT ( 'NONE',  ( -2.882579019330970826, -50.23437500170699366, -2.882579019330995251 ) ) ;
#2632 = ORIENTED_EDGE ( 'NONE', *, *, #4566, .T. ) ;
#2633 = ORIENTED_EDGE ( 'NONE', *, *, #3265, .T. ) ;
#2634 = DIRECTION ( 'NONE',  ( -0.000000000000000000, -1.000000000000000000, -0.000000000000000000 ) ) ;
#2635 = ORIENTED_EDGE ( 'NONE', *, *, #4498, .T. ) ;
#2636 = CARTESIAN_POINT ( 'NONE',  ( -2.404163056034259061, -65.46875000000000000, 2.404163056034235080 ) ) ;
#2637 = CARTESIAN_POINT ( 'NONE',  ( 2.496186759367024056E-16, -52.89062500170699366, -4.076582343750019710 ) ) ;
#2638 = DIRECTION ( 'NONE',  ( -0.000000000000000000, -1.000000000000000000, -0.000000000000000000 ) ) ;
#2639 = CARTESIAN_POINT ( 'NONE',  ( 2.882579019330971715, -71.79687500170699366, -2.882579019330995251 ) ) ;
#2640 = CARTESIAN_POINT ( 'NONE',  ( 1.408326112068522651, -63.04687500341399442, 3.399999999999972378 ) ) ;
#2641 = CARTESIAN_POINT ( 'NONE',  ( 4.076582343749995729, -58.28125000170698655, -1.688575694911970571 ) ) ;
#2642 = CARTESIAN_POINT ( 'NONE',  ( -1.238049829315974164E-11, -79.57311706131696383, -3.598117061316978837 ) ) ;
#2643 = CARTESIAN_POINT ( 'NONE',  ( 1.688575694911947922, -72.18750000170699366, 4.076582343749971749 ) ) ;
#2644 = CARTESIAN_POINT ( 'NONE',  ( 3.399999999999995470, -71.17187500000001421, -1.408326112068545521 ) ) ;
#2645 = CARTESIAN_POINT ( 'NONE',  ( 2.404163056034257728, -58.90625000000000000, 2.404163056034235968 ) ) ;
#2646 = CARTESIAN_POINT ( 'NONE',  ( 1.688575694911947922, -61.09375000170700076, 4.076582343749971749 ) ) ;
#2647 = CARTESIAN_POINT ( 'NONE',  ( 2.496186759367024056E-16, -71.64062500170699366, -4.076582343750019710 ) ) ;
#2648 = CARTESIAN_POINT ( 'NONE',  ( 2.882579019330971715, -50.54687500170699366, -2.882579019330995251 ) ) ;
#2649 = CARTESIAN_POINT ( 'NONE',  ( 4.076582343749995729, -72.03125000170699366, -1.688575694911970571 ) ) ;
#2650 = CARTESIAN_POINT ( 'NONE',  ( 4.076582343749995729, -53.12500000170698655, -1.688575694911970571 ) ) ;
#2651 = CARTESIAN_POINT ( 'NONE',  ( -6.245698675651493936E-16, -58.12500000341398732, 3.399999999999972378 ) ) ;
#2652 = CARTESIAN_POINT ( 'NONE',  ( -4.076582343749995729, -60.31250000170700076, -1.688575694911971015 ) ) ;
#2653 = CARTESIAN_POINT ( 'NONE',  ( -4.076582343749995729, -72.81250000170700787, -1.688575694911971015 ) ) ;
#2654 = CARTESIAN_POINT ( 'NONE',  ( -6.245698675651493936E-16, -50.62500000341398021, 3.399999999999972378 ) ) ;
#2655 = CARTESIAN_POINT ( 'NONE',  ( -1.408326112068544189, -64.92187500341398732, -3.399999999999995914 ) ) ;
#2656 = CARTESIAN_POINT ( 'NONE',  ( 2.404163056034258616, -75.15625000341398732, -2.404163056034282153 ) ) ;
#2657 = CARTESIAN_POINT ( 'NONE',  ( 4.076582343749994841, -70.93750000170699366, 1.688575694911926828 ) ) ;
#2658 = FACE_OUTER_BOUND ( 'NONE', #536, .T. ) ;
#2659 = CARTESIAN_POINT ( 'NONE',  ( -3.399999999999995470, -61.95312500000000000, -1.408326112068545521 ) ) ;
#2660 = DIRECTION ( 'NONE',  ( -0.000000000000000000, -1.000000000000000000, -0.000000000000000000 ) ) ;
#2661 = LINE ( 'NONE', #701, #554 ) ;
#2662 = ORIENTED_EDGE ( 'NONE', *, *, #1221, .T. ) ;
#2663 = ORIENTED_EDGE ( 'NONE', *, *, #6266, .F. ) ;
#2664 = CARTESIAN_POINT ( 'NONE',  ( 3.399999999999995914, -76.17187500000001421, -1.408326112068545521 ) ) ;
#2665 = CARTESIAN_POINT ( 'NONE',  ( -3.399999999999996803, -77.10937500341398732, 1.408326112068497560 ) ) ;
#2666 = ORIENTED_EDGE ( 'NONE', *, *, #4134, .T. ) ;
#2667 = CARTESIAN_POINT ( 'NONE',  ( -2.404163056034258172, -60.78125000000000000, -2.404163056034282153 ) ) ;
#2668 = CARTESIAN_POINT ( 'NONE',  ( -4.076582343749995729, -51.40625000170699366, -1.688575694911971015 ) ) ;
#2669 = CARTESIAN_POINT ( 'NONE',  ( 1.408326112068499780, -74.29687500341398732, 3.399999999999995470 ) ) ;
#2670 = CARTESIAN_POINT ( 'NONE',  ( 4.076582343749995729, -64.45312500170699366, -2.338364031016953865E-14 ) ) ;
#2671 = ADVANCED_FACE ( 'NONE', ( #1290 ), #3730, .F. ) ;
#2672 = CARTESIAN_POINT ( 'NONE',  ( -1.408326112068523317, -61.95312500341398732, 3.399999999999972378 ) ) ;
#2673 = CARTESIAN_POINT ( 'NONE',  ( 2.496186759367024056E-16, -61.79687500170698655, -4.076582343750019710 ) ) ;
#2674 = CARTESIAN_POINT ( 'NONE',  ( -1.738797985022682902, -79.50799429693310572, -3.084124165594598121 ) ) ;
#2675 = CARTESIAN_POINT ( 'NONE',  ( 4.076582343749995729, -66.95312500170699366, -2.338364031016953865E-14 ) ) ;
#2676 = CARTESIAN_POINT ( 'NONE',  ( -2.404163056034259061, -70.46875000000000000, 2.404163056034235080 ) ) ;
#2677 = CARTESIAN_POINT ( 'NONE',  ( 2.081899558550498061E-16, -54.68750000000000000, -3.400000000000019451 ) ) ;
#2678 = CARTESIAN_POINT ( 'NONE',  ( -4.076582343749996618, -57.65625000170699366, 1.688575694911923053 ) ) ;
#2679 = CARTESIAN_POINT ( 'NONE',  ( -1.408326112068521319, -77.42187500341398732, -3.400000000000019007 ) ) ;
#2680 = CARTESIAN_POINT ( 'NONE',  ( 4.076582343749994841, -75.93750000170699366, 1.688575694911926828 ) ) ;
#2681 = CARTESIAN_POINT ( 'NONE',  ( -4.076582343749995729, -51.56250000170698655, -1.688575694911971015 ) ) ;
#2682 = CARTESIAN_POINT ( 'NONE',  ( 3.399999999999995914, -55.31250000341398732, -2.338364031016953865E-14 ) ) ;
#2683 = CARTESIAN_POINT ( 'NONE',  ( 1.688575694911947922, -59.84375000170699366, 4.076582343749971749 ) ) ;
#2684 = CARTESIAN_POINT ( 'NONE',  ( 2.496186759367024056E-16, -75.54687500170699366, -4.076582343750019710 ) ) ;
#2685 = ORIENTED_EDGE ( 'NONE', *, *, #5221, .F. ) ;
#2686 = CARTESIAN_POINT ( 'NONE',  ( 1.408326112068487346, -66.32812500341397310, -3.400000000000054090 ) ) ;
#2687 = DIRECTION ( 'NONE',  ( -0.000000000000000000, -1.000000000000000000, -0.000000000000000000 ) ) ;
#2688 = CARTESIAN_POINT ( 'NONE',  ( -6.245698675651493936E-16, -71.87500000341398732, 3.399999999999972378 ) ) ;
#2689 = CARTESIAN_POINT ( 'NONE',  ( 1.688575694911947922, -73.59375000170699366, 4.076582343749971749 ) ) ;
#2690 = CARTESIAN_POINT ( 'NONE',  ( -3.399999999999995914, -61.87500000000000000, -2.380002022187964067E-14 ) ) ;
#2691 = CARTESIAN_POINT ( 'NONE',  ( -6.245698675651493936E-16, -57.81250000000000000, 3.399999999999972378 ) ) ;
#2692 = CARTESIAN_POINT ( 'NONE',  ( -3.399999999999996803, -75.85937500341398732, 1.408326112068497560 ) ) ;
#2693 = CARTESIAN_POINT ( 'NONE',  ( -4.076582343749995729, -52.65625000170700076, -1.688575694911971015 ) ) ;
#2694 = ORIENTED_EDGE ( 'NONE', *, *, #6053, .F. ) ;
#2695 = VERTEX_POINT ( 'NONE', #4192 ) ;
#2696 = CARTESIAN_POINT ( 'NONE',  ( -6.245698675651493936E-16, -76.56250000000000000, 3.399999999999972378 ) ) ;
#2697 = CARTESIAN_POINT ( 'NONE',  ( -1.408326112068523317, -52.89062500000000000, 3.399999999999972378 ) ) ;
#2698 = ORIENTED_EDGE ( 'NONE', *, *, #5999, .F. ) ;
#2699 = CARTESIAN_POINT ( 'NONE',  ( -3.399999999999995914, -56.87500000000000000, -2.380002022187964067E-14 ) ) ;
#2700 = CARTESIAN_POINT ( 'NONE',  ( -4.076582343749995729, -53.90625000170699366, -1.688575694911971015 ) ) ;
#2701 = CARTESIAN_POINT ( 'NONE',  ( -6.245698675651493936E-16, -76.56250000000000000, 3.399999999999972378 ) ) ;
#2702 = CARTESIAN_POINT ( 'NONE',  ( 1.688575694911947256, -64.21875000170699366, -4.076582343750019710 ) ) ;
#2703 = EDGE_CURVE ( 'NONE', #3256, #2730, #3202, .T. ) ;
#2704 = EDGE_CURVE ( 'NONE', #834, #1036, #1162, .T. ) ;
#2705 = CARTESIAN_POINT ( 'NONE',  ( 1.408326112068522651, -65.54687500341397310, 3.399999999999972378 ) ) ;
#2706 = CARTESIAN_POINT ( 'NONE',  ( -7.488560278101070689E-16, -57.42187500170699366, 4.076582343749972637 ) ) ;
#2707 = CARTESIAN_POINT ( 'NONE',  ( -6.245698675651493936E-16, -72.81250000000000000, 3.399999999999972378 ) ) ;
#2708 = CARTESIAN_POINT ( 'NONE',  ( 2.882579019330971715, -64.29687500170699366, -2.882579019330995251 ) ) ;
#2709 = CARTESIAN_POINT ( 'NONE',  ( -6.245698675651493936E-16, -70.31250000000000000, 3.399999999999972378 ) ) ;
#2710 = CARTESIAN_POINT ( 'NONE',  ( -6.245698675651493936E-16, -57.81250000000000000, 3.399999999999972378 ) ) ;
#2711 = CARTESIAN_POINT ( 'NONE',  ( -7.488560278101070689E-16, -57.42187500170699366, 4.076582343749972637 ) ) ;
#2712 = CARTESIAN_POINT ( 'NONE',  ( 2.882579019330970382, -49.60937500170699366, 2.882579019330949066 ) ) ;
#2713 = CARTESIAN_POINT ( 'NONE',  ( 2.496186759367024056E-16, -74.29687500170699366, -4.076582343750019710 ) ) ;
#2714 = CARTESIAN_POINT ( 'NONE',  ( 4.076582343749995729, -53.28125000170698655, -1.688575694911970571 ) ) ;
#2715 = CARTESIAN_POINT ( 'NONE',  ( 3.399999999999995026, -55.39062500341398021, 1.408326112068500224 ) ) ;
#2716 = CARTESIAN_POINT ( 'NONE',  ( -4.076582343749995729, -57.73437500170698655, -2.388287766204294237E-14 ) ) ;
#2717 = CARTESIAN_POINT ( 'NONE',  ( -1.688575694911949698, -72.50000000170699366, 4.076582343749971749 ) ) ;
#2718 = CARTESIAN_POINT ( 'NONE',  ( 2.404163056034258616, -61.40625000341398732, -2.404163056034282153 ) ) ;
#2719 = ADVANCED_FACE ( 'NONE', ( #4386 ), #2403, .F. ) ;
#2720 = CARTESIAN_POINT ( 'NONE',  ( 3.399999999999995026, -50.39062500341398732, 1.408326112068500224 ) ) ;
#2721 = CARTESIAN_POINT ( 'NONE',  ( -1.408326112068521319, -72.42187500341398732, -3.400000000000019007 ) ) ;
#2722 = CARTESIAN_POINT ( 'NONE',  ( -4.076582343749995729, -73.98437500170699366, -2.388287766204294237E-14 ) ) ;
#2723 = CARTESIAN_POINT ( 'NONE',  ( -6.245698675651493936E-16, -77.81250000000000000, 3.399999999999972378 ) ) ;
#2724 = CARTESIAN_POINT ( 'NONE',  ( -2.404163056034259061, -59.21875000000000000, 2.404163056034235080 ) ) ;
#2725 = LINE ( 'NONE', #5759, #1090 ) ;
#2726 = CARTESIAN_POINT ( 'NONE',  ( -1.688575694911950142, -49.84375000170699366, 4.076582343749971749 ) ) ;
#2727 = ORIENTED_EDGE ( 'NONE', *, *, #4125, .F. ) ;
#2728 = CYLINDRICAL_SURFACE ( 'NONE', #4012, 3.399999999999995914 ) ;
#2729 = CARTESIAN_POINT ( 'NONE',  ( -1.408326112068482461, -77.42187500341397310, -3.400000000000058531 ) ) ;
#2730 = VERTEX_POINT ( 'NONE', #6331 ) ;
#2731 = CARTESIAN_POINT ( 'NONE',  ( 2.081899558550498061E-16, -57.18750000000000000, -3.400000000000019451 ) ) ;
#2732 = CARTESIAN_POINT ( 'NONE',  ( 4.076582343749995729, -51.87500000170700076, -1.688575694911970571 ) ) ;
#2733 = DIRECTION ( 'NONE',  ( -6.982962677686266711E-15, 1.000000000000000000, 0.000000000000000000 ) ) ;
#2734 = CARTESIAN_POINT ( 'NONE',  ( 2.882579019330970382, -63.35937500170699366, 2.882579019330949066 ) ) ;
#2735 = CARTESIAN_POINT ( 'NONE',  ( 2.404163056034257728, -64.21875000341398732, 2.404163056034235968 ) ) ;
#2736 = CARTESIAN_POINT ( 'NONE',  ( -1.688575694911946590, -59.21875000170699366, -4.076582343750019710 ) ) ;
#2737 = CARTESIAN_POINT ( 'NONE',  ( 1.408326112068522651, -72.73437500000001421, 3.399999999999972378 ) ) ;
#2738 = CARTESIAN_POINT ( 'NONE',  ( 4.076582343749994841, -65.78125000170699366, 1.688575694911926828 ) ) ;
#2739 = CARTESIAN_POINT ( 'NONE',  ( 3.399999999999995470, -73.67187499999998579, -1.408326112068545521 ) ) ;
#2740 = CARTESIAN_POINT ( 'NONE',  ( -1.408326112068521763, -58.35937500000000711, -3.400000000000019451 ) ) ;
#2741 = CARTESIAN_POINT ( 'NONE',  ( -2.882579019330972159, -61.32812500170699366, 2.882579019330947734 ) ) ;
#2742 = CARTESIAN_POINT ( 'NONE',  ( 3.399999999999995914, -77.81250000341398732, -2.338364031016953865E-14 ) ) ;
#2743 = CARTESIAN_POINT ( 'NONE',  ( 4.076582343749995729, -75.85937500170699366, -2.338364031016953865E-14 ) ) ;
#2744 = CARTESIAN_POINT ( 'NONE',  ( -7.488560278101070689E-16, -53.67187500170698655, 4.076582343749972637 ) ) ;
#2745 = CARTESIAN_POINT ( 'NONE',  ( -1.408326112068521319, -57.42187500341399442, -3.400000000000019007 ) ) ;
#2746 = CARTESIAN_POINT ( 'NONE',  ( 4.076582343749995729, -59.60937500170698655, -2.338364031016953865E-14 ) ) ;
#2747 = CARTESIAN_POINT ( 'NONE',  ( -4.076582343749995729, -75.23437500170699366, -2.388287766204294237E-14 ) ) ;
#2748 = CYLINDRICAL_SURFACE ( 'NONE', #1084, 3.399999999999995914 ) ;
#2749 = VECTOR ( 'NONE', #4874, 1000.000000000000000 ) ;
#2750 = CARTESIAN_POINT ( 'NONE',  ( -1.408326112068523317, -71.64062500000000000, 3.399999999999971934 ) ) ;
#2751 = CARTESIAN_POINT ( 'NONE',  ( -2.404163056034259061, -73.28125000341398732, 2.404163056034235080 ) ) ;
#2752 = CARTESIAN_POINT ( 'NONE',  ( 4.076582343749995729, -74.60937500170699366, -2.338364031016953865E-14 ) ) ;
#2753 = CARTESIAN_POINT ( 'NONE',  ( 2.404163056034258616, -50.15625000341398732, -2.404163056034282153 ) ) ;
#2754 = CARTESIAN_POINT ( 'NONE',  ( -1.408326112068523317, -55.39062500000000000, 3.399999999999972378 ) ) ;
#2755 = CARTESIAN_POINT ( 'NONE',  ( 3.399999999999995026, -72.57812500000001421, 1.408326112068500446 ) ) ;
#2756 = CARTESIAN_POINT ( 'NONE',  ( -6.245698675651493936E-16, -60.62500000341398732, 3.399999999999972378 ) ) ;
#2757 = ORIENTED_EDGE ( 'NONE', *, *, #2703, .T. ) ;
#2758 = CALENDAR_DATE ( 2026, 20, 5 ) ;
#2759 = CARTESIAN_POINT ( 'NONE',  ( 2.404163056034257728, -50.15625000000000000, 2.404163056034235968 ) ) ;
#2760 = ORIENTED_EDGE ( 'NONE', *, *, #4889, .F. ) ;
#2761 = CARTESIAN_POINT ( 'NONE',  ( -3.399999999999996358, -58.04687500000000000, 1.408326112068497560 ) ) ;
#2762 = CARTESIAN_POINT ( 'NONE',  ( 1.688575694911947256, -50.46875000170698655, -4.076582343750018822 ) ) ;
#2763 = LOCAL_TIME ( 18, 39, 25.00000000000000000, #5316 ) ;
#2764 = CARTESIAN_POINT ( 'NONE',  ( 2.404163056034258616, -56.40625000341398021, -2.404163056034282153 ) ) ;
#2765 = CARTESIAN_POINT ( 'NONE',  ( -1.688575694911946590, -62.81250000170698655, -4.076582343750019710 ) ) ;
#2766 = CARTESIAN_POINT ( 'NONE',  ( 4.076582343749994841, -70.78125000170702208, 1.688575694911926828 ) ) ;
#2767 = CARTESIAN_POINT ( 'NONE',  ( 2.404163056034258616, -61.40625000341398732, -2.404163056034282153 ) ) ;
#2768 = CARTESIAN_POINT ( 'NONE',  ( 1.688575694911947922, -53.59375000170700076, 4.076582343749971749 ) ) ;
#2769 = CARTESIAN_POINT ( 'NONE',  ( -3.399999999999995470, -75.70312499999998579, -1.408326112068545521 ) ) ;
#2770 = CARTESIAN_POINT ( 'NONE',  ( 2.496186759367024056E-16, -65.39062500170699366, -4.076582343750019710 ) ) ;
#2771 = CARTESIAN_POINT ( 'NONE',  ( -1.408326112068523317, -72.89062500000000000, 3.399999999999972378 ) ) ;
#2772 = CARTESIAN_POINT ( 'NONE',  ( -6.245698675651493936E-16, -74.06250000000000000, 3.399999999999972378 ) ) ;
#2773 = EDGE_CURVE ( 'NONE', #3819, #1557, #1936, .T. ) ;
#2774 = CARTESIAN_POINT ( 'NONE',  ( 4.076582343749994841, -62.18750000170699366, 1.688575694911926828 ) ) ;
#2775 = CARTESIAN_POINT ( 'NONE',  ( -1.408326112068521319, -74.92187500341398732, -3.400000000000019007 ) ) ;
#2776 = CARTESIAN_POINT ( 'NONE',  ( 2.882579019330971715, -74.45312500170699366, -2.882579019330995251 ) ) ;
#2777 = CARTESIAN_POINT ( 'NONE',  ( 1.408326112068533531, -73.51562500000001421, -3.400000000000007905 ) ) ;
#2778 = CARTESIAN_POINT ( 'NONE',  ( 1.688575694911947922, -49.84375000170698655, 4.076582343749971749 ) ) ;
#2779 = CARTESIAN_POINT ( 'NONE',  ( -3.399999999999995914, -58.43750000341398021, -2.380002022187964067E-14 ) ) ;
#2780 = CARTESIAN_POINT ( 'NONE',  ( 1.688575694911947256, -53.12500000170698655, -4.076582343750018822 ) ) ;
#2781 = CARTESIAN_POINT ( 'NONE',  ( -1.688575694911946590, -75.46875000170699366, -4.076582343750018822 ) ) ;
#2782 = CARTESIAN_POINT ( 'NONE',  ( -3.399999999999996803, -55.54687500000000711, 1.408326112068497560 ) ) ;
#2783 = EDGE_CURVE ( 'NONE', #6033, #2078, #4450, .T. ) ;
#2784 = EDGE_CURVE ( 'NONE', #1619, #1329, #3900, .T. ) ;
#2785 = EDGE_CURVE ( 'NONE', #1295, #6261, #3408, .T. ) ;
#2786 = CARTESIAN_POINT ( 'NONE',  ( -3.399999999999995914, -49.68750000341398732, -2.380002022187964067E-14 ) ) ;
#2787 = CARTESIAN_POINT ( 'NONE',  ( -2.404163056034259061, -69.53125000341398732, 2.404163056034235080 ) ) ;
#2788 = CARTESIAN_POINT ( 'NONE',  ( -1.688575694911946590, -75.46875000170699366, -4.076582343750018822 ) ) ;
#2789 = CARTESIAN_POINT ( 'NONE',  ( 1.408326112068522651, -56.48437500000001421, 3.399999999999972378 ) ) ;
#2790 = CARTESIAN_POINT ( 'NONE',  ( 1.408326112068522651, -55.23437500000000000, 3.399999999999971934 ) ) ;
#2791 = FACE_OUTER_BOUND ( 'NONE', #6377, .T. ) ;
#2792 = ORIENTED_EDGE ( 'NONE', *, *, #3940, .F. ) ;
#2793 = CARTESIAN_POINT ( 'NONE',  ( -1.408326112068523317, -50.39062500000000711, 3.399999999999972378 ) ) ;
#2794 = ORIENTED_EDGE ( 'NONE', *, *, #5100, .F. ) ;
#2795 = CARTESIAN_POINT ( 'NONE',  ( -6.245698675651493936E-16, -60.31250000000000711, 3.399999999999972378 ) ) ;
#2796 = CARTESIAN_POINT ( 'NONE',  ( -1.408326112068546188, -75.39062500000000000, 3.399999999999948841 ) ) ;
#2797 = CARTESIAN_POINT ( 'NONE',  ( 1.688575694911947922, -65.93750000170699366, 4.076582343749971749 ) ) ;
#2798 = CARTESIAN_POINT ( 'NONE',  ( -4.076582343749996618, -71.25000000170699366, 1.688575694911923053 ) ) ;
#2799 = CARTESIAN_POINT ( 'NONE',  ( -3.399999999999995470, -61.01562500341397310, -1.408326112068545521 ) ) ;
#2800 = CLOSED_SHELL ( 'NONE', ( #5779, #3735, #4333, #5254, #5683, #531, #6061, #219, #1517, #5662, #3890, #4813, #5976, #3460, #3604, #1564, #5304, #5559, #5937, #3444, #2028, #6475, #1437, #2822, #258, #5091, #2719, #466, #4983, #5088, #5970, #464, #499, #6393, #940, #2985, #4421, #2305, #1372, #3540, #4051, #3025, #959, #5728, #954, #2671, #3736, #6217, #870, #3494, #5307, #1850, #177, #1832, #5820, #1874, #5713, #3017, #1435, #2502, #3248, #351, #5691 ) ) ;
#2801 = CARTESIAN_POINT ( 'NONE',  ( -2.882579019330970826, -52.89062500170699366, -2.882579019330995251 ) ) ;
#2802 = CARTESIAN_POINT ( 'NONE',  ( 2.081899558550498061E-16, -75.93750000000000000, -3.400000000000019451 ) ) ;
#2803 = CARTESIAN_POINT ( 'NONE',  ( 4.076582343749995729, -68.12500000170702208, -1.688575694911970571 ) ) ;
#2804 = CARTESIAN_POINT ( 'NONE',  ( -3.399999999999996358, -66.79687500000000000, 1.408326112068497560 ) ) ;
#2805 = CARTESIAN_POINT ( 'NONE',  ( -6.245698675651493936E-16, -79.06250000000001421, 3.399999999999972378 ) ) ;
#2806 = CARTESIAN_POINT ( 'NONE',  ( -4.076582343749995729, -56.56250000170699366, -1.688575694911971015 ) ) ;
#2807 = CARTESIAN_POINT ( 'NONE',  ( -3.399999999999995470, -73.51562500341398732, -1.408326112068545521 ) ) ;
#2808 = CARTESIAN_POINT ( 'NONE',  ( -4.076582343749996618, -70.15625000170699366, 1.688575694911923053 ) ) ;
#2809 = LINE ( 'NONE', #4830, #5349 ) ;
#2810 = CARTESIAN_POINT ( 'NONE',  ( -2.882579019330970826, -51.64062500170699366, -2.882579019330995251 ) ) ;
#2811 = CARTESIAN_POINT ( 'NONE',  ( 2.081899558550498061E-16, -53.75000000341398021, -3.400000000000019451 ) ) ;
#2812 = CARTESIAN_POINT ( 'NONE',  ( -4.076582343749995729, -51.56250000170698655, -1.688575694911971015 ) ) ;
#2813 = CC_DESIGN_PERSON_AND_ORGANIZATION_ASSIGNMENT ( #5762, #4849, ( #6088 ) ) ;
#2814 = CARTESIAN_POINT ( 'NONE',  ( 4.076582343749995729, -70.85937500170699366, -2.338364031016953865E-14 ) ) ;
#2815 = CARTESIAN_POINT ( 'NONE',  ( -2.404163056034259061, -78.28125000341398732, 2.404163056034235080 ) ) ;
#2816 = CYLINDRICAL_SURFACE ( 'NONE', #6004, 3.399999999999995914 ) ;
#2817 = CARTESIAN_POINT ( 'NONE',  ( 1.408326112068521985, -73.82812500341400153, -3.400000000000019007 ) ) ;
#2818 = CARTESIAN_POINT ( 'NONE',  ( -4.076582343749995729, -66.56250000170699366, -1.688575694911971015 ) ) ;
#2819 = CARTESIAN_POINT ( 'NONE',  ( -3.399999999999995914, -53.51562500341398732, -1.408326112068545521 ) ) ;
#2820 = CARTESIAN_POINT ( 'NONE',  ( -3.399999999999995914, -55.62500000000000000, -2.380002022187964067E-14 ) ) ;
#2821 = LINE ( 'NONE', #1849, #5890 ) ;
#2822 = ADVANCED_FACE ( 'NONE', ( #5463 ), #864, .F. ) ;
#2823 = ORIENTED_EDGE ( 'NONE', *, *, #5576, .T. ) ;
#2824 = APPROVAL_DATE_TIME ( #868, #4643 ) ;
#2825 = CARTESIAN_POINT ( 'NONE',  ( -6.245698675651493936E-16, -61.56250000000000711, 3.399999999999972378 ) ) ;
#2826 = ORIENTED_EDGE ( 'NONE', *, *, #1439, .F. ) ;
#2827 = CARTESIAN_POINT ( 'NONE',  ( 3.399999999999995914, -53.75000000000000711, -2.338364031016953865E-14 ) ) ;
#2828 = CARTESIAN_POINT ( 'NONE',  ( 1.408326112068522651, -70.54687500341398732, 3.399999999999971934 ) ) ;
#2829 = CARTESIAN_POINT ( 'NONE',  ( 0.000000000000000000, 0.000000000000000000, 0.000000000000000000 ) ) ;
#2830 = CARTESIAN_POINT ( 'NONE',  ( -4.076582343749995729, -61.40625000170699366, -1.688575694911971015 ) ) ;
#2831 = CARTESIAN_POINT ( 'NONE',  ( -2.882579019330972159, -67.42187500170699366, 2.882579019330947734 ) ) ;
#2832 = ORIENTED_EDGE ( 'NONE', *, *, #5347, .T. ) ;
#2833 = CARTESIAN_POINT ( 'NONE',  ( -2.404163056034259061, -59.53125000341398732, 2.404163056034235080 ) ) ;
#2834 = CARTESIAN_POINT ( 'NONE',  ( 1.688575694911947256, -56.87500000170700076, -4.076582343750019710 ) ) ;
#2835 = CARTESIAN_POINT ( 'NONE',  ( 2.404163056034258616, -72.34375000000000000, -2.404163056034282153 ) ) ;
#2836 = CARTESIAN_POINT ( 'NONE',  ( 2.496186759367024056E-16, -60.39062500170700076, -4.076582343750019710 ) ) ;
#2837 = CARTESIAN_POINT ( 'NONE',  ( 3.399999999999995470, -67.42187500000001421, -1.408326112068545521 ) ) ;
#2838 = VECTOR ( 'NONE', #2956, 1000.000000000000114 ) ;
#2839 = CARTESIAN_POINT ( 'NONE',  ( 2.496186759367024056E-16, -76.64062500170699366, -4.076582343750019710 ) ) ;
#2840 = CARTESIAN_POINT ( 'NONE',  ( 4.076582343749995729, -57.10937500170699366, -2.338364031016953865E-14 ) ) ;
#2841 = CARTESIAN_POINT ( 'NONE',  ( 2.404163056034257728, -75.46875000341397310, 2.404163056034235968 ) ) ;
#2842 = CARTESIAN_POINT ( 'NONE',  ( 1.688575694911947256, -70.62500000170699366, -4.076582343750019710 ) ) ;
#2843 = CARTESIAN_POINT ( 'NONE',  ( 2.859550276009069890E-15, 6.670297055599254656E-30, -7.750000000000000000 ) ) ;
#2844 = CARTESIAN_POINT ( 'NONE',  ( 2.496186759367024056E-16, -74.14062500170699366, -4.076582343750019710 ) ) ;
#2845 = CARTESIAN_POINT ( 'NONE',  ( -2.404163056034259061, -52.03125000341398732, 2.404163056034235080 ) ) ;
#2846 = CARTESIAN_POINT ( 'NONE',  ( -4.076582343749996618, -51.40625000170699366, 1.688575694911923053 ) ) ;
#2847 = CARTESIAN_POINT ( 'NONE',  ( -4.076582343749996618, -68.90625000170700787, 1.688575694911923053 ) ) ;
#2848 = ORIENTED_EDGE ( 'NONE', *, *, #6201, .T. ) ;
#2849 = DIRECTION ( 'NONE',  ( 0.000000000000000000, 0.000000000000000000, -1.000000000000000000 ) ) ;
#2850 = CARTESIAN_POINT ( 'NONE',  ( -2.404163056034258172, -67.34375000341398732, -2.404163056034282153 ) ) ;
#2851 = CARTESIAN_POINT ( 'NONE',  ( 1.688575694911947256, -59.21875000170700076, -4.076582343750018822 ) ) ;
#2852 = CARTESIAN_POINT ( 'NONE',  ( -1.408326112068523317, -64.45312500341398732, 3.399999999999972378 ) ) ;
#2853 = CARTESIAN_POINT ( 'NONE',  ( 1.688575694911947922, -69.84375000170697945, 4.076582343749971749 ) ) ;
#2854 = CARTESIAN_POINT ( 'NONE',  ( -1.408326112068523317, -54.14062499999999289, 3.399999999999972378 ) ) ;
#2855 = DIRECTION ( 'NONE',  ( -0.000000000000000000, -1.000000000000000000, -0.000000000000000000 ) ) ;
#2856 = CARTESIAN_POINT ( 'NONE',  ( 1.408326112068499336, -52.57812500341398021, -3.400000000000042100 ) ) ;
#2857 = VECTOR ( 'NONE', #5236, 1000.000000000000000 ) ;
#2858 = ORIENTED_EDGE ( 'NONE', *, *, #665, .T. ) ;
#2859 = CARTESIAN_POINT ( 'NONE',  ( 2.081899558550498061E-16, -68.75000000341398732, -3.400000000000019451 ) ) ;
#2860 = CARTESIAN_POINT ( 'NONE',  ( 3.399999999999995470, -54.92187500000000000, -1.408326112068545521 ) ) ;
#2861 = CARTESIAN_POINT ( 'NONE',  ( -3.399999999999995914, -69.68750000341398732, -2.380002022187964067E-14 ) ) ;
#2862 = CARTESIAN_POINT ( 'NONE',  ( 3.399999999999995026, -75.07812500000000000, 1.408326112068500446 ) ) ;
#2863 = CARTESIAN_POINT ( 'NONE',  ( 2.882579019330971715, -60.54687500170699366, -2.882579019330995251 ) ) ;
#2864 = CARTESIAN_POINT ( 'NONE',  ( -1.688575694911949698, -66.09375000170700787, 4.076582343749971749 ) ) ;
#2865 = ORIENTED_EDGE ( 'NONE', *, *, #1105, .T. ) ;
#2866 = CARTESIAN_POINT ( 'NONE',  ( 2.404163056034257728, -60.46875000341398732, 2.404163056034235968 ) ) ;
#2867 = CARTESIAN_POINT ( 'NONE',  ( 4.076582343749995729, -53.35937500170699366, -2.338364031016953865E-14 ) ) ;
#2868 = CARTESIAN_POINT ( 'NONE',  ( 1.408326112068521985, -67.26562500000000000, -3.400000000000019007 ) ) ;
#2869 = CARTESIAN_POINT ( 'NONE',  ( 2.882579019330971715, -61.79687500170699366, -2.882579019330995251 ) ) ;
#2870 = CARTESIAN_POINT ( 'NONE',  ( -3.399999999999995470, -69.45312500000000000, -1.408326112068545521 ) ) ;
#2871 = CARTESIAN_POINT ( 'NONE',  ( -4.076582343749995729, -77.57812500170699366, -2.388287766204294237E-14 ) ) ;
#2872 = CARTESIAN_POINT ( 'NONE',  ( 1.688575694911947922, -56.09375000170700076, 4.076582343749971749 ) ) ;
#2873 = EDGE_CURVE ( 'NONE', #3905, #3055, #2573, .T. ) ;
#2874 = AXIS2_PLACEMENT_3D ( 'NONE', #5237, #4277, #6290 ) ;
#2875 = CARTESIAN_POINT ( 'NONE',  ( 3.399999999999995026, -71.64062500341398732, 1.408326112068500224 ) ) ;
#2876 = CARTESIAN_POINT ( 'NONE',  ( 4.076582343749994841, -67.18750000170699366, 1.688575694911926828 ) ) ;
#2877 = CARTESIAN_POINT ( 'NONE',  ( 1.408326112068499336, -53.51562500000000000, -3.400000000000042100 ) ) ;
#2878 = CARTESIAN_POINT ( 'NONE',  ( 2.882579019330971715, -75.54687500170699366, -2.882579019330995251 ) ) ;
#2879 = CARTESIAN_POINT ( 'NONE',  ( 2.404163056034258616, -51.40625000341398732, -2.404163056034282153 ) ) ;
#2880 = CARTESIAN_POINT ( 'NONE',  ( 1.688575694911947256, -55.62500000170699366, -4.076582343750018822 ) ) ;
#2881 = CARTESIAN_POINT ( 'NONE',  ( 1.688575694911947256, -71.87500000170699366, -4.076582343750018822 ) ) ;
#2882 = ORIENTED_EDGE ( 'NONE', *, *, #5102, .T. ) ;
#2883 = CARTESIAN_POINT ( 'NONE',  ( -3.399999999999995914, -55.70312499999999289, -1.408326112068545521 ) ) ;
#2884 =( BOUNDED_CURVE ( )  B_SPLINE_CURVE ( 2, ( #4838, #2293, #1911, #3853, #3403, #4344, #5858, #5373, #5751 ),
 .UNSPECIFIED., .F., .T. ) 
 B_SPLINE_CURVE_WITH_KNOTS ( ( 3, 2, 2, 2, 3 ),
 ( 0.1770833333333332593, 0.1822916666666665741, 0.1874999999999999167, 0.1927083333333332593, 0.1979166666666665741 ),
 .UNSPECIFIED. ) 
 CURVE ( )  GEOMETRIC_REPRESENTATION_ITEM ( )  RATIONAL_B_SPLINE_CURVE ( ( 1.000000000000001110, 0.9238795325112855172, 1.000000000000000000, 0.9238795325112867385, 1.000000000000000000, 0.9238795325112867385, 1.000000000000000000, 0.9238795325112879597, 0.9999999999999987788 ) ) 
 REPRESENTATION_ITEM ( '' )  );
#2885 = DIRECTION ( 'NONE',  ( -0.000000000000000000, -1.000000000000000000, -0.000000000000000000 ) ) ;
#2886 = CARTESIAN_POINT ( 'NONE',  ( -7.488560278101070689E-16, -58.51562500170700076, 4.076582343749972637 ) ) ;
#2887 = CARTESIAN_POINT ( 'NONE',  ( -6.245698675651493936E-16, -66.87500000341398732, 3.399999999999972378 ) ) ;
#2888 = CARTESIAN_POINT ( 'NONE',  ( 4.076582343749994841, -68.43750000170700787, 1.688575694911926828 ) ) ;
#2889 = DIRECTION ( 'NONE',  ( 0.000000000000000000, 0.000000000000000000, -1.000000000000000000 ) ) ;
#2890 = CYLINDRICAL_SURFACE ( 'NONE', #3789, 3.399999999999995914 ) ;
#2891 = PERSON_AND_ORGANIZATION ( #5202, #2556 ) ;
#2892 = CARTESIAN_POINT ( 'NONE',  ( -2.404163056034259061, -76.71875000000000000, 2.404163056034235080 ) ) ;
#2893 = DIRECTION ( 'NONE',  ( -0.000000000000000000, -1.000000000000000000, -0.000000000000000000 ) ) ;
#2894 = CARTESIAN_POINT ( 'NONE',  ( -1.408326112068521319, -53.35937500000000000, -3.400000000000019007 ) ) ;
#2895 = CARTESIAN_POINT ( 'NONE',  ( 3.399999999999995914, -70.31250000341398732, -2.338364031016953865E-14 ) ) ;
#2896 = CARTESIAN_POINT ( 'NONE',  ( 1.408326112068499780, -58.04687500341400153, 3.399999999999995470 ) ) ;
#2897 = CARTESIAN_POINT ( 'NONE',  ( -2.882579019330970826, -58.98437500170699366, -2.882579019330995251 ) ) ;
#2898 = CARTESIAN_POINT ( 'NONE',  ( -1.688575694911946590, -69.06250000170699366, -4.076582343750018822 ) ) ;
#2899 = ORIENTED_EDGE ( 'NONE', *, *, #5979, .T. ) ;
#2900 = CARTESIAN_POINT ( 'NONE',  ( -1.688575694911946590, -55.46875000170699366, -4.076582343750019710 ) ) ;
#2901 = CARTESIAN_POINT ( 'NONE',  ( 2.404163056034257728, -68.90625000000000000, 2.404163056034235968 ) ) ;
#2902 = CARTESIAN_POINT ( 'NONE',  ( -7.488560278101070689E-16, -59.76562500170700076, 4.076582343749972637 ) ) ;
#2903 = CARTESIAN_POINT ( 'NONE',  ( 1.408326112068522651, -67.73437500000001421, 3.399999999999972378 ) ) ;
#2904 = CARTESIAN_POINT ( 'NONE',  ( 4.076582343749994841, -77.03125000170699366, 1.688575694911926828 ) ) ;
#2905 = CARTESIAN_POINT ( 'NONE',  ( 3.399999999999995914, -72.81250000341397310, -2.338364031016953865E-14 ) ) ;
#2906 = CARTESIAN_POINT ( 'NONE',  ( 4.076582343749994841, -69.68750000170697945, 1.688575694911926828 ) ) ;
#2907 = CARTESIAN_POINT ( 'NONE',  ( -3.399999999999996803, -64.60937500341398732, 1.408326112068497560 ) ) ;
#2908 = CARTESIAN_POINT ( 'NONE',  ( 2.496186759367024056E-16, -76.64062500170699366, -4.076582343750019710 ) ) ;
#2909 = CARTESIAN_POINT ( 'NONE',  ( 3.399999999999995470, -50.23437500341398732, -1.408326112068545521 ) ) ;
#2910 = CARTESIAN_POINT ( 'NONE',  ( -1.688575694911949698, -55.00000000170699366, 4.076582343749971749 ) ) ;
#2911 = CARTESIAN_POINT ( 'NONE',  ( -4.076582343749995729, -70.23437500170699366, -2.388287766204294237E-14 ) ) ;
#2912 = ORIENTED_EDGE ( 'NONE', *, *, #5305, .F. ) ;
#2913 = CYLINDRICAL_SURFACE ( 'NONE', #4835, 3.399999999999995914 ) ;
#2914 = CARTESIAN_POINT ( 'NONE',  ( 3.399999999999995026, -64.14062500341398732, 1.408326112068500446 ) ) ;
#2915 = CARTESIAN_POINT ( 'NONE',  ( 4.076582343749995729, -59.45312500170699366, -2.338364031016953865E-14 ) ) ;
#2916 = CARTESIAN_POINT ( 'NONE',  ( 3.399999999999995026, -67.89062500341398732, 1.408326112068500224 ) ) ;
#2917 = CARTESIAN_POINT ( 'NONE',  ( -4.076582343749995729, -67.81250000170699366, -1.688575694911971015 ) ) ;
#2918 = CARTESIAN_POINT ( 'NONE',  ( 4.163799117100996122E-16, -80.00000000000000000, 3.399999999999972378 ) ) ;
#2919 = CARTESIAN_POINT ( 'NONE',  ( 1.408326112068499780, -53.04687500341399442, 3.399999999999995470 ) ) ;
#2920 = APPROVAL_DATE_TIME ( #1520, #2616 ) ;
#2921 = CARTESIAN_POINT ( 'NONE',  ( 0.000000000000000000, -80.00000000000000000, 6.499999999999976019 ) ) ;
#2922 = DIRECTION ( 'NONE',  ( -0.000000000000000000, -1.000000000000000000, -0.000000000000000000 ) ) ;
#2923 = CARTESIAN_POINT ( 'NONE',  ( 2.404163056034258616, -53.59375000000000000, -2.404163056034282153 ) ) ;
#2924 = CARTESIAN_POINT ( 'NONE',  ( 2.081899558550498061E-16, -60.00000000341398732, -3.400000000000019451 ) ) ;
#2925 = CARTESIAN_POINT ( 'NONE',  ( -2.404163056034259061, -62.96875000000000711, 2.404163056034235080 ) ) ;
#2926 = CARTESIAN_POINT ( 'NONE',  ( 2.496186759367024056E-16, -59.14062500170700076, -4.076582343750019710 ) ) ;
#2927 = CARTESIAN_POINT ( 'NONE',  ( 2.882579019330970382, -65.85937500170699366, 2.882579019330949066 ) ) ;
#2928 = ORIENTED_EDGE ( 'NONE', *, *, #1150, .T. ) ;
#2929 = DIRECTION ( 'NONE',  ( -0.000000000000000000, -1.000000000000000000, -0.000000000000000000 ) ) ;
#2930 = CARTESIAN_POINT ( 'NONE',  ( -3.399999999999995914, -66.87500000000000000, -2.380002022187964067E-14 ) ) ;
#2931 = CARTESIAN_POINT ( 'NONE',  ( -1.688575694911946590, -60.31250000170700076, -4.076582343750018822 ) ) ;
#2932 = CARTESIAN_POINT ( 'NONE',  ( 3.399999999999995470, -68.67187500000001421, -1.408326112068545521 ) ) ;
#2933 = CARTESIAN_POINT ( 'NONE',  ( -4.076582343749996618, -73.75000000170699366, 1.688575694911923053 ) ) ;
#2934 = EDGE_CURVE ( 'NONE', #360, #5952, #5207, .T. ) ;
#2935 = CARTESIAN_POINT ( 'NONE',  ( 1.408326112068522651, -66.79687500341398732, 3.399999999999972378 ) ) ;
#2936 = CARTESIAN_POINT ( 'NONE',  ( -7.488560278101070689E-16, -71.17187500170699366, 4.076582343749972637 ) ) ;
#2937 = CIRCLE ( 'NONE', #11, 3.399999999999995914 ) ;
#2938 = CARTESIAN_POINT ( 'NONE',  ( 3.399999999999995914, -53.75000000000000711, -2.338364031016953865E-14 ) ) ;
#2939 = CARTESIAN_POINT ( 'NONE',  ( 4.076582343749995729, -74.37500000170699366, -1.688575694911970571 ) ) ;
#2940 = CARTESIAN_POINT ( 'NONE',  ( 2.404163056034257728, -52.96875000341398732, 2.404163056034235968 ) ) ;
#2941 = DIRECTION ( 'NONE',  ( -0.000000000000000000, -1.000000000000000000, -0.000000000000000000 ) ) ;
#2942 = CARTESIAN_POINT ( 'NONE',  ( 2.882579019330970382, -71.01562500170699366, 2.882579019330949066 ) ) ;
#2943 = ORIENTED_EDGE ( 'NONE', *, *, #3349, .T. ) ;
#2944 = FACE_OUTER_BOUND ( 'NONE', #5667, .T. ) ;
#2945 = CARTESIAN_POINT ( 'NONE',  ( 3.399999999999995914, -64.06250000341398732, -2.338364031016953865E-14 ) ) ;
#2946 = CARTESIAN_POINT ( 'NONE',  ( 4.076582343749995729, -58.20312500170699366, -2.338364031016953865E-14 ) ) ;
#2947 = CARTESIAN_POINT ( 'NONE',  ( -1.408326112068521319, -68.67187500341397310, -3.400000000000019007 ) ) ;
#2948 = CARTESIAN_POINT ( 'NONE',  ( -1.688575694911949698, -67.50000000170699366, 4.076582343749971749 ) ) ;
#2949 = CARTESIAN_POINT ( 'NONE',  ( 2.081899558550498061E-16, -50.93750000000000000, -3.400000000000019451 ) ) ;
#2950 = CARTESIAN_POINT ( 'NONE',  ( -3.399999999999995914, -59.45312500000000000, -1.408326112068545521 ) ) ;
#2951 =( BOUNDED_CURVE ( )  B_SPLINE_CURVE ( 2, ( #1144, #3613, #4074, #3132, #4043, #6014, #4531, #5129, #2060 ),
 .UNSPECIFIED., .F., .F. ) 
 B_SPLINE_CURVE_WITH_KNOTS ( ( 3, 2, 2, 2, 3 ),
 ( 0.4270833333333334814, 0.4322916666666668517, 0.4375000000000001110, 0.4427083333333334259, 0.4479166666666667962 ),
 .UNSPECIFIED. ) 
 CURVE ( )  GEOMETRIC_REPRESENTATION_ITEM ( )  RATIONAL_B_SPLINE_CURVE ( ( 0.9999999999999975575, 0.9238795325112891810, 1.000000000000000000, 0.9238795325112867385, 1.000000000000000000, 0.9238795325112867385, 1.000000000000000000, 0.9238795325112850731, 1.000000000000001554 ) ) 
 REPRESENTATION_ITEM ( '' )  );
#2952 = CARTESIAN_POINT ( 'NONE',  ( -3.399999999999995914, -76.95312500000000000, -1.408326112068545521 ) ) ;
#2953 = ORIENTED_EDGE ( 'NONE', *, *, #6473, .F. ) ;
#2954 = CARTESIAN_POINT ( 'NONE',  ( 2.404163056034258616, -54.84375000000000000, -2.404163056034282153 ) ) ;
#2955 = CARTESIAN_POINT ( 'NONE',  ( -6.245698675651493936E-16, -76.87500000341398732, 3.399999999999972378 ) ) ;
#2956 = DIRECTION ( 'NONE',  ( 0.7071067811865489050, -0.7071067811865460184, -0.000000000000000000 ) ) ;
#2957 = CARTESIAN_POINT ( 'NONE',  ( 4.076582343749994841, -58.28125000170699366, 1.688575694911926828 ) ) ;
#2958 = CARTESIAN_POINT ( 'NONE',  ( 2.882579019330971715, -68.04687500170700787, -2.882579019330995251 ) ) ;
#2959 = ORIENTED_EDGE ( 'NONE', *, *, #2063, .F. ) ;
#2960 = AXIS2_PLACEMENT_3D ( 'NONE', #3375, #5379, #4563 ) ;
#2961 = CARTESIAN_POINT ( 'NONE',  ( 1.688575694911947922, -51.09375000170699366, 4.076582343749971749 ) ) ;
#2962 = CARTESIAN_POINT ( 'NONE',  ( -1.408326112068521319, -67.10937500000000000, -3.400000000000019007 ) ) ;
#2963 = CARTESIAN_POINT ( 'NONE',  ( 4.076582343749995729, -58.20312500170699366, -2.338364031016953865E-14 ) ) ;
#2964 = CARTESIAN_POINT ( 'NONE',  ( 1.408326112068521985, -64.76562500000001421, -3.400000000000019007 ) ) ;
#2965 = CARTESIAN_POINT ( 'NONE',  ( -7.488560278101070689E-16, -73.51562500170699366, 4.076582343749972637 ) ) ;
#2966 =( BOUNDED_CURVE ( )  B_SPLINE_CURVE ( 2, ( #286, #3301, #1345, #5655, #1314, #2288, #4610, #2137, #4272 ),
 .UNSPECIFIED., .F., .F. ) 
 B_SPLINE_CURVE_WITH_KNOTS ( ( 3, 2, 2, 2, 3 ),
 ( 0.4687500000000001110, 0.4739583333333334814, 0.4791666666666668517, 0.4843750000000002220, 0.4895833333333335369 ),
 .UNSPECIFIED. ) 
 CURVE ( )  GEOMETRIC_REPRESENTATION_ITEM ( )  RATIONAL_B_SPLINE_CURVE ( ( 0.9999999999999983347, 0.9238795325112884038, 1.000000000000000000, 0.9238795325112867385, 1.000000000000000000, 0.9238795325112867385, 1.000000000000000000, 0.9238795325112835188, 1.000000000000003331 ) ) 
 REPRESENTATION_ITEM ( '' )  );
#2967 = CARTESIAN_POINT ( 'NONE',  ( -3.399999999999995470, -69.76562500341398732, -1.408326112068545521 ) ) ;
#2968 = CARTESIAN_POINT ( 'NONE',  ( -7.488560278101070689E-16, -66.17187500170699366, 4.076582343749972637 ) ) ;
#2969 = CARTESIAN_POINT ( 'NONE',  ( 2.081899558550498061E-16, -53.43750000000000000, -3.400000000000019451 ) ) ;
#2970 = CARTESIAN_POINT ( 'NONE',  ( -2.882579019330970826, -77.73437500170699366, -2.882579019330995251 ) ) ;
#2971 = CARTESIAN_POINT ( 'NONE',  ( 1.408326112068522651, -75.23437500000000000, 3.399999999999972378 ) ) ;
#2972 = CARTESIAN_POINT ( 'NONE',  ( 4.076582343749995729, -49.60937500170699366, -2.338364031016953865E-14 ) ) ;
#2973 = CARTESIAN_POINT ( 'NONE',  ( -1.408326112068521763, -49.92187500341398021, -3.400000000000019451 ) ) ;
#2974 = LOCAL_TIME ( 18, 39, 25.00000000000000000, #1293 ) ;
#2975 = CARTESIAN_POINT ( 'NONE',  ( 2.882579019330971715, -63.20312500170699366, -2.882579019330995251 ) ) ;
#2976 = ORIENTED_EDGE ( 'NONE', *, *, #3855, .F. ) ;
#2977 = FACE_OUTER_BOUND ( 'NONE', #5599, .T. ) ;
#2978 = CARTESIAN_POINT ( 'NONE',  ( -2.404163056034258172, -52.03125000000000000, -2.404163056034282153 ) ) ;
#2979 = CARTESIAN_POINT ( 'NONE',  ( 4.076582343749994841, -60.78125000170699366, 1.688575694911926828 ) ) ;
#2980 = CARTESIAN_POINT ( 'NONE',  ( -1.408326112068521319, -64.92187500341398732, -3.400000000000019007 ) ) ;
#2981 = CARTESIAN_POINT ( 'NONE',  ( 4.076582343749995729, -60.78125000170699366, -1.688575694911970571 ) ) ;
#2982 = CARTESIAN_POINT ( 'NONE',  ( -2.882579019330972159, -77.57812500170699366, 2.882579019330947734 ) ) ;
#2983 = EDGE_CURVE ( 'NONE', #6267, #6281, #2286, .T. ) ;
#2984 = CARTESIAN_POINT ( 'NONE',  ( -3.399999999999995914, -59.37500000000000000, -2.380002022187964067E-14 ) ) ;
#2985 = ADVANCED_FACE ( 'NONE', ( #5958 ), #2370, .F. ) ;
#2986 = CARTESIAN_POINT ( 'NONE',  ( -6.245698675651493936E-16, -54.37500000341398732, 3.399999999999972378 ) ) ;
#2987 = CARTESIAN_POINT ( 'NONE',  ( 0.000000000000000000, -80.00000000000000000, -2.338364031016953865E-14 ) ) ;
#2988 = CARTESIAN_POINT ( 'NONE',  ( 1.867443239578072900, -79.64083376782971868, -3.163680191339245162 ) ) ;
#2989 = CARTESIAN_POINT ( 'NONE',  ( 4.076582343749995729, -75.85937500170699366, -2.338364031016953865E-14 ) ) ;
#2990 = CYLINDRICAL_SURFACE ( 'NONE', #5566, 3.399999999999995914 ) ;
#2991 = CARTESIAN_POINT ( 'NONE',  ( 4.163799117100996122E-16, -79.37500000000000000, 3.399999999999972378 ) ) ;
#2992 = CARTESIAN_POINT ( 'NONE',  ( -2.882579019330970826, -57.73437500170699366, -2.882579019330995251 ) ) ;
#2993 = CARTESIAN_POINT ( 'NONE',  ( -4.076582343749996618, -65.00000000170700787, 1.688575694911923053 ) ) ;
#2994 = EDGE_LOOP ( 'NONE', ( #5701, #5280, #5876, #2179 ) ) ;
#2995 =( BOUNDED_CURVE ( )  B_SPLINE_CURVE ( 2, ( #5381, #298, #4417, #333, #1917, #865, #3796, #798, #3312 ),
 .UNSPECIFIED., .F., .F. ) 
 B_SPLINE_CURVE_WITH_KNOTS ( ( 3, 2, 2, 2, 3 ),
 ( 0.9270833333333334814, 0.9322916666666667407, 0.9375000000000001110, 0.9427083333333334814, 0.9479166666666667407 ),
 .UNSPECIFIED. ) 
 CURVE ( )  GEOMETRIC_REPRESENTATION_ITEM ( )  RATIONAL_B_SPLINE_CURVE ( ( 0.9999999999999983347, 0.9238795325112884038, 1.000000000000000000, 0.9238795325112867385, 1.000000000000000000, 0.9238795325112867385, 1.000000000000000000, 0.9238795325112850731, 1.000000000000001554 ) ) 
 REPRESENTATION_ITEM ( '' )  );
#2996 = ORIENTED_EDGE ( 'NONE', *, *, #4809, .T. ) ;
#2997 = DIRECTION ( 'NONE',  ( 0.000000000000000000, 0.000000000000000000, -1.000000000000000000 ) ) ;
#2998 = CARTESIAN_POINT ( 'NONE',  ( -3.399999999999995470, -66.95312500000000000, -1.408326112068545521 ) ) ;
#2999 = CARTESIAN_POINT ( 'NONE',  ( -2.882579019330972159, -58.67187500170699366, 2.882579019330947734 ) ) ;
#3000 = CARTESIAN_POINT ( 'NONE',  ( -1.408326112068521319, -63.35937500000000000, -3.400000000000019007 ) ) ;
#3001 = CARTESIAN_POINT ( 'NONE',  ( 4.076582343749995729, -71.87500000170699366, -1.688575694911970571 ) ) ;
#3002 = CARTESIAN_POINT ( 'NONE',  ( -1.408326112068521319, -69.92187500341398732, -3.400000000000019007 ) ) ;
#3003 = CARTESIAN_POINT ( 'NONE',  ( 2.882579019330970382, -63.51562500170698655, 2.882579019330949066 ) ) ;
#3004 = CARTESIAN_POINT ( 'NONE',  ( 2.404163056034257728, -53.90625000000000000, 2.404163056034235968 ) ) ;
#3005 = CARTESIAN_POINT ( 'NONE',  ( -2.882579019330972159, -69.92187500170699366, 2.882579019330947734 ) ) ;
#3006 = CARTESIAN_POINT ( 'NONE',  ( 2.404163056034258616, -77.34375000000000000, -2.404163056034282153 ) ) ;
#3007 = DIRECTION ( 'NONE',  ( -0.000000000000000000, -1.000000000000000000, -0.000000000000000000 ) ) ;
#3008 = CARTESIAN_POINT ( 'NONE',  ( 4.076582343749994841, -63.43750000170699366, 1.688575694911926828 ) ) ;
#3009 = CARTESIAN_POINT ( 'NONE',  ( 2.882579019330971715, -79.29687500170699366, -2.882579019330995251 ) ) ;
#3010 = CARTESIAN_POINT ( 'NONE',  ( 1.688575694911947922, -78.59375000170697945, 4.076582343749971749 ) ) ;
#3011 = CARTESIAN_POINT ( 'NONE',  ( -2.882579019330972159, -53.67187500170698655, 2.882579019330947734 ) ) ;
#3012 = CARTESIAN_POINT ( 'NONE',  ( -3.399999999999995914, -60.93750000341398021, -2.380002022187964067E-14 ) ) ;
#3013 = CARTESIAN_POINT ( 'NONE',  ( -7.488560278101070689E-16, -63.67187500170698655, 4.076582343749972637 ) ) ;
#3014 = CARTESIAN_POINT ( 'NONE',  ( 0.000000000000000000, -80.00000000000000000, -2.338364031016953865E-14 ) ) ;
#3015 = CARTESIAN_POINT ( 'NONE',  ( -1.408326112068475577, -59.60937500000000711, -3.400000000000065192 ) ) ;
#3016 = CARTESIAN_POINT ( 'NONE',  ( -3.399999999999996358, -54.60937500341398732, 1.408326112068497560 ) ) ;
#3017 = ADVANCED_FACE ( 'NONE', ( #4351 ), #1884, .F. ) ;
#3018 = COORDINATED_UNIVERSAL_TIME_OFFSET ( 8, 0, .AHEAD. ) ;
#3019 = DIRECTION ( 'NONE',  ( -0.000000000000000000, -1.000000000000000000, -0.000000000000000000 ) ) ;
#3020 = CARTESIAN_POINT ( 'NONE',  ( 3.399999999999995026, -76.64062500341397310, 1.408326112068500224 ) ) ;
#3021 = CARTESIAN_POINT ( 'NONE',  ( 2.496186759367024056E-16, -78.04687500170699366, -4.076582343750019710 ) ) ;
#3022 = CARTESIAN_POINT ( 'NONE',  ( -6.245698675651493936E-16, -79.06250000000001421, 3.399999999999972378 ) ) ;
#3023 = CARTESIAN_POINT ( 'NONE',  ( -2.404163056034258172, -63.59375000341398021, -2.404163056034282153 ) ) ;
#3024 = CARTESIAN_POINT ( 'NONE',  ( -4.076582343749995729, -55.07812500170699366, -2.388287766204294237E-14 ) ) ;
#3025 = ADVANCED_FACE ( 'NONE', ( #2006 ), #1026, .F. ) ;
#3026 = CARTESIAN_POINT ( 'NONE',  ( 2.882579019330971715, -65.54687500170699366, -2.882579019330995251 ) ) ;
#3027 = ORIENTED_EDGE ( 'NONE', *, *, #2063, .T. ) ;
#3028 = CYLINDRICAL_SURFACE ( 'NONE', #3394, 3.399999999999995914 ) ;
#3029 = EDGE_LOOP ( 'NONE', ( #3797, #3676 ) ) ;
#3030 = CARTESIAN_POINT ( 'NONE',  ( 2.081899558550498061E-16, -65.93750000000000000, -3.400000000000019451 ) ) ;
#3031 = CARTESIAN_POINT ( 'NONE',  ( -2.882579019330972159, -54.92187500170699366, 2.882579019330947734 ) ) ;
#3032 = CARTESIAN_POINT ( 'NONE',  ( 2.404163056034257728, -62.65625000000000000, 2.404163056034235968 ) ) ;
#3033 = CARTESIAN_POINT ( 'NONE',  ( 1.688575694911947256, -67.96875000170699366, -4.076582343750019710 ) ) ;
#3034 = CARTESIAN_POINT ( 'NONE',  ( -6.245698675651493936E-16, -68.12500000341398732, 3.399999999999972378 ) ) ;
#3035 = CARTESIAN_POINT ( 'NONE',  ( -4.076582343749995729, -66.48437500170699366, -2.388287766204294237E-14 ) ) ;
#3036 = CARTESIAN_POINT ( 'NONE',  ( 1.408326112068521985, -79.76562500000001421, -3.400000000000019007 ) ) ;
#3037 = CARTESIAN_POINT ( 'NONE',  ( -4.076582343749995729, -70.15625000170699366, -1.688575694911971015 ) ) ;
#3038 = CARTESIAN_POINT ( 'NONE',  ( 1.408326112068522651, -76.48437500000000000, 3.399999999999972378 ) ) ;
#3039 = CARTESIAN_POINT ( 'NONE',  ( 2.496186759367024056E-16, -66.79687500170699366, -4.076582343750019710 ) ) ;
#3040 = CARTESIAN_POINT ( 'NONE',  ( -7.488560278101070689E-16, -76.01562500170699366, 4.076582343749972637 ) ) ;
#3041 = CARTESIAN_POINT ( 'NONE',  ( 2.081899558550498061E-16, -64.68750000000001421, -3.400000000000019451 ) ) ;
#3042 = CARTESIAN_POINT ( 'NONE',  ( -2.882579019330970826, -53.98437500170699366, -2.882579019330995251 ) ) ;
#3043 = CARTESIAN_POINT ( 'NONE',  ( 1.408326112068522651, -63.04687500341399442, 3.399999999999972378 ) ) ;
#3044 = CARTESIAN_POINT ( 'NONE',  ( -1.688575694911949698, -63.75000000170700076, 4.076582343749971749 ) ) ;
#3045 = CARTESIAN_POINT ( 'NONE',  ( 3.399999999999995026, -60.07812499999999289, 1.408326112068500446 ) ) ;
#3046 = CARTESIAN_POINT ( 'NONE',  ( -2.404163056034259061, -54.53125000341398021, 2.404163056034235080 ) ) ;
#3047 = CARTESIAN_POINT ( 'NONE',  ( 1.408326112068521985, -55.07812500341398021, -3.400000000000019007 ) ) ;
#3048 = LINE ( 'NONE', #5041, #967 ) ;
#3049 = CARTESIAN_POINT ( 'NONE',  ( 2.404163056034257728, -74.21875000341398732, 2.404163056034235968 ) ) ;
#3050 = CARTESIAN_POINT ( 'NONE',  ( 4.076582343749994841, -77.18750000170697945, 1.688575694911926828 ) ) ;
#3051 = CARTESIAN_POINT ( 'NONE',  ( 2.081899558550498061E-16, -55.93750000000000000, -3.400000000000019451 ) ) ;
#3052 = CARTESIAN_POINT ( 'NONE',  ( -6.245698675651493936E-16, -63.12500000341398021, 3.399999999999972378 ) ) ;
#3053 = CARTESIAN_POINT ( 'NONE',  ( 4.076582343749995729, -53.20312500170700076, -2.338364031016953865E-14 ) ) ;
#3054 = CARTESIAN_POINT ( 'NONE',  ( 1.688575694911947922, -62.18750000170699366, 4.076582343749971749 ) ) ;
#3055 = VERTEX_POINT ( 'NONE', #5492 ) ;
#3056 = CARTESIAN_POINT ( 'NONE',  ( 1.688575694911947922, -49.84375000170698655, 4.076582343749971749 ) ) ;
#3057 = VERTEX_POINT ( 'NONE', #2521 ) ;
#3058 = CARTESIAN_POINT ( 'NONE',  ( 2.081899558550498061E-16, -64.68750000000001421, -3.400000000000019451 ) ) ;
#3059 = CARTESIAN_POINT ( 'NONE',  ( -7.488560278101070689E-16, -56.01562500170699366, 4.076582343749972637 ) ) ;
#3060 = CARTESIAN_POINT ( 'NONE',  ( -1.408326112068523317, -61.64062500000000000, 3.399999999999972378 ) ) ;
#3061 = CARTESIAN_POINT ( 'NONE',  ( -7.488560278101070689E-16, -69.76562500170699366, 4.076582343749972637 ) ) ;
#3062 = EDGE_CURVE ( 'NONE', #5457, #769, #4019, .T. ) ;
#3063 = AXIS2_PLACEMENT_3D ( 'NONE', #159, #5621, #6085 ) ;
#3064 = CARTESIAN_POINT ( 'NONE',  ( -3.399999999999995914, -67.18750000341398732, -2.380002022187964067E-14 ) ) ;
#3065 = CARTESIAN_POINT ( 'NONE',  ( -1.688575694911950142, -63.75000000170699366, 4.076582343749971749 ) ) ;
#3066 = CARTESIAN_POINT ( 'NONE',  ( -6.245698675651493936E-16, -79.06250000000001421, 3.399999999999972378 ) ) ;
#3067 = CARTESIAN_POINT ( 'NONE',  ( -1.688575694911946590, -72.81250000170700787, -4.076582343750018822 ) ) ;
#3068 = CARTESIAN_POINT ( 'NONE',  ( -1.408326112068523317, -76.64062500000000000, 3.399999999999972378 ) ) ;
#3069 = AXIS2_PLACEMENT_3D ( 'NONE', #930, #1951, #6366 ) ;
#3070 = CARTESIAN_POINT ( 'NONE',  ( -6.245698675651493936E-16, -60.31250000000000711, 3.399999999999972378 ) ) ;
#3071 = CARTESIAN_POINT ( 'NONE',  ( -4.076582343749995729, -64.06250000170699366, -1.688575694911971015 ) ) ;
#3072 = CARTESIAN_POINT ( 'NONE',  ( 4.076582343749995729, -78.12500000170700787, -1.688575694911970571 ) ) ;
#3073 = CARTESIAN_POINT ( 'NONE',  ( 4.076582343749995729, -79.53125000170699366, -1.688575694911970571 ) ) ;
#3074 = CARTESIAN_POINT ( 'NONE',  ( 2.882579019330971715, -53.04687500170699366, -2.882579019330995251 ) ) ;
#3075 = PRODUCT_DEFINITION_FORMATION_WITH_SPECIFIED_SOURCE ( 'ä»', '', #1579, .NOT_KNOWN. ) ;
#3076 = CARTESIAN_POINT ( 'NONE',  ( 2.081899558550498061E-16, -60.00000000341398732, -3.400000000000019451 ) ) ;
#3077 = CARTESIAN_POINT ( 'NONE',  ( -1.688575694911946590, -61.71875000170699366, -4.076582343750018822 ) ) ;
#3078 = CARTESIAN_POINT ( 'NONE',  ( -6.245698675651493936E-16, -69.06250000000000000, 3.399999999999972378 ) ) ;
#3079 =( GEOMETRIC_REPRESENTATION_CONTEXT ( 3 ) GLOBAL_UNCERTAINTY_ASSIGNED_CONTEXT ( ( #501 ) ) GLOBAL_UNIT_ASSIGNED_CONTEXT ( ( #2338, #3247, #6263 ) ) REPRESENTATION_CONTEXT ( 'NONE', 'WORKASPACE' ) );
#3080 = CARTESIAN_POINT ( 'NONE',  ( -3.399999999999995470, -56.01562500341398021, -1.408326112068545521 ) ) ;
#3081 = DIRECTION ( 'NONE',  ( -0.000000000000000000, -1.000000000000000000, -0.000000000000000000 ) ) ;
#3082 = CARTESIAN_POINT ( 'NONE',  ( 3.399999999999995914, -77.81250000341398732, -2.338364031016953865E-14 ) ) ;
#3083 = CARTESIAN_POINT ( 'NONE',  ( -4.076582343749995729, -76.56250000170699366, -1.688575694911971015 ) ) ;
#3084 = CARTESIAN_POINT ( 'NONE',  ( -3.399999999999995914, -72.26562500341400153, -1.408326112068545521 ) ) ;
#3085 = CARTESIAN_POINT ( 'NONE',  ( -2.404163056034259061, -66.71875000000001421, 2.404163056034235080 ) ) ;
#3086 = CARTESIAN_POINT ( 'NONE',  ( -1.688575694911950142, -57.34375000170699366, 4.076582343749971749 ) ) ;
#3087 = CARTESIAN_POINT ( 'NONE',  ( -4.076582343749995729, -63.82812500170699366, -2.388287766204294237E-14 ) ) ;
#3088 = ORIENTED_EDGE ( 'NONE', *, *, #6201, .F. ) ;
#3089 =( BOUNDED_CURVE ( )  B_SPLINE_CURVE ( 2, ( #3724, #3142, #195, #5171, #5140, #5722, #758, #2750, #4152 ),
 .UNSPECIFIED., .F., .T. ) 
 B_SPLINE_CURVE_WITH_KNOTS ( ( 3, 2, 2, 2, 3 ),
 ( 0.2604166666666666297, 0.2656249999999999445, 0.2708333333333332593, 0.2760416666666666852, 0.2812500000000000000 ),
 .UNSPECIFIED. ) 
 CURVE ( )  GEOMETRIC_REPRESENTATION_ITEM ( )  RATIONAL_B_SPLINE_CURVE ( ( 1.000000000000000888, 0.9238795325112859613, 1.000000000000000000, 0.9238795325112867385, 1.000000000000000000, 0.9238795325112867385, 1.000000000000000000, 0.9238795325112867385, 1.000000000000000000 ) ) 
 REPRESENTATION_ITEM ( '' )  );
#3090 = EDGE_LOOP ( 'NONE', ( #6228, #4031, #2184, #6166 ) ) ;
#3091 = CARTESIAN_POINT ( 'NONE',  ( 2.081899558550498061E-16, -58.75000000341398732, -3.400000000000019451 ) ) ;
#3092 = ORIENTED_EDGE ( 'NONE', *, *, #655, .F. ) ;
#3093 = CARTESIAN_POINT ( 'NONE',  ( -6.245698675651493936E-16, -61.56250000000000711, 3.399999999999972378 ) ) ;
#3094 = CARTESIAN_POINT ( 'NONE',  ( 1.688575694911947256, -57.96875000170699366, -4.076582343750018822 ) ) ;
#3095 = CARTESIAN_POINT ( 'NONE',  ( 0.000000000000000000, -80.00000000000000000, -3.400000000000019451 ) ) ;
#3096 = CARTESIAN_POINT ( 'NONE',  ( -4.076582343749996618, -68.75000000170700787, 1.688575694911923053 ) ) ;
#3097 = CARTESIAN_POINT ( 'NONE',  ( 3.399999999999995026, -62.89062500341398021, 1.408326112068500224 ) ) ;
#3098 = CARTESIAN_POINT ( 'NONE',  ( -2.882579019330972159, -60.07812500170699366, 2.882579019330947734 ) ) ;
#3099 = CARTESIAN_POINT ( 'NONE',  ( -1.408326112068521319, -77.10937500000000000, -3.400000000000019007 ) ) ;
#3100 = CARTESIAN_POINT ( 'NONE',  ( -2.882579019330972159, -71.17187500170699366, 2.882579019330947734 ) ) ;
#3101 = CARTESIAN_POINT ( 'NONE',  ( -1.408326112068523317, -79.14062500000000000, 3.399999999999972378 ) ) ;
#3102 = CARTESIAN_POINT ( 'NONE',  ( 1.408326112068544633, -75.07812500341397310, -3.399999999999995914 ) ) ;
#3103 = CARTESIAN_POINT ( 'NONE',  ( -1.688575694911946590, -65.46875000170699366, -4.076582343750018822 ) ) ;
#3104 = CARTESIAN_POINT ( 'NONE',  ( 2.496186759367024056E-16, -75.39062500170699366, -4.076582343750019710 ) ) ;
#3105 = CARTESIAN_POINT ( 'NONE',  ( -7.488560278101070689E-16, -51.01562500170699366, 4.076582343749972637 ) ) ;
#3106 = CARTESIAN_POINT ( 'NONE',  ( -3.399999999999996803, -51.79687500000000711, 1.408326112068497560 ) ) ;
#3107 = CARTESIAN_POINT ( 'NONE',  ( -4.076582343749995729, -53.90625000170699366, -1.688575694911971015 ) ) ;
#3108 = CARTESIAN_POINT ( 'NONE',  ( 3.399999999999995026, -59.14062500341398732, 1.408326112068500224 ) ) ;
#3109 = CARTESIAN_POINT ( 'NONE',  ( 1.688575694911947256, -61.87500000170700076, -4.076582343750018822 ) ) ;
#3110 = CARTESIAN_POINT ( 'NONE',  ( 4.076582343749995729, -79.53125000170697945, -1.688575694911970571 ) ) ;
#3111 = CARTESIAN_POINT ( 'NONE',  ( 3.399999999999995914, -66.56250000341398732, -2.338364031016953865E-14 ) ) ;
#3112 = CARTESIAN_POINT ( 'NONE',  ( 3.399999999999995914, -54.06250000341398732, -2.338364031016953865E-14 ) ) ;
#3113 = CARTESIAN_POINT ( 'NONE',  ( 0.000000000000000000, -80.00000000000000000, -3.400000000000019451 ) ) ;
#3114 = CARTESIAN_POINT ( 'NONE',  ( -3.399999999999996358, -77.10937500341398732, 1.408326112068497560 ) ) ;
#3115 = CARTESIAN_POINT ( 'NONE',  ( -1.688575694911946590, -77.96875000170697945, -4.076582343750018822 ) ) ;
#3116 = FACE_OUTER_BOUND ( 'NONE', #741, .T. ) ;
#3117 = CARTESIAN_POINT ( 'NONE',  ( 4.076582343749995729, -49.60937500170699366, -2.338364031016953865E-14 ) ) ;
#3118 = CARTESIAN_POINT ( 'NONE',  ( -4.076582343749995729, -57.57812500170698655, -2.388287766204294237E-14 ) ) ;
#3119 = ORIENTED_EDGE ( 'NONE', *, *, #1039, .T. ) ;
#3120 = ORIENTED_EDGE ( 'NONE', *, *, #867, .T. ) ;
#3121 = CARTESIAN_POINT ( 'NONE',  ( -1.408326112068475577, -58.67187500341398021, -3.400000000000065192 ) ) ;
#3122 = ORIENTED_EDGE ( 'NONE', *, *, #550, .F. ) ;
#3123 = CARTESIAN_POINT ( 'NONE',  ( -2.404163056034258172, -63.28125000000000000, -2.404163056034282153 ) ) ;
#3124 = CARTESIAN_POINT ( 'NONE',  ( -4.076582343749996618, -53.75000000170698655, 1.688575694911923053 ) ) ;
#3125 = DIRECTION ( 'NONE',  ( -0.000000000000000000, -1.000000000000000000, -0.000000000000000000 ) ) ;
#3126 = CARTESIAN_POINT ( 'NONE',  ( -1.688575694911946590, -70.31250000170699366, -4.076582343750019710 ) ) ;
#3127 = CARTESIAN_POINT ( 'NONE',  ( 3.399999999999995914, -65.31250000341398732, -2.338364031016953865E-14 ) ) ;
#3128 = CARTESIAN_POINT ( 'NONE',  ( -4.076582343749996618, -57.65625000170698655, 1.688575694911923053 ) ) ;
#3129 = CARTESIAN_POINT ( 'NONE',  ( 3.399999999999995026, -76.32812500000000000, 1.408326112068500224 ) ) ;
#3130 = CARTESIAN_POINT ( 'NONE',  ( -4.076582343749996618, -73.75000000170699366, 1.688575694911923053 ) ) ;
#3131 = CARTESIAN_POINT ( 'NONE',  ( 2.081899558550498061E-16, -74.68750000000000000, -3.400000000000019451 ) ) ;
#3132 = CARTESIAN_POINT ( 'NONE',  ( -3.399999999999995914, -66.01562500341398732, -1.408326112068545521 ) ) ;
#3133 = CARTESIAN_POINT ( 'NONE',  ( -7.488560278101070689E-16, -61.17187500170699366, 4.076582343749972637 ) ) ;
#3134 = CARTESIAN_POINT ( 'NONE',  ( -7.488560278101070689E-16, -71.01562500170699366, 4.076582343749972637 ) ) ;
#3135 = CARTESIAN_POINT ( 'NONE',  ( 3.399999999999995470, -78.98437500341398732, -1.408326112068545521 ) ) ;
#3136 = CARTESIAN_POINT ( 'NONE',  ( 4.076582343749995729, -73.28125000170699366, -1.688575694911970571 ) ) ;
#3137 = CARTESIAN_POINT ( 'NONE',  ( 2.882579019330970382, -52.10937500170699366, 2.882579019330949066 ) ) ;
#3138 = CARTESIAN_POINT ( 'NONE',  ( -3.399999999999995470, -56.01562500341398021, -1.408326112068545521 ) ) ;
#3139 = CARTESIAN_POINT ( 'NONE',  ( 1.688575694911947922, -56.09375000170700076, 4.076582343749971749 ) ) ;
#3140 = CARTESIAN_POINT ( 'NONE',  ( -1.688575694911949698, -73.75000000170699366, 4.076582343749971749 ) ) ;
#3141 = CARTESIAN_POINT ( 'NONE',  ( 0.000000000000000000, -80.00000000000000000, -3.400000000000019451 ) ) ;
#3142 = CARTESIAN_POINT ( 'NONE',  ( -1.408326112068509994, -72.10937500000000000, -3.400000000000030553 ) ) ;
#3143 = LINE ( 'NONE', #2357, #4077 ) ;
#3144 = CARTESIAN_POINT ( 'NONE',  ( -1.408326112068523317, -78.20312500341398732, 3.399999999999972378 ) ) ;
#3145 = VECTOR ( 'NONE', #4868, 1000.000000000000000 ) ;
#3146 = CARTESIAN_POINT ( 'NONE',  ( 4.076582343749995729, -72.10937500170699366, -2.338364031016953865E-14 ) ) ;
#3147 = CARTESIAN_POINT ( 'NONE',  ( 1.408326112068545299, -50.54687500341398021, 3.399999999999949285 ) ) ;
#3148 = CARTESIAN_POINT ( 'NONE',  ( 2.404163056034257728, -66.40625000000000000, 2.404163056034235968 ) ) ;
#3149 = CARTESIAN_POINT ( 'NONE',  ( 4.076582343749994841, -50.78125000170699366, 1.688575694911926828 ) ) ;
#3150 = VERTEX_POINT ( 'NONE', #3621 ) ;
#3151 = ORIENTED_EDGE ( 'NONE', *, *, #3177, .T. ) ;
#3152 = DIRECTION ( 'NONE',  ( -0.000000000000000000, -1.000000000000000000, -0.000000000000000000 ) ) ;
#3153 = CARTESIAN_POINT ( 'NONE',  ( -3.399999999999995914, -77.26562500341400153, -1.408326112068545521 ) ) ;
#3154 = EDGE_LOOP ( 'NONE', ( #5535, #6298, #2603, #2848, #1910, #1528, #5697, #6368, #1688, #4093, #3635, #1292, #1724, #5568, #235, #2110, #2943, #1452, #2208, #5966, #735, #1654, #1436, #1263, #5841, #172, #5050, #5764, #2865, #4848, #5183, #4905, #2633, #6412, #2268, #5295, #4257, #5180, #3443, #2346, #5822, #4981, #5601, #2302, #2757, #2832, #6113, #5733, #1417, #2306, #6130 ) ) ;
#3155 = CARTESIAN_POINT ( 'NONE',  ( 3.399999999999995914, -62.50000000000000000, -2.338364031016953865E-14 ) ) ;
#3156 = CARTESIAN_POINT ( 'NONE',  ( -1.688575694911949698, -52.34375000170698655, 4.076582343749971749 ) ) ;
#3157 = CARTESIAN_POINT ( 'NONE',  ( 2.404163056034257728, -69.21875000341398732, 2.404163056034235968 ) ) ;
#3158 = CARTESIAN_POINT ( 'NONE',  ( -7.488560278101070689E-16, -64.76562500170699366, 4.076582343749972637 ) ) ;
#3159 = CARTESIAN_POINT ( 'NONE',  ( -3.399999999999995914, -62.18750000341398732, -2.380002022187964067E-14 ) ) ;
#3160 = CARTESIAN_POINT ( 'NONE',  ( -2.882579019330972159, -61.32812500170699366, 2.882579019330947734 ) ) ;
#3161 = CARTESIAN_POINT ( 'NONE',  ( 3.399999999999995470, -78.67187499999998579, -1.408326112068545521 ) ) ;
#3162 = CARTESIAN_POINT ( 'NONE',  ( -1.688575694911949698, -67.34375000170699366, 4.076582343749971749 ) ) ;
#3163 = CARTESIAN_POINT ( 'NONE',  ( 2.404163056034258616, -72.34375000000000000, -2.404163056034282153 ) ) ;
#3164 = CARTESIAN_POINT ( 'NONE',  ( -7.488560278101070689E-16, -78.51562500170700787, 4.076582343749972637 ) ) ;
#3165 = CARTESIAN_POINT ( 'NONE',  ( -7.488560278101070689E-16, -58.67187500170699366, 4.076582343749972637 ) ) ;
#3166 = CARTESIAN_POINT ( 'NONE',  ( -1.688575694911946590, -74.06250000170699366, -4.076582343750018822 ) ) ;
#3167 = AXIS2_PLACEMENT_3D ( 'NONE', #3467, #4941, #1578 ) ;
#3168 = CARTESIAN_POINT ( 'NONE',  ( -2.882579019330972159, -51.17187500170699366, 2.882579019330947734 ) ) ;
#3169 = CARTESIAN_POINT ( 'NONE',  ( -4.076582343749996618, -75.15625000170699366, 1.688575694911923053 ) ) ;
#3170 = CARTESIAN_POINT ( 'NONE',  ( -7.488560278101070689E-16, -52.42187500170698655, 4.076582343749972637 ) ) ;
#3171 = CARTESIAN_POINT ( 'NONE',  ( -6.245698675651493936E-16, -55.62500000341398732, 3.399999999999972378 ) ) ;
#3172 = CARTESIAN_POINT ( 'NONE',  ( 2.882579019330971715, -58.20312500170699366, -2.882579019330995251 ) ) ;
#3173 = CARTESIAN_POINT ( 'NONE',  ( 4.076582343749995729, -74.53125000170697945, -1.688575694911970571 ) ) ;
#3174 = CARTESIAN_POINT ( 'NONE',  ( -1.408326112068523317, -50.70312500341399442, 3.399999999999972378 ) ) ;
#3175 = CARTESIAN_POINT ( 'NONE',  ( 2.404163056034257728, -73.90625000000000000, 2.404163056034235968 ) ) ;
#3176 = CARTESIAN_POINT ( 'NONE',  ( -1.408326112068521319, -71.17187500341400153, -3.400000000000019007 ) ) ;
#3177 = EDGE_CURVE ( 'NONE', #4873, #202, #5245, .T. ) ;
#3178 = CARTESIAN_POINT ( 'NONE',  ( -4.076582343749996618, -72.65625000170699366, 1.688575694911923053 ) ) ;
#3179 = DIRECTION ( 'NONE',  ( -0.000000000000000000, -1.000000000000000000, -0.000000000000000000 ) ) ;
#3180 = CARTESIAN_POINT ( 'NONE',  ( -3.399999999999995914, -64.37500000000000000, -2.380002022187964067E-14 ) ) ;
#3181 = CARTESIAN_POINT ( 'NONE',  ( 2.081899558550498061E-16, -76.25000000341398732, -3.400000000000019451 ) ) ;
#3182 = EDGE_CURVE ( 'NONE', #4873, #4587, #4539, .T. ) ;
#3183 = CARTESIAN_POINT ( 'NONE',  ( 2.882579019330970382, -52.10937500170699366, 2.882579019330949066 ) ) ;
#3184 = CONICAL_SURFACE ( 'NONE', #898, 3.399999999999993694, 1.029744258676652535 ) ;
#3185 = ORIENTED_EDGE ( 'NONE', *, *, #6360, .T. ) ;
#3186 = ORIENTED_EDGE ( 'NONE', *, *, #2934, .F. ) ;
#3187 = CARTESIAN_POINT ( 'NONE',  ( -3.399999999999995470, -53.20312500000000000, -1.408326112068545521 ) ) ;
#3188 = VERTEX_POINT ( 'NONE', #5553 ) ;
#3189 = CARTESIAN_POINT ( 'NONE',  ( 3.399999999999995470, -56.17187500000000000, -1.408326112068545521 ) ) ;
#3190 = CARTESIAN_POINT ( 'NONE',  ( -1.688575694911949698, -49.84375000170699366, 4.076582343749971749 ) ) ;
#3191 = DIRECTION ( 'NONE',  ( -0.000000000000000000, 1.000000000000000000, 2.927345865710861972E-16 ) ) ;
#3192 = CARTESIAN_POINT ( 'NONE',  ( -1.688575694911946590, -64.06250000170699366, -4.076582343750019710 ) ) ;
#3193 = CARTESIAN_POINT ( 'NONE',  ( 1.408326112068521985, -66.32812500341397310, -3.400000000000019007 ) ) ;
#3194 = CARTESIAN_POINT ( 'NONE',  ( -4.076582343749995729, -58.98437500170698655, -2.388287766204294237E-14 ) ) ;
#3195 = CARTESIAN_POINT ( 'NONE',  ( 2.081899558550498061E-16, -73.43750000000000000, -3.400000000000019451 ) ) ;
#3196 = CARTESIAN_POINT ( 'NONE',  ( 4.076582343749995729, -68.20312500170699366, -2.338364031016953865E-14 ) ) ;
#3197 = CARTESIAN_POINT ( 'NONE',  ( 1.408326112068521985, -73.51562500000000000, -3.400000000000019007 ) ) ;
#3198 = CARTESIAN_POINT ( 'NONE',  ( -2.404163056034258172, -74.84375000341397310, -2.404163056034282153 ) ) ;
#3199 = CARTESIAN_POINT ( 'NONE',  ( 4.076582343749994841, -60.93750000170699366, 1.688575694911926828 ) ) ;
#3200 = EDGE_CURVE ( 'NONE', #4655, #4652, #6021, .T. ) ;
#3201 = CARTESIAN_POINT ( 'NONE',  ( 3.399999999999995026, -76.64062500341397310, 1.408326112068500224 ) ) ;
#3202 =( BOUNDED_CURVE ( )  B_SPLINE_CURVE ( 2, ( #3696, #1325, #2237, #3311, #1719, #5312, #5210, #700, #829 ),
 .UNSPECIFIED., .F., .T. ) 
 B_SPLINE_CURVE_WITH_KNOTS ( ( 3, 2, 2, 2, 3 ),
 ( 0.8854166666666667407, 0.8906250000000001110, 0.8958333333333334814, 0.9010416666666667407, 0.9062500000000001110 ),
 .UNSPECIFIED. ) 
 CURVE ( )  GEOMETRIC_REPRESENTATION_ITEM ( )  RATIONAL_B_SPLINE_CURVE ( ( 0.9999999999999983347, 0.9238795325112884038, 1.000000000000000000, 0.9238795325112867385, 1.000000000000000000, 0.9238795325112867385, 1.000000000000000000, 0.9238795325112850731, 1.000000000000001554 ) ) 
 REPRESENTATION_ITEM ( '' )  );
#3203 = CARTESIAN_POINT ( 'NONE',  ( -4.076582343749995729, -75.31250000170697945, -1.688575694911971015 ) ) ;
#3204 = CARTESIAN_POINT ( 'NONE',  ( 4.076582343749995729, -50.85937500170699366, -2.338364031016953865E-14 ) ) ;
#3205 = CARTESIAN_POINT ( 'NONE',  ( -2.404163056034259061, -55.78125000341398021, 2.404163056034235080 ) ) ;
#3206 = CARTESIAN_POINT ( 'NONE',  ( -1.688575694911946590, -59.21875000170700076, -4.076582343750018822 ) ) ;
#3207 = CARTESIAN_POINT ( 'NONE',  ( -1.688575694911946590, -72.96875000170697945, -4.076582343750018822 ) ) ;
#3208 = CARTESIAN_POINT ( 'NONE',  ( 1.408326112068522651, -61.79687500341399442, 3.399999999999971934 ) ) ;
#3209 = CARTESIAN_POINT ( 'NONE',  ( 0.000000000000000000, -80.00000000000000000, -2.338364031016953865E-14 ) ) ;
#3210 = CARTESIAN_POINT ( 'NONE',  ( -2.404163056034258172, -71.09375000341398732, -2.404163056034282153 ) ) ;
#3211 = CARTESIAN_POINT ( 'NONE',  ( -4.076582343749995729, -71.56250000170702208, -1.688575694911971015 ) ) ;
#3212 = DIRECTION ( 'NONE',  ( -0.000000000000000000, -1.000000000000000000, -0.000000000000000000 ) ) ;
#3213 = CARTESIAN_POINT ( 'NONE',  ( -2.404163056034258172, -58.28125000000000000, -2.404163056034282153 ) ) ;
#3214 = CARTESIAN_POINT ( 'NONE',  ( -2.882579019330972159, -52.42187500170699366, 2.882579019330947734 ) ) ;
#3215 =( BOUNDED_CURVE ( )  B_SPLINE_CURVE ( 2, ( #3949, #5917, #3004, #4990, #2938, #2026, #450, #2877, #2969 ),
 .UNSPECIFIED., .F., .F. ) 
 B_SPLINE_CURVE_WITH_KNOTS ( ( 3, 2, 2, 2, 3 ),
 ( 0.8645833333333332593, 0.8697916666666665186, 0.8750000000000000000, 0.8802083333333334814, 0.8854166666666667407 ),
 .UNSPECIFIED. ) 
 CURVE ( )  GEOMETRIC_REPRESENTATION_ITEM ( )  RATIONAL_B_SPLINE_CURVE ( ( 1.000000000000001554, 0.9238795325112850731, 1.000000000000000000, 0.9238795325112867385, 1.000000000000000000, 0.9238795325112867385, 1.000000000000000000, 0.9238795325112850731, 1.000000000000001554 ) ) 
 REPRESENTATION_ITEM ( '' )  );
#3216 = ORIENTED_EDGE ( 'NONE', *, *, #1631, .F. ) ;
#3217 = ORIENTED_EDGE ( 'NONE', *, *, #836, .F. ) ;
#3218 = CARTESIAN_POINT ( 'NONE',  ( 0.000000000000000000, -80.00000000000000000, -3.400000000000019451 ) ) ;
#3219 = CARTESIAN_POINT ( 'NONE',  ( -1.408326112068521319, -50.85937500000000000, -3.400000000000019007 ) ) ;
#3220 = VERTEX_POINT ( 'NONE', #1546 ) ;
#3221 = CARTESIAN_POINT ( 'NONE',  ( 2.081899558550498061E-16, -60.93750000000000711, -3.400000000000019451 ) ) ;
#3222 = CARTESIAN_POINT ( 'NONE',  ( 4.076582343749994841, -52.03125000170698655, 1.688575694911926828 ) ) ;
#3223 = DIRECTION ( 'NONE',  ( -0.000000000000000000, 1.000000000000000000, 2.927345865710861972E-16 ) ) ;
#3224 = CARTESIAN_POINT ( 'NONE',  ( -4.076582343749996618, -63.75000000170699366, 1.688575694911923053 ) ) ;
#3225 = CARTESIAN_POINT ( 'NONE',  ( 2.404163056034257728, -62.96875000341398021, 2.404163056034235968 ) ) ;
#3226 = CARTESIAN_POINT ( 'NONE',  ( 2.882579019330971715, -60.70312500170699366, -2.882579019330995251 ) ) ;
#3227 = CARTESIAN_POINT ( 'NONE',  ( -3.399999999999996358, -75.54687499999998579, 1.408326112068497560 ) ) ;
#3228 = CARTESIAN_POINT ( 'NONE',  ( -7.488560278101070689E-16, -68.51562500170699366, 4.076582343749972637 ) ) ;
#3229 = CARTESIAN_POINT ( 'NONE',  ( 2.404163056034257728, -70.15625000000000000, 2.404163056034235968 ) ) ;
#3230 = CARTESIAN_POINT ( 'NONE',  ( 2.496186759367024056E-16, -59.29687500170699366, -4.076582343750019710 ) ) ;
#3231 = CARTESIAN_POINT ( 'NONE',  ( 1.408326112068522651, -78.04687500341400153, 3.399999999999972378 ) ) ;
#3232 = CARTESIAN_POINT ( 'NONE',  ( 1.688575694911947922, -76.09375000170697945, 4.076582343749971749 ) ) ;
#3233 = CARTESIAN_POINT ( 'NONE',  ( 1.688575694911947256, -79.21875000170702208, -4.076582343750018822 ) ) ;
#3234 = CARTESIAN_POINT ( 'NONE',  ( 2.404163056034258616, -58.90625000341398732, -2.404163056034282153 ) ) ;
#3235 = CARTESIAN_POINT ( 'NONE',  ( 2.882579019330970382, -56.01562500170699366, 2.882579019330949066 ) ) ;
#3236 = CARTESIAN_POINT ( 'NONE',  ( -7.488560278101070689E-16, -76.17187500170699366, 4.076582343749972637 ) ) ;
#3237 = CARTESIAN_POINT ( 'NONE',  ( 1.408326112068521985, -57.26562500000000711, -3.400000000000019451 ) ) ;
#3238 = CARTESIAN_POINT ( 'NONE',  ( -2.404163056034258172, -51.09375000341398732, -2.404163056034282153 ) ) ;
#3239 = CARTESIAN_POINT ( 'NONE',  ( 3.399999999999995026, -72.89062500341397310, 1.408326112068500224 ) ) ;
#3240 = CARTESIAN_POINT ( 'NONE',  ( 2.496186759367024056E-16, -75.54687500170699366, -4.076582343750019710 ) ) ;
#3241 = CARTESIAN_POINT ( 'NONE',  ( 3.399999999999995914, -53.98437500341399442, -1.408326112068545521 ) ) ;
#3242 = CARTESIAN_POINT ( 'NONE',  ( -1.408326112068521319, -59.60937500000000711, -3.400000000000019007 ) ) ;
#3243 = CARTESIAN_POINT ( 'NONE',  ( -6.245698675651493936E-16, -71.56250000000000000, 3.399999999999972378 ) ) ;
#3244 = CARTESIAN_POINT ( 'NONE',  ( -4.076582343749995729, -50.07812500170699366, -2.388287766204294237E-14 ) ) ;
#3245 = VERTEX_POINT ( 'NONE', #2098 ) ;
#3246 = VECTOR ( 'NONE', #5006, 1000.000000000000000 ) ;
#3247 =( NAMED_UNIT ( * ) PLANE_ANGLE_UNIT ( ) SI_UNIT ( $, .RADIAN. ) );
#3248 = ADVANCED_FACE ( 'NONE', ( #1056 ), #5882, .T. ) ;
#3249 = CARTESIAN_POINT ( 'NONE',  ( -3.399999999999995914, -53.12500000000000711, -2.380002022187964067E-14 ) ) ;
#3250 = ORIENTED_EDGE ( 'NONE', *, *, #893, .F. ) ;
#3251 = CARTESIAN_POINT ( 'NONE',  ( -6.245698675651493936E-16, -59.06250000000000711, 3.399999999999972378 ) ) ;
#3252 = CARTESIAN_POINT ( 'NONE',  ( -7.488560278101070689E-16, -52.26562500170699366, 4.076582343749972637 ) ) ;
#3253 = CARTESIAN_POINT ( 'NONE',  ( -2.404163056034259061, -75.46875000000000000, 2.404163056034235080 ) ) ;
#3254 =( BOUNDED_CURVE ( )  B_SPLINE_CURVE ( 2, ( #4456, #2896, #6468, #6374, #1985, #3440, #5440, #3473, #3351 ),
 .UNSPECIFIED., .F., .F. ) 
 B_SPLINE_CURVE_WITH_KNOTS ( ( 3, 2, 2, 2, 3 ),
 ( 0.6979166666666665186, 0.7031249999999998890, 0.7083333333333332593, 0.7135416666666666297, 0.7187500000000000000 ),
 .UNSPECIFIED. ) 
 CURVE ( )  GEOMETRIC_REPRESENTATION_ITEM ( )  RATIONAL_B_SPLINE_CURVE ( ( 1.000000000000001554, 0.9238795325112850731, 1.000000000000000000, 0.9238795325112867385, 1.000000000000000000, 0.9238795325112867385, 1.000000000000000000, 0.9238795325112867385, 1.000000000000000000 ) ) 
 REPRESENTATION_ITEM ( '' )  );
#3255 = CARTESIAN_POINT ( 'NONE',  ( 1.688575694911947922, -64.68750000170699366, 4.076582343749971749 ) ) ;
#3256 = VERTEX_POINT ( 'NONE', #2213 ) ;
#3257 = CARTESIAN_POINT ( 'NONE',  ( -3.399999999999996358, -57.10937500341398021, 1.408326112068497560 ) ) ;
#3258 = CARTESIAN_POINT ( 'NONE',  ( -4.076582343749995729, -55.31250000170699366, -1.688575694911971015 ) ) ;
#3259 = CARTESIAN_POINT ( 'NONE',  ( -3.399999999999995470, -74.45312500000001421, -1.408326112068545521 ) ) ;
#3260 = CARTESIAN_POINT ( 'NONE',  ( -4.076582343749996618, -65.00000000170700787, 1.688575694911923053 ) ) ;
#3261 = CARTESIAN_POINT ( 'NONE',  ( 1.408326112068522651, -71.48437499999998579, 3.399999999999972378 ) ) ;
#3262 = EDGE_CURVE ( 'NONE', #1266, #5119, #4991, .T. ) ;
#3263 = EDGE_CURVE ( 'NONE', #1329, #1619, #1192, .T. ) ;
#3264 = CARTESIAN_POINT ( 'NONE',  ( -4.076582343749995729, -60.23437500170698655, -2.388287766204294237E-14 ) ) ;
#3265 = EDGE_CURVE ( 'NONE', #895, #769, #4363, .T. ) ;
#3266 = EDGE_CURVE ( 'NONE', #5216, #1785, #64, .T. ) ;
#3267 = CARTESIAN_POINT ( 'NONE',  ( 3.399999999999995026, -75.39062500341398732, 1.408326112068500224 ) ) ;
#3268 = CARTESIAN_POINT ( 'NONE',  ( 1.688575694911947256, -74.37500000170699366, -4.076582343750019710 ) ) ;
#3269 = CARTESIAN_POINT ( 'NONE',  ( -1.688575694911949698, -53.75000000170698655, 4.076582343749971749 ) ) ;
#3270 = CARTESIAN_POINT ( 'NONE',  ( 1.408326112068521985, -57.57812500341398732, -3.400000000000019007 ) ) ;
#3271 = CARTESIAN_POINT ( 'NONE',  ( -2.882579019330970826, -59.14062500170699366, -2.882579019330995251 ) ) ;
#3272 = CARTESIAN_POINT ( 'NONE',  ( 2.882579019330970382, -76.01562500170697945, 2.882579019330949066 ) ) ;
#3273 = CARTESIAN_POINT ( 'NONE',  ( 1.408326112068521985, -51.32812500341398021, -3.400000000000019007 ) ) ;
#3274 = CARTESIAN_POINT ( 'NONE',  ( -3.399999999999996358, -69.60937500341401574, 1.408326112068497560 ) ) ;
#3275 = CARTESIAN_POINT ( 'NONE',  ( -4.076582343749995729, -75.23437500170699366, -2.388287766204294237E-14 ) ) ;
#3276 = CARTESIAN_POINT ( 'NONE',  ( 2.081899558550498061E-16, -60.93750000000000711, -3.400000000000019451 ) ) ;
#3277 = CARTESIAN_POINT ( 'NONE',  ( 1.408326112068521985, -58.51562500000000000, -3.400000000000019007 ) ) ;
#3278 = DIRECTION ( 'NONE',  ( -0.000000000000000000, -1.000000000000000000, -0.000000000000000000 ) ) ;
#3279 = CARTESIAN_POINT ( 'NONE',  ( 2.081899558550498061E-16, -73.43750000000000000, -3.400000000000019451 ) ) ;
#3280 = ORIENTED_EDGE ( 'NONE', *, *, #2044, .T. ) ;
#3281 = CARTESIAN_POINT ( 'NONE',  ( -6.245698675651493936E-16, -50.31249999999999289, 3.399999999999972378 ) ) ;
#3282 = CARTESIAN_POINT ( 'NONE',  ( 2.404163056034258616, -51.09375000000000000, -2.404163056034282153 ) ) ;
#3283 = ORIENTED_EDGE ( 'NONE', *, *, #178, .F. ) ;
#3284 = CARTESIAN_POINT ( 'NONE',  ( -2.404163056034258172, -59.53125000000000000, -2.404163056034282153 ) ) ;
#3285 = CARTESIAN_POINT ( 'NONE',  ( -2.404163056034259061, -73.28125000341398732, 2.404163056034235080 ) ) ;
#3286 = APPROVAL_PERSON_ORGANIZATION ( #1396, #4643, #5833 ) ;
#3287 = CARTESIAN_POINT ( 'NONE',  ( 2.081899558550498061E-16, -56.25000000341398732, -3.400000000000019451 ) ) ;
#3288 = CARTESIAN_POINT ( 'NONE',  ( -2.882579019330970826, -66.48437500170699366, -2.882579019330995251 ) ) ;
#3289 = CARTESIAN_POINT ( 'NONE',  ( -4.076582343749995729, -72.65625000170699366, -1.688575694911971015 ) ) ;
#3290 = ORIENTED_EDGE ( 'NONE', *, *, #1919, .F. ) ;
#3291 = CARTESIAN_POINT ( 'NONE',  ( 3.399999999999995914, -59.06250000341398021, -2.338364031016953865E-14 ) ) ;
#3292 = CARTESIAN_POINT ( 'NONE',  ( 4.076582343749995729, -53.28125000170699366, -1.688575694911970571 ) ) ;
#3293 = APPROVAL ( #4811, 'æœª' ) ;
#3294 = CARTESIAN_POINT ( 'NONE',  ( 1.408326112068522651, -71.48437499999998579, 3.399999999999972378 ) ) ;
#3295 = CARTESIAN_POINT ( 'NONE',  ( -4.076582343749995729, -65.15625000170699366, -1.688575694911971015 ) ) ;
#3296 = CARTESIAN_POINT ( 'NONE',  ( 3.399999999999995026, -65.07812500000000000, 1.408326112068500224 ) ) ;
#3297 = CARTESIAN_POINT ( 'NONE',  ( -3.399999999999996803, -54.29687500000000000, 1.408326112068497560 ) ) ;
#3298 = CARTESIAN_POINT ( 'NONE',  ( -1.688575694911949698, -56.25000000170700076, 4.076582343749971749 ) ) ;
#3299 = CARTESIAN_POINT ( 'NONE',  ( -6.245698675651493936E-16, -71.87500000341398732, 3.399999999999972378 ) ) ;
#3300 = CARTESIAN_POINT ( 'NONE',  ( -2.882579019330970826, -67.89062500170699366, -2.882579019330995251 ) ) ;
#3301 = CARTESIAN_POINT ( 'NONE',  ( -1.408326112068544189, -65.85937500000000000, -3.399999999999995914 ) ) ;
#3302 = CARTESIAN_POINT ( 'NONE',  ( -1.688575694911946590, -51.71875000170698655, -4.076582343750018822 ) ) ;
#3303 = CARTESIAN_POINT ( 'NONE',  ( -3.399999999999996358, -53.35937500341398732, 1.408326112068497560 ) ) ;
#3304 = CARTESIAN_POINT ( 'NONE',  ( -2.882579019330972159, -51.32812500170699366, 2.882579019330947734 ) ) ;
#3305 = CARTESIAN_POINT ( 'NONE',  ( -4.076582343749995729, -71.48437500170697945, -2.388287766204294237E-14 ) ) ;
#3306 = CARTESIAN_POINT ( 'NONE',  ( 2.404163056034257728, -72.96875000341398732, 2.404163056034235968 ) ) ;
#3307 = CARTESIAN_POINT ( 'NONE',  ( 1.408326112068522651, -71.79687500341398732, 3.399999999999972378 ) ) ;
#3308 = CARTESIAN_POINT ( 'NONE',  ( 2.496186759367024056E-16, -70.54687500170699366, -4.076582343750019710 ) ) ;
#3309 = CARTESIAN_POINT ( 'NONE',  ( -3.399999999999995914, -78.20312500000000000, -1.408326112068545521 ) ) ;
#3310 = CARTESIAN_POINT ( 'NONE',  ( 2.081899558550498061E-16, -57.18750000000000000, -3.400000000000019451 ) ) ;
#3311 = CARTESIAN_POINT ( 'NONE',  ( -3.399999999999995914, -52.26562500341398732, -1.408326112068545521 ) ) ;
#3312 = CARTESIAN_POINT ( 'NONE',  ( -6.245698675651493936E-16, -50.62500000341398021, 3.399999999999972378 ) ) ;
#3313 = ORIENTED_EDGE ( 'NONE', *, *, #3416, .T. ) ;
#3314 = ORIENTED_EDGE ( 'NONE', *, *, #1021, .T. ) ;
#3315 = CARTESIAN_POINT ( 'NONE',  ( 1.408326112068521985, -58.51562500000000000, -3.400000000000019007 ) ) ;
#3316 = CARTESIAN_POINT ( 'NONE',  ( 1.408326112068522651, -55.54687500341398732, 3.399999999999971934 ) ) ;
#3317 = CARTESIAN_POINT ( 'NONE',  ( -3.399999999999995914, -75.62500000000000000, -2.380002022187964067E-14 ) ) ;
#3318 = CARTESIAN_POINT ( 'NONE',  ( 2.496186759367024056E-16, -60.39062500170700076, -4.076582343750019710 ) ) ;
#3319 = CARTESIAN_POINT ( 'NONE',  ( -1.688575694911949698, -73.59375000170699366, 4.076582343749971749 ) ) ;
#3320 = CARTESIAN_POINT ( 'NONE',  ( -2.404163056034258172, -59.84375000341398732, -2.404163056034282153 ) ) ;
#3321 = VECTOR ( 'NONE', #2893, 1000.000000000000000 ) ;
#3322 = CARTESIAN_POINT ( 'NONE',  ( 4.076582343749995729, -52.03125000170700076, -1.688575694911970571 ) ) ;
#3323 = CARTESIAN_POINT ( 'NONE',  ( -1.408326112068523317, -75.39062500000002842, 3.399999999999972378 ) ) ;
#3324 = CARTESIAN_POINT ( 'NONE',  ( -2.882579019330970826, -60.23437500170699366, -2.882579019330995251 ) ) ;
#3325 = CARTESIAN_POINT ( 'NONE',  ( 3.399999999999995026, -67.57812500000000000, 1.408326112068500224 ) ) ;
#3326 = CARTESIAN_POINT ( 'NONE',  ( -4.076582343749996618, -77.50000000170699366, 1.688575694911923053 ) ) ;
#3327 = CARTESIAN_POINT ( 'NONE',  ( -1.688575694911946590, -56.71875000170699366, -4.076582343750018822 ) ) ;
#3328 = CARTESIAN_POINT ( 'NONE',  ( 2.404163056034258616, -72.65625000341398732, -2.404163056034282153 ) ) ;
#3329 = CARTESIAN_POINT ( 'NONE',  ( -1.688575694911950142, -67.50000000170697945, 4.076582343749971749 ) ) ;
#3330 = DIRECTION ( 'NONE',  ( 0.8660254037844389297, 0.4999999999999994449, 0.000000000000000000 ) ) ;
#3331 = CARTESIAN_POINT ( 'NONE',  ( 2.882579019330971715, -74.29687500170699366, -2.882579019330995251 ) ) ;
#3332 = CARTESIAN_POINT ( 'NONE',  ( -1.408326112068521319, -49.92187500341399442, -3.400000000000019007 ) ) ;
#3333 = CARTESIAN_POINT ( 'NONE',  ( 1.688575694911947256, -51.87500000170699366, -4.076582343750018822 ) ) ;
#3334 = CARTESIAN_POINT ( 'NONE',  ( -4.076582343749996618, -70.15625000170699366, 1.688575694911923053 ) ) ;
#3335 = VERTEX_POINT ( 'NONE', #5353 ) ;
#3336 = CARTESIAN_POINT ( 'NONE',  ( 2.081899558550498061E-16, -51.25000000341398021, -3.400000000000019451 ) ) ;
#3337 = CARTESIAN_POINT ( 'NONE',  ( -1.408326112068500668, -52.89062500000000000, 3.399999999999994582 ) ) ;
#3338 = CARTESIAN_POINT ( 'NONE',  ( 3.399999999999995914, -64.06250000341398732, -2.338364031016953865E-14 ) ) ;
#3339 = CARTESIAN_POINT ( 'NONE',  ( 2.882579019330970382, -68.51562500170699366, 2.882579019330949066 ) ) ;
#3340 = CARTESIAN_POINT ( 'NONE',  ( 3.399999999999995914, -49.06250000341398732, -2.338364031016953865E-14 ) ) ;
#3341 = CARTESIAN_POINT ( 'NONE',  ( -3.399999999999995470, -54.45312500000000711, -1.408326112068545521 ) ) ;
#3342 = CARTESIAN_POINT ( 'NONE',  ( -6.245698675651493936E-16, -70.62500000341398732, 3.399999999999972378 ) ) ;
#3343 = CARTESIAN_POINT ( 'NONE',  ( 2.404163056034258616, -52.65625000341398732, -2.404163056034282153 ) ) ;
#3344 = VERTEX_POINT ( 'NONE', #6373 ) ;
#3345 = DIRECTION ( 'NONE',  ( 1.000000000000000000, 0.000000000000000000, 0.000000000000000000 ) ) ;
#3346 = CARTESIAN_POINT ( 'NONE',  ( 2.081899558550498061E-16, -77.18750000000000000, -3.400000000000019451 ) ) ;
#3347 = ORIENTED_EDGE ( 'NONE', *, *, #3725, .F. ) ;
#3348 = CARTESIAN_POINT ( 'NONE',  ( -1.408326112068521319, -55.85937500000000000, -3.400000000000019007 ) ) ;
#3349 = EDGE_CURVE ( 'NONE', #5503, #5348, #5699, .T. ) ;
#3350 = CARTESIAN_POINT ( 'NONE',  ( -3.399999999999995914, -73.51562500341398732, -1.408326112068545521 ) ) ;
#3351 = CARTESIAN_POINT ( 'NONE',  ( 2.081899558550498061E-16, -57.50000000341398732, -3.400000000000019451 ) ) ;
#3352 = CARTESIAN_POINT ( 'NONE',  ( 1.688575694911947922, -59.68750000170699366, 4.076582343749971749 ) ) ;
#3353 = CARTESIAN_POINT ( 'NONE',  ( 4.076582343749995729, -70.62500000170699366, -1.688575694911970571 ) ) ;
#3354 = ORIENTED_EDGE ( 'NONE', *, *, #6047, .F. ) ;
#3355 = CARTESIAN_POINT ( 'NONE',  ( 3.399999999999995470, -57.73437500341398021, -1.408326112068545521 ) ) ;
#3356 = CARTESIAN_POINT ( 'NONE',  ( -1.688575694911946590, -54.21875000170699366, -4.076582343750019710 ) ) ;
#3357 = CARTESIAN_POINT ( 'NONE',  ( -6.245698675651493936E-16, -66.56250000000000000, 3.399999999999972378 ) ) ;
#3358 = CARTESIAN_POINT ( 'NONE',  ( 2.882579019330970382, -59.60937500170699366, 2.882579019330949066 ) ) ;
#3359 = CARTESIAN_POINT ( 'NONE',  ( -3.399999999999995914, -68.12500000000000000, -2.380002022187964067E-14 ) ) ;
#3360 = CARTESIAN_POINT ( 'NONE',  ( 2.882579019330971715, -73.04687500170699366, -2.882579019330995251 ) ) ;
#3361 = CARTESIAN_POINT ( 'NONE',  ( 4.076582343749995729, -55.78125000170698655, -1.688575694911970571 ) ) ;
#3362 = CARTESIAN_POINT ( 'NONE',  ( -6.245698675651493936E-16, -75.62500000341398732, 3.399999999999972378 ) ) ;
#3363 = CARTESIAN_POINT ( 'NONE',  ( 2.882579019330971715, -68.20312500170699366, -2.882579019330995251 ) ) ;
#3364 = CARTESIAN_POINT ( 'NONE',  ( 1.408326112068522651, -70.23437500000001421, 3.399999999999971934 ) ) ;
#3365 = CARTESIAN_POINT ( 'NONE',  ( -2.882579019330972159, -76.17187500170699366, 2.882579019330947734 ) ) ;
#3366 = CARTESIAN_POINT ( 'NONE',  ( 2.081899558550498061E-16, -52.50000000341398021, -3.400000000000019451 ) ) ;
#3367 = CARTESIAN_POINT ( 'NONE',  ( -1.688575694911949698, -53.75000000170698655, 4.076582343749971749 ) ) ;
#3368 = CARTESIAN_POINT ( 'NONE',  ( 4.076582343749995729, -68.35937500170699366, -2.338364031016953865E-14 ) ) ;
#3369 = ORIENTED_EDGE ( 'NONE', *, *, #257, .F. ) ;
#3370 = CARTESIAN_POINT ( 'NONE',  ( 2.081899558550498061E-16, -55.93750000000000000, -3.400000000000019451 ) ) ;
#3371 = CARTESIAN_POINT ( 'NONE',  ( -6.245698675651493936E-16, -66.87500000341398732, 3.399999999999972378 ) ) ;
#3372 = CARTESIAN_POINT ( 'NONE',  ( -2.882579019330972159, -58.67187500170699366, 2.882579019330947734 ) ) ;
#3373 = CARTESIAN_POINT ( 'NONE',  ( -3.399999999999995470, -67.26562500341398732, -1.408326112068545521 ) ) ;
#3374 = CARTESIAN_POINT ( 'NONE',  ( -2.882579019330972159, -67.57812500170697945, 2.882579019330947734 ) ) ;
#3375 = CARTESIAN_POINT ( 'NONE',  ( 0.000000000000000000, -80.00000000000000000, -2.338364031016953865E-14 ) ) ;
#3376 = DIRECTION ( 'NONE',  ( -0.000000000000000000, 1.000000000000000000, 2.927345865710861972E-16 ) ) ;
#3377 = CARTESIAN_POINT ( 'NONE',  ( 2.404163056034257728, -52.96875000341398732, 2.404163056034235968 ) ) ;
#3378 = VECTOR ( 'NONE', #1636, 1000.000000000000000 ) ;
#3379 = EDGE_CURVE ( 'NONE', #6281, #5503, #3650, .T. ) ;
#3380 = LINE ( 'NONE', #6229, #2037 ) ;
#3381 = CARTESIAN_POINT ( 'NONE',  ( -3.399999999999995914, -68.51562500341398732, -1.408326112068545521 ) ) ;
#3382 = CYLINDRICAL_SURFACE ( 'NONE', #4572, 3.399999999999995914 ) ;
#3383 = CARTESIAN_POINT ( 'NONE',  ( 1.408326112068521985, -52.26562500000000711, -3.400000000000019007 ) ) ;
#3384 = CARTESIAN_POINT ( 'NONE',  ( -2.404163056034259061, -69.53125000341398732, 2.404163056034235080 ) ) ;
#3385 = CARTESIAN_POINT ( 'NONE',  ( 0.000000000000000000, -50.00000000000000000, -2.338364031016953865E-14 ) ) ;
#3386 = CARTESIAN_POINT ( 'NONE',  ( -4.076582343749995729, -60.15625000170699366, -1.688575694911971015 ) ) ;
#3387 = CARTESIAN_POINT ( 'NONE',  ( -2.882579019330970826, -70.23437500170699366, -2.882579019330995251 ) ) ;
#3388 = ORIENTED_EDGE ( 'NONE', *, *, #4418, .T. ) ;
#3389 = CARTESIAN_POINT ( 'NONE',  ( 4.076582343749995729, -54.60937500170699366, -2.338364031016953865E-14 ) ) ;
#3390 = CARTESIAN_POINT ( 'NONE',  ( -2.404163056034259061, -69.21875000000000000, 2.404163056034235080 ) ) ;
#3391 = CARTESIAN_POINT ( 'NONE',  ( -2.882579019330972159, -61.17187500170699366, 2.882579019330947734 ) ) ;
#3392 = CARTESIAN_POINT ( 'NONE',  ( -1.408326112068521319, -65.85937500000000000, -3.400000000000019007 ) ) ;
#3393 = CARTESIAN_POINT ( 'NONE',  ( 4.076582343749994841, -73.28125000170699366, 1.688575694911926828 ) ) ;
#3394 = AXIS2_PLACEMENT_3D ( 'NONE', #3539, #2929, #2997 ) ;
#3395 = CARTESIAN_POINT ( 'NONE',  ( 2.404163056034258616, -73.90625000341398732, -2.404163056034282153 ) ) ;
#3396 = CARTESIAN_POINT ( 'NONE',  ( -4.076582343749995729, -70.31250000170699366, -1.688575694911971015 ) ) ;
#3397 = CARTESIAN_POINT ( 'NONE',  ( -2.404163056034259061, -67.96875000000000000, 2.404163056034235080 ) ) ;
#3398 = CARTESIAN_POINT ( 'NONE',  ( 4.076582343749995729, -75.70312500170699366, -2.338364031016953865E-14 ) ) ;
#3399 = CARTESIAN_POINT ( 'NONE',  ( 1.408326112068521985, -52.57812500341397310, -3.400000000000019007 ) ) ;
#3400 = CARTESIAN_POINT ( 'NONE',  ( -1.688575694911946590, -54.21875000170698655, -4.076582343750018822 ) ) ;
#3401 = CARTESIAN_POINT ( 'NONE',  ( -4.076582343749996618, -71.40625000170697945, 1.688575694911923053 ) ) ;
#3402 = ORIENTED_EDGE ( 'NONE', *, *, #1342, .F. ) ;
#3403 = CARTESIAN_POINT ( 'NONE',  ( -3.399999999999995914, -74.37500000000000000, -2.380002022187964067E-14 ) ) ;
#3404 = CARTESIAN_POINT ( 'NONE',  ( -6.245698675651493936E-16, -79.06250000000001421, 3.399999999999972378 ) ) ;
#3405 = CARTESIAN_POINT ( 'NONE',  ( 2.882579019330970382, -57.10937500170700076, 2.882579019330949066 ) ) ;
#3406 = CARTESIAN_POINT ( 'NONE',  ( 2.404163056034257728, -64.21875000341398732, 2.404163056034235968 ) ) ;
#3407 = CARTESIAN_POINT ( 'NONE',  ( -7.488560278101070689E-16, -66.17187500170699366, 4.076582343749972637 ) ) ;
#3408 = LINE ( 'NONE', #2433, #33 ) ;
#3409 = CARTESIAN_POINT ( 'NONE',  ( -3.399999999999995914, -61.01562500341397310, -1.408326112068545521 ) ) ;
#3410 = LINE ( 'NONE', #3799, #482 ) ;
#3411 = CARTESIAN_POINT ( 'NONE',  ( 2.466117385926744454, -79.66551302276569402, -2.756312999067164871 ) ) ;
#3412 = CARTESIAN_POINT ( 'NONE',  ( 3.399999999999995026, -53.82812500000001421, 1.408326112068500224 ) ) ;
#3413 = CARTESIAN_POINT ( 'NONE',  ( -3.399999999999995914, -73.43750000341398732, -2.380002022187964067E-14 ) ) ;
#3414 = CARTESIAN_POINT ( 'NONE',  ( 1.408326112068545299, -67.73437500000000000, 3.399999999999949285 ) ) ;
#3415 = CARTESIAN_POINT ( 'NONE',  ( 4.076582343749995729, -58.12500000170699366, -1.688575694911970571 ) ) ;
#3416 = EDGE_CURVE ( 'NONE', #360, #2730, #4426, .T. ) ;
#3417 = CARTESIAN_POINT ( 'NONE',  ( 2.496186759367024056E-16, -66.64062500170699366, -4.076582343750019710 ) ) ;
#3418 = EDGE_LOOP ( 'NONE', ( #3871, #539, #3119, #4094 ) ) ;
#3419 = CARTESIAN_POINT ( 'NONE',  ( -2.404163056034258172, -67.03125000000000000, -2.404163056034282153 ) ) ;
#3420 = CARTESIAN_POINT ( 'NONE',  ( 4.076582343749995729, -61.95312500170699366, -2.338364031016953865E-14 ) ) ;
#3421 = CARTESIAN_POINT ( 'NONE',  ( -3.399999999999996358, -65.54687500000000000, 1.408326112068497560 ) ) ;
#3422 = CARTESIAN_POINT ( 'NONE',  ( 2.496186759367024056E-16, -74.14062500170699366, -4.076582343750019710 ) ) ;
#3423 = CARTESIAN_POINT ( 'NONE',  ( -6.245698675651493936E-16, -66.87500000341398732, 3.399999999999972378 ) ) ;
#3424 = CARTESIAN_POINT ( 'NONE',  ( 1.688575694911947256, -69.37500000170699366, -4.076582343750019710 ) ) ;
#3425 = CARTESIAN_POINT ( 'NONE',  ( 1.408326112068544633, -60.07812500341398732, -3.399999999999995914 ) ) ;
#3426 = CARTESIAN_POINT ( 'NONE',  ( 2.496186759367024056E-16, -75.39062500170699366, -4.076582343750019710 ) ) ;
#3427 = CARTESIAN_POINT ( 'NONE',  ( 3.399999999999995470, -51.48437500341399442, -1.408326112068545521 ) ) ;
#3428 = CARTESIAN_POINT ( 'NONE',  ( 2.882579019330971715, -53.20312500170699366, -2.882579019330995251 ) ) ;
#3429 = CARTESIAN_POINT ( 'NONE',  ( 1.688575694911947922, -71.09375000170697945, 4.076582343749971749 ) ) ;
#3430 = ORIENTED_EDGE ( 'NONE', *, *, #1704, .F. ) ;
#3431 = CARTESIAN_POINT ( 'NONE',  ( -4.076582343749995729, -78.82812500170699366, -2.388287766204294237E-14 ) ) ;
#3432 = CARTESIAN_POINT ( 'NONE',  ( 2.882579019330970382, -60.85937500170699366, 2.882579019330949066 ) ) ;
#3433 = CARTESIAN_POINT ( 'NONE',  ( 3.399999999999995026, -64.14062500341398732, 1.408326112068500224 ) ) ;
#3434 = CARTESIAN_POINT ( 'NONE',  ( 2.882579019330971715, -69.45312500170697945, -2.882579019330995251 ) ) ;
#3435 = CARTESIAN_POINT ( 'NONE',  ( 0.000000000000000000, -50.00000000000000000, -2.338364031016953865E-14 ) ) ;
#3436 = CARTESIAN_POINT ( 'NONE',  ( 2.404163056034258616, -64.84375000000000000, -2.404163056034282153 ) ) ;
#3437 = FACE_OUTER_BOUND ( 'NONE', #395, .T. ) ;
#3438 = CARTESIAN_POINT ( 'NONE',  ( -2.404163056034259061, -51.71875000000000000, 2.404163056034235080 ) ) ;
#3439 = DIRECTION ( 'NONE',  ( -0.000000000000000000, 1.000000000000000000, 2.927345865710861972E-16 ) ) ;
#3440 = CARTESIAN_POINT ( 'NONE',  ( 3.399999999999995914, -57.73437500341398021, -1.408326112068545521 ) ) ;
#3441 = CARTESIAN_POINT ( 'NONE',  ( 1.688575694911947256, -61.71875000170700076, -4.076582343750019710 ) ) ;
#3442 = CARTESIAN_POINT ( 'NONE',  ( 1.688575694911947256, -69.21875000170702208, -4.076582343750018822 ) ) ;
#3443 = ORIENTED_EDGE ( 'NONE', *, *, #3940, .T. ) ;
#3444 = ADVANCED_FACE ( 'NONE', ( #2308 ), #4816, .F. ) ;
#3445 = DIRECTION ( 'NONE',  ( -0.000000000000000000, -1.000000000000000000, -0.000000000000000000 ) ) ;
#3446 = CARTESIAN_POINT ( 'NONE',  ( -1.408326112068523317, -69.14062499999998579, 3.399999999999972378 ) ) ;
#3447 = CARTESIAN_POINT ( 'NONE',  ( 1.688575694911947256, -60.46875000170700076, -4.076582343750018822 ) ) ;
#3448 = CARTESIAN_POINT ( 'NONE',  ( 3.399999999999995914, -63.75000000000000000, -2.338364031016953865E-14 ) ) ;
#3449 = CARTESIAN_POINT ( 'NONE',  ( -4.076582343749995729, -73.82812500170699366, -2.388287766204294237E-14 ) ) ;
#3450 = CARTESIAN_POINT ( 'NONE',  ( 1.408326112068521985, -68.82812500341400153, -3.400000000000019007 ) ) ;
#3451 = CARTESIAN_POINT ( 'NONE',  ( 2.882579019330970382, -62.26562500170698655, 2.882579019330949066 ) ) ;
#3452 = EDGE_CURVE ( 'NONE', #6261, #1427, #6387, .T. ) ;
#3453 = DIRECTION ( 'NONE',  ( 0.000000000000000000, 0.000000000000000000, -1.000000000000000000 ) ) ;
#3454 = CARTESIAN_POINT ( 'NONE',  ( 1.688575694911947256, -75.46875000170699366, -4.076582343750018822 ) ) ;
#3455 = EDGE_CURVE ( 'NONE', #1230, #978, #4839, .T. ) ;
#3456 = CARTESIAN_POINT ( 'NONE',  ( -2.404163056034259061, -79.21875000000000000, 2.404163056034235080 ) ) ;
#3457 = CARTESIAN_POINT ( 'NONE',  ( 2.496186759367024056E-16, -50.54687500170698655, -4.076582343750019710 ) ) ;
#3458 = CARTESIAN_POINT ( 'NONE',  ( -7.488560278101070689E-16, -66.17187500170699366, 4.076582343749972637 ) ) ;
#3459 = ORIENTED_EDGE ( 'NONE', *, *, #6342, .T. ) ;
#3460 = ADVANCED_FACE ( 'NONE', ( #3533 ), #2990, .F. ) ;
#3461 = CARTESIAN_POINT ( 'NONE',  ( -2.882579019330972159, -78.67187500170699366, 2.882579019330947734 ) ) ;
#3462 = CARTESIAN_POINT ( 'NONE',  ( 2.496186759367024056E-16, -79.29687500170699366, -4.076582343750019710 ) ) ;
#3463 = CARTESIAN_POINT ( 'NONE',  ( 4.076582343749995729, -56.95312500170699366, -2.338364031016953865E-14 ) ) ;
#3464 = CARTESIAN_POINT ( 'NONE',  ( 1.408326112068521985, -65.07812500341397310, -3.400000000000019007 ) ) ;
#3465 = CARTESIAN_POINT ( 'NONE',  ( 2.882579019330971715, -63.20312500170699366, -2.882579019330995251 ) ) ;
#3466 = CARTESIAN_POINT ( 'NONE',  ( 2.081899558550498061E-16, -77.18750000000000000, -3.400000000000019451 ) ) ;
#3467 = CARTESIAN_POINT ( 'NONE',  ( 0.000000000000000000, -80.00000000000000000, -2.338364031016953865E-14 ) ) ;
#3468 = CARTESIAN_POINT ( 'NONE',  ( 1.408326112068521985, -57.57812500341398732, -3.400000000000019007 ) ) ;
#3469 = LINE ( 'NONE', #4543, #4706 ) ;
#3470 = CARTESIAN_POINT ( 'NONE',  ( 3.374511235963904010, -79.71433015955322787, -1.628971493005701543 ) ) ;
#3471 = CARTESIAN_POINT ( 'NONE',  ( 3.399999999999995470, -52.42187500000000000, -1.408326112068545521 ) ) ;
#3472 = DIRECTION ( 'NONE',  ( -0.000000000000000000, -1.000000000000000000, -0.000000000000000000 ) ) ;
#3473 = CARTESIAN_POINT ( 'NONE',  ( 1.408326112068521985, -57.57812500341399442, -3.400000000000019451 ) ) ;
#3474 = CARTESIAN_POINT ( 'NONE',  ( 2.882579019330971715, -55.54687500170699366, -2.882579019330995251 ) ) ;
#3475 = CARTESIAN_POINT ( 'NONE',  ( 2.496186759367024056E-16, -62.89062500170700076, -4.076582343750019710 ) ) ;
#3476 = ORIENTED_EDGE ( 'NONE', *, *, #5347, .F. ) ;
#3477 = VECTOR ( 'NONE', #6364, 1000.000000000000000 ) ;
#3478 = CARTESIAN_POINT ( 'NONE',  ( 2.404163056034258616, -77.65625000341398732, -2.404163056034282153 ) ) ;
#3479 = CARTESIAN_POINT ( 'NONE',  ( 3.399999999999995470, -68.67187500000001421, -1.408326112068545521 ) ) ;
#3480 = CARTESIAN_POINT ( 'NONE',  ( -1.688575694911946590, -54.06250000170699366, -4.076582343750018822 ) ) ;
#3481 = CARTESIAN_POINT ( 'NONE',  ( 3.399999999999995470, -61.17187500000000000, -1.408326112068545521 ) ) ;
#3482 = CARTESIAN_POINT ( 'NONE',  ( 4.076582343749995729, -68.20312500170699366, -2.338364031016953865E-14 ) ) ;
#3483 = CC_DESIGN_DATE_AND_TIME_ASSIGNMENT ( #6369, #832, ( #6088 ) ) ;
#3484 = CARTESIAN_POINT ( 'NONE',  ( 3.399999999999995914, -67.81250000341398732, -2.338364031016953865E-14 ) ) ;
#3485 = CARTESIAN_POINT ( 'NONE',  ( -4.076582343749996618, -63.90625000170699366, 1.688575694911923053 ) ) ;
#3486 = CARTESIAN_POINT ( 'NONE',  ( -6.245698675651493936E-16, -55.31250000000000000, 3.399999999999972378 ) ) ;
#3487 = CARTESIAN_POINT ( 'NONE',  ( 1.688575694911947922, -70.93750000170699366, 4.076582343749971749 ) ) ;
#3488 = CARTESIAN_POINT ( 'NONE',  ( -3.399999999999995914, -79.37500000000000000, -2.380002022187964067E-14 ) ) ;
#3489 = CARTESIAN_POINT ( 'NONE',  ( -2.404163056034258172, -49.84375000341398021, -2.404163056034282153 ) ) ;
#3490 = CARTESIAN_POINT ( 'NONE',  ( -1.688575694911949698, -62.50000000170700076, 4.076582343749971749 ) ) ;
#3491 = CARTESIAN_POINT ( 'NONE',  ( 1.688575694911947922, -77.18750000170699366, 4.076582343749971749 ) ) ;
#3492 = EDGE_CURVE ( 'NONE', #766, #6033, #5918, .T. ) ;
#3493 = CARTESIAN_POINT ( 'NONE',  ( -1.408326112068475577, -64.60937500000001421, -3.400000000000065192 ) ) ;
#3494 = ADVANCED_FACE ( 'NONE', ( #2596 ), #6059, .T. ) ;
#3495 = CARTESIAN_POINT ( 'NONE',  ( 1.688575694911947922, -59.68750000170699366, 4.076582343749971749 ) ) ;
#3496 = CARTESIAN_POINT ( 'NONE',  ( 2.081899558550498061E-16, -61.25000000341398021, -3.400000000000019451 ) ) ;
#3497 = CARTESIAN_POINT ( 'NONE',  ( 4.076582343749995729, -64.53125000170699366, -1.688575694911970571 ) ) ;
#3498 = CARTESIAN_POINT ( 'NONE',  ( 1.688575694911947922, -77.34375000170699366, 4.076582343749971749 ) ) ;
#3499 = CARTESIAN_POINT ( 'NONE',  ( -6.245698675651493936E-16, -65.62500000341398732, 3.399999999999972378 ) ) ;
#3500 = CARTESIAN_POINT ( 'NONE',  ( -6.245698675651493936E-16, -51.87500000341398021, 3.399999999999972378 ) ) ;
#3501 = FACE_OUTER_BOUND ( 'NONE', #802, .T. ) ;
#3502 = CARTESIAN_POINT ( 'NONE',  ( 1.408326112068522651, -78.04687500341400153, 3.399999999999972378 ) ) ;
#3503 = CARTESIAN_POINT ( 'NONE',  ( -2.882579019330972159, -78.82812500170699366, 2.882579019330947734 ) ) ;
#3504 = CARTESIAN_POINT ( 'NONE',  ( 2.404163056034258616, -56.09375000000000000, -2.404163056034282153 ) ) ;
#3505 = CARTESIAN_POINT ( 'NONE',  ( 2.081899558550498061E-16, -75.93750000000000000, -3.400000000000019451 ) ) ;
#3506 = CARTESIAN_POINT ( 'NONE',  ( -7.488560278101070689E-16, -56.01562500170699366, 4.076582343749972637 ) ) ;
#3507 = CARTESIAN_POINT ( 'NONE',  ( -2.882579019330970826, -65.23437500170699366, -2.882579019330995251 ) ) ;
#3508 = ORIENTED_EDGE ( 'NONE', *, *, #2585, .F. ) ;
#3509 = VERTEX_POINT ( 'NONE', #2526 ) ;
#3510 = CARTESIAN_POINT ( 'NONE',  ( -2.404163056034259061, -57.03125000341398021, 2.404163056034235080 ) ) ;
#3511 = CARTESIAN_POINT ( 'NONE',  ( -3.399999999999996358, -64.29687500000000000, 1.408326112068497560 ) ) ;
#3512 = CARTESIAN_POINT ( 'NONE',  ( 2.882579019330970382, -58.35937500170699366, 2.882579019330949066 ) ) ;
#3513 = CARTESIAN_POINT ( 'NONE',  ( 1.408326112068521985, -61.01562500000000000, -3.400000000000019007 ) ) ;
#3514 = CARTESIAN_POINT ( 'NONE',  ( -4.076582343749995729, -68.90625000170699366, -1.688575694911971015 ) ) ;
#3515 = CARTESIAN_POINT ( 'NONE',  ( -2.404163056034258172, -67.34375000341398732, -2.404163056034282153 ) ) ;
#3516 = CARTESIAN_POINT ( 'NONE',  ( 1.688575694911947922, -62.34375000170699366, 4.076582343749971749 ) ) ;
#3517 = CARTESIAN_POINT ( 'NONE',  ( 3.399999999999995914, -76.25000000000000000, -2.338364031016953865E-14 ) ) ;
#3518 = CARTESIAN_POINT ( 'NONE',  ( -2.882579019330972159, -73.67187500170699366, 2.882579019330947734 ) ) ;
#3519 = CARTESIAN_POINT ( 'NONE',  ( 2.404163056034257728, -77.65625000000000000, 2.404163056034235968 ) ) ;
#3520 = DIRECTION ( 'NONE',  ( -0.000000000000000000, -1.000000000000000000, -0.000000000000000000 ) ) ;
#3521 = CARTESIAN_POINT ( 'NONE',  ( 4.076582343749995729, -65.85937500170699366, -2.338364031016953865E-14 ) ) ;
#3522 = CARTESIAN_POINT ( 'NONE',  ( -1.688575694911946590, -76.56250000170702208, -4.076582343750018822 ) ) ;
#3523 = EDGE_CURVE ( 'NONE', #3188, #1329, #1586, .T. ) ;
#3524 = CARTESIAN_POINT ( 'NONE',  ( 2.404163056034258616, -63.90625000341398732, -2.404163056034282153 ) ) ;
#3525 = CARTESIAN_POINT ( 'NONE',  ( 4.076582343749995729, -51.87500000170700076, -1.688575694911970571 ) ) ;
#3526 = CARTESIAN_POINT ( 'NONE',  ( 3.399999999999995026, -62.89062500341398021, 1.408326112068500224 ) ) ;
#3527 = CARTESIAN_POINT ( 'NONE',  ( 4.076582343749995729, -63.28125000170699366, -1.688575694911970571 ) ) ;
#3528 = DIRECTION ( 'NONE',  ( -0.000000000000000000, -1.000000000000000000, -0.000000000000000000 ) ) ;
#3529 = CARTESIAN_POINT ( 'NONE',  ( -3.399999999999996358, -55.85937500341398732, 1.408326112068497560 ) ) ;
#3530 = CARTESIAN_POINT ( 'NONE',  ( 1.408326112068568614, -63.04687500341399442, 3.399999999999926192 ) ) ;
#3531 = CARTESIAN_POINT ( 'NONE',  ( 3.399999999999995470, -75.23437500341398732, -1.408326112068545521 ) ) ;
#3532 = CARTESIAN_POINT ( 'NONE',  ( 3.399999999999995914, -50.00000000000000000, -2.338364031016953865E-14 ) ) ;
#3533 = FACE_OUTER_BOUND ( 'NONE', #334, .T. ) ;
#3534 = CARTESIAN_POINT ( 'NONE',  ( 3.399999999999995914, -71.56250000341398732, -2.338364031016953865E-14 ) ) ;
#3535 = CARTESIAN_POINT ( 'NONE',  ( -2.882579019330970826, -55.23437500170700076, -2.882579019330995251 ) ) ;
#3536 = CARTESIAN_POINT ( 'NONE',  ( -4.076582343749995729, -63.90625000170699366, -1.688575694911971015 ) ) ;
#3537 = ORIENTED_EDGE ( 'NONE', *, *, #3262, .T. ) ;
#3538 =( BOUNDED_CURVE ( )  B_SPLINE_CURVE ( 2, ( #3499, #526, #2099, #465, #5039, #497, #4083, #4540, #1459 ),
 .UNSPECIFIED., .F., .T. ) 
 B_SPLINE_CURVE_WITH_KNOTS ( ( 3, 2, 2, 2, 3 ),
 ( 0.4479166666666667962, 0.4531250000000001110, 0.4583333333333334259, 0.4635416666666667962, 0.4687500000000001110 ),
 .UNSPECIFIED. ) 
 CURVE ( )  GEOMETRIC_REPRESENTATION_ITEM ( )  RATIONAL_B_SPLINE_CURVE ( ( 0.9999999999999983347, 0.9238795325112884038, 1.000000000000000000, 0.9238795325112867385, 1.000000000000000000, 0.9238795325112867385, 1.000000000000000000, 0.9238795325112850731, 1.000000000000001554 ) ) 
 REPRESENTATION_ITEM ( '' )  );
#3539 = CARTESIAN_POINT ( 'NONE',  ( 0.000000000000000000, -80.00000000000000000, -2.338364031016953865E-14 ) ) ;
#3540 = ADVANCED_FACE ( 'NONE', ( #2013 ), #5934, .F. ) ;
#3541 = EDGE_LOOP ( 'NONE', ( #799, #336, #3314, #4837 ) ) ;
#3542 = CARTESIAN_POINT ( 'NONE',  ( -1.408326112068521319, -62.10937500000000000, -3.400000000000019007 ) ) ;
#3543 = CARTESIAN_POINT ( 'NONE',  ( -4.076582343749995729, -58.90625000170700076, -1.688575694911971015 ) ) ;
#3544 = CARTESIAN_POINT ( 'NONE',  ( -1.408326112068521319, -60.85937500000000000, -3.400000000000019007 ) ) ;
#3545 = CARTESIAN_POINT ( 'NONE',  ( -2.882579019330972159, -72.42187500170699366, 2.882579019330947734 ) ) ;
#3546 = CARTESIAN_POINT ( 'NONE',  ( 2.081899558550498061E-16, -67.50000000341398732, -3.400000000000019451 ) ) ;
#3547 = CARTESIAN_POINT ( 'NONE',  ( -2.882579019330970826, -64.14062500170699366, -2.882579019330995251 ) ) ;
#3548 = CARTESIAN_POINT ( 'NONE',  ( -3.399999999999995914, -79.37500000000000000, -2.380002022187964067E-14 ) ) ;
#3549 = CARTESIAN_POINT ( 'NONE',  ( 4.076582343749995729, -73.12500000170699366, -1.688575694911970571 ) ) ;
#3550 = CARTESIAN_POINT ( 'NONE',  ( -1.408326112068521319, -75.85937500000000000, -3.400000000000019007 ) ) ;
#3551 = CARTESIAN_POINT ( 'NONE',  ( 4.076582343749995729, -49.45312500170699366, -2.338364031016953865E-14 ) ) ;
#3552 = CARTESIAN_POINT ( 'NONE',  ( 2.496186759367024056E-16, -65.54687500170697945, -4.076582343750019710 ) ) ;
#3553 = DIRECTION ( 'NONE',  ( 0.000000000000000000, 0.000000000000000000, -1.000000000000000000 ) ) ;
#3554 = CARTESIAN_POINT ( 'NONE',  ( 4.076582343749995729, -77.10937500170699366, -2.338364031016953865E-14 ) ) ;
#3555 = CARTESIAN_POINT ( 'NONE',  ( -1.688575694911949698, -54.84375000170698655, 4.076582343749971749 ) ) ;
#3556 = CARTESIAN_POINT ( 'NONE',  ( 2.404163056034258616, -60.15625000341398732, -2.404163056034282153 ) ) ;
#3557 = CARTESIAN_POINT ( 'NONE',  ( -1.688575694911949698, -65.00000000170700787, 4.076582343749971749 ) ) ;
#3558 = CARTESIAN_POINT ( 'NONE',  ( 4.076582343749994841, -78.43750000170700787, 1.688575694911926828 ) ) ;
#3559 = CARTESIAN_POINT ( 'NONE',  ( 0.000000000000000000, -80.00000000000000000, -2.338364031016953865E-14 ) ) ;
#3560 = CARTESIAN_POINT ( 'NONE',  ( -3.399999999999995914, -55.93750000341398732, -2.380002022187964067E-14 ) ) ;
#3561 = CYLINDRICAL_SURFACE ( 'NONE', #4602, 3.399999999999995914 ) ;
#3562 = CARTESIAN_POINT ( 'NONE',  ( 3.399999999999995914, -75.31250000341398732, -2.338364031016953865E-14 ) ) ;
#3563 = CARTESIAN_POINT ( 'NONE',  ( 2.882579019330971715, -79.45312500170699366, -2.882579019330995251 ) ) ;
#3564 = DIRECTION ( 'NONE',  ( -0.000000000000000000, -1.000000000000000000, -0.000000000000000000 ) ) ;
#3565 = CARTESIAN_POINT ( 'NONE',  ( 3.399999999999995026, -66.32812500000000000, 1.408326112068500446 ) ) ;
#3566 = CARTESIAN_POINT ( 'NONE',  ( -1.688575694911946590, -52.81250000170699366, -4.076582343750019710 ) ) ;
#3567 = CARTESIAN_POINT ( 'NONE',  ( -4.076582343749995729, -65.07812500170699366, -2.388287766204294237E-14 ) ) ;
#3568 = VERTEX_POINT ( 'NONE', #5439 ) ;
#3569 = VERTEX_POINT ( 'NONE', #1063 ) ;
#3570 = CARTESIAN_POINT ( 'NONE',  ( 3.796234122634726038, -79.77123412263473767, -2.338364031016953865E-14 ) ) ;
#3571 = VERTEX_POINT ( 'NONE', #504 ) ;
#3572 = CARTESIAN_POINT ( 'NONE',  ( -3.399999999999995914, -63.12500000000000000, -2.380002022187964067E-14 ) ) ;
#3573 = CARTESIAN_POINT ( 'NONE',  ( 4.076582343749995729, -56.95312500170699366, -2.338364031016953865E-14 ) ) ;
#3574 = FACE_OUTER_BOUND ( 'NONE', #2337, .T. ) ;
#3575 = CARTESIAN_POINT ( 'NONE',  ( 4.076582343749994841, -72.03125000170699366, 1.688575694911926828 ) ) ;
#3576 = CARTESIAN_POINT ( 'NONE',  ( -3.399999999999995470, -64.76562500341398732, -1.408326112068545521 ) ) ;
#3577 = CARTESIAN_POINT ( 'NONE',  ( 2.496186759367024056E-16, -66.79687500170699366, -4.076582343750019710 ) ) ;
#3578 = CARTESIAN_POINT ( 'NONE',  ( -3.399999999999995470, -79.45312500000000000, -1.408326112068545521 ) ) ;
#3579 = CARTESIAN_POINT ( 'NONE',  ( -2.882579019330970826, -68.98437500170699366, -2.882579019330995251 ) ) ;
#3580 = CARTESIAN_POINT ( 'NONE',  ( -1.408326112068523317, -75.39062500000002842, 3.399999999999972378 ) ) ;
#3581 = VECTOR ( 'NONE', #2036, 1000.000000000000000 ) ;
#3582 = CARTESIAN_POINT ( 'NONE',  ( 3.399999999999995914, -58.75000000000000000, -2.338364031016953865E-14 ) ) ;
#3583 = CARTESIAN_POINT ( 'NONE',  ( 2.882579019330971715, -64.45312500170699366, -2.882579019330995251 ) ) ;
#3584 = CARTESIAN_POINT ( 'NONE',  ( 4.076582343749995729, -71.87500000170699366, -1.688575694911970571 ) ) ;
#3585 = DIRECTION ( 'NONE',  ( 0.000000000000000000, 0.000000000000000000, -1.000000000000000000 ) ) ;
#3586 = CARTESIAN_POINT ( 'NONE',  ( -1.688575694911946590, -52.81250000170699366, -4.076582343750018822 ) ) ;
#3587 = CARTESIAN_POINT ( 'NONE',  ( -3.399999999999996358, -59.60937500341398021, 1.408326112068497560 ) ) ;
#3588 = CARTESIAN_POINT ( 'NONE',  ( 4.076582343749994841, -60.93750000170699366, 1.688575694911926828 ) ) ;
#3589 = CARTESIAN_POINT ( 'NONE',  ( 4.076582343749995729, -78.35937500170699366, -2.338364031016953865E-14 ) ) ;
#3590 = CARTESIAN_POINT ( 'NONE',  ( 2.081899558550498061E-16, -68.43750000000000000, -3.400000000000019451 ) ) ;
#3591 = CARTESIAN_POINT ( 'NONE',  ( 1.408326112068521985, -53.82812500341398021, -3.400000000000019007 ) ) ;
#3592 = CARTESIAN_POINT ( 'NONE',  ( 3.738291171874995822, -79.25781250256048338, -2.338364031016953865E-14 ) ) ;
#3593 = CARTESIAN_POINT ( 'NONE',  ( -2.404163056034258172, -77.34375000341398732, -2.404163056034282153 ) ) ;
#3594 = CARTESIAN_POINT ( 'NONE',  ( 1.688575694911947256, -78.12500000170700787, -4.076582343750018822 ) ) ;
#3595 = CARTESIAN_POINT ( 'NONE',  ( 1.408326112068521985, -53.82812500341398021, -3.400000000000019451 ) ) ;
#3596 = CARTESIAN_POINT ( 'NONE',  ( 1.408326112068539082, -74.76562499999998579, -3.400000000000001688 ) ) ;
#3597 = CARTESIAN_POINT ( 'NONE',  ( 4.076582343749995729, -54.37500000170700076, -1.688575694911970571 ) ) ;
#3598 = VERTEX_POINT ( 'NONE', #2955 ) ;
#3599 = ORIENTED_EDGE ( 'NONE', *, *, #6262, .F. ) ;
#3600 = CARTESIAN_POINT ( 'NONE',  ( 3.399999999999995914, -50.00000000000000000, -2.338364031016953865E-14 ) ) ;
#3601 = ORIENTED_EDGE ( 'NONE', *, *, #3062, .F. ) ;
#3602 = CARTESIAN_POINT ( 'NONE',  ( 1.408326112068522651, -61.48437500000001421, 3.399999999999972378 ) ) ;
#3603 = CARTESIAN_POINT ( 'NONE',  ( 4.076582343749994841, -55.78125000170698655, 1.688575694911926828 ) ) ;
#3604 = ADVANCED_FACE ( 'NONE', ( #973 ), #5997, .F. ) ;
#3605 = CARTESIAN_POINT ( 'NONE',  ( 0.000000000000000000, -80.00000000000000000, -2.338364031016953865E-14 ) ) ;
#3606 = CARTESIAN_POINT ( 'NONE',  ( -2.882579019330972159, -71.17187500170699366, 2.882579019330947734 ) ) ;
#3607 = CARTESIAN_POINT ( 'NONE',  ( -6.245698675651493936E-16, -65.62500000341398732, 3.399999999999972378 ) ) ;
#3608 = CARTESIAN_POINT ( 'NONE',  ( 2.882579019330970382, -58.51562500170699366, 2.882579019330949066 ) ) ;
#3609 = CARTESIAN_POINT ( 'NONE',  ( 2.404163056034257728, -76.40625000000000000, 2.404163056034235968 ) ) ;
#3610 =( BOUNDED_CURVE ( )  B_SPLINE_CURVE ( 2, ( #4282, #2790, #5276, #5726, #6295, #5695, #5177, #6193, #1813 ),
 .UNSPECIFIED., .F., .T. ) 
 B_SPLINE_CURVE_WITH_KNOTS ( ( 3, 2, 2, 2, 3 ),
 ( 0.8229166666666666297, 0.8281250000000000000, 0.8333333333333333703, 0.8385416666666666297, 0.8437500000000000000 ),
 .UNSPECIFIED. ) 
 CURVE ( )  GEOMETRIC_REPRESENTATION_ITEM ( )  RATIONAL_B_SPLINE_CURVE ( ( 1.000000000000000000, 0.9238795325112867385, 1.000000000000000000, 0.9238795325112867385, 1.000000000000000000, 0.9238795325112867385, 1.000000000000000000, 0.9238795325112867385, 1.000000000000000000 ) ) 
 REPRESENTATION_ITEM ( '' )  );
#3611 = CARTESIAN_POINT ( 'NONE',  ( 4.076582343749995729, -71.87500000170699366, -1.688575694911970571 ) ) ;
#3612 = CARTESIAN_POINT ( 'NONE',  ( -2.404163056034258172, -70.78125000000000000, -2.404163056034282153 ) ) ;
#3613 = CARTESIAN_POINT ( 'NONE',  ( -1.408326112068555958, -66.17187500341398732, -3.399999999999985256 ) ) ;
#3614 = CARTESIAN_POINT ( 'NONE',  ( 1.688575694911947256, -59.37500000170700076, -4.076582343750018822 ) ) ;
#3615 = CARTESIAN_POINT ( 'NONE',  ( -2.882579019330972159, -72.42187500170699366, 2.882579019330947734 ) ) ;
#3616 = CARTESIAN_POINT ( 'NONE',  ( -4.076582343749996618, -50.00000000170699366, 1.688575694911923053 ) ) ;
#3617 = CARTESIAN_POINT ( 'NONE',  ( -4.076582343749996618, -76.40625000170699366, 1.688575694911923053 ) ) ;
#3618 = CARTESIAN_POINT ( 'NONE',  ( 1.688575694911947256, -52.96875000170698655, -4.076582343750018822 ) ) ;
#3619 = CARTESIAN_POINT ( 'NONE',  ( 1.408326112068521985, -61.32812500341398732, -3.400000000000019007 ) ) ;
#3620 = CARTESIAN_POINT ( 'NONE',  ( 4.076582343749995729, -55.78125000170698655, -1.688575694911970571 ) ) ;
#3621 = CARTESIAN_POINT ( 'NONE',  ( -6.245698675651493936E-16, -58.12500000341398732, 3.399999999999972378 ) ) ;
#3622 = DIRECTION ( 'NONE',  ( 0.000000000000000000, -2.927345865710861972E-16, 1.000000000000000000 ) ) ;
#3623 =( BOUNDED_CURVE ( )  B_SPLINE_CURVE ( 2, ( #658, #2655, #4644, #4373, #2481, #2907, #5977, #1412, #4467 ),
 .UNSPECIFIED., .F., .F. ) 
 B_SPLINE_CURVE_WITH_KNOTS ( ( 3, 2, 2, 2, 3 ),
 ( 0.4687500000000001110, 0.4739583333333334814, 0.4791666666666668517, 0.4843750000000002220, 0.4895833333333335369 ),
 .UNSPECIFIED. ) 
 CURVE ( )  GEOMETRIC_REPRESENTATION_ITEM ( )  RATIONAL_B_SPLINE_CURVE ( ( 0.9999999999999983347, 0.9238795325112884038, 1.000000000000000000, 0.9238795325112867385, 1.000000000000000000, 0.9238795325112867385, 1.000000000000000000, 0.9238795325112835188, 1.000000000000003331 ) ) 
 REPRESENTATION_ITEM ( '' )  );
#3624 = CARTESIAN_POINT ( 'NONE',  ( -2.404163056034258172, -54.84375000341398732, -2.404163056034282153 ) ) ;
#3625 = CARTESIAN_POINT ( 'NONE',  ( 2.081899558550498061E-16, -69.68750000000000000, -3.400000000000019451 ) ) ;
#3626 = CARTESIAN_POINT ( 'NONE',  ( -3.399999999999996358, -78.35937500341398732, 1.408326112068497560 ) ) ;
#3627 = CARTESIAN_POINT ( 'NONE',  ( 1.688575694911947922, -74.84375000170699366, 4.076582343749971749 ) ) ;
#3628 = CARTESIAN_POINT ( 'NONE',  ( 3.399999999999995914, -50.23437500341398732, -1.408326112068545521 ) ) ;
#3629 = CARTESIAN_POINT ( 'NONE',  ( 0.000000000000000000, -80.00000000000000000, -2.338364031016953865E-14 ) ) ;
#3630 = CARTESIAN_POINT ( 'NONE',  ( 2.882579019330971715, -50.54687500170699366, -2.882579019330995251 ) ) ;
#3631 = EDGE_LOOP ( 'NONE', ( #4486, #1851 ) ) ;
#3632 = ORIENTED_EDGE ( 'NONE', *, *, #867, .F. ) ;
#3633 = CARTESIAN_POINT ( 'NONE',  ( 3.399999999999995914, -76.25000000000000000, -2.338364031016953865E-14 ) ) ;
#3634 = CARTESIAN_POINT ( 'NONE',  ( 3.399999999999995470, -53.67187500000000000, -1.408326112068545521 ) ) ;
#3635 = ORIENTED_EDGE ( 'NONE', *, *, #3266, .T. ) ;
#3636 = CARTESIAN_POINT ( 'NONE',  ( 1.408326112068521985, -62.26562500000001421, -3.400000000000019007 ) ) ;
#3637 = CARTESIAN_POINT ( 'NONE',  ( 4.076582343749994841, -53.28125000170699366, 1.688575694911926828 ) ) ;
#3638 = CARTESIAN_POINT ( 'NONE',  ( 3.399999999999995914, -74.06250000341398732, -2.338364031016953865E-14 ) ) ;
#3639 = CARTESIAN_POINT ( 'NONE',  ( 2.882579019330970382, -65.85937500170699366, 2.882579019330949066 ) ) ;
#3640 = CARTESIAN_POINT ( 'NONE',  ( -6.245698675651493936E-16, -64.37500000341397310, 3.399999999999972378 ) ) ;
#3641 = CARTESIAN_POINT ( 'NONE',  ( 1.688575694911947922, -57.34375000170699366, 4.076582343749971749 ) ) ;
#3642 = CARTESIAN_POINT ( 'NONE',  ( -6.245698675651493936E-16, -77.81250000000000000, 3.399999999999972378 ) ) ;
#3643 = CARTESIAN_POINT ( 'NONE',  ( -4.076582343749995729, -66.40625000170699366, -1.688575694911971015 ) ) ;
#3644 = CARTESIAN_POINT ( 'NONE',  ( -3.399999999999995470, -74.45312500000001421, -1.408326112068545521 ) ) ;
#3645 = CARTESIAN_POINT ( 'NONE',  ( 2.081899558550498061E-16, -55.93750000000000000, -3.400000000000019451 ) ) ;
#3646 = CARTESIAN_POINT ( 'NONE',  ( 2.496186759367024056E-16, -58.04687500170699366, -4.076582343750019710 ) ) ;
#3647 = CARTESIAN_POINT ( 'NONE',  ( 2.882579019330970382, -70.85937500170699366, 2.882579019330949066 ) ) ;
#3648 = CARTESIAN_POINT ( 'NONE',  ( -2.404163056034258172, -78.59375000341398732, -2.404163056034282153 ) ) ;
#3649 = EDGE_CURVE ( 'NONE', #508, #3188, #1297, .T. ) ;
#3650 =( BOUNDED_CURVE ( )  B_SPLINE_CURVE ( 2, ( #5386, #2828, #907, #1429, #2895, #4884, #407, #2408, #4392 ),
 .UNSPECIFIED., .F., .T. ) 
 B_SPLINE_CURVE_WITH_KNOTS ( ( 3, 2, 2, 2, 3 ),
 ( 0.2812500000000000000, 0.2864583333333333148, 0.2916666666666667407, 0.2968750000000000555, 0.3020833333333333703 ),
 .UNSPECIFIED. ) 
 CURVE ( )  GEOMETRIC_REPRESENTATION_ITEM ( )  RATIONAL_B_SPLINE_CURVE ( ( 1.000000000000000000, 0.9238795325112867385, 1.000000000000000000, 0.9238795325112867385, 1.000000000000000000, 0.9238795325112867385, 1.000000000000000000, 0.9238795325112859613, 1.000000000000000888 ) ) 
 REPRESENTATION_ITEM ( '' )  );
#3651 = CARTESIAN_POINT ( 'NONE',  ( -1.688575694911946590, -76.71875000170699366, -4.076582343750019710 ) ) ;
#3652 = EDGE_CURVE ( 'NONE', #3666, #4327, #6086, .T. ) ;
#3653 = CARTESIAN_POINT ( 'NONE',  ( 2.496186759367024056E-16, -54.14062500170699366, -4.076582343750019710 ) ) ;
#3654 = CARTESIAN_POINT ( 'NONE',  ( 3.399999999999995470, -57.73437500341398021, -1.408326112068545521 ) ) ;
#3655 = CARTESIAN_POINT ( 'NONE',  ( 4.076582343749995729, -58.28125000170699366, -1.688575694911970571 ) ) ;
#3656 = CARTESIAN_POINT ( 'NONE',  ( 1.688575694911947922, -72.34375000170699366, 4.076582343749971749 ) ) ;
#3657 = FACE_OUTER_BOUND ( 'NONE', #905, .T. ) ;
#3658 = CARTESIAN_POINT ( 'NONE',  ( -1.408326112068523317, -49.45312500341398021, 3.399999999999972378 ) ) ;
#3659 = CARTESIAN_POINT ( 'NONE',  ( -2.404163056034259061, -62.03125000341398732, 2.404163056034235080 ) ) ;
#3660 = CARTESIAN_POINT ( 'NONE',  ( 2.404163056034257728, -69.21875000341398732, 2.404163056034235968 ) ) ;
#3661 = CARTESIAN_POINT ( 'NONE',  ( 4.076582343749995729, -73.28125000170697945, -1.688575694911970571 ) ) ;
#3662 = CARTESIAN_POINT ( 'NONE',  ( -2.404163056034259061, -60.46875000000000000, 2.404163056034235080 ) ) ;
#3663 = CARTESIAN_POINT ( 'NONE',  ( 3.399999999999995914, -63.75000000000000000, -2.338364031016953865E-14 ) ) ;
#3664 = CARTESIAN_POINT ( 'NONE',  ( 4.076582343749995729, -50.62500000170700076, -1.688575694911970571 ) ) ;
#3665 = ORIENTED_EDGE ( 'NONE', *, *, #1342, .T. ) ;
#3666 = VERTEX_POINT ( 'NONE', #4455 ) ;
#3667 = CARTESIAN_POINT ( 'NONE',  ( -2.404163056034258172, -50.78125000000000000, -2.404163056034282153 ) ) ;
#3668 = CARTESIAN_POINT ( 'NONE',  ( -6.245698675651493936E-16, -76.87500000341398732, 3.399999999999972378 ) ) ;
#3669 = ORIENTED_EDGE ( 'NONE', *, *, #3873, .F. ) ;
#3670 = CARTESIAN_POINT ( 'NONE',  ( 2.404163056034257728, -60.15625000000000000, 2.404163056034235968 ) ) ;
#3671 = EDGE_CURVE ( 'NONE', #169, #5598, #565, .T. ) ;
#3672 = CARTESIAN_POINT ( 'NONE',  ( -2.882579019330972159, -49.92187500170699366, 2.882579019330947734 ) ) ;
#3673 = LINE ( 'NONE', #3095, #4920 ) ;
#3675 = CARTESIAN_POINT ( 'NONE',  ( -7.488560278101070689E-16, -67.26562500170699366, 4.076582343749972637 ) ) ;
#3674 =( BOUNDED_CURVE ( )  B_SPLINE_CURVE ( 2, ( #587, #618, #2978, #1022, #6017, #3106, #2549, #2618, #5101 ),
 .UNSPECIFIED., .F., .T. ) 
 B_SPLINE_CURVE_WITH_KNOTS ( ( 3, 2, 2, 2, 3 ),
 ( 0.9270833333333334814, 0.9322916666666667407, 0.9375000000000001110, 0.9427083333333334814, 0.9479166666666667407 ),
 .UNSPECIFIED. ) 
 CURVE ( )  GEOMETRIC_REPRESENTATION_ITEM ( )  RATIONAL_B_SPLINE_CURVE ( ( 0.9999999999999983347, 0.9238795325112884038, 1.000000000000000000, 0.9238795325112867385, 1.000000000000000000, 0.9238795325112867385, 1.000000000000000000, 0.9238795325112850731, 1.000000000000001554 ) ) 
 REPRESENTATION_ITEM ( '' )  );
#3676 = ORIENTED_EDGE ( 'NONE', *, *, #6265, .F. ) ;
#3677 = CARTESIAN_POINT ( 'NONE',  ( -3.399999999999995914, -64.68750000341398732, -2.380002022187964067E-14 ) ) ;
#3678 = CARTESIAN_POINT ( 'NONE',  ( 4.076582343749995729, -57.10937500170699366, -2.338364031016953865E-14 ) ) ;
#3679 = CARTESIAN_POINT ( 'NONE',  ( 3.399999999999995026, -71.32812500000000000, 1.408326112068500224 ) ) ;
#3680 = CARTESIAN_POINT ( 'NONE',  ( -4.076582343749995729, -65.07812500170699366, -2.388287766204294237E-14 ) ) ;
#3681 = CARTESIAN_POINT ( 'NONE',  ( -6.245698675651493936E-16, -71.56250000000000000, 3.399999999999972378 ) ) ;
#3682 = CARTESIAN_POINT ( 'NONE',  ( 2.496186759367024056E-16, -61.79687500170698655, -4.076582343750019710 ) ) ;
#3683 = CARTESIAN_POINT ( 'NONE',  ( -6.245698675651493936E-16, -76.87500000341398732, 3.399999999999972378 ) ) ;
#3684 = CARTESIAN_POINT ( 'NONE',  ( -2.882579019330970826, -75.39062500170697945, -2.882579019330995251 ) ) ;
#3685 = AXIS2_PLACEMENT_3D ( 'NONE', #3862, #5001, #4476 ) ;
#3686 = CARTESIAN_POINT ( 'NONE',  ( -1.688575694911946590, -52.96875000170698655, -4.076582343750018822 ) ) ;
#3687 = CARTESIAN_POINT ( 'NONE',  ( 3.399999999999995470, -53.98437500341399442, -1.408326112068545521 ) ) ;
#3688 = CARTESIAN_POINT ( 'NONE',  ( 1.688575694911947922, -57.34375000170699366, 4.076582343749971749 ) ) ;
#3689 = CARTESIAN_POINT ( 'NONE',  ( -4.076582343749996618, -76.40625000170697945, 1.688575694911923053 ) ) ;
#3690 = DIRECTION ( 'NONE',  ( 0.000000000000000000, 0.000000000000000000, -1.000000000000000000 ) ) ;
#3691 = CARTESIAN_POINT ( 'NONE',  ( 3.399999999999995914, -50.31250000341398732, -2.338364031016953865E-14 ) ) ;
#3692 = CARTESIAN_POINT ( 'NONE',  ( -6.245698675651493936E-16, -73.12500000341398732, 3.399999999999972378 ) ) ;
#3693 = CARTESIAN_POINT ( 'NONE',  ( 1.688575694911947922, -71.09375000170697945, 4.076582343749971749 ) ) ;
#3694 = CARTESIAN_POINT ( 'NONE',  ( -6.245698675651493936E-16, -50.62500000341398021, 3.399999999999972378 ) ) ;
#3695 = CARTESIAN_POINT ( 'NONE',  ( -2.404163056034258172, -55.78125000000000711, -2.404163056034282153 ) ) ;
#3696 = CARTESIAN_POINT ( 'NONE',  ( 2.081899558550498061E-16, -52.50000000341398021, -3.400000000000019451 ) ) ;
#3697 = CARTESIAN_POINT ( 'NONE',  ( 4.076582343749995729, -50.70312500170700076, -2.338364031016953865E-14 ) ) ;
#3698 = AXIS2_PLACEMENT_3D ( 'NONE', #1592, #6197, #603 ) ;
#3699 = VERTEX_POINT ( 'NONE', #4647 ) ;
#3700 = ORIENTED_EDGE ( 'NONE', *, *, #2103, .F. ) ;
#3701 = CARTESIAN_POINT ( 'NONE',  ( -6.245698675651493936E-16, -70.62500000341398732, 3.399999999999972378 ) ) ;
#3702 = CARTESIAN_POINT ( 'NONE',  ( -3.399999999999995470, -51.95312500000000711, -1.408326112068545521 ) ) ;
#3703 = ORIENTED_EDGE ( 'NONE', *, *, #4336, .F. ) ;
#3704 = CARTESIAN_POINT ( 'NONE',  ( 1.408326112068522651, -58.98437500000001421, 3.399999999999972378 ) ) ;
#3705 = CARTESIAN_POINT ( 'NONE',  ( 4.076582343749995729, -51.95312500170700076, -2.338364031016953865E-14 ) ) ;
#3706 = CARTESIAN_POINT ( 'NONE',  ( 1.408326112068499780, -56.79687500341399442, 3.399999999999995470 ) ) ;
#3707 =( BOUNDED_CURVE ( )  B_SPLINE_CURVE ( 2, ( #129, #3847, #3175, #5851, #818, #5623, #4795, #2777, #4764 ),
 .UNSPECIFIED., .F., .F. ) 
 B_SPLINE_CURVE_WITH_KNOTS ( ( 3, 2, 2, 2, 3 ),
 ( 0.1979166666666665741, 0.2031249999999999167, 0.2083333333333332593, 0.2135416666666666019, 0.2187499999999999445 ),
 .UNSPECIFIED. ) 
 CURVE ( )  GEOMETRIC_REPRESENTATION_ITEM ( )  RATIONAL_B_SPLINE_CURVE ( ( 1.000000000000001110, 0.9238795325112855172, 1.000000000000000000, 0.9238795325112867385, 1.000000000000000000, 0.9238795325112867385, 1.000000000000000000, 0.9238795325112875156, 0.9999999999999992228 ) ) 
 REPRESENTATION_ITEM ( '' )  );
#3708 = CARTESIAN_POINT ( 'NONE',  ( -4.076582343749995729, -63.82812500170699366, -2.388287766204294237E-14 ) ) ;
#3709 = CARTESIAN_POINT ( 'NONE',  ( -2.404163056034259061, -63.28125000341398732, 2.404163056034235080 ) ) ;
#3710 = CARTESIAN_POINT ( 'NONE',  ( 2.882579019330970382, -59.76562500170699366, 2.882579019330949066 ) ) ;
#3711 = CARTESIAN_POINT ( 'NONE',  ( -2.404163056034259061, -74.21875000000000000, 2.404163056034235080 ) ) ;
#3712 = CARTESIAN_POINT ( 'NONE',  ( -4.076582343749996618, -67.50000000170700787, 1.688575694911923053 ) ) ;
#3713 = CARTESIAN_POINT ( 'NONE',  ( 2.081899558550498061E-16, -70.93750000000000000, -3.400000000000019451 ) ) ;
#3714 = CARTESIAN_POINT ( 'NONE',  ( -3.399999999999995914, -54.45312500000000711, -1.408326112068545521 ) ) ;
#3715 = CARTESIAN_POINT ( 'NONE',  ( -7.488560278101070689E-16, -59.92187500170699366, 4.076582343749972637 ) ) ;
#3716 = CARTESIAN_POINT ( 'NONE',  ( 2.496186759367024056E-16, -50.39062500170699366, -4.076582343750019710 ) ) ;
#3717 = CARTESIAN_POINT ( 'NONE',  ( 1.688575694911947256, -73.12500000170699366, -4.076582343750019710 ) ) ;
#3718 = CARTESIAN_POINT ( 'NONE',  ( 1.688575694911947922, -51.09375000170699366, 4.076582343749971749 ) ) ;
#3719 = CARTESIAN_POINT ( 'NONE',  ( -1.408326112068523317, -54.45312500341398021, 3.399999999999972378 ) ) ;
#3720 = CARTESIAN_POINT ( 'NONE',  ( -4.076582343749995729, -56.56250000170699366, -1.688575694911971015 ) ) ;
#3721 = CARTESIAN_POINT ( 'NONE',  ( 4.076582343749994841, -77.18750000170697945, 1.688575694911926828 ) ) ;
#3722 = DIRECTION ( 'NONE',  ( -0.000000000000000000, -1.000000000000000000, -0.000000000000000000 ) ) ;
#3723 = EDGE_CURVE ( 'NONE', #4033, #602, #1664, .T. ) ;
#3724 = CARTESIAN_POINT ( 'NONE',  ( 2.081899558550498061E-16, -72.18750000000000000, -3.400000000000019451 ) ) ;
#3725 = EDGE_CURVE ( 'NONE', #203, #1557, #1244, .T. ) ;
#3726 = CARTESIAN_POINT ( 'NONE',  ( 3.399999999999995914, -72.81250000341397310, -2.338364031016953865E-14 ) ) ;
#3727 = CARTESIAN_POINT ( 'NONE',  ( 2.882579019330971715, -74.45312500170699366, -2.882579019330995251 ) ) ;
#3728 = CARTESIAN_POINT ( 'NONE',  ( 3.399999999999995026, -54.14062500341398021, 1.408326112068500446 ) ) ;
#3729 = CARTESIAN_POINT ( 'NONE',  ( -3.399999999999995470, -55.70312500000000711, -1.408326112068545521 ) ) ;
#3730 = CYLINDRICAL_SURFACE ( 'NONE', #6428, 3.399999999999995914 ) ;
#3731 = DIRECTION ( 'NONE',  ( -0.000000000000000000, -1.000000000000000000, -0.000000000000000000 ) ) ;
#3732 = ORIENTED_EDGE ( 'NONE', *, *, #3200, .F. ) ;
#3733 = CALENDAR_DATE ( 2026, 20, 5 ) ;
#3734 = CARTESIAN_POINT ( 'NONE',  ( -3.399999999999995914, -51.87500000000000711, -2.380002022187964067E-14 ) ) ;
#3735 = ADVANCED_FACE ( 'NONE', ( #3116 ), #2140, .F. ) ;
#3736 = ADVANCED_FACE ( 'NONE', ( #2658 ), #1127, .F. ) ;
#3737 = ORIENTED_EDGE ( 'NONE', *, *, #4498, .F. ) ;
#3738 = CARTESIAN_POINT ( 'NONE',  ( 3.399999999999995026, -57.57812500000000000, 1.408326112068500224 ) ) ;
#3739 = CARTESIAN_POINT ( 'NONE',  ( -7.488560278101070689E-16, -53.51562500170699366, 4.076582343749972637 ) ) ;
#3740 = CARTESIAN_POINT ( 'NONE',  ( -6.245698675651493936E-16, -52.81250000000000000, 3.399999999999972378 ) ) ;
#3741 = CARTESIAN_POINT ( 'NONE',  ( 4.076582343749995729, -63.12500000170700076, -1.688575694911970571 ) ) ;
#3742 = CARTESIAN_POINT ( 'NONE',  ( -6.245698675651493936E-16, -59.37500000341398732, 3.399999999999972378 ) ) ;
#3743 = CARTESIAN_POINT ( 'NONE',  ( 1.688575694911947922, -58.59375000170700076, 4.076582343749971749 ) ) ;
#3744 = CARTESIAN_POINT ( 'NONE',  ( -3.399999999999996358, -74.29687500000000000, 1.408326112068497560 ) ) ;
#3745 = CARTESIAN_POINT ( 'NONE',  ( -1.688575694911946590, -66.56250000170699366, -4.076582343750018822 ) ) ;
#3746 = CARTESIAN_POINT ( 'NONE',  ( 2.081899558550498061E-16, -73.43750000000000000, -3.400000000000019451 ) ) ;
#3747 = CARTESIAN_POINT ( 'NONE',  ( 4.076582343749995729, -79.45312500170699366, -2.338364031016953865E-14 ) ) ;
#3748 = CARTESIAN_POINT ( 'NONE',  ( 4.076582343749995729, -62.03125000170700787, -1.688575694911970571 ) ) ;
#3749 = CARTESIAN_POINT ( 'NONE',  ( 1.408326112068522651, -75.54687500341400153, 3.399999999999972378 ) ) ;
#3750 = CARTESIAN_POINT ( 'NONE',  ( 2.882579019330970382, -76.01562500170697945, 2.882579019330949066 ) ) ;
#3751 = CARTESIAN_POINT ( 'NONE',  ( 2.496186759367024056E-16, -50.54687500170698655, -4.076582343750019710 ) ) ;
#3752 = CARTESIAN_POINT ( 'NONE',  ( 3.399999999999995470, -56.48437500341398021, -1.408326112068545521 ) ) ;
#3753 = CARTESIAN_POINT ( 'NONE',  ( 1.688575694911947256, -59.37500000170700076, -4.076582343750018822 ) ) ;
#3754 = CARTESIAN_POINT ( 'NONE',  ( -4.076582343749995729, -76.48437500170699366, -2.388287766204294237E-14 ) ) ;
#3755 = CARTESIAN_POINT ( 'NONE',  ( 4.163799117100996122E-16, -80.00000000000000000, 3.399999999999972378 ) ) ;
#3756 = CARTESIAN_POINT ( 'NONE',  ( 2.404163056034258616, -50.15625000341398732, -2.404163056034282153 ) ) ;
#3757 = CARTESIAN_POINT ( 'NONE',  ( -3.399999999999995470, -69.76562500341398732, -1.408326112068545521 ) ) ;
#3758 = CARTESIAN_POINT ( 'NONE',  ( 1.688575694911947256, -75.62500000170699366, -4.076582343750018822 ) ) ;
#3759 = FACE_OUTER_BOUND ( 'NONE', #2994, .T. ) ;
#3760 = CARTESIAN_POINT ( 'NONE',  ( 3.399999999999995026, -56.32812500000000000, 1.408326112068500224 ) ) ;
#3761 = CARTESIAN_POINT ( 'NONE',  ( -1.408326112068549296, -75.70312500341398732, 3.399999999999945732 ) ) ;
#3762 = DIRECTION ( 'NONE',  ( 0.000000000000000000, 0.000000000000000000, -1.000000000000000000 ) ) ;
#3763 = PRODUCT_RELATED_PRODUCT_CATEGORY ( 'detail', '', ( #1579 ) ) ;
#3764 = ORIENTED_EDGE ( 'NONE', *, *, #1547, .F. ) ;
#3765 = AXIS2_PLACEMENT_3D ( 'NONE', #4086, #3081, #1613 ) ;
#3766 = SECURITY_CLASSIFICATION_LEVEL ( 'unclassified' ) ;
#3767 = CARTESIAN_POINT ( 'NONE',  ( 2.404163056034257728, -52.65625000000000000, 2.404163056034235968 ) ) ;
#3768 = ORIENTED_EDGE ( 'NONE', *, *, #4893, .T. ) ;
#3769 = CARTESIAN_POINT ( 'NONE',  ( -6.245698675651493936E-16, -57.81250000000000000, 3.399999999999972378 ) ) ;
#3770 = CARTESIAN_POINT ( 'NONE',  ( 2.404163056034257728, -68.90625000000000000, 2.404163056034235968 ) ) ;
#3771 = CARTESIAN_POINT ( 'NONE',  ( -3.399999999999996803, -75.54687500000001421, 1.408326112068497560 ) ) ;
#3772 = CARTESIAN_POINT ( 'NONE',  ( -4.076582343749996618, -67.50000000170699366, 1.688575694911923053 ) ) ;
#3773 = CARTESIAN_POINT ( 'NONE',  ( 1.688575694911947922, -73.43750000170700787, 4.076582343749971749 ) ) ;
#3774 = CARTESIAN_POINT ( 'NONE',  ( -3.399999999999995470, -57.26562500341398732, -1.408326112068545521 ) ) ;
#3775 = CARTESIAN_POINT ( 'NONE',  ( 4.076582343749994841, -54.68750000170700076, 1.688575694911926828 ) ) ;
#3776 = CARTESIAN_POINT ( 'NONE',  ( 2.404163056034257728, -73.90625000000000000, 2.404163056034235968 ) ) ;
#3777 = CARTESIAN_POINT ( 'NONE',  ( 1.688575694911947256, -64.21875000170700787, -4.076582343750018822 ) ) ;
#3778 = CARTESIAN_POINT ( 'NONE',  ( -1.408326112068523317, -65.39062500000001421, 3.399999999999972378 ) ) ;
#3779 = CARTESIAN_POINT ( 'NONE',  ( 2.404163056034257728, -78.90625000000000000, 2.404163056034235968 ) ) ;
#3780 = CARTESIAN_POINT ( 'NONE',  ( -4.076582343749995729, -55.23437500170699366, -2.388287766204294237E-14 ) ) ;
#3781 = CARTESIAN_POINT ( 'NONE',  ( 3.399999999999995026, -72.89062500341397310, 1.408326112068500224 ) ) ;
#3782 = CARTESIAN_POINT ( 'NONE',  ( -4.076582343749995729, -68.98437500170699366, -2.388287766204294237E-14 ) ) ;
#3783 = CARTESIAN_POINT ( 'NONE',  ( 2.404163056034257728, -70.15625000000000000, 2.404163056034235968 ) ) ;
#3784 = CARTESIAN_POINT ( 'NONE',  ( 2.882579019330970382, -53.51562500170699366, 2.882579019330949066 ) ) ;
#3785 = CARTESIAN_POINT ( 'NONE',  ( -2.404163056034258172, -54.84375000341398732, -2.404163056034282153 ) ) ;
#3786 = CARTESIAN_POINT ( 'NONE',  ( 1.688575694911947922, -54.84375000170698655, 4.076582343749971749 ) ) ;
#3787 = CARTESIAN_POINT ( 'NONE',  ( -2.882579019330972159, -73.82812500170699366, 2.882579019330947734 ) ) ;
#3788 = CARTESIAN_POINT ( 'NONE',  ( -6.245698675651493936E-16, -78.12500000341398732, 3.399999999999972378 ) ) ;
#3789 = AXIS2_PLACEMENT_3D ( 'NONE', #6435, #903, #4879 ) ;
#3790 = CARTESIAN_POINT ( 'NONE',  ( -3.399999999999996358, -49.60937500341398732, 1.408326112068497560 ) ) ;
#3791 = CARTESIAN_POINT ( 'NONE',  ( 3.399999999999995026, -70.39062500341400153, 1.408326112068500224 ) ) ;
#3792 = CARTESIAN_POINT ( 'NONE',  ( -4.076582343749996618, -66.40625000170699366, 1.688575694911923053 ) ) ;
#3793 = CARTESIAN_POINT ( 'NONE',  ( -1.408326112068521763, -53.67187500341398732, -3.400000000000019451 ) ) ;
#3794 = CARTESIAN_POINT ( 'NONE',  ( 1.408326112068521985, -59.76562500000001421, -3.400000000000019007 ) ) ;
#3795 = CARTESIAN_POINT ( 'NONE',  ( 0.000000000000000000, -80.00000000000000000, -2.338364031016953865E-14 ) ) ;
#3796 = CARTESIAN_POINT ( 'NONE',  ( -2.404163056034259061, -50.78125000341398732, 2.404163056034235080 ) ) ;
#3797 = ORIENTED_EDGE ( 'NONE', *, *, #3649, .F. ) ;
#3798 = PERSON_AND_ORGANIZATION_ROLE ( 'design_owner' ) ;
#3799 = CARTESIAN_POINT ( 'NONE',  ( 0.000000000000000000, -80.00000000000000000, -3.400000000000019451 ) ) ;
#3800 = ORIENTED_EDGE ( 'NONE', *, *, #5293, .F. ) ;
#3801 = CARTESIAN_POINT ( 'NONE',  ( 2.404163056034258616, -57.34375000000000000, -2.404163056034282153 ) ) ;
#3802 = CARTESIAN_POINT ( 'NONE',  ( 1.408326112068510438, -68.82812500341398732, -3.400000000000030553 ) ) ;
#3803 = CARTESIAN_POINT ( 'NONE',  ( -7.488560278101070689E-16, -61.01562500170700076, 4.076582343749972637 ) ) ;
#3804 = CARTESIAN_POINT ( 'NONE',  ( -1.688575694911949698, -74.84375000170699366, 4.076582343749971749 ) ) ;
#3805 = CARTESIAN_POINT ( 'NONE',  ( -3.399999999999995470, -58.51562500341398021, -1.408326112068545521 ) ) ;
#3806 = CARTESIAN_POINT ( 'NONE',  ( -4.076582343749996618, -56.40625000170698655, 1.688575694911923053 ) ) ;
#3807 = CARTESIAN_POINT ( 'NONE',  ( -3.399999999999995914, -75.62500000000000000, -2.380002022187964067E-14 ) ) ;
#3808 = CARTESIAN_POINT ( 'NONE',  ( 4.076582343749995729, -61.87500000170700076, -1.688575694911970571 ) ) ;
#3809 = CARTESIAN_POINT ( 'NONE',  ( -3.399999999999996358, -69.29687500000001421, 1.408326112068497560 ) ) ;
#3810 = CARTESIAN_POINT ( 'NONE',  ( -2.404163056034259061, -57.96875000000000000, 2.404163056034235080 ) ) ;
#3811 = CARTESIAN_POINT ( 'NONE',  ( -2.882579019330972159, -55.07812500170698655, 2.882579019330947734 ) ) ;
#3812 = CARTESIAN_POINT ( 'NONE',  ( -2.404163056034259061, -73.28125000341398732, 2.404163056034235080 ) ) ;
#3813 = CARTESIAN_POINT ( 'NONE',  ( 2.882579019330970382, -68.51562500170699366, 2.882579019330949066 ) ) ;
#3814 = CARTESIAN_POINT ( 'NONE',  ( -6.245698675651493936E-16, -61.87500000341398732, 3.399999999999972378 ) ) ;
#3815 = CARTESIAN_POINT ( 'NONE',  ( -4.076582343749996618, -76.25000000170699366, 1.688575694911923053 ) ) ;
#3816 = CARTESIAN_POINT ( 'NONE',  ( 2.404163056034258616, -52.65625000341398732, -2.404163056034282153 ) ) ;
#3817 = CARTESIAN_POINT ( 'NONE',  ( -7.488560278101070689E-16, -53.67187500170698655, 4.076582343749972637 ) ) ;
#3818 = CARTESIAN_POINT ( 'NONE',  ( -1.688575694911949698, -70.00000000170700787, 4.076582343749971749 ) ) ;
#3819 = VERTEX_POINT ( 'NONE', #6092 ) ;
#3820 = FACE_OUTER_BOUND ( 'NONE', #4064, .T. ) ;
#3821 = CARTESIAN_POINT ( 'NONE',  ( -2.404163056034258172, -53.28125000000000000, -2.404163056034282153 ) ) ;
#3822 = CARTESIAN_POINT ( 'NONE',  ( -6.245698675651493936E-16, -64.37500000341397310, 3.399999999999972378 ) ) ;
#3823 = CARTESIAN_POINT ( 'NONE',  ( 1.688575694911947256, -70.62500000170699366, -4.076582343750018822 ) ) ;
#3824 = LINE ( 'NONE', #4349, #3477 ) ;
#3825 = CARTESIAN_POINT ( 'NONE',  ( -3.399999999999995470, -56.95312500000000000, -1.408326112068545521 ) ) ;
#3826 = CARTESIAN_POINT ( 'NONE',  ( -6.245698675651493936E-16, -51.56250000000000000, 3.399999999999972378 ) ) ;
#3827 = DIRECTION ( 'NONE',  ( -0.000000000000000000, -1.000000000000000000, -0.000000000000000000 ) ) ;
#3828 = EDGE_LOOP ( 'NONE', ( #1944, #6097, #5770, #6199, #5179 ) ) ;
#3829 = MECHANICAL_CONTEXT ( 'NONE', #5732, 'mechanical' ) ;
#3830 = CYLINDRICAL_SURFACE ( 'NONE', #4998, 3.399999999999995914 ) ;
#3831 = ORIENTED_EDGE ( 'NONE', *, *, #1138, .T. ) ;
#3832 = CARTESIAN_POINT ( 'NONE',  ( -6.245698675651493936E-16, -54.06250000000000000, 3.399999999999972378 ) ) ;
#3833 = DIRECTION ( 'NONE',  ( 0.000000000000000000, -2.927345865710861972E-16, 1.000000000000000000 ) ) ;
#3834 = CARTESIAN_POINT ( 'NONE',  ( -3.399999999999996803, -63.04687500000000000, 1.408326112068497560 ) ) ;
#3835 = CARTESIAN_POINT ( 'NONE',  ( 2.496186759367024056E-16, -61.64062500170699366, -4.076582343750019710 ) ) ;
#3836 = CARTESIAN_POINT ( 'NONE',  ( -2.882579019330970826, -66.48437500170699366, -2.882579019330995251 ) ) ;
#3837 = ORIENTED_EDGE ( 'NONE', *, *, #2294, .F. ) ;
#3838 = CARTESIAN_POINT ( 'NONE',  ( 1.408326112068522651, -56.79687500341398021, 3.399999999999972378 ) ) ;
#3839 = CARTESIAN_POINT ( 'NONE',  ( -2.882579019330970826, -55.39062500170699366, -2.882579019330995251 ) ) ;
#3840 = CARTESIAN_POINT ( 'NONE',  ( 2.081899558550498061E-16, -68.43750000000000000, -3.400000000000019451 ) ) ;
#3841 = CARTESIAN_POINT ( 'NONE',  ( -7.488560278101070689E-16, -62.26562500170699366, 4.076582343749972637 ) ) ;
#3842 = CARTESIAN_POINT ( 'NONE',  ( -3.399999999999995914, -66.87500000000000000, -2.380002022187964067E-14 ) ) ;
#3843 = CARTESIAN_POINT ( 'NONE',  ( -7.488560278101070689E-16, -74.76562500170699366, 4.076582343749972637 ) ) ;
#3844 = CARTESIAN_POINT ( 'NONE',  ( 1.688575694911947256, -54.37500000170699366, -4.076582343750018822 ) ) ;
#3845 = CARTESIAN_POINT ( 'NONE',  ( -2.404163056034258172, -74.84375000341397310, -2.404163056034282153 ) ) ;
#3846 = CARTESIAN_POINT ( 'NONE',  ( -2.882579019330972159, -71.32812500170699366, 2.882579019330947734 ) ) ;
#3847 = CARTESIAN_POINT ( 'NONE',  ( 1.408326112068505109, -73.98437500000000000, 3.399999999999989253 ) ) ;
#3848 = CARTESIAN_POINT ( 'NONE',  ( 4.076582343749995729, -78.12500000170700787, -1.688575694911970571 ) ) ;
#3849 = CARTESIAN_POINT ( 'NONE',  ( 3.399999999999995026, -52.89062500341398732, 1.408326112068500224 ) ) ;
#3850 = CARTESIAN_POINT ( 'NONE',  ( 2.882579019330970382, -52.26562500170699366, 2.882579019330949066 ) ) ;
#3851 = CARTESIAN_POINT ( 'NONE',  ( 2.496186759367024056E-16, -70.54687500170699366, -4.076582343750019710 ) ) ;
#3852 = ORIENTED_EDGE ( 'NONE', *, *, #467, .F. ) ;
#3853 = CARTESIAN_POINT ( 'NONE',  ( -3.399999999999995914, -74.45312500000001421, -1.408326112068545521 ) ) ;
#3854 = EDGE_CURVE ( 'NONE', #1195, #4980, #1918, .T. ) ;
#3855 = EDGE_CURVE ( 'NONE', #5857, #6267, #628, .T. ) ;
#3856 = CARTESIAN_POINT ( 'NONE',  ( -3.399999999999995914, -67.26562500341398732, -1.408326112068545521 ) ) ;
#3857 = CARTESIAN_POINT ( 'NONE',  ( 2.496186759367024056E-16, -60.39062500170700076, -4.076582343750019710 ) ) ;
#3858 = CARTESIAN_POINT ( 'NONE',  ( 1.408326112068521985, -67.57812500341398732, -3.400000000000019007 ) ) ;
#3859 = CARTESIAN_POINT ( 'NONE',  ( -2.882579019330972159, -68.82812500170697945, 2.882579019330947734 ) ) ;
#3860 = CYLINDRICAL_SURFACE ( 'NONE', #2960, 3.399999999999995914 ) ;
#3861 = CARTESIAN_POINT ( 'NONE',  ( -3.399999999999995914, -54.37500000000000000, -2.380002022187964067E-14 ) ) ;
#3862 = CARTESIAN_POINT ( 'NONE',  ( 4.076582343749995729, -79.53125000170699366, -2.338364031016953865E-14 ) ) ;
#3863 = ORIENTED_EDGE ( 'NONE', *, *, #2399, .T. ) ;
#3864 = PERSON_AND_ORGANIZATION ( #5202, #2556 ) ;
#3865 = DIRECTION ( 'NONE',  ( -0.000000000000000000, -1.000000000000000000, -0.000000000000000000 ) ) ;
#3866 = CARTESIAN_POINT ( 'NONE',  ( 0.000000000000000000, -80.00000000000000000, -2.338364031016953865E-14 ) ) ;
#3867 = CARTESIAN_POINT ( 'NONE',  ( -2.404163056034258172, -55.78125000000000711, -2.404163056034282153 ) ) ;
#3868 = CARTESIAN_POINT ( 'NONE',  ( -1.408326112068569280, -59.45312500341399442, 3.399999999999925304 ) ) ;
#3869 = CARTESIAN_POINT ( 'NONE',  ( -4.076582343749995729, -62.65625000170699366, -1.688575694911971015 ) ) ;
#3870 = CARTESIAN_POINT ( 'NONE',  ( -2.882579019330972159, -66.17187500170699366, 2.882579019330947734 ) ) ;
#3871 = ORIENTED_EDGE ( 'NONE', *, *, #6430, .F. ) ;
#3872 = CARTESIAN_POINT ( 'NONE',  ( 2.081899558550498061E-16, -58.75000000341398732, -3.400000000000019451 ) ) ;
#3873 = EDGE_CURVE ( 'NONE', #5857, #3245, #3906, .T. ) ;
#3874 = CARTESIAN_POINT ( 'NONE',  ( -4.076582343749995729, -56.48437500170699366, -2.388287766204294237E-14 ) ) ;
#3875 = CARTESIAN_POINT ( 'NONE',  ( 1.408326112068521985, -66.01562499999998579, -3.400000000000019007 ) ) ;
#3876 = CARTESIAN_POINT ( 'NONE',  ( -2.882579019330970826, -62.73437500170699366, -2.882579019330995251 ) ) ;
#3877 = CARTESIAN_POINT ( 'NONE',  ( 1.408326112068521985, -67.26562500000000000, -3.400000000000019007 ) ) ;
#3878 = CARTESIAN_POINT ( 'NONE',  ( 1.688575694911947922, -75.93750000170699366, 4.076582343749971749 ) ) ;
#3879 =( BOUNDED_SURFACE ( )  B_SPLINE_SURFACE ( 1, 2, ( 
 ( #4104, #5092, #1046, #3036, #5060, #2187, #5640, #3578, #3548, #5512, #4662, #4040, #3066, #581, #115, #2577, #4629, #3161, #5578, #181, #611, #5027, #1141, #6107, #2610, #5158, #5542, #83, #3642, #6173, #5609, #2057, #4560, #147, #2153, #546, #1110, #3099, #4173, #4528, #6140, #2088, #1667, #4071, #1171, #1633, #3609, #3129, #3517, #5126, #680, #52, #2802, #1763, #1273, #2769, #3807, #3227, #6207, #3323, #4823, #4205, #4296, #5326, #6238, #1734, #2250, #5225, #279, #5289, #4757, #3259, #1794, #3744, #3711, #5808, #5708, #4723, #3776, #346, #5191, #4788, #712, #1241, #3195, #1826, #1336, #6276, #5740, #811, #4235, #744, #2707, #2737, #5255, #310, #844, #778, #2835, #5676, #6310, #5773, #2350, #2280, #244, #4330, #4265, #1306, #1700, #3294, #2315, #3679, #1208, #4693, #214, #2218, #413, #944, #444, #980, #382, #4366, #5911, #5968, #2475, #2414, #5879, #6345, #1962, #4461, #6476, #4952, #5418, #1990, #5391, #881, #1406, #3971, #3390, #3446, #1468, #1499, #2901, #478, #5941, #3479, #4433, #4398, #3840, #2445, #913, #4891, #5475, #4984, #3908, #6444, #510, #1863, #1009, #2505, #5446, #6380, #3943, #2868, #4922, #2962, #3419, #2998, #2930, #6414, #5844, #1374, #3357, #1931, #5360, #1440, #4861, #1898, #2384, #3875, #3030, #4521, #6068, #1594, #13, #4034, #2636, #635, #2018, #2114, #540, #1071, #4002, #5084, #2604, #2534, #3058, #107, #1166, #1530, #1134, #3511, #46, #6005, #4622, #2147, #4588, #2082, #1624, #575, #1560, #5506, #5536, #2569, #3123, #4130, #3572, #6134, #1040, #140, #4097, #1660, #4555, #2051, #3155, #77, #605, #3636, #6034, #3542, #5569, #5054, #4065, #5634, #6100, #1103, #3093, #3602, #5602, #5021, #5120, #5152, #673, #4488, #3221, #2212, #2667, #4749, #803, #5281, #1296, #1757, #2795, #1728, #3670, #4199, #4781, #6200, #6268, #4258, #4288, #5702, #3284, #2272, #303, #770, #5217, #173, #3251, #3704, #1234, #2307, #1330, #236, #5248, #3315, #4656, #6302, #5319, #1786, #706, #2761, #5668, #1267, #3769, #6232, #270, #3738, #736, #1818, #3801, #5801, #2731, #2180, #4717, #5734, #2699, #5765, #2244, #1199, #4687, #4229, #4165, #6167, #1693, #3189, #5184, #207, #4914, #3348, #3867, #337, #1428, #5412, #2375, #5903, #4425, #1923, #406, #934, #5385, #2860, #2954, #2437, #1955, #2341, #906, #4815, #5961, #1855, #1983, #3899, #3832, #4883, #472, #3412, #2827, #1492, #2923, #5836, #436, #2894, #2407, #4391, #6405, #6438, #3933, #4357, #5933, #1462, #4321, #6336, #6372, #3471, #4945, #3383, #5352, #1365, #6466, #872, #374, #1890, #3438, #5870, #5438, #2468, #972, #3964, #4454, #4852, #835, #1398, #4545, #627, #5996, #2041, #5594, #1650, #1094, #3994, #1523, #2595, #4088, #2496, #3532 ),
 ( #5468, #5558, #3563, #1552, #97, #5528, #5043, #68, #1126, #530, #3503, #2628, #2139, #5499, #1615, #4613, #1062, #1031, #6026, #3594, #3021, #3115, #131, #2073, #4056, #4121, #37, #6124, #4025, #5009, #6058, #3050, #2525, #503, #596, #4510, #564, #2560, #1585, #3083, #5075, #1002, #4578, #2104, #4975, #2012, #6091, #5112, #2989, #4481, #5, #3758, #3240, #2788, #1748, #5174, #3275, #2297, #1224, #6222, #4279, #3627, #5273, #6292, #2752, #1683, #3727, #164, #2234, #5239, #725, #1257, #2722, #697, #1777, #4249, #795, #2689, #6256, #6190, #4709, #3661, #4221, #197, #2169, #5657, #5206, #229, #5625, #3178, #5755, #1287, #1157, #761, #6157, #2202, #3146, #5724, #4740, #4677, #261, #2264, #4772, #3211, #294, #1716, #1188, #5143, #4189, #3693, #661, #2657, #4646, #4155, #5692, #3823, #3308, #1950, #5927, #6397, #5862, #5407, #4348, #5342, #826, #2853, #6363, #429, #1457, #901, #3434, #5791, #4414, #3893, #5433, #1881, #5826, #462, #3859, #4384, #965, #4313, #3339, #2888, #1356, #1391, #6433, #1915, #2367, #4877, #2402, #2917, #2333, #6328, #3374, #2948, #3926, #5378, #861, #1810, #5898, #4939, #2463, #2432, #400, #4449, #4843, #2818, #366, #3792, #1423, #929, #3407, #1322, #4910, #5309, #4803, #329, #1845, #2520, #3959, #557, #5491, #30, #2035, #4018, #2552, #3557, #1514, #5037, #1545, #5957, #1485, #3497, #5106, #2097, #4504, #2490, #1979, #5588, #495, #5988, #1025, #3044, #3013, #5552, #6083, #6020, #1120, #3527, #3465, #4049, #4538, #5521, #1609, #4475, #5000, #91, #2621, #2067, #4969, #6492, #1087, #5069, #5462, #1055, #61, #3109, #996, #3077, #3988, #590, #2005, #2589, #6051, #1576, #4571, #6461, #4081, #3588, #621, #2981, #525, #4184, #5686, #254, #6152, #2652, #6247, #1282, #653, #754, #1772, #2683, #4639, #5168, #2746, #157, #2259, #3753, #1217, #3206, #3271, #5651, #5749, #1181, #2163, #5200, #2197, #1677, #6118, #6216, #4149, #3655, #3172, #4671, #6184, #691, #5267, #720, #2716, #4115, #1153, #1710, #224, #3688, #4703, #191, #4734, #4216, #789, #2228, #1743, #5719, #1644, #3720, #2131, #4606, #5619, #125, #1251, #3139, #3235, #4244, #5234, #3620, #5137, #2880, #1317, #4871, #4833, #922, #5400, #1415, #1873, #2910, #1839, #3786, #2326, #4903, #6321, #6390, #4376, #4407, #5819, #3400, #2394, #422, #892, #5336, #289, #3367, #3817, #4306, #2424, #1450, #357, #5370, #3428, #2780, #6424, #5427, #1908, #821, #393, #5786, #1383, #3885, #6355, #5889, #3850, #1348, #1942, #3918, #5921, #3333, #4767, #854, #5855, #2812, #2291, #2846, #3304, #4798, #4341, #4275, #6287, #2360, #1805, #5301, #322, #5122, #3457, #4067, #454, #1626, #5605, #2571, #6102, #4624, #2116, #607, #1136, #5571, #2972 ) ),
 .UNSPECIFIED., .F., .F., .T. ) 
 B_SPLINE_SURFACE_WITH_KNOTS ( ( 2, 2 ),
 ( 3, 2, 2, 2, 2, 2, 2, 2, 2, 2, 2, 2, 2, 2, 2, 2, 2, 2, 2, 2, 2, 2, 2, 2, 2, 2, 2, 2, 2, 2, 2, 2, 2, 2, 2, 2, 2, 2, 2, 2, 2, 2, 2, 2, 2, 2, 2, 2, 2, 2, 2, 2, 2, 2, 2, 2, 2, 2, 2, 2, 2, 2, 2, 2, 2, 2, 2, 2, 2, 2, 2, 2, 2, 2, 2, 2, 2, 2, 2, 2, 2, 2, 2, 2, 2, 2, 2, 2, 2, 2, 2, 2, 2, 2, 2, 2, 2, 2, 2, 2, 2, 2, 2, 2, 2, 2, 2, 2, 2, 2, 2, 2, 2, 2, 2, 2, 2, 2, 2, 2, 2, 2, 2, 2, 2, 2, 2, 2, 2, 2, 2, 2, 2, 2, 2, 2, 2, 2, 2, 2, 2, 2, 2, 2, 2, 2, 2, 2, 2, 2, 2, 2, 2, 2, 2, 2, 2, 2, 2, 2, 2, 2, 2, 2, 2, 2, 2, 2, 2, 2, 2, 2, 2, 2, 2, 2, 2, 2, 2, 2, 2, 2, 2, 2, 2, 2, 2, 2, 2, 2, 2, 2, 3 ),
 ( 0.000000000000000000, 1.000000000000000000 ),
 ( 0.000000000000000000, 0.005208333333333333044, 0.01041666666666666609, 0.01562500000000000000, 0.02083333333333333218, 0.02604166666666666782, 0.03125000000000000000, 0.03645833333333333565, 0.04166666666666666435, 0.04687500000000000000, 0.05208333333333333565, 0.05729166666666666435, 0.06250000000000000000, 0.06770833333333332871, 0.07291666666666667129, 0.07812500000000000000, 0.08333333333333332871, 0.08854166666666667129, 0.09375000000000000000, 0.09895833333333332871, 0.1041666666666666713, 0.1093750000000000000, 0.1145833333333333287, 0.1197916666666666713, 0.1250000000000000000, 0.1302083333333333426, 0.1354166666666666574, 0.1406250000000000000, 0.1458333333333333426, 0.1510416666666666574, 0.1562500000000000000, 0.1614583333333333426, 0.1666666666666666574, 0.1718750000000000000, 0.1770833333333333426, 0.1822916666666666574, 0.1875000000000000000, 0.1927083333333333426, 0.1979166666666666574, 0.2031250000000000000, 0.2083333333333333426, 0.2135416666666666574, 0.2187500000000000000, 0.2239583333333333426, 0.2291666666666666574, 0.2343750000000000000, 0.2395833333333333426, 0.2447916666666666574, 0.2500000000000000000, 0.2552083333333333148, 0.2604166666666666852, 0.2656250000000000000, 0.2708333333333333148, 0.2760416666666666852, 0.2812500000000000000, 0.2864583333333333148, 0.2916666666666666852, 0.2968750000000000000, 0.3020833333333333148, 0.3072916666666666852, 0.3125000000000000000, 0.3177083333333333148, 0.3229166666666666852, 0.3281250000000000000, 0.3333333333333333148, 0.3385416666666666852, 0.3437500000000000000, 0.3489583333333333148, 0.3541666666666666852, 0.3593750000000000000, 0.3645833333333333148, 0.3697916666666666852, 0.3750000000000000000, 0.3802083333333333148, 0.3854166666666666852, 0.3906250000000000000, 0.3958333333333333148, 0.4010416666666666852, 0.4062500000000000000, 0.4114583333333333148, 0.4166666666666666852, 0.4218750000000000000, 0.4270833333333333148, 0.4322916666666666852, 0.4375000000000000000, 0.4427083333333333148, 0.4479166666666666852, 0.4531250000000000000, 0.4583333333333333148, 0.4635416666666666852, 0.4687500000000000000, 0.4739583333333333148, 0.4791666666666666852, 0.4843750000000000000, 0.4895833333333333148, 0.4947916666666666852, 0.5000000000000000000, 0.5052083333333333703, 0.5104166666666666297, 0.5156250000000000000, 0.5208333333333333703, 0.5260416666666666297, 0.5312500000000000000, 0.5364583333333333703, 0.5416666666666666297, 0.5468750000000000000, 0.5520833333333333703, 0.5572916666666666297, 0.5625000000000000000, 0.5677083333333333703, 0.5729166666666666297, 0.5781250000000000000, 0.5833333333333333703, 0.5885416666666666297, 0.5937500000000000000, 0.5989583333333333703, 0.6041666666666666297, 0.6093750000000000000, 0.6145833333333333703, 0.6197916666666666297, 0.6250000000000000000, 0.6302083333333333703, 0.6354166666666666297, 0.6406250000000000000, 0.6458333333333333703, 0.6510416666666666297, 0.6562500000000000000, 0.6614583333333333703, 0.6666666666666666297, 0.6718750000000000000, 0.6770833333333333703, 0.6822916666666666297, 0.6875000000000000000, 0.6927083333333333703, 0.6979166666666666297, 0.7031250000000000000, 0.7083333333333333703, 0.7135416666666666297, 0.7187500000000000000, 0.7239583333333333703, 0.7291666666666666297, 0.7343750000000000000, 0.7395833333333333703, 0.7447916666666666297, 0.7500000000000000000, 0.7552083333333333703, 0.7604166666666666297, 0.7656250000000000000, 0.7708333333333333703, 0.7760416666666666297, 0.7812500000000000000, 0.7864583333333333703, 0.7916666666666666297, 0.7968750000000000000, 0.8020833333333333703, 0.8072916666666666297, 0.8125000000000000000, 0.8177083333333333703, 0.8229166666666666297, 0.8281250000000000000, 0.8333333333333333703, 0.8385416666666666297, 0.8437500000000000000, 0.8489583333333333703, 0.8541666666666666297, 0.8593750000000000000, 0.8645833333333333703, 0.8697916666666666297, 0.8750000000000000000, 0.8802083333333333703, 0.8854166666666666297, 0.8906250000000000000, 0.8958333333333333703, 0.9010416666666666297, 0.9062500000000000000, 0.9114583333333333703, 0.9166666666666666297, 0.9218750000000000000, 0.9270833333333333703, 0.9322916666666666297, 0.9375000000000000000, 0.9427083333333333703, 0.9479166666666666297, 0.9531250000000000000, 0.9583333333333333703, 0.9635416666666666297, 0.9687500000000000000, 0.9739583333333333703, 0.9791666666666666297, 0.9843750000000000000, 0.9895833333333333703, 0.9947916666666666297, 1.000000000000000000 ),
 .UNSPECIFIED. ) 
 GEOMETRIC_REPRESENTATION_ITEM ( )  RATIONAL_B_SPLINE_SURFACE ( (
 ( 1.000000000000000000, 0.9238795325112867385, 1.000000000000000000, 0.9238795325112867385, 1.000000000000000000, 0.9238795325112867385, 1.000000000000000000, 0.9238795325112867385, 1.000000000000000000, 0.9238795325112867385, 1.000000000000000000, 0.9238795325112867385, 1.000000000000000000, 0.9238795325112867385, 1.000000000000000000, 0.9238795325112867385, 1.000000000000000000, 0.9238795325112867385, 1.000000000000000000, 0.9238795325112867385, 1.000000000000000000, 0.9238795325112867385, 1.000000000000000000, 0.9238795325112867385, 1.000000000000000000, 0.9238795325112867385, 1.000000000000000000, 0.9238795325112867385, 1.000000000000000000, 0.9238795325112867385, 1.000000000000000000, 0.9238795325112867385, 1.000000000000000000, 0.9238795325112867385, 1.000000000000000000, 0.9238795325112867385, 1.000000000000000000, 0.9238795325112867385, 1.000000000000000000, 0.9238795325112867385, 1.000000000000000000, 0.9238795325112867385, 1.000000000000000000, 0.9238795325112867385, 1.000000000000000000, 0.9238795325112867385, 1.000000000000000000, 0.9238795325112867385, 1.000000000000000000, 0.9238795325112867385, 1.000000000000000000, 0.9238795325112867385, 1.000000000000000000, 0.9238795325112867385, 1.000000000000000000, 0.9238795325112867385, 1.000000000000000000, 0.9238795325112867385, 1.000000000000000000, 0.9238795325112867385, 1.000000000000000000, 0.9238795325112867385, 1.000000000000000000, 0.9238795325112867385, 1.000000000000000000, 0.9238795325112867385, 1.000000000000000000, 0.9238795325112867385, 1.000000000000000000, 0.9238795325112867385, 1.000000000000000000, 0.9238795325112867385, 1.000000000000000000, 0.9238795325112867385, 1.000000000000000000, 0.9238795325112867385, 1.000000000000000000, 0.9238795325112867385, 1.000000000000000000, 0.9238795325112867385, 1.000000000000000000, 0.9238795325112867385, 1.000000000000000000, 0.9238795325112867385, 1.000000000000000000, 0.9238795325112867385, 1.000000000000000000, 0.9238795325112867385, 1.000000000000000000, 0.9238795325112867385, 1.000000000000000000, 0.9238795325112867385, 1.000000000000000000, 0.9238795325112867385, 1.000000000000000000, 0.9238795325112867385, 1.000000000000000000, 0.9238795325112867385, 1.000000000000000000, 0.9238795325112867385, 1.000000000000000000, 0.9238795325112867385, 1.000000000000000000, 0.9238795325112867385, 1.000000000000000000, 0.9238795325112867385, 1.000000000000000000, 0.9238795325112867385, 1.000000000000000000, 0.9238795325112867385, 1.000000000000000000, 0.9238795325112867385, 1.000000000000000000, 0.9238795325112867385, 1.000000000000000000, 0.9238795325112867385, 1.000000000000000000, 0.9238795325112867385, 1.000000000000000000, 0.9238795325112867385, 1.000000000000000000, 0.9238795325112867385, 1.000000000000000000, 0.9238795325112867385, 1.000000000000000000, 0.9238795325112867385, 1.000000000000000000, 0.9238795325112867385, 1.000000000000000000, 0.9238795325112867385, 1.000000000000000000, 0.9238795325112867385, 1.000000000000000000, 0.9238795325112867385, 1.000000000000000000, 0.9238795325112867385, 1.000000000000000000, 0.9238795325112867385, 1.000000000000000000, 0.9238795325112867385, 1.000000000000000000, 0.9238795325112867385, 1.000000000000000000, 0.9238795325112867385, 1.000000000000000000, 0.9238795325112867385, 1.000000000000000000, 0.9238795325112867385, 1.000000000000000000, 0.9238795325112867385, 1.000000000000000000, 0.9238795325112867385, 1.000000000000000000, 0.9238795325112867385, 1.000000000000000000, 0.9238795325112867385, 1.000000000000000000, 0.9238795325112867385, 1.000000000000000000, 0.9238795325112867385, 1.000000000000000000, 0.9238795325112867385, 1.000000000000000000, 0.9238795325112867385, 1.000000000000000000, 0.9238795325112867385, 1.000000000000000000, 0.9238795325112867385, 1.000000000000000000, 0.9238795325112867385, 1.000000000000000000, 0.9238795325112867385, 1.000000000000000000, 0.9238795325112867385, 1.000000000000000000, 0.9238795325112867385, 1.000000000000000000, 0.9238795325112867385, 1.000000000000000000, 0.9238795325112867385, 1.000000000000000000, 0.9238795325112867385, 1.000000000000000000, 0.9238795325112867385, 1.000000000000000000, 0.9238795325112867385, 1.000000000000000000, 0.9238795325112867385, 1.000000000000000000, 0.9238795325112867385, 1.000000000000000000, 0.9238795325112867385, 1.000000000000000000, 0.9238795325112867385, 1.000000000000000000, 0.9238795325112867385, 1.000000000000000000, 0.9238795325112867385, 1.000000000000000000, 0.9238795325112867385, 1.000000000000000000, 0.9238795325112867385, 1.000000000000000000, 0.9238795325112867385, 1.000000000000000000, 0.9238795325112867385, 1.000000000000000000, 0.9238795325112867385, 1.000000000000000000, 0.9238795325112867385, 1.000000000000000000, 0.9238795325112867385, 1.000000000000000000, 0.9238795325112867385, 1.000000000000000000, 0.9238795325112867385, 1.000000000000000000, 0.9238795325112867385, 1.000000000000000000, 0.9238795325112867385, 1.000000000000000000, 0.9238795325112867385, 1.000000000000000000, 0.9238795325112867385, 1.000000000000000000, 0.9238795325112867385, 1.000000000000000000, 0.9238795325112867385, 1.000000000000000000, 0.9238795325112867385, 1.000000000000000000, 0.9238795325112867385, 1.000000000000000000, 0.9238795325112867385, 1.000000000000000000, 0.9238795325112867385, 1.000000000000000000, 0.9238795325112867385, 1.000000000000000000, 0.9238795325112867385, 1.000000000000000000, 0.9238795325112867385, 1.000000000000000000, 0.9238795325112867385, 1.000000000000000000, 0.9238795325112867385, 1.000000000000000000, 0.9238795325112867385, 1.000000000000000000, 0.9238795325112867385, 1.000000000000000000, 0.9238795325112867385, 1.000000000000000000, 0.9238795325112867385, 1.000000000000000000, 0.9238795325112867385, 1.000000000000000000, 0.9238795325112867385, 1.000000000000000000, 0.9238795325112867385, 1.000000000000000000, 0.9238795325112867385, 1.000000000000000000, 0.9238795325112867385, 1.000000000000000000, 0.9238795325112867385, 1.000000000000000000, 0.9238795325112867385, 1.000000000000000000, 0.9238795325112867385, 1.000000000000000000, 0.9238795325112867385, 1.000000000000000000, 0.9238795325112867385, 1.000000000000000000, 0.9238795325112867385, 1.000000000000000000, 0.9238795325112867385, 1.000000000000000000, 0.9238795325112867385, 1.000000000000000000, 0.9238795325112867385, 1.000000000000000000, 0.9238795325112867385, 1.000000000000000000, 0.9238795325112867385, 1.000000000000000000, 0.9238795325112867385, 1.000000000000000000, 0.9238795325112867385, 1.000000000000000000, 0.9238795325112867385, 1.000000000000000000, 0.9238795325112867385, 1.000000000000000000, 0.9238795325112867385, 1.000000000000000000, 0.9238795325112867385, 1.000000000000000000, 0.9238795325112867385, 1.000000000000000000, 0.9238795325112867385, 1.000000000000000000, 0.9238795325112867385, 1.000000000000000000, 0.9238795325112867385, 1.000000000000000000, 0.9238795325112867385, 1.000000000000000000, 0.9238795325112867385, 1.000000000000000000, 0.9238795325112867385, 1.000000000000000000, 0.9238795325112867385, 1.000000000000000000, 0.9238795325112867385, 1.000000000000000000, 0.9238795325112867385, 1.000000000000000000, 0.9238795325112867385, 1.000000000000000000, 0.9238795325112867385, 1.000000000000000000, 0.9238795325112867385, 1.000000000000000000, 0.9238795325112867385, 1.000000000000000000, 0.9238795325112867385, 1.000000000000000000, 0.9238795325112867385, 1.000000000000000000, 0.9238795325112867385, 1.000000000000000000, 0.9238795325112867385, 1.000000000000000000, 0.9238795325112867385, 1.000000000000000000, 0.9238795325112867385, 1.000000000000000000, 0.9238795325112867385, 1.000000000000000000, 0.9238795325112867385, 1.000000000000000000, 0.9238795325112867385, 1.000000000000000000, 0.9238795325112867385, 1.000000000000000000, 0.9238795325112867385, 1.000000000000000000, 0.9238795325112867385, 1.000000000000000000, 0.9238795325112867385, 1.000000000000000000, 0.9238795325112867385, 1.000000000000000000, 0.9238795325112867385, 1.000000000000000000, 0.9238795325112867385, 1.000000000000000000, 0.9238795325112867385, 1.000000000000000000, 0.9238795325112867385, 1.000000000000000000, 0.9238795325112867385, 1.000000000000000000, 0.9238795325112867385, 1.000000000000000000, 0.9238795325112867385, 1.000000000000000000, 0.9238795325112867385, 1.000000000000000000, 0.9238795325112867385, 1.000000000000000000, 0.9238795325112867385, 1.000000000000000000, 0.9238795325112867385, 1.000000000000000000, 0.9238795325112867385, 1.000000000000000000, 0.9238795325112867385, 1.000000000000000000, 0.9238795325112867385, 1.000000000000000000, 0.9238795325112867385, 1.000000000000000000),
 ( 1.000000000000000000, 0.9238795325112867385, 1.000000000000000000, 0.9238795325112867385, 1.000000000000000000, 0.9238795325112867385, 1.000000000000000000, 0.9238795325112867385, 1.000000000000000000, 0.9238795325112867385, 1.000000000000000000, 0.9238795325112867385, 1.000000000000000000, 0.9238795325112867385, 1.000000000000000000, 0.9238795325112867385, 1.000000000000000000, 0.9238795325112867385, 1.000000000000000000, 0.9238795325112867385, 1.000000000000000000, 0.9238795325112867385, 1.000000000000000000, 0.9238795325112867385, 1.000000000000000000, 0.9238795325112867385, 1.000000000000000000, 0.9238795325112867385, 1.000000000000000000, 0.9238795325112867385, 1.000000000000000000, 0.9238795325112867385, 1.000000000000000000, 0.9238795325112867385, 1.000000000000000000, 0.9238795325112867385, 1.000000000000000000, 0.9238795325112867385, 1.000000000000000000, 0.9238795325112867385, 1.000000000000000000, 0.9238795325112867385, 1.000000000000000000, 0.9238795325112867385, 1.000000000000000000, 0.9238795325112867385, 1.000000000000000000, 0.9238795325112867385, 1.000000000000000000, 0.9238795325112867385, 1.000000000000000000, 0.9238795325112867385, 1.000000000000000000, 0.9238795325112867385, 1.000000000000000000, 0.9238795325112867385, 1.000000000000000000, 0.9238795325112867385, 1.000000000000000000, 0.9238795325112867385, 1.000000000000000000, 0.9238795325112867385, 1.000000000000000000, 0.9238795325112867385, 1.000000000000000000, 0.9238795325112867385, 1.000000000000000000, 0.9238795325112867385, 1.000000000000000000, 0.9238795325112867385, 1.000000000000000000, 0.9238795325112867385, 1.000000000000000000, 0.9238795325112867385, 1.000000000000000000, 0.9238795325112867385, 1.000000000000000000, 0.9238795325112867385, 1.000000000000000000, 0.9238795325112867385, 1.000000000000000000, 0.9238795325112867385, 1.000000000000000000, 0.9238795325112867385, 1.000000000000000000, 0.9238795325112867385, 1.000000000000000000, 0.9238795325112867385, 1.000000000000000000, 0.9238795325112867385, 1.000000000000000000, 0.9238795325112867385, 1.000000000000000000, 0.9238795325112867385, 1.000000000000000000, 0.9238795325112867385, 1.000000000000000000, 0.9238795325112867385, 1.000000000000000000, 0.9238795325112867385, 1.000000000000000000, 0.9238795325112867385, 1.000000000000000000, 0.9238795325112867385, 1.000000000000000000, 0.9238795325112867385, 1.000000000000000000, 0.9238795325112867385, 1.000000000000000000, 0.9238795325112867385, 1.000000000000000000, 0.9238795325112867385, 1.000000000000000000, 0.9238795325112867385, 1.000000000000000000, 0.9238795325112867385, 1.000000000000000000, 0.9238795325112867385, 1.000000000000000000, 0.9238795325112867385, 1.000000000000000000, 0.9238795325112867385, 1.000000000000000000, 0.9238795325112867385, 1.000000000000000000, 0.9238795325112867385, 1.000000000000000000, 0.9238795325112867385, 1.000000000000000000, 0.9238795325112867385, 1.000000000000000000, 0.9238795325112867385, 1.000000000000000000, 0.9238795325112867385, 1.000000000000000000, 0.9238795325112867385, 1.000000000000000000, 0.9238795325112867385, 1.000000000000000000, 0.9238795325112867385, 1.000000000000000000, 0.9238795325112867385, 1.000000000000000000, 0.9238795325112867385, 1.000000000000000000, 0.9238795325112867385, 1.000000000000000000, 0.9238795325112867385, 1.000000000000000000, 0.9238795325112867385, 1.000000000000000000, 0.9238795325112867385, 1.000000000000000000, 0.9238795325112867385, 1.000000000000000000, 0.9238795325112867385, 1.000000000000000000, 0.9238795325112867385, 1.000000000000000000, 0.9238795325112867385, 1.000000000000000000, 0.9238795325112867385, 1.000000000000000000, 0.9238795325112867385, 1.000000000000000000, 0.9238795325112867385, 1.000000000000000000, 0.9238795325112867385, 1.000000000000000000, 0.9238795325112867385, 1.000000000000000000, 0.9238795325112867385, 1.000000000000000000, 0.9238795325112867385, 1.000000000000000000, 0.9238795325112867385, 1.000000000000000000, 0.9238795325112867385, 1.000000000000000000, 0.9238795325112867385, 1.000000000000000000, 0.9238795325112867385, 1.000000000000000000, 0.9238795325112867385, 1.000000000000000000, 0.9238795325112867385, 1.000000000000000000, 0.9238795325112867385, 1.000000000000000000, 0.9238795325112867385, 1.000000000000000000, 0.9238795325112867385, 1.000000000000000000, 0.9238795325112867385, 1.000000000000000000, 0.9238795325112867385, 1.000000000000000000, 0.9238795325112867385, 1.000000000000000000, 0.9238795325112867385, 1.000000000000000000, 0.9238795325112867385, 1.000000000000000000, 0.9238795325112867385, 1.000000000000000000, 0.9238795325112867385, 1.000000000000000000, 0.9238795325112867385, 1.000000000000000000, 0.9238795325112867385, 1.000000000000000000, 0.9238795325112867385, 1.000000000000000000, 0.9238795325112867385, 1.000000000000000000, 0.9238795325112867385, 1.000000000000000000, 0.9238795325112867385, 1.000000000000000000, 0.9238795325112867385, 1.000000000000000000, 0.9238795325112867385, 1.000000000000000000, 0.9238795325112867385, 1.000000000000000000, 0.9238795325112867385, 1.000000000000000000, 0.9238795325112867385, 1.000000000000000000, 0.9238795325112867385, 1.000000000000000000, 0.9238795325112867385, 1.000000000000000000, 0.9238795325112867385, 1.000000000000000000, 0.9238795325112867385, 1.000000000000000000, 0.9238795325112867385, 1.000000000000000000, 0.9238795325112867385, 1.000000000000000000, 0.9238795325112867385, 1.000000000000000000, 0.9238795325112867385, 1.000000000000000000, 0.9238795325112867385, 1.000000000000000000, 0.9238795325112867385, 1.000000000000000000, 0.9238795325112867385, 1.000000000000000000, 0.9238795325112867385, 1.000000000000000000, 0.9238795325112867385, 1.000000000000000000, 0.9238795325112867385, 1.000000000000000000, 0.9238795325112867385, 1.000000000000000000, 0.9238795325112867385, 1.000000000000000000, 0.9238795325112867385, 1.000000000000000000, 0.9238795325112867385, 1.000000000000000000, 0.9238795325112867385, 1.000000000000000000, 0.9238795325112867385, 1.000000000000000000, 0.9238795325112867385, 1.000000000000000000, 0.9238795325112867385, 1.000000000000000000, 0.9238795325112867385, 1.000000000000000000, 0.9238795325112867385, 1.000000000000000000, 0.9238795325112867385, 1.000000000000000000, 0.9238795325112867385, 1.000000000000000000, 0.9238795325112867385, 1.000000000000000000, 0.9238795325112867385, 1.000000000000000000, 0.9238795325112867385, 1.000000000000000000, 0.9238795325112867385, 1.000000000000000000, 0.9238795325112867385, 1.000000000000000000, 0.9238795325112867385, 1.000000000000000000, 0.9238795325112867385, 1.000000000000000000, 0.9238795325112867385, 1.000000000000000000, 0.9238795325112867385, 1.000000000000000000, 0.9238795325112867385, 1.000000000000000000, 0.9238795325112867385, 1.000000000000000000, 0.9238795325112867385, 1.000000000000000000, 0.9238795325112867385, 1.000000000000000000, 0.9238795325112867385, 1.000000000000000000, 0.9238795325112867385, 1.000000000000000000, 0.9238795325112867385, 1.000000000000000000, 0.9238795325112867385, 1.000000000000000000, 0.9238795325112867385, 1.000000000000000000, 0.9238795325112867385, 1.000000000000000000, 0.9238795325112867385, 1.000000000000000000, 0.9238795325112867385, 1.000000000000000000, 0.9238795325112867385, 1.000000000000000000, 0.9238795325112867385, 1.000000000000000000, 0.9238795325112867385, 1.000000000000000000, 0.9238795325112867385, 1.000000000000000000, 0.9238795325112867385, 1.000000000000000000, 0.9238795325112867385, 1.000000000000000000, 0.9238795325112867385, 1.000000000000000000, 0.9238795325112867385, 1.000000000000000000, 0.9238795325112867385, 1.000000000000000000, 0.9238795325112867385, 1.000000000000000000, 0.9238795325112867385, 1.000000000000000000, 0.9238795325112867385, 1.000000000000000000, 0.9238795325112867385, 1.000000000000000000, 0.9238795325112867385, 1.000000000000000000, 0.9238795325112867385, 1.000000000000000000, 0.9238795325112867385, 1.000000000000000000, 0.9238795325112867385, 1.000000000000000000, 0.9238795325112867385, 1.000000000000000000, 0.9238795325112867385, 1.000000000000000000, 0.9238795325112867385, 1.000000000000000000, 0.9238795325112867385, 1.000000000000000000, 0.9238795325112867385, 1.000000000000000000, 0.9238795325112867385, 1.000000000000000000, 0.9238795325112867385, 1.000000000000000000, 0.9238795325112867385, 1.000000000000000000, 0.9238795325112867385, 1.000000000000000000, 0.9238795325112867385, 1.000000000000000000, 0.9238795325112867385, 1.000000000000000000, 0.9238795325112867385, 1.000000000000000000, 0.9238795325112867385, 1.000000000000000000, 0.9238795325112867385, 1.000000000000000000) ) ) 
 REPRESENTATION_ITEM ( '' )  SURFACE ( )  );
#3880 = CARTESIAN_POINT ( 'NONE',  ( 3.399999999999995470, -73.98437500341398732, -1.408326112068545521 ) ) ;
#3881 = CARTESIAN_POINT ( 'NONE',  ( -2.882579019330970826, -71.64062500170699366, -2.882579019330995251 ) ) ;
#3882 = CARTESIAN_POINT ( 'NONE',  ( -3.257881853117320592, -79.41707671307054284, -1.134310504910947870 ) ) ;
#3883 = CARTESIAN_POINT ( 'NONE',  ( -2.882579019330970826, -76.48437500170699366, -2.882579019330995251 ) ) ;
#3884 = CARTESIAN_POINT ( 'NONE',  ( -3.399999999999995914, -52.18750000341398732, -2.380002022187964067E-14 ) ) ;
#3885 = CARTESIAN_POINT ( 'NONE',  ( -1.688575694911949698, -52.50000000170699366, 4.076582343749971749 ) ) ;
#3886 = CARTESIAN_POINT ( 'NONE',  ( 2.882579019330971715, -69.45312500170697945, -2.882579019330995251 ) ) ;
#3887 = ORIENTED_EDGE ( 'NONE', *, *, #3939, .F. ) ;
#3888 = CARTESIAN_POINT ( 'NONE',  ( 2.081899558550498061E-16, -78.75000000341398732, -3.400000000000019451 ) ) ;
#3889 = CYLINDRICAL_SURFACE ( 'NONE', #1518, 3.399999999999995914 ) ;
#3890 = ADVANCED_FACE ( 'NONE', ( #2203 ), #1225, .F. ) ;
#3891 = CARTESIAN_POINT ( 'NONE',  ( -2.882579019330970826, -60.23437500170699366, -2.882579019330995251 ) ) ;
#3892 = CARTESIAN_POINT ( 'NONE',  ( 3.399999999999995470, -65.23437500341398732, -1.408326112068545521 ) ) ;
#3893 = CARTESIAN_POINT ( 'NONE',  ( -1.688575694911946590, -69.21875000170702208, -4.076582343750018822 ) ) ;
#3894 = CARTESIAN_POINT ( 'NONE',  ( 3.399999999999995026, -77.57812500000000000, 1.408326112068500446 ) ) ;
#3895 = CARTESIAN_POINT ( 'NONE',  ( 2.404163056034257728, -76.71875000341397310, 2.404163056034235968 ) ) ;
#3896 = VECTOR ( 'NONE', #6154, 1000.000000000000000 ) ;
#3897 = FACE_OUTER_BOUND ( 'NONE', #2277, .T. ) ;
#3898 = CARTESIAN_POINT ( 'NONE',  ( 0.000000000000000000, -80.00000000000000000, -3.400000000000019451 ) ) ;
#3899 = CARTESIAN_POINT ( 'NONE',  ( -1.408326112068523317, -54.14062499999999289, 3.399999999999972378 ) ) ;
#3900 = CIRCLE ( 'NONE', #5374, 6.499999999999999112 ) ;
#3901 = CARTESIAN_POINT ( 'NONE',  ( 3.399999999999995914, -68.67187500000001421, -1.408326112068545521 ) ) ;
#3902 = CARTESIAN_POINT ( 'NONE',  ( -6.245698675651493936E-16, -62.81249999999999289, 3.399999999999972378 ) ) ;
#3903 = CARTESIAN_POINT ( 'NONE',  ( -1.688575694911946590, -57.81250000170701497, -4.076582343750019710 ) ) ;
#3904 = CARTESIAN_POINT ( 'NONE',  ( 4.076582343749995729, -66.95312500170699366, -2.338364031016953865E-14 ) ) ;
#3905 = VERTEX_POINT ( 'NONE', #2723 ) ;
#3906 =( BOUNDED_CURVE ( )  B_SPLINE_CURVE ( 2, ( #5595, #5240, #762, #2629, #132, #198, #1158, #5626, #6126 ),
 .UNSPECIFIED., .F., .T. ) 
 B_SPLINE_CURVE_WITH_KNOTS ( ( 3, 2, 2, 2, 3 ),
 ( 0.3020833333333333703, 0.3072916666666667407, 0.3125000000000000000, 0.3177083333333333148, 0.3229166666666666852 ),
 .UNSPECIFIED. ) 
 CURVE ( )  GEOMETRIC_REPRESENTATION_ITEM ( )  RATIONAL_B_SPLINE_CURVE ( ( 0.9999999999999992228, 0.9238795325112875156, 1.000000000000000000, 0.9238795325112867385, 1.000000000000000000, 0.9238795325112867385, 1.000000000000000000, 0.9238795325112867385, 1.000000000000000000 ) ) 
 REPRESENTATION_ITEM ( '' )  );
#3907 = CARTESIAN_POINT ( 'NONE',  ( -4.076582343749995729, -53.98437500170698655, -2.388287766204294237E-14 ) ) ;
#3908 = CARTESIAN_POINT ( 'NONE',  ( -2.404163056034259061, -67.96875000000000000, 2.404163056034235080 ) ) ;
#3909 = CARTESIAN_POINT ( 'NONE',  ( -4.076582343749995729, -62.65625000170699366, -1.688575694911971015 ) ) ;
#3910 = CARTESIAN_POINT ( 'NONE',  ( 2.404163056034257728, -67.65625000000000000, 2.404163056034235968 ) ) ;
#3911 = CARTESIAN_POINT ( 'NONE',  ( -1.688575694911946590, -75.31250000170699366, -4.076582343750019710 ) ) ;
#3912 = AXIS2_PLACEMENT_3D ( 'NONE', #4226, #5867, #3345 ) ;
#3913 = CARTESIAN_POINT ( 'NONE',  ( 3.399999999999995470, -67.73437500341398732, -1.408326112068545521 ) ) ;
#3914 = CARTESIAN_POINT ( 'NONE',  ( 2.496186759367024056E-16, -70.54687500170699366, -4.076582343750019710 ) ) ;
#3915 = CARTESIAN_POINT ( 'NONE',  ( -6.245698675651493936E-16, -69.06250000000000000, 3.399999999999972378 ) ) ;
#3916 = CARTESIAN_POINT ( 'NONE',  ( -2.882579019330970826, -75.23437500170699366, -2.882579019330995251 ) ) ;
#3917 = CARTESIAN_POINT ( 'NONE',  ( -1.408326112068521319, -51.17187500341398021, -3.400000000000019007 ) ) ;
#3918 = CARTESIAN_POINT ( 'NONE',  ( 4.076582343749995729, -52.03125000170698655, -1.688575694911970571 ) ) ;
#3919 = CARTESIAN_POINT ( 'NONE',  ( -2.882579019330970826, -71.64062500170699366, -2.882579019330995251 ) ) ;
#3920 = ORIENTED_EDGE ( 'NONE', *, *, #2785, .T. ) ;
#3921 = CARTESIAN_POINT ( 'NONE',  ( -2.882579019330970826, -78.98437500170699366, -2.882579019330995251 ) ) ;
#3922 =( BOUNDED_CURVE ( )  B_SPLINE_CURVE ( 2, ( #1004, #874, #4977, #2862, #4855, #376, #598, #3596, #5561 ),
 .UNSPECIFIED., .F., .F. ) 
 B_SPLINE_CURVE_WITH_KNOTS ( ( 3, 2, 2, 2, 3 ),
 ( 0.1562499999999998890, 0.1614583333333332316, 0.1666666666666665741, 0.1718749999999999167, 0.1770833333333332593 ),
 .UNSPECIFIED. ) 
 CURVE ( )  GEOMETRIC_REPRESENTATION_ITEM ( )  RATIONAL_B_SPLINE_CURVE ( ( 1.000000000000001554, 0.9238795325112850731, 1.000000000000000000, 0.9238795325112867385, 1.000000000000000000, 0.9238795325112867385, 1.000000000000000000, 0.9238795325112879597, 0.9999999999999987788 ) ) 
 REPRESENTATION_ITEM ( '' )  );
#3923 = FACE_OUTER_BOUND ( 'NONE', #4225, .T. ) ;
#3924 = CARTESIAN_POINT ( 'NONE',  ( 2.882579019330971715, -56.79687500170699366, -2.882579019330995251 ) ) ;
#3925 = CARTESIAN_POINT ( 'NONE',  ( 2.081899558550498061E-16, -67.50000000341398732, -3.400000000000019451 ) ) ;
#3926 = CARTESIAN_POINT ( 'NONE',  ( -7.488560278101070689E-16, -67.42187500170699366, 4.076582343749972637 ) ) ;
#3927 = CARTESIAN_POINT ( 'NONE',  ( 0.000000000000000000, -80.00000000000000000, -2.338364031016953865E-14 ) ) ;
#3928 = CARTESIAN_POINT ( 'NONE',  ( -3.399999999999995914, -60.93750000341398021, -2.380002022187964067E-14 ) ) ;
#3929 = EDGE_CURVE ( 'NONE', #2240, #3905, #740, .T. ) ;
#3930 = EDGE_CURVE ( 'NONE', #4980, #139, #4567, .T. ) ;
#3931 = CARTESIAN_POINT ( 'NONE',  ( -2.404163056034258172, -77.03125000000000000, -2.404163056034282153 ) ) ;
#3932 = CARTESIAN_POINT ( 'NONE',  ( 3.571416484108224321, -79.73100472219981327, -1.187787832381966613 ) ) ;
#3933 = CARTESIAN_POINT ( 'NONE',  ( -2.404163056034259061, -52.96875000000000000, 2.404163056034235080 ) ) ;
#3934 = CARTESIAN_POINT ( 'NONE',  ( 3.808651545348268472E-15, 1.329783579673954269E-29, 0.000000000000000000 ) ) ;
#3935 = CARTESIAN_POINT ( 'NONE',  ( 2.404163056034257728, -67.65625000000000000, 2.404163056034235968 ) ) ;
#3936 = CARTESIAN_POINT ( 'NONE',  ( 4.076582343749994841, -62.03125000170700076, 1.688575694911926828 ) ) ;
#3937 = CARTESIAN_POINT ( 'NONE',  ( 2.496186759367024056E-16, -70.39062500170699366, -4.076582343750019710 ) ) ;
#3938 = ORIENTED_EDGE ( 'NONE', *, *, #5034, .F. ) ;
#3939 = EDGE_CURVE ( 'NONE', #1557, #1233, #98, .T. ) ;
#3940 = EDGE_CURVE ( 'NONE', #1791, #6261, #781, .T. ) ;
#3941 = EDGE_CURVE ( 'NONE', #2600, #1655, #1999, .T. ) ;
#3942 = CARTESIAN_POINT ( 'NONE',  ( -1.688575694911946590, -50.46875000170698655, -4.076582343750019710 ) ) ;
#3943 = CARTESIAN_POINT ( 'NONE',  ( 2.404163056034258616, -67.34375000000001421, -2.404163056034282153 ) ) ;
#3944 = CARTESIAN_POINT ( 'NONE',  ( -4.076582343749995729, -63.82812500170699366, -2.388287766204294237E-14 ) ) ;
#3945 = CARTESIAN_POINT ( 'NONE',  ( 1.408326112068521985, -63.51562500000000711, -3.400000000000019007 ) ) ;
#3946 = CARTESIAN_POINT ( 'NONE',  ( -7.488560278101070689E-16, -76.01562500170699366, 4.076582343749972637 ) ) ;
#3947 = CARTESIAN_POINT ( 'NONE',  ( 2.404163056034258616, -71.40625000341398732, -2.404163056034282153 ) ) ;
#3948 = CARTESIAN_POINT ( 'NONE',  ( 2.882579019330971715, -63.20312500170699366, -2.882579019330995251 ) ) ;
#3949 = CARTESIAN_POINT ( 'NONE',  ( -6.245698675651493936E-16, -54.06250000000000000, 3.399999999999972378 ) ) ;
#3950 = CARTESIAN_POINT ( 'NONE',  ( -4.076582343749996618, -77.50000000170699366, 1.688575694911923053 ) ) ;
#3951 = CARTESIAN_POINT ( 'NONE',  ( 2.404163056034258616, -53.90625000341398021, -2.404163056034282153 ) ) ;
#3952 = CYLINDRICAL_SURFACE ( 'NONE', #5133, 3.399999999999995914 ) ;
#3953 = CARTESIAN_POINT ( 'NONE',  ( -4.076582343749995729, -63.98437500170699366, -2.388287766204294237E-14 ) ) ;
#3954 = ORIENTED_EDGE ( 'NONE', *, *, #1068, .T. ) ;
#3955 = CARTESIAN_POINT ( 'NONE',  ( 2.882579019330970382, -78.35937500170699366, 2.882579019330949066 ) ) ;
#3956 = DIRECTION ( 'NONE',  ( -0.000000000000000000, -1.000000000000000000, -0.000000000000000000 ) ) ;
#3957 = CARTESIAN_POINT ( 'NONE',  ( 2.882579019330971715, -58.04687500170699366, -2.882579019330995251 ) ) ;
#3958 = CARTESIAN_POINT ( 'NONE',  ( -3.399999999999996358, -68.35937500341398732, 1.408326112068497560 ) ) ;
#3959 = CARTESIAN_POINT ( 'NONE',  ( 2.496186759367024056E-16, -65.54687500170697945, -4.076582343750019710 ) ) ;
#3960 = CARTESIAN_POINT ( 'NONE',  ( 2.404163056034258616, -51.09375000000000000, -2.404163056034282153 ) ) ;
#3961 = CARTESIAN_POINT ( 'NONE',  ( -1.408326112068546188, -59.14062499999999289, 3.399999999999948841 ) ) ;
#3962 = CARTESIAN_POINT ( 'NONE',  ( 3.399999999999995914, -62.73437500341398732, -1.408326112068545521 ) ) ;
#3963 = CARTESIAN_POINT ( 'NONE',  ( 2.274248318445125427, -79.65742475863054040, -2.906187551033504235 ) ) ;
#3964 = CARTESIAN_POINT ( 'NONE',  ( 3.399999999999995026, -51.32812500000001421, 1.408326112068500224 ) ) ;
#3965 = CARTESIAN_POINT ( 'NONE',  ( -3.399999999999995914, -72.18750000341397310, -2.380002022187964067E-14 ) ) ;
#3966 = DIRECTION ( 'NONE',  ( -0.000000000000000000, -1.000000000000000000, -0.000000000000000000 ) ) ;
#3967 = CARTESIAN_POINT ( 'NONE',  ( 4.076582343749994841, -54.53125000170700076, 1.688575694911926828 ) ) ;
#3968 = CARTESIAN_POINT ( 'NONE',  ( 2.882579019330970382, -69.60937500170699366, 2.882579019330949066 ) ) ;
#3969 = EDGE_LOOP ( 'NONE', ( #1817, #3151, #4673, #1723 ) ) ;
#3970 = CARTESIAN_POINT ( 'NONE',  ( -1.688575694911950142, -51.25000000170699366, 4.076582343749971749 ) ) ;
#3971 = CARTESIAN_POINT ( 'NONE',  ( -3.399999999999996358, -69.29687500000001421, 1.408326112068497560 ) ) ;
#3972 = CARTESIAN_POINT ( 'NONE',  ( -4.076582343749995729, -57.57812500170698655, -2.388287766204294237E-14 ) ) ;
#3973 = CARTESIAN_POINT ( 'NONE',  ( 1.408326112068522651, -60.23437500000000000, 3.399999999999972378 ) ) ;
#3974 = CARTESIAN_POINT ( 'NONE',  ( -1.688575694911946590, -72.81250000170699366, -4.076582343750019710 ) ) ;
#3975 = EDGE_CURVE ( 'NONE', #602, #5338, #2118, .T. ) ;
#3976 = CARTESIAN_POINT ( 'NONE',  ( -3.399999999999996358, -67.10937500341398732, 1.408326112068497560 ) ) ;
#3977 = CARTESIAN_POINT ( 'NONE',  ( -4.076582343749995729, -62.81250000170698655, -1.688575694911971015 ) ) ;
#3978 = AXIS2_PLACEMENT_3D ( 'NONE', #488, #3125, #6070 ) ;
#3979 = CARTESIAN_POINT ( 'NONE',  ( 2.081899558550498061E-16, -67.18750000000000000, -3.400000000000019451 ) ) ;
#3980 = CARTESIAN_POINT ( 'NONE',  ( -4.076582343749996618, -72.50000000170699366, 1.688575694911923053 ) ) ;
#3981 = CARTESIAN_POINT ( 'NONE',  ( -6.245698675651493936E-16, -79.06250000000001421, 3.399999999999972378 ) ) ;
#3982 = CARTESIAN_POINT ( 'NONE',  ( 1.408326112068522651, -49.29687500341398021, 3.399999999999971934 ) ) ;
#3983 = CARTESIAN_POINT ( 'NONE',  ( -4.076582343749995729, -62.73437500170699366, -2.388287766204294237E-14 ) ) ;
#3984 = FACE_OUTER_BOUND ( 'NONE', #3154, .T. ) ;
#3985 = CARTESIAN_POINT ( 'NONE',  ( 4.076582343749995729, -79.60937500170699366, -2.338364031016953865E-14 ) ) ;
#3986 = CARTESIAN_POINT ( 'NONE',  ( -4.076582343749995729, -57.65625000170699366, -1.688575694911971015 ) ) ;
#3987 = CARTESIAN_POINT ( 'NONE',  ( -6.245698675651493936E-16, -60.62500000341398732, 3.399999999999972378 ) ) ;
#3988 = CARTESIAN_POINT ( 'NONE',  ( -2.882579019330970826, -61.64062500170698655, -2.882579019330995251 ) ) ;
#3989 = CARTESIAN_POINT ( 'NONE',  ( 4.076582343749995729, -79.53125000170699366, -2.338364031016953865E-14 ) ) ;
#3990 = CARTESIAN_POINT ( 'NONE',  ( -3.399999999999995914, -73.12500000000000000, -2.380002022187964067E-14 ) ) ;
#3991 = CARTESIAN_POINT ( 'NONE',  ( 2.081899558550498061E-16, -52.50000000341398021, -3.400000000000019451 ) ) ;
#3992 = CARTESIAN_POINT ( 'NONE',  ( 1.408326112068590819, -62.57812500341398021, -3.399999999999950173 ) ) ;
#3993 = CARTESIAN_POINT ( 'NONE',  ( -3.399999999999995914, -75.93750000341398732, -2.380002022187964067E-14 ) ) ;
#3994 = CARTESIAN_POINT ( 'NONE',  ( -1.408326112068523317, -50.39062500000000711, 3.399999999999972378 ) ) ;
#3995 = CARTESIAN_POINT ( 'NONE',  ( 2.081899558550498061E-16, -55.00000000341398732, -3.400000000000019451 ) ) ;
#3996 = CARTESIAN_POINT ( 'NONE',  ( -6.245698675651493936E-16, -66.56250000000000000, 3.399999999999972378 ) ) ;
#3997 = CARTESIAN_POINT ( 'NONE',  ( -4.076582343749996618, -56.25000000170698655, 1.688575694911923053 ) ) ;
#3998 = CARTESIAN_POINT ( 'NONE',  ( -1.688575694911946590, -64.06250000170699366, -4.076582343750018822 ) ) ;
#3999 = VERTEX_POINT ( 'NONE', #262 ) ;
#4000 = AXIS2_PLACEMENT_3D ( 'NONE', #3014, #126, #2622 ) ;
#4001 = CARTESIAN_POINT ( 'NONE',  ( -6.245698675651493936E-16, -78.12500000341398732, 3.399999999999972378 ) ) ;
#4002 = CARTESIAN_POINT ( 'NONE',  ( 3.399999999999995914, -65.00000000000000000, -2.338364031016953865E-14 ) ) ;
#4003 = CARTESIAN_POINT ( 'NONE',  ( -1.688575694911946590, -56.56250000170699366, -4.076582343750018822 ) ) ;
#4004 = CARTESIAN_POINT ( 'NONE',  ( -3.399999999999996358, -64.29687500000000000, 1.408326112068497560 ) ) ;
#4005 = CARTESIAN_POINT ( 'NONE',  ( -1.688575694911950142, -71.09375000170699366, 4.076582343749971749 ) ) ;
#4006 = CARTESIAN_POINT ( 'NONE',  ( -6.245698675651493936E-16, -70.62500000341398732, 3.399999999999972378 ) ) ;
#4007 = CARTESIAN_POINT ( 'NONE',  ( 1.688575694911947256, -63.12500000170700076, -4.076582343750019710 ) ) ;
#4008 = CARTESIAN_POINT ( 'NONE',  ( -6.245698675651493936E-16, -54.37500000341398732, 3.399999999999972378 ) ) ;
#4009 = CARTESIAN_POINT ( 'NONE',  ( -4.076582343749995729, -70.07812500170699366, -2.388287766204294237E-14 ) ) ;
#4010 = CARTESIAN_POINT ( 'NONE',  ( 3.399999999999995026, -78.82812500000001421, 1.408326112068500224 ) ) ;
#4011 = CARTESIAN_POINT ( 'NONE',  ( 0.000000000000000000, -80.00000000000000000, -3.400000000000019451 ) ) ;
#4012 = AXIS2_PLACEMENT_3D ( 'NONE', #4095, #2145, #1690 ) ;
#4013 = CARTESIAN_POINT ( 'NONE',  ( -2.882579019330972159, -65.07812500170699366, 2.882579019330947734 ) ) ;
#4014 = CARTESIAN_POINT ( 'NONE',  ( -4.076582343749996618, -78.75000000170699366, 1.688575694911923053 ) ) ;
#4015 = CARTESIAN_POINT ( 'NONE',  ( 3.399999999999995914, -63.98437500341398732, -1.408326112068545521 ) ) ;
#4016 = CARTESIAN_POINT ( 'NONE',  ( 1.688575694911947922, -52.18750000170698655, 4.076582343749971749 ) ) ;
#4017 = CARTESIAN_POINT ( 'NONE',  ( 2.404163056034258616, -62.65625000341398732, -2.404163056034282153 ) ) ;
#4018 = CARTESIAN_POINT ( 'NONE',  ( -4.076582343749996618, -65.15625000170699366, 1.688575694911923053 ) ) ;
#4019 = LINE ( 'NONE', #4573, #2544 ) ;
#4020 = CARTESIAN_POINT ( 'NONE',  ( 2.081899558550498061E-16, -53.75000000341398021, -3.400000000000019451 ) ) ;
#4021 = EDGE_CURVE ( 'NONE', #4228, #1233, #3824, .T. ) ;
#4022 = CARTESIAN_POINT ( 'NONE',  ( 1.408326112068521985, -56.32812500341398021, -3.400000000000019007 ) ) ;
#4023 = CARTESIAN_POINT ( 'NONE',  ( -6.245698675651493936E-16, -63.12500000341398021, 3.399999999999972378 ) ) ;
#4024 = CARTESIAN_POINT ( 'NONE',  ( 1.408326112068522651, -75.54687500341400153, 3.399999999999972378 ) ) ;
#4025 = CARTESIAN_POINT ( 'NONE',  ( -7.488560278101070689E-16, -77.42187500170699366, 4.076582343749972637 ) ) ;
#4026 = CARTESIAN_POINT ( 'NONE',  ( 2.404163056034257728, -56.40625000000000711, 2.404163056034235968 ) ) ;
#4027 = CARTESIAN_POINT ( 'NONE',  ( -1.408326112068475577, -63.67187500341398021, -3.400000000000065192 ) ) ;
#4028 = CARTESIAN_POINT ( 'NONE',  ( -2.882579019330972159, -53.67187500170698655, 2.882579019330947734 ) ) ;
#4029 = CARTESIAN_POINT ( 'NONE',  ( -2.882579019330972159, -62.42187500170700076, 2.882579019330947734 ) ) ;
#4030 = ORIENTED_EDGE ( 'NONE', *, *, #3723, .T. ) ;
#4031 = ORIENTED_EDGE ( 'NONE', *, *, #6265, .T. ) ;
#4032 = CARTESIAN_POINT ( 'NONE',  ( -7.488560278101070689E-16, -51.17187500170698655, 4.076582343749972637 ) ) ;
#4033 = VERTEX_POINT ( 'NONE', #6257 ) ;
#4034 = CARTESIAN_POINT ( 'NONE',  ( -3.399999999999996358, -65.54687500000000000, 1.408326112068497560 ) ) ;
#4035 = CARTESIAN_POINT ( 'NONE',  ( 4.076582343749995729, -54.37500000170700076, -1.688575694911970571 ) ) ;
#4036 = CARTESIAN_POINT ( 'NONE',  ( 3.399999999999995026, -62.57812499999999289, 1.408326112068500224 ) ) ;
#4037 = CARTESIAN_POINT ( 'NONE',  ( -4.076582343749995729, -70.07812500170699366, -2.388287766204294237E-14 ) ) ;
#4038 = CARTESIAN_POINT ( 'NONE',  ( -3.399999999999996358, -70.85937500341398732, 1.408326112068497560 ) ) ;
#4039 = CARTESIAN_POINT ( 'NONE',  ( -1.688575694911950142, -66.25000000170699366, 4.076582343749971749 ) ) ;
#4040 = CARTESIAN_POINT ( 'NONE',  ( -1.408326112068523317, -79.14062500000000000, 3.399999999999972378 ) ) ;
#4041 = CARTESIAN_POINT ( 'NONE',  ( 2.882579019330971715, -71.79687500170699366, -2.882579019330995251 ) ) ;
#4042 = CARTESIAN_POINT ( 'NONE',  ( 3.399999999999995470, -79.92187499999998579, -1.408326112068545521 ) ) ;
#4043 = CARTESIAN_POINT ( 'NONE',  ( -3.399999999999995914, -65.93750000341398732, -2.380002022187964067E-14 ) ) ;
#4044 = CARTESIAN_POINT ( 'NONE',  ( 4.076582343749995729, -64.53125000170699366, -1.688575694911970571 ) ) ;
#4045 = CARTESIAN_POINT ( 'NONE',  ( 2.882579019330970382, -75.85937500170699366, 2.882579019330949066 ) ) ;
#4046 = CARTESIAN_POINT ( 'NONE',  ( 1.688575694911947922, -77.34375000170699366, 4.076582343749971749 ) ) ;
#4047 = CARTESIAN_POINT ( 'NONE',  ( -4.076582343749996618, -55.00000000170699366, 1.688575694911923053 ) ) ;
#4048 = CARTESIAN_POINT ( 'NONE',  ( 3.399999999999995026, -61.64062500341398732, 1.408326112068500224 ) ) ;
#4049 = CARTESIAN_POINT ( 'NONE',  ( 1.688575694911947256, -63.12500000170700076, -4.076582343750018822 ) ) ;
#4050 = CARTESIAN_POINT ( 'NONE',  ( 3.399999999999995914, -59.92187499999999289, -1.408326112068545521 ) ) ;
#4051 = ADVANCED_FACE ( 'NONE', ( #3759 ), #3860, .F. ) ;
#4052 = CARTESIAN_POINT ( 'NONE',  ( -3.399999999999996803, -59.29687500000000000, 1.408326112068497560 ) ) ;
#4053 = CARTESIAN_POINT ( 'NONE',  ( 2.404163056034258616, -56.40625000341398021, -2.404163056034282153 ) ) ;
#4054 = FACE_OUTER_BOUND ( 'NONE', #1203, .T. ) ;
#4055 = CARTESIAN_POINT ( 'NONE',  ( -1.408326112068523317, -75.70312500341398732, 3.399999999999972378 ) ) ;
#4056 = CARTESIAN_POINT ( 'NONE',  ( -4.076582343749995729, -77.73437500170699366, -2.388287766204294237E-14 ) ) ;
#4057 = DIRECTION ( 'NONE',  ( 0.000000000000000000, 0.000000000000000000, -1.000000000000000000 ) ) ;
#4058 = DIRECTION ( 'NONE',  ( -0.000000000000000000, -1.000000000000000000, -0.000000000000000000 ) ) ;
#4059 = CARTESIAN_POINT ( 'NONE',  ( 2.882579019330971715, -53.04687500170699366, -2.882579019330995251 ) ) ;
#4060 = CARTESIAN_POINT ( 'NONE',  ( 4.076582343749995729, -64.37500000170700787, -1.688575694911970571 ) ) ;
#4061 = VERTEX_POINT ( 'NONE', #1570 ) ;
#4062 = ORIENTED_EDGE ( 'NONE', *, *, #6181, .T. ) ;
#4063 = DIRECTION ( 'NONE',  ( -0.000000000000000000, -1.000000000000000000, -0.000000000000000000 ) ) ;
#4064 = EDGE_LOOP ( 'NONE', ( #1161, #5698, #4919, #2976 ) ) ;
#4065 = CARTESIAN_POINT ( 'NONE',  ( -3.399999999999995914, -61.87500000000000000, -2.380002022187964067E-14 ) ) ;
#4066 = CARTESIAN_POINT ( 'NONE',  ( -4.076582343749995729, -55.07812500170699366, -2.388287766204294237E-14 ) ) ;
#4067 = CARTESIAN_POINT ( 'NONE',  ( -1.688575694911946590, -50.46875000170697945, -4.076582343750018822 ) ) ;
#4068 = CARTESIAN_POINT ( 'NONE',  ( -2.882579019330970826, -71.48437500170699366, -2.882579019330995251 ) ) ;
#4069 = CARTESIAN_POINT ( 'NONE',  ( -2.404163056034258172, -66.09375000341398732, -2.404163056034282153 ) ) ;
#4070 = CARTESIAN_POINT ( 'NONE',  ( 4.076582343749995729, -65.78125000170699366, -1.688575694911970571 ) ) ;
#4071 = CARTESIAN_POINT ( 'NONE',  ( -1.408326112068523317, -76.64062500000000000, 3.399999999999972378 ) ) ;
#4072 = CARTESIAN_POINT ( 'NONE',  ( -4.076582343749995729, -73.90625000170700787, -1.688575694911971015 ) ) ;
#4073 = CARTESIAN_POINT ( 'NONE',  ( 2.404163056034258616, -78.59375000000000000, -2.404163056034282153 ) ) ;
#4074 = CARTESIAN_POINT ( 'NONE',  ( -2.404163056034258172, -66.09375000341398732, -2.404163056034282153 ) ) ;
#4075 = CARTESIAN_POINT ( 'NONE',  ( 1.688575694911947256, -65.62500000170697945, -4.076582343750018822 ) ) ;
#4076 = CARTESIAN_POINT ( 'NONE',  ( -2.882579019330972159, -73.67187500170699366, 2.882579019330947734 ) ) ;
#4077 = VECTOR ( 'NONE', #319, 1000.000000000000000 ) ;
#4078 = CARTESIAN_POINT ( 'NONE',  ( -6.245698675651493936E-16, -64.06250000000000000, 3.399999999999972378 ) ) ;
#4079 = CARTESIAN_POINT ( 'NONE',  ( 1.688575694911947256, -55.46875000170699366, -4.076582343750018822 ) ) ;
#4080 = CARTESIAN_POINT ( 'NONE',  ( -1.408326112068523317, -61.95312500341398732, 3.399999999999972378 ) ) ;
#4081 = CARTESIAN_POINT ( 'NONE',  ( 2.882579019330970382, -61.01562500170699366, 2.882579019330949066 ) ) ;
#4082 = CARTESIAN_POINT ( 'NONE',  ( 2.404163056034257728, -60.15625000000000000, 2.404163056034235968 ) ) ;
#4083 = CARTESIAN_POINT ( 'NONE',  ( 2.404163056034258616, -65.15625000341398732, -2.404163056034282153 ) ) ;
#4084 = CARTESIAN_POINT ( 'NONE',  ( -3.399999999999995470, -52.26562500341398732, -1.408326112068545521 ) ) ;
#4085 = EDGE_CURVE ( 'NONE', #3335, #1928, #2951, .T. ) ;
#4086 = CARTESIAN_POINT ( 'NONE',  ( 0.000000000000000000, -50.00000000000000000, -2.338364031016953865E-14 ) ) ;
#4087 = CARTESIAN_POINT ( 'NONE',  ( 1.408326112068521985, -78.82812500341401574, -3.400000000000019007 ) ) ;
#4088 = CARTESIAN_POINT ( 'NONE',  ( 2.404163056034257728, -50.15625000000000000, 2.404163056034235968 ) ) ;
#4089 = DIRECTION ( 'NONE',  ( 0.000000000000000000, 0.000000000000000000, -1.000000000000000000 ) ) ;
#4090 = CARTESIAN_POINT ( 'NONE',  ( -1.408326112068555958, -67.10937500000000000, -3.399999999999985256 ) ) ;
#4091 = CARTESIAN_POINT ( 'NONE',  ( -4.076582343749996618, -57.50000000170699366, 1.688575694911923053 ) ) ;
#4092 = CARTESIAN_POINT ( 'NONE',  ( 2.882579019330971715, -63.04687500170700076, -2.882579019330995251 ) ) ;
#4093 = ORIENTED_EDGE ( 'NONE', *, *, #1581, .T. ) ;
#4094 = ORIENTED_EDGE ( 'NONE', *, *, #4615, .F. ) ;
#4095 = CARTESIAN_POINT ( 'NONE',  ( 0.000000000000000000, -80.00000000000000000, -2.338364031016953865E-14 ) ) ;
#4096 = ORIENTED_EDGE ( 'NONE', *, *, #451, .F. ) ;
#4097 = CARTESIAN_POINT ( 'NONE',  ( -6.245698675651493936E-16, -62.81249999999999289, 3.399999999999972378 ) ) ;
#4098 = CARTESIAN_POINT ( 'NONE',  ( -4.076582343749996618, -56.25000000170700076, 1.688575694911923053 ) ) ;
#4099 = CYLINDRICAL_SURFACE ( 'NONE', #3978, 3.399999999999995914 ) ;
#4100 = CARTESIAN_POINT ( 'NONE',  ( 2.882579019330970382, -70.85937500170699366, 2.882579019330949066 ) ) ;
#4101 = AXIS2_PLACEMENT_3D ( 'NONE', #792, #4247, #5204 ) ;
#4102 = CARTESIAN_POINT ( 'NONE',  ( -3.399999999999995470, -63.51562500341398732, -1.408326112068545521 ) ) ;
#4103 = CARTESIAN_POINT ( 'NONE',  ( 4.076582343749994841, -60.93750000170698655, 1.688575694911926828 ) ) ;
#4104 = CARTESIAN_POINT ( 'NONE',  ( 3.399999999999995914, -80.00000000000000000, -2.338364031016953865E-14 ) ) ;
#4105 = CARTESIAN_POINT ( 'NONE',  ( -2.882579019330970826, -70.23437500170699366, -2.882579019330995251 ) ) ;
#4106 = CARTESIAN_POINT ( 'NONE',  ( -3.399999999999995470, -70.70312500000000000, -1.408326112068545521 ) ) ;
#4107 = CARTESIAN_POINT ( 'NONE',  ( 2.081899558550498061E-16, -58.43750000000000000, -3.400000000000019451 ) ) ;
#4108 = CARTESIAN_POINT ( 'NONE',  ( -4.076582343749995729, -60.31250000170700076, -1.688575694911971015 ) ) ;
#4109 = CARTESIAN_POINT ( 'NONE',  ( 1.688575694911947922, -74.68750000170700787, 4.076582343749971749 ) ) ;
#4110 = CARTESIAN_POINT ( 'NONE',  ( 1.408326112068521985, -77.57812500341398732, -3.400000000000019007 ) ) ;
#4111 =( BOUNDED_CURVE ( )  B_SPLINE_CURVE ( 2, ( #1603, #2580, #55, #2156, #549, #2123, #2513, #5546, #3070 ),
 .UNSPECIFIED., .F., .T. ) 
 B_SPLINE_CURVE_WITH_KNOTS ( ( 3, 2, 2, 2, 3 ),
 ( 0.6354166666666665186, 0.6406249999999998890, 0.6458333333333332593, 0.6510416666666664076, 0.6562499999999997780 ),
 .UNSPECIFIED. ) 
 CURVE ( )  GEOMETRIC_REPRESENTATION_ITEM ( )  RATIONAL_B_SPLINE_CURVE ( ( 1.000000000000001554, 0.9238795325112850731, 1.000000000000000000, 0.9238795325112867385, 1.000000000000000000, 0.9238795325112867385, 1.000000000000000000, 0.9238795325112899581, 0.9999999999999967804 ) ) 
 REPRESENTATION_ITEM ( '' )  );
#4112 = CARTESIAN_POINT ( 'NONE',  ( -2.882579019330970826, -74.14062500170699366, -2.882579019330995251 ) ) ;
#4113 = CARTESIAN_POINT ( 'NONE',  ( -1.688575694911946590, -56.56250000170699366, -4.076582343750018822 ) ) ;
#4114 = CARTESIAN_POINT ( 'NONE',  ( 3.399999999999995470, -58.98437500341398021, -1.408326112068545521 ) ) ;
#4115 = CARTESIAN_POINT ( 'NONE',  ( -4.076582343749996618, -57.65625000170699366, 1.688575694911923053 ) ) ;
#4116 = CARTESIAN_POINT ( 'NONE',  ( 2.882579019330970382, -78.51562500170699366, 2.882579019330949066 ) ) ;
#4117 = CARTESIAN_POINT ( 'NONE',  ( 3.399999999999995914, -57.42187500000000000, -1.408326112068545521 ) ) ;
#4118 = CARTESIAN_POINT ( 'NONE',  ( 1.408326112068522651, -54.29687500341398021, 3.399999999999972378 ) ) ;
#4119 = CARTESIAN_POINT ( 'NONE',  ( 3.399999999999995914, -70.00000000000000000, -2.338364031016953865E-14 ) ) ;
#4120 = CARTESIAN_POINT ( 'NONE',  ( 2.081899558550498061E-16, -77.50000000341398732, -3.400000000000019451 ) ) ;
#4121 = CARTESIAN_POINT ( 'NONE',  ( -4.076582343749996618, -77.65625000170700787, 1.688575694911923053 ) ) ;
#4122 = CARTESIAN_POINT ( 'NONE',  ( 2.404163056034257728, -50.46875000341398732, 2.404163056034235968 ) ) ;
#4123 = CARTESIAN_POINT ( 'NONE',  ( 2.404163056034258616, -71.40625000341398732, -2.404163056034282153 ) ) ;
#4124 = CARTESIAN_POINT ( 'NONE',  ( -7.488560278101070689E-16, -52.26562500170699366, 4.076582343749972637 ) ) ;
#4125 = EDGE_CURVE ( 'NONE', #2113, #831, #4777, .T. ) ;
#4126 = ORIENTED_EDGE ( 'NONE', *, *, #5017, .T. ) ;
#4127 = VERTEX_POINT ( 'NONE', #3551 ) ;
#4128 = CARTESIAN_POINT ( 'NONE',  ( -3.399999999999995914, -58.51562500341398732, -1.408326112068545521 ) ) ;
#4129 = EDGE_LOOP ( 'NONE', ( #4169, #3831, #74, #4287 ) ) ;
#4130 = CARTESIAN_POINT ( 'NONE',  ( -3.399999999999995470, -63.20312500000000000, -1.408326112068545521 ) ) ;
#4131 = CARTESIAN_POINT ( 'NONE',  ( 4.076582343749995729, -50.62500000170699366, -1.688575694911970571 ) ) ;
#4132 = CARTESIAN_POINT ( 'NONE',  ( -6.245698675651493936E-16, -74.37500000341398732, 3.399999999999972378 ) ) ;
#4133 = CARTESIAN_POINT ( 'NONE',  ( 1.688575694911947922, -67.18750000170699366, 4.076582343749971749 ) ) ;
#4134 = EDGE_CURVE ( 'NONE', #5338, #4873, #4111, .T. ) ;
#4135 = EDGE_CURVE ( 'NONE', #3666, #3569, #2030, .T. ) ;
#4136 = CARTESIAN_POINT ( 'NONE',  ( 2.081899558550498061E-16, -66.25000000341398732, -3.400000000000019451 ) ) ;
#4137 = EDGE_CURVE ( 'NONE', #1527, #1928, #6077, .T. ) ;
#4138 = CARTESIAN_POINT ( 'NONE',  ( -4.076582343749996618, -60.15625000170699366, 1.688575694911923053 ) ) ;
#4139 = CARTESIAN_POINT ( 'NONE',  ( -0.4547156384057683964, -79.55766121181790140, -3.561112650419944181 ) ) ;
#4140 = CARTESIAN_POINT ( 'NONE',  ( -4.076582343749996618, -66.25000000170700787, 1.688575694911923053 ) ) ;
#4141 = CARTESIAN_POINT ( 'NONE',  ( -1.408326112068523317, -71.64062500000000000, 3.399999999999972378 ) ) ;
#4142 = CARTESIAN_POINT ( 'NONE',  ( 2.404163056034258616, -75.15625000341398732, -2.404163056034282153 ) ) ;
#4143 = CARTESIAN_POINT ( 'NONE',  ( -4.076582343749996618, -58.90625000170698655, 1.688575694911923053 ) ) ;
#4144 = CARTESIAN_POINT ( 'NONE',  ( 4.076582343749995729, -75.62500000170699366, -1.688575694911970571 ) ) ;
#4145 = CARTESIAN_POINT ( 'NONE',  ( -1.408326112068523317, -78.20312500341398732, 3.399999999999972378 ) ) ;
#4146 = CARTESIAN_POINT ( 'NONE',  ( 1.688575694911947922, -74.84375000170699366, 4.076582343749971749 ) ) ;
#4147 = CARTESIAN_POINT ( 'NONE',  ( -2.882579019330972159, -52.42187500170699366, 2.882579019330947734 ) ) ;
#4148 = CARTESIAN_POINT ( 'NONE',  ( 2.404163056034257728, -54.21875000341398732, 2.404163056034235968 ) ) ;
#4149 = CARTESIAN_POINT ( 'NONE',  ( 4.076582343749995729, -58.35937500170698655, -2.338364031016953865E-14 ) ) ;
#4150 = CARTESIAN_POINT ( 'NONE',  ( 4.076582343749994841, -73.43750000170700787, 1.688575694911926828 ) ) ;
#4151 = LINE ( 'NONE', #6219, #5669 ) ;
#4152 = CARTESIAN_POINT ( 'NONE',  ( -6.245698675651493936E-16, -71.56250000000000000, 3.399999999999972378 ) ) ;
#4153 = CARTESIAN_POINT ( 'NONE',  ( -2.404163056034258172, -62.34375000341398021, -2.404163056034282153 ) ) ;
#4154 = CARTESIAN_POINT ( 'NONE',  ( -2.404163056034258172, -72.34375000341398732, -2.404163056034282153 ) ) ;
#4155 = CARTESIAN_POINT ( 'NONE',  ( 4.076582343749995729, -70.78125000170700787, -1.688575694911970571 ) ) ;
#4156 = CARTESIAN_POINT ( 'NONE',  ( 3.399999999999995914, -54.06250000341398732, -2.338364031016953865E-14 ) ) ;
#4157 = CARTESIAN_POINT ( 'NONE',  ( -3.399999999999996358, -60.54687500000000000, 1.408326112068497560 ) ) ;
#4158 = CARTESIAN_POINT ( 'NONE',  ( 1.408326112068568614, -63.98437500000002132, 3.399999999999926192 ) ) ;
#4159 = CARTESIAN_POINT ( 'NONE',  ( -4.076582343749995729, -50.15625000170700076, -1.688575694911971015 ) ) ;
#4160 = ORIENTED_EDGE ( 'NONE', *, *, #1138, .F. ) ;
#4161 = VERTEX_POINT ( 'NONE', #2545 ) ;
#4162 = CARTESIAN_POINT ( 'NONE',  ( -6.245698675651493936E-16, -61.87500000341398732, 3.399999999999972378 ) ) ;
#4163 = CARTESIAN_POINT ( 'NONE',  ( 2.404163056034257728, -51.40625000000000000, 2.404163056034235968 ) ) ;
#4164 = ORIENTED_EDGE ( 'NONE', *, *, #2576, .F. ) ;
#4165 = CARTESIAN_POINT ( 'NONE',  ( 2.404163056034257728, -56.40625000000000711, 2.404163056034235968 ) ) ;
#4166 = CARTESIAN_POINT ( 'NONE',  ( 2.882579019330970382, -52.10937500170699366, 2.882579019330949066 ) ) ;
#4167 = CARTESIAN_POINT ( 'NONE',  ( 1.408326112068534197, -68.04687500341400153, 3.399999999999961275 ) ) ;
#4168 = CARTESIAN_POINT ( 'NONE',  ( -4.076582343749995729, -67.65625000170697945, -1.688575694911971015 ) ) ;
#4169 = ORIENTED_EDGE ( 'NONE', *, *, #1068, .F. ) ;
#4170 = CARTESIAN_POINT ( 'NONE',  ( 3.399999999999995026, -61.64062500341398732, 1.408326112068500224 ) ) ;
#4171 = CARTESIAN_POINT ( 'NONE',  ( 2.496186759367024056E-16, -59.29687500170699366, -4.076582343750019710 ) ) ;
#4172 = EDGE_CURVE ( 'NONE', #5457, #1001, #1419, .T. ) ;
#4173 = CARTESIAN_POINT ( 'NONE',  ( -2.404163056034258172, -77.03125000000000000, -2.404163056034282153 ) ) ;
#4174 = CARTESIAN_POINT ( 'NONE',  ( -2.882579019330970826, -63.98437500170699366, -2.882579019330995251 ) ) ;
#4175 = CARTESIAN_POINT ( 'NONE',  ( -3.399999999999996358, -73.04687500000000000, 1.408326112068497560 ) ) ;
#4176 = CARTESIAN_POINT ( 'NONE',  ( 4.076582343749994841, -78.28125000170699366, 1.688575694911926828 ) ) ;
#4177 = CARTESIAN_POINT ( 'NONE',  ( 2.882579019330971715, -61.95312500170699366, -2.882579019330995251 ) ) ;
#4178 = EDGE_CURVE ( 'NONE', #3999, #203, #6110, .T. ) ;
#4179 = ORIENTED_EDGE ( 'NONE', *, *, #3266, .F. ) ;
#4180 = CARTESIAN_POINT ( 'NONE',  ( -2.404163056034259061, -77.03125000341398732, 2.404163056034235080 ) ) ;
#4181 = CARTESIAN_POINT ( 'NONE',  ( 2.882579019330970382, -72.26562500170699366, 2.882579019330949066 ) ) ;
#4182 = CARTESIAN_POINT ( 'NONE',  ( -4.076582343749995729, -52.73437500170699366, -2.388287766204294237E-14 ) ) ;
#4183 = CARTESIAN_POINT ( 'NONE',  ( 3.399999999999995914, -54.06250000341398732, -2.338364031016953865E-14 ) ) ;
#4184 = CARTESIAN_POINT ( 'NONE',  ( 1.688575694911947256, -60.62500000170699366, -4.076582343750018822 ) ) ;
#4185 = CARTESIAN_POINT ( 'NONE',  ( -2.882579019330972159, -75.07812500170699366, 2.882579019330947734 ) ) ;
#4186 = CARTESIAN_POINT ( 'NONE',  ( 1.408326112068499780, -57.73437500000001421, 3.399999999999995470 ) ) ;
#4187 = CARTESIAN_POINT ( 'NONE',  ( -1.408326112068521319, -51.17187500341398021, -3.400000000000019007 ) ) ;
#4188 = CARTESIAN_POINT ( 'NONE',  ( 1.408326112068521985, -72.57812500341397310, -3.400000000000019007 ) ) ;
#4189 = CARTESIAN_POINT ( 'NONE',  ( -7.488560278101070689E-16, -71.17187500170699366, 4.076582343749972637 ) ) ;
#4190 = CARTESIAN_POINT ( 'NONE',  ( -2.404163056034258172, -62.03124999999999289, -2.404163056034282153 ) ) ;
#4191 = CARTESIAN_POINT ( 'NONE',  ( -3.399999999999995914, -59.37500000000000000, -2.380002022187964067E-14 ) ) ;
#4192 = CARTESIAN_POINT ( 'NONE',  ( 2.081899558550498061E-16, -54.68750000000000000, -3.400000000000019451 ) ) ;
#4193 = CARTESIAN_POINT ( 'NONE',  ( -4.076582343749995729, -51.40625000170699366, -1.688575694911971015 ) ) ;
#4194 = ORIENTED_EDGE ( 'NONE', *, *, #1704, .T. ) ;
#4195 = ORIENTED_EDGE ( 'NONE', *, *, #5813, .T. ) ;
#4196 = CARTESIAN_POINT ( 'NONE',  ( 3.399999999999995914, -62.50000000000000000, -2.338364031016953865E-14 ) ) ;
#4197 = CARTESIAN_POINT ( 'NONE',  ( -2.404163056034259061, -51.71875000000000000, 2.404163056034235080 ) ) ;
#4198 = ORIENTED_EDGE ( 'NONE', *, *, #733, .T. ) ;
#4199 = CARTESIAN_POINT ( 'NONE',  ( 3.399999999999995026, -60.07812499999999289, 1.408326112068500224 ) ) ;
#4200 = CARTESIAN_POINT ( 'NONE',  ( -6.245698675651493936E-16, -69.06250000000000000, 3.399999999999972378 ) ) ;
#4201 = CARTESIAN_POINT ( 'NONE',  ( 0.000000000000000000, -80.00000000000000000, -2.338364031016953865E-14 ) ) ;
#4202 = CARTESIAN_POINT ( 'NONE',  ( 4.076582343749995729, -64.37500000170699366, -1.688575694911970571 ) ) ;
#4203 = CARTESIAN_POINT ( 'NONE',  ( -3.399999999999996358, -63.35937500341398732, 1.408326112068497560 ) ) ;
#4204 = CARTESIAN_POINT ( 'NONE',  ( 4.076582343749995729, -60.85937500170698655, -2.338364031016953865E-14 ) ) ;
#4205 = CARTESIAN_POINT ( 'NONE',  ( 1.408326112068522651, -75.23437500000000000, 3.399999999999972378 ) ) ;
#4206 = CARTESIAN_POINT ( 'NONE',  ( 1.688575694911947922, -68.43750000170700787, 4.076582343749971749 ) ) ;
#4207 = CARTESIAN_POINT ( 'NONE',  ( -1.408326112068521319, -72.10937500000000000, -3.400000000000019007 ) ) ;
#4208 = CARTESIAN_POINT ( 'NONE',  ( 2.882579019330971715, -79.29687500170699366, -2.882579019330995251 ) ) ;
#4209 = CARTESIAN_POINT ( 'NONE',  ( 1.688575694911947256, -60.62500000170699366, -4.076582343750018822 ) ) ;
#4210 = VECTOR ( 'NONE', #5900, 1000.000000000000000 ) ;
#4211 = CARTESIAN_POINT ( 'NONE',  ( 2.081899558550498061E-16, -78.75000000341398732, -3.400000000000019451 ) ) ;
#4212 = CARTESIAN_POINT ( 'NONE',  ( 1.688575694911947922, -73.59375000170699366, 4.076582343749971749 ) ) ;
#4213 = AXIS2_PLACEMENT_3D ( 'NONE', #4853, #2343, #3833 ) ;
#4214 = CARTESIAN_POINT ( 'NONE',  ( -7.488560278101070689E-16, -49.92187500170698655, 4.076582343749972637 ) ) ;
#4215 = CARTESIAN_POINT ( 'NONE',  ( 2.081899558550498061E-16, -56.25000000341398732, -3.400000000000019451 ) ) ;
#4216 = CARTESIAN_POINT ( 'NONE',  ( 4.076582343749995729, -57.03125000170699366, -1.688575694911970571 ) ) ;
#4217 = CARTESIAN_POINT ( 'NONE',  ( 2.496186759367024056E-16, -73.04687500170699366, -4.076582343750019710 ) ) ;
#4218 = DIRECTION ( 'NONE',  ( -0.000000000000000000, -1.000000000000000000, -0.000000000000000000 ) ) ;
#4219 = CYLINDRICAL_SURFACE ( 'NONE', #4942, 3.399999999999995914 ) ;
#4220 = CARTESIAN_POINT ( 'NONE',  ( 3.399999999999995914, -70.31250000341398732, -2.338364031016953865E-14 ) ) ;
#4221 = CARTESIAN_POINT ( 'NONE',  ( 2.882579019330971715, -73.20312500170699366, -2.882579019330995251 ) ) ;
#4222 = CARTESIAN_POINT ( 'NONE',  ( 3.399999999999995470, -56.17187500000000000, -1.408326112068545521 ) ) ;
#4223 = CARTESIAN_POINT ( 'NONE',  ( 2.081899558550498061E-16, -70.93750000000000000, -3.400000000000019451 ) ) ;
#4224 = DIRECTION ( 'NONE',  ( -0.000000000000000000, -1.000000000000000000, -0.000000000000000000 ) ) ;
#4225 = EDGE_LOOP ( 'NONE', ( #4195, #4062, #73, #2663 ) ) ;
#4226 = CARTESIAN_POINT ( 'NONE',  ( 0.000000000000000000, 0.000000000000000000, 0.000000000000000000 ) ) ;
#4227 = CARTESIAN_POINT ( 'NONE',  ( 3.399999999999995026, -52.57812500000000000, 1.408326112068500224 ) ) ;
#4228 = VERTEX_POINT ( 'NONE', #150 ) ;
#4229 = CARTESIAN_POINT ( 'NONE',  ( 1.408326112068522651, -56.48437500000001421, 3.399999999999972378 ) ) ;
#4230 = CARTESIAN_POINT ( 'NONE',  ( 4.076582343749994841, -50.78125000170699366, 1.688575694911926828 ) ) ;
#4231 = CARTESIAN_POINT ( 'NONE',  ( 3.399999999999995026, -52.57812500000000000, 1.408326112068500446 ) ) ;
#4232 = CARTESIAN_POINT ( 'NONE',  ( 4.076582343749994841, -64.53125000170699366, 1.688575694911926828 ) ) ;
#4233 = CARTESIAN_POINT ( 'NONE',  ( 3.399999999999995026, -60.39062500341398021, 1.408326112068500224 ) ) ;
#4234 = CARTESIAN_POINT ( 'NONE',  ( -4.076582343749996618, -58.90625000170698655, 1.688575694911923053 ) ) ;
#4235 = CARTESIAN_POINT ( 'NONE',  ( -2.404163056034259061, -72.96875000000000000, 2.404163056034235080 ) ) ;
#4236 = CARTESIAN_POINT ( 'NONE',  ( -1.688575694911946590, -65.31250000170699366, -4.076582343750018822 ) ) ;
#4237 = CARTESIAN_POINT ( 'NONE',  ( -3.399999999999995914, -74.37500000000000000, -2.380002022187964067E-14 ) ) ;
#4238 = CARTESIAN_POINT ( 'NONE',  ( -3.399999999999995914, -58.20312500000000000, -1.408326112068545521 ) ) ;
#4239 = CARTESIAN_POINT ( 'NONE',  ( -2.882579019330970826, -57.89062500170698655, -2.882579019330995251 ) ) ;
#4240 = CARTESIAN_POINT ( 'NONE',  ( -3.399999999999995914, -78.43750000341398732, -2.380002022187964067E-14 ) ) ;
#4241 = CARTESIAN_POINT ( 'NONE',  ( -4.076582343749995729, -75.23437500170699366, -2.388287766204294237E-14 ) ) ;
#4242 = CARTESIAN_POINT ( 'NONE',  ( -2.882579019330970826, -52.89062500170699366, -2.882579019330995251 ) ) ;
#4243 = CARTESIAN_POINT ( 'NONE',  ( 3.399999999999995026, -56.64062500341399442, 1.408326112068500224 ) ) ;
#4244 = CARTESIAN_POINT ( 'NONE',  ( 4.076582343749994841, -55.93750000170699366, 1.688575694911926828 ) ) ;
#4245 = CARTESIAN_POINT ( 'NONE',  ( 4.076582343749995729, -73.28125000170697945, -1.688575694911970571 ) ) ;
#4246 = CARTESIAN_POINT ( 'NONE',  ( 2.081899558550498061E-16, -60.93750000000000711, -3.400000000000019451 ) ) ;
#4247 = DIRECTION ( 'NONE',  ( -0.000000000000000000, -1.000000000000000000, -0.000000000000000000 ) ) ;
#4248 = CARTESIAN_POINT ( 'NONE',  ( 3.399999999999995470, -71.48437500341398732, -1.408326112068545521 ) ) ;
#4249 = CARTESIAN_POINT ( 'NONE',  ( -1.688575694911949698, -73.75000000170699366, 4.076582343749971749 ) ) ;
#4250 = CARTESIAN_POINT ( 'NONE',  ( -3.399999999999995914, -55.93750000341398732, -2.380002022187964067E-14 ) ) ;
#4251 = CARTESIAN_POINT ( 'NONE',  ( 2.404163056034257728, -58.90625000000000000, 2.404163056034235968 ) ) ;
#4252 = CARTESIAN_POINT ( 'NONE',  ( -2.404163056034258172, -76.09375000341397310, -2.404163056034282153 ) ) ;
#4253 = DIRECTION ( 'NONE',  ( 0.000000000000000000, 0.000000000000000000, -1.000000000000000000 ) ) ;
#4254 = ORIENTED_EDGE ( 'NONE', *, *, #2025, .T. ) ;
#4255 = FACE_OUTER_BOUND ( 'NONE', #2362, .T. ) ;
#4256 = CARTESIAN_POINT ( 'NONE',  ( 2.404163056034257728, -53.90625000000000000, 2.404163056034235968 ) ) ;
#4257 = ORIENTED_EDGE ( 'NONE', *, *, #6251, .T. ) ;
#4258 = CARTESIAN_POINT ( 'NONE',  ( 1.408326112068521985, -59.76562500000001421, -3.400000000000019007 ) ) ;
#4259 = CARTESIAN_POINT ( 'NONE',  ( 3.399999999999995914, -56.56250000341398732, -2.338364031016953865E-14 ) ) ;
#4260 = CARTESIAN_POINT ( 'NONE',  ( 4.076582343749995729, -66.95312500170699366, -2.338364031016953865E-14 ) ) ;
#4261 = CARTESIAN_POINT ( 'NONE',  ( 4.076582343749995729, -75.70312500170699366, -2.338364031016953865E-14 ) ) ;
#4262 = VERTEX_POINT ( 'NONE', #1670 ) ;
#4263 = CARTESIAN_POINT ( 'NONE',  ( 2.404163056034258616, -58.90625000341398732, -2.404163056034282153 ) ) ;
#4264 = CARTESIAN_POINT ( 'NONE',  ( -2.882579019330972159, -52.57812500170699366, 2.882579019330947734 ) ) ;
#4265 = CARTESIAN_POINT ( 'NONE',  ( -2.404163056034259061, -71.71875000000000000, 2.404163056034235080 ) ) ;
#4266 = CARTESIAN_POINT ( 'NONE',  ( 2.882579019330970382, -64.60937500170699366, 2.882579019330949066 ) ) ;
#4267 = CARTESIAN_POINT ( 'NONE',  ( 3.399999999999995914, -68.75000000000000000, -2.338364031016953865E-14 ) ) ;
#4268 = CARTESIAN_POINT ( 'NONE',  ( 1.688575694911947256, -77.96875000170699366, -4.076582343750019710 ) ) ;
#4269 = CARTESIAN_POINT ( 'NONE',  ( 4.076582343749995729, -54.53125000170699366, -1.688575694911970571 ) ) ;
#4270 = CARTESIAN_POINT ( 'NONE',  ( -1.408326112068521319, -72.42187500341398732, -3.400000000000019007 ) ) ;
#4271 = CARTESIAN_POINT ( 'NONE',  ( 4.076582343749995729, -68.35937500170699366, -2.338364031016953865E-14 ) ) ;
#4272 = CARTESIAN_POINT ( 'NONE',  ( -6.245698675651493936E-16, -65.31250000000000000, 3.399999999999972378 ) ) ;
#4273 = CARTESIAN_POINT ( 'NONE',  ( 2.882579019330970382, -49.76562500170698655, 2.882579019330949066 ) ) ;
#4274 = CARTESIAN_POINT ( 'NONE',  ( 1.408326112068522651, -56.79687500341398021, 3.399999999999972378 ) ) ;
#4275 = CARTESIAN_POINT ( 'NONE',  ( 1.688575694911947922, -51.09375000170699366, 4.076582343749971749 ) ) ;
#4276 = CARTESIAN_POINT ( 'NONE',  ( 2.496186759367024056E-16, -74.29687500170699366, -4.076582343750019710 ) ) ;
#4277 = DIRECTION ( 'NONE',  ( -0.000000000000000000, -1.000000000000000000, -0.000000000000000000 ) ) ;
#4278 = CARTESIAN_POINT ( 'NONE',  ( -3.399999999999995470, -72.26562500341400153, -1.408326112068545521 ) ) ;
#4279 = CARTESIAN_POINT ( 'NONE',  ( -7.488560278101070689E-16, -74.92187500170699366, 4.076582343749972637 ) ) ;
#4280 = CARTESIAN_POINT ( 'NONE',  ( 2.404163056034257728, -49.21875000341398021, 2.404163056034235968 ) ) ;
#4281 = CARTESIAN_POINT ( 'NONE',  ( -3.399999999999996358, -59.29687500000000000, 1.408326112068497560 ) ) ;
#4282 = CARTESIAN_POINT ( 'NONE',  ( -6.245698675651493936E-16, -55.31250000000000000, 3.399999999999972378 ) ) ;
#4283 = CARTESIAN_POINT ( 'NONE',  ( 4.076582343749995729, -79.60937500170699366, -2.338364031016953865E-14 ) ) ;
#4284 = ORIENTED_EDGE ( 'NONE', *, *, #2587, .T. ) ;
#4285 = VECTOR ( 'NONE', #1124, 1000.000000000000227 ) ;
#4286 = CARTESIAN_POINT ( 'NONE',  ( -3.399999999999996803, -68.35937500341398732, 1.408326112068497560 ) ) ;
#4287 = ORIENTED_EDGE ( 'NONE', *, *, #1581, .F. ) ;
#4288 = CARTESIAN_POINT ( 'NONE',  ( 2.081899558550498061E-16, -59.68750000000000711, -3.400000000000019451 ) ) ;
#4289 = CARTESIAN_POINT ( 'NONE',  ( 2.404163056034257728, -55.46875000341398732, 2.404163056034235968 ) ) ;
#4290 = CARTESIAN_POINT ( 'NONE',  ( 3.399999999999995914, -56.48437500341398021, -1.408326112068545521 ) ) ;
#4291 = CARTESIAN_POINT ( 'NONE',  ( -4.076582343749996618, -62.50000000170699366, 1.688575694911923053 ) ) ;
#4292 = CARTESIAN_POINT ( 'NONE',  ( 1.688575694911947256, -71.71875000170699366, -4.076582343750018822 ) ) ;
#4293 = CARTESIAN_POINT ( 'NONE',  ( 3.399999999999995470, -56.48437500341398021, -1.408326112068545521 ) ) ;
#4294 =( BOUNDED_CURVE ( )  B_SPLINE_CURVE ( 2, ( #4689, #1236, #708, #5803, #3317, #3771, #3253, #2796, #1759 ),
 .UNSPECIFIED., .F., .T. ) 
 B_SPLINE_CURVE_WITH_KNOTS ( ( 3, 2, 2, 2, 3 ),
 ( 0.1354166666666665464, 0.1406249999999998890, 0.1458333333333332316, 0.1510416666666665464, 0.1562499999999998890 ),
 .UNSPECIFIED. ) 
 CURVE ( )  GEOMETRIC_REPRESENTATION_ITEM ( )  RATIONAL_B_SPLINE_CURVE ( ( 1.000000000000001554, 0.9238795325112850731, 1.000000000000000000, 0.9238795325112867385, 1.000000000000000000, 0.9238795325112867385, 1.000000000000000000, 0.9238795325112884038, 0.9999999999999983347 ) ) 
 REPRESENTATION_ITEM ( '' )  );
#4295 = CARTESIAN_POINT ( 'NONE',  ( 4.076582343749994841, -52.18750000170699366, 1.688575694911926828 ) ) ;
#4296 = CARTESIAN_POINT ( 'NONE',  ( 2.404163056034257728, -75.15625000000001421, 2.404163056034235968 ) ) ;
#4297 = CARTESIAN_POINT ( 'NONE',  ( -4.076582343749996618, -61.25000000170700076, 1.688575694911923053 ) ) ;
#4298 = CARTESIAN_POINT ( 'NONE',  ( -3.399999999999995470, -66.95312500000000000, -1.408326112068545521 ) ) ;
#4299 = CARTESIAN_POINT ( 'NONE',  ( -3.399999999999995914, -74.76562500341397310, -1.408326112068545521 ) ) ;
#4300 = CARTESIAN_POINT ( 'NONE',  ( 4.076582343749995729, -57.03125000170699366, -1.688575694911970571 ) ) ;
#4301 = CARTESIAN_POINT ( 'NONE',  ( 2.404163056034257728, -74.21875000341398732, 2.404163056034235968 ) ) ;
#4302 = CARTESIAN_POINT ( 'NONE',  ( 1.688575694911947256, -68.12500000170699366, -4.076582343750019710 ) ) ;
#4303 = DIRECTION ( 'NONE',  ( 0.000000000000000000, 0.000000000000000000, -1.000000000000000000 ) ) ;
#4304 = CARTESIAN_POINT ( 'NONE',  ( 2.496186759367024056E-16, -79.14062500170700787, -4.076582343750019710 ) ) ;
#4305 = CARTESIAN_POINT ( 'NONE',  ( -2.404163056034259061, -53.28125000341398021, 2.404163056034235080 ) ) ;
#4306 = CARTESIAN_POINT ( 'NONE',  ( 1.688575694911947922, -53.59375000170700076, 4.076582343749971749 ) ) ;
#4307 = CARTESIAN_POINT ( 'NONE',  ( 4.076582343749995729, -72.10937500170699366, -2.338364031016953865E-14 ) ) ;
#4308 = ORIENTED_EDGE ( 'NONE', *, *, #6251, .F. ) ;
#4309 = CARTESIAN_POINT ( 'NONE',  ( -3.399999999999995914, -55.62500000000000000, -2.380002022187964067E-14 ) ) ;
#4310 = AXIS2_PLACEMENT_3D ( 'NONE', #663, #2170, #726 ) ;
#4311 = CARTESIAN_POINT ( 'NONE',  ( -3.399999999999995914, -53.12500000000000711, -2.380002022187964067E-14 ) ) ;
#4312 = CARTESIAN_POINT ( 'NONE',  ( 1.408326112068522651, -68.04687500341398732, 3.399999999999972378 ) ) ;
#4313 = CARTESIAN_POINT ( 'NONE',  ( 1.688575694911947922, -68.59375000170699366, 4.076582343749971749 ) ) ;
#4314 = CARTESIAN_POINT ( 'NONE',  ( -3.399999999999996803, -49.60937500341398732, 1.408326112068497560 ) ) ;
#4315 = CARTESIAN_POINT ( 'NONE',  ( -3.399999999999995470, -59.45312500000000000, -1.408326112068545521 ) ) ;
#4316 = DIRECTION ( 'NONE',  ( -0.000000000000000000, -1.000000000000000000, -0.000000000000000000 ) ) ;
#4317 = CARTESIAN_POINT ( 'NONE',  ( -1.408326112068521763, -61.17187500341398732, -3.400000000000019451 ) ) ;
#4318 = ORIENTED_EDGE ( 'NONE', *, *, #6266, .T. ) ;
#4319 = LINE ( 'NONE', #1853, #1255 ) ;
#4320 = ORIENTED_EDGE ( 'NONE', *, *, #385, .F. ) ;
#4321 = CARTESIAN_POINT ( 'NONE',  ( 2.404163056034257728, -52.65625000000000000, 2.404163056034235968 ) ) ;
#4322 = CARTESIAN_POINT ( 'NONE',  ( -1.408326112068504221, -73.67187500341395889, -3.400000000000036771 ) ) ;
#4323 = AXIS2_PLACEMENT_3D ( 'NONE', #1783, #4778, #371 ) ;
#4324 = CYLINDRICAL_SURFACE ( 'NONE', #2627, 3.399999999999995914 ) ;
#4325 = CARTESIAN_POINT ( 'NONE',  ( -4.076582343749996618, -61.25000000170699366, 1.688575694911923053 ) ) ;
#4326 = CARTESIAN_POINT ( 'NONE',  ( -4.076582343749996618, -70.00000000170700787, 1.688575694911923053 ) ) ;
#4327 = VERTEX_POINT ( 'NONE', #3645 ) ;
#4328 = CARTESIAN_POINT ( 'NONE',  ( -1.408326112068521319, -57.42187500341399442, -3.400000000000019007 ) ) ;
#4329 = CARTESIAN_POINT ( 'NONE',  ( 1.688575694911947922, -52.34375000170699366, 4.076582343749971749 ) ) ;
#4330 = CARTESIAN_POINT ( 'NONE',  ( -3.399999999999996358, -71.79687499999998579, 1.408326112068497560 ) ) ;
#4331 = CARTESIAN_POINT ( 'NONE',  ( -2.882579019330972159, -63.67187500170700076, 2.882579019330947734 ) ) ;
#4332 = CARTESIAN_POINT ( 'NONE',  ( 1.408326112068522651, -66.48437500000000000, 3.399999999999972378 ) ) ;
#4333 = ADVANCED_FACE ( 'NONE', ( #5643 ), #1539, .F. ) ;
#4334 = CARTESIAN_POINT ( 'NONE',  ( -2.882579019330970826, -73.98437500170699366, -2.882579019330995251 ) ) ;
#4335 = CARTESIAN_POINT ( 'NONE',  ( -4.076582343749996618, -55.15625000170699366, 1.688575694911923053 ) ) ;
#4336 = EDGE_CURVE ( 'NONE', #5116, #4980, #23, .T. ) ;
#4337 = CARTESIAN_POINT ( 'NONE',  ( 2.404163056034258616, -76.40625000341398732, -2.404163056034282153 ) ) ;
#4338 = CARTESIAN_POINT ( 'NONE',  ( -2.882579019330970826, -69.14062500170699366, -2.882579019330995251 ) ) ;
#4339 = CARTESIAN_POINT ( 'NONE',  ( 4.076582343749995729, -74.45312500170699366, -2.338364031016953865E-14 ) ) ;
#4340 = CARTESIAN_POINT ( 'NONE',  ( -1.408326112068523317, -50.70312500341399442, 3.399999999999972378 ) ) ;
#4341 = CARTESIAN_POINT ( 'NONE',  ( -7.488560278101070689E-16, -51.17187500170698655, 4.076582343749972637 ) ) ;
#4342 = CARTESIAN_POINT ( 'NONE',  ( 4.076582343749995729, -68.28125000170699366, -1.688575694911970571 ) ) ;
#4343 = ORIENTED_EDGE ( 'NONE', *, *, #1353, .F. ) ;
#4344 = CARTESIAN_POINT ( 'NONE',  ( -3.399999999999996803, -74.29687500000000000, 1.408326112068497560 ) ) ;
#4345 = CARTESIAN_POINT ( 'NONE',  ( -3.399999999999995914, -56.95312500000000000, -1.408326112068545521 ) ) ;
#4346 = CARTESIAN_POINT ( 'NONE',  ( -2.882579019330970826, -58.98437500170699366, -2.882579019330995251 ) ) ;
#4347 = CARTESIAN_POINT ( 'NONE',  ( 3.399999999999995470, -63.98437500341398732, -1.408326112068545521 ) ) ;
#4348 = CARTESIAN_POINT ( 'NONE',  ( -2.882579019330972159, -70.07812500170699366, 2.882579019330947734 ) ) ;
#4349 = CARTESIAN_POINT ( 'NONE',  ( 3.399999999999995914, -49.53125000170699366, -2.338364031016953865E-14 ) ) ;
#4350 = CARTESIAN_POINT ( 'NONE',  ( -2.404163056034258172, -54.53125000000000000, -2.404163056034282153 ) ) ;
#4351 = FACE_OUTER_BOUND ( 'NONE', #411, .T. ) ;
#4352 = CARTESIAN_POINT ( 'NONE',  ( 2.081899558550498061E-16, -52.50000000341398021, -3.400000000000019451 ) ) ;
#4353 = EDGE_CURVE ( 'NONE', #6033, #2240, #4741, .T. ) ;
#4354 = ORIENTED_EDGE ( 'NONE', *, *, #1629, .F. ) ;
#4355 = FACE_OUTER_BOUND ( 'NONE', #2077, .T. ) ;
#4356 = DIRECTION ( 'NONE',  ( -0.000000000000000000, -1.000000000000000000, -0.000000000000000000 ) ) ;
#4357 = CARTESIAN_POINT ( 'NONE',  ( -1.408326112068523317, -52.89062500000000000, 3.399999999999972378 ) ) ;
#4358 = CARTESIAN_POINT ( 'NONE',  ( 2.081899558550498061E-16, -73.75000000341398732, -3.400000000000019451 ) ) ;
#4359 = CARTESIAN_POINT ( 'NONE',  ( 0.000000000000000000, -80.00000000000000000, -3.400000000000019451 ) ) ;
#4360 = CARTESIAN_POINT ( 'NONE',  ( -7.488560278101070689E-16, -58.51562500170700076, 4.076582343749972637 ) ) ;
#4361 = CARTESIAN_POINT ( 'NONE',  ( -1.688575694911949698, -69.84375000170697945, 4.076582343749971749 ) ) ;
#4362 = ORIENTED_EDGE ( 'NONE', *, *, #946, .T. ) ;
#4363 =( BOUNDED_CURVE ( )  B_SPLINE_CURVE ( 2, ( #2924, #1819, #837, #2376, #5320, #5837, #5904, #3868, #1366 ),
 .UNSPECIFIED., .F., .T. ) 
 B_SPLINE_CURVE_WITH_KNOTS ( ( 3, 2, 2, 2, 3 ),
 ( 0.6354166666666665186, 0.6406249999999998890, 0.6458333333333332593, 0.6510416666666664076, 0.6562499999999997780 ),
 .UNSPECIFIED. ) 
 CURVE ( )  GEOMETRIC_REPRESENTATION_ITEM ( )  RATIONAL_B_SPLINE_CURVE ( ( 1.000000000000001554, 0.9238795325112850731, 1.000000000000000000, 0.9238795325112867385, 1.000000000000000000, 0.9238795325112867385, 1.000000000000000000, 0.9238795325112899581, 0.9999999999999967804 ) ) 
 REPRESENTATION_ITEM ( '' )  );
#4364 = CARTESIAN_POINT ( 'NONE',  ( -2.404163056034258172, -58.59375000341398732, -2.404163056034282153 ) ) ;
#4365 = CARTESIAN_POINT ( 'NONE',  ( -4.076582343749995729, -52.81250000170699366, -1.688575694911971015 ) ) ;
#4366 = CARTESIAN_POINT ( 'NONE',  ( -3.399999999999996358, -70.54687500000000000, 1.408326112068497560 ) ) ;
#4367 = CARTESIAN_POINT ( 'NONE',  ( -4.076582343749995729, -60.15625000170699366, -1.688575694911971015 ) ) ;
#4368 = CARTESIAN_POINT ( 'NONE',  ( 1.408326112068522651, -68.98437500000000000, 3.399999999999972378 ) ) ;
#4369 = CARTESIAN_POINT ( 'NONE',  ( 1.688575694911947922, -77.18750000170699366, 4.076582343749971749 ) ) ;
#4370 = EDGE_CURVE ( 'NONE', #831, #4262, #275, .T. ) ;
#4371 = CARTESIAN_POINT ( 'NONE',  ( 3.399999999999995470, -75.23437500341398732, -1.408326112068545521 ) ) ;
#4372 = CARTESIAN_POINT ( 'NONE',  ( 4.076582343749995729, -67.10937500170699366, -2.338364031016953865E-14 ) ) ;
#4373 = CARTESIAN_POINT ( 'NONE',  ( -3.399999999999995914, -64.76562500341398732, -1.408326112068545521 ) ) ;
#4374 = CARTESIAN_POINT ( 'NONE',  ( 2.882579019330971715, -78.04687500170699366, -2.882579019330995251 ) ) ;
#4375 = CARTESIAN_POINT ( 'NONE',  ( 3.399999999999995026, -50.39062500341398732, 1.408326112068500224 ) ) ;
#4376 = CARTESIAN_POINT ( 'NONE',  ( 2.882579019330971715, -54.45312500170698655, -2.882579019330995251 ) ) ;
#4377 = CARTESIAN_POINT ( 'NONE',  ( 2.882579019330970382, -72.26562500170699366, 2.882579019330949066 ) ) ;
#4378 = ORIENTED_EDGE ( 'NONE', *, *, #1185, .F. ) ;
#4379 = CARTESIAN_POINT ( 'NONE',  ( 3.399999999999995026, -51.64062500341399442, 1.408326112068500446 ) ) ;
#4380 =( BOUNDED_CURVE ( )  B_SPLINE_CURVE ( 2, ( #952, #1475, #20, #5397, #419, #1968, #2421, #3425, #5481 ),
 .UNSPECIFIED., .F., .F. ) 
 B_SPLINE_CURVE_WITH_KNOTS ( ( 3, 2, 2, 2, 3 ),
 ( 0.6145833333333331483, 0.6197916666666664076, 0.6249999999999997780, 0.6302083333333332593, 0.6354166666666665186 ),
 .UNSPECIFIED. ) 
 CURVE ( )  GEOMETRIC_REPRESENTATION_ITEM ( )  RATIONAL_B_SPLINE_CURVE ( ( 1.000000000000003331, 0.9238795325112835188, 1.000000000000000000, 0.9238795325112867385, 1.000000000000000000, 0.9238795325112867385, 1.000000000000000000, 0.9238795325112884038, 0.9999999999999983347 ) ) 
 REPRESENTATION_ITEM ( '' )  );
#4381 = CARTESIAN_POINT ( 'NONE',  ( -3.399999999999996803, -67.10937500341398732, 1.408326112068497560 ) ) ;
#4382 = CARTESIAN_POINT ( 'NONE',  ( 1.688575694911947256, -61.71875000170700076, -4.076582343750018822 ) ) ;
#4383 = CARTESIAN_POINT ( 'NONE',  ( 1.408326112068521985, -66.32812500341397310, -3.400000000000019007 ) ) ;
#4384 = CARTESIAN_POINT ( 'NONE',  ( -1.688575694911949698, -68.75000000170697945, 4.076582343749971749 ) ) ;
#4385 =( BOUNDED_CURVE ( )  B_SPLINE_CURVE ( 2, ( #2504, #2017, #6003, #1529, #5534, #5910, #3510, #5505, #5018 ),
 .UNSPECIFIED., .F., .T. ) 
 B_SPLINE_CURVE_WITH_KNOTS ( ( 3, 2, 2, 2, 3 ),
 ( 0.7187500000000000000, 0.7239583333333333703, 0.7291666666666665186, 0.7343749999999998890, 0.7395833333333332593 ),
 .UNSPECIFIED. ) 
 CURVE ( )  GEOMETRIC_REPRESENTATION_ITEM ( )  RATIONAL_B_SPLINE_CURVE ( ( 1.000000000000000000, 0.9238795325112867385, 1.000000000000000000, 0.9238795325112867385, 1.000000000000000000, 0.9238795325112867385, 1.000000000000000000, 0.9238795325112884038, 0.9999999999999983347 ) ) 
 REPRESENTATION_ITEM ( '' )  );
#4386 = FACE_OUTER_BOUND ( 'NONE', #3418, .T. ) ;
#4387 = CARTESIAN_POINT ( 'NONE',  ( 3.399999999999995914, -52.73437500341398732, -1.408326112068545521 ) ) ;
#4388 = COORDINATED_UNIVERSAL_TIME_OFFSET ( 8, 0, .AHEAD. ) ;
#4389 = CYLINDRICAL_SURFACE ( 'NONE', #4965, 3.399999999999995914 ) ;
#4390 = CARTESIAN_POINT ( 'NONE',  ( 0.9629668905409664026, -79.60650414213580461, -3.509804268509294722 ) ) ;
#4391 = CARTESIAN_POINT ( 'NONE',  ( -3.399999999999995470, -53.20312500000000000, -1.408326112068545521 ) ) ;
#4392 = CARTESIAN_POINT ( 'NONE',  ( 2.081899558550498061E-16, -70.00000000341398732, -3.400000000000019451 ) ) ;
#4393 = CARTESIAN_POINT ( 'NONE',  ( 2.882579019330971715, -58.04687500170699366, -2.882579019330995251 ) ) ;
#4394 = CARTESIAN_POINT ( 'NONE',  ( -4.076582343749996618, -66.25000000170700787, 1.688575694911923053 ) ) ;
#4395 = VERTEX_POINT ( 'NONE', #2772 ) ;
#4396 = VECTOR ( 'NONE', #6318, 1000.000000000000000 ) ;
#4397 = CARTESIAN_POINT ( 'NONE',  ( 2.882579019330971715, -55.70312500170698655, -2.882579019330995251 ) ) ;
#4398 = CARTESIAN_POINT ( 'NONE',  ( 1.408326112068521985, -68.51562500000000000, -3.400000000000019007 ) ) ;
#4399 = CARTESIAN_POINT ( 'NONE',  ( 2.496186759367024056E-16, -62.89062500170700076, -4.076582343750019710 ) ) ;
#4400 = CARTESIAN_POINT ( 'NONE',  ( -2.404163056034259061, -66.71875000000001421, 2.404163056034235080 ) ) ;
#4401 = CARTESIAN_POINT ( 'NONE',  ( -2.882579019330970826, -77.73437500170699366, -2.882579019330995251 ) ) ;
#4402 = CARTESIAN_POINT ( 'NONE',  ( 2.404163056034257728, -71.71875000341398732, 2.404163056034235968 ) ) ;
#4403 = CARTESIAN_POINT ( 'NONE',  ( 1.688575694911947256, -71.87500000170699366, -4.076582343750019710 ) ) ;
#4404 = DIRECTION ( 'NONE',  ( -0.000000000000000000, -1.000000000000000000, -0.000000000000000000 ) ) ;
#4405 = CARTESIAN_POINT ( 'NONE',  ( 2.882579019330970382, -77.10937500170699366, 2.882579019330949066 ) ) ;
#4406 = CARTESIAN_POINT ( 'NONE',  ( 2.404163056034258616, -50.15625000341398732, -2.404163056034282153 ) ) ;
#4407 = CARTESIAN_POINT ( 'NONE',  ( 1.688575694911947256, -54.37500000170699366, -4.076582343750018822 ) ) ;
#4408 = CARTESIAN_POINT ( 'NONE',  ( 2.882579019330971715, -70.70312500170699366, -2.882579019330995251 ) ) ;
#4409 = ORIENTED_EDGE ( 'NONE', *, *, #3854, .F. ) ;
#4410 = CARTESIAN_POINT ( 'NONE',  ( 4.076582343749994841, -78.28125000170697945, 1.688575694911926828 ) ) ;
#4411 = CARTESIAN_POINT ( 'NONE',  ( -1.408326112068544189, -53.35937500000000000, -3.399999999999995914 ) ) ;
#4412 = CARTESIAN_POINT ( 'NONE',  ( 4.076582343749995729, -59.37500000170700076, -1.688575694911970571 ) ) ;
#4413 = CARTESIAN_POINT ( 'NONE',  ( -1.408326112068523317, -65.70312500341398732, 3.399999999999972378 ) ) ;
#4414 = CARTESIAN_POINT ( 'NONE',  ( 2.496186759367024056E-16, -69.29687500170699366, -4.076582343750019710 ) ) ;
#4415 = DIRECTION ( 'NONE',  ( -0.000000000000000000, -1.000000000000000000, -0.000000000000000000 ) ) ;
#4416 = EDGE_CURVE ( 'NONE', #1001, #6357, #2330, .T. ) ;
#4417 = CARTESIAN_POINT ( 'NONE',  ( -2.404163056034258172, -51.09375000341398732, -2.404163056034282153 ) ) ;
#4418 = EDGE_CURVE ( 'NONE', #2695, #441, #961, .T. ) ;
#4419 = EDGE_CURVE ( 'NONE', #4652, #4127, #6125, .T. ) ;
#4420 = VECTOR ( 'NONE', #3520, 1000.000000000000000 ) ;
#4421 = ADVANCED_FACE ( 'NONE', ( #6128 ), #1653, .F. ) ;
#4422 =( BOUNDED_CURVE ( )  B_SPLINE_CURVE ( 2, ( #4737, #6325, #3306, #5824, #4907, #897, #5306, #824, #859 ),
 .UNSPECIFIED., .F., .T. ) 
 B_SPLINE_CURVE_WITH_KNOTS ( ( 3, 2, 2, 2, 3 ),
 ( 0.1979166666666665741, 0.2031249999999999167, 0.2083333333333332593, 0.2135416666666666019, 0.2187499999999999445 ),
 .UNSPECIFIED. ) 
 CURVE ( )  GEOMETRIC_REPRESENTATION_ITEM ( )  RATIONAL_B_SPLINE_CURVE ( ( 1.000000000000001110, 0.9238795325112855172, 1.000000000000000000, 0.9238795325112867385, 1.000000000000000000, 0.9238795325112867385, 1.000000000000000000, 0.9238795325112875156, 0.9999999999999992228 ) ) 
 REPRESENTATION_ITEM ( '' )  );
#4423 = CARTESIAN_POINT ( 'NONE',  ( 1.408326112068568614, -65.23437500000000000, 3.399999999999926192 ) ) ;
#4424 = CARTESIAN_POINT ( 'NONE',  ( 2.817675496419145276, -79.68130019943399134, -2.420015682593222195 ) ) ;
#4425 = CARTESIAN_POINT ( 'NONE',  ( -6.245698675651493936E-16, -55.31250000000000000, 3.399999999999972378 ) ) ;
#4426 = LINE ( 'NONE', #1924, #5894 ) ;
#4427 = CARTESIAN_POINT ( 'NONE',  ( -6.245698675651493936E-16, -67.81250000000000000, 3.399999999999972378 ) ) ;
#4428 = CARTESIAN_POINT ( 'NONE',  ( 4.076582343749995729, -60.70312500170699366, -2.338364031016953865E-14 ) ) ;
#4429 = CARTESIAN_POINT ( 'NONE',  ( -2.882579019330972159, -69.92187500170699366, 2.882579019330947734 ) ) ;
#4430 = ORIENTED_EDGE ( 'NONE', *, *, #951, .F. ) ;
#4431 = ORIENTED_EDGE ( 'NONE', *, *, #2460, .F. ) ;
#4432 = CARTESIAN_POINT ( 'NONE',  ( 2.404163056034257728, -62.65625000000000000, 2.404163056034235968 ) ) ;
#4433 = CARTESIAN_POINT ( 'NONE',  ( 2.404163056034258616, -68.59375000000001421, -2.404163056034282153 ) ) ;
#4434 = CARTESIAN_POINT ( 'NONE',  ( 2.882579019330970382, -63.35937500170699366, 2.882579019330949066 ) ) ;
#4435 = CARTESIAN_POINT ( 'NONE',  ( -6.245698675651493936E-16, -64.06250000000000000, 3.399999999999972378 ) ) ;
#4436 = CARTESIAN_POINT ( 'NONE',  ( 2.882579019330971715, -74.29687500170699366, -2.882579019330995251 ) ) ;
#4437 = CARTESIAN_POINT ( 'NONE',  ( 3.399999999999995470, -66.48437500341398732, -1.408326112068545521 ) ) ;
#4438 = CARTESIAN_POINT ( 'NONE',  ( 2.496186759367024056E-16, -64.29687500170699366, -4.076582343750019710 ) ) ;
#4439 = CARTESIAN_POINT ( 'NONE',  ( -6.245698675651493936E-16, -67.81250000000000000, 3.399999999999972378 ) ) ;
#4440 = CARTESIAN_POINT ( 'NONE',  ( -2.882579019330970826, -73.98437500170699366, -2.882579019330995251 ) ) ;
#4441 = CARTESIAN_POINT ( 'NONE',  ( 3.399999999999995914, -49.06250000341398732, -2.338364031016953865E-14 ) ) ;
#4442 = CARTESIAN_POINT ( 'NONE',  ( 3.399999999999995914, -68.98437500341397310, -1.408326112068545521 ) ) ;
#4443 = CARTESIAN_POINT ( 'NONE',  ( 4.076582343749994841, -68.43750000170700787, 1.688575694911926828 ) ) ;
#4444 = ORIENTED_EDGE ( 'NONE', *, *, #194, .F. ) ;
#4445 = CARTESIAN_POINT ( 'NONE',  ( -1.688575694911949698, -78.59375000170699366, 4.076582343749971749 ) ) ;
#4446 = CARTESIAN_POINT ( 'NONE',  ( -2.404163056034259061, -67.03125000341397310, 2.404163056034235080 ) ) ;
#4447 = CARTESIAN_POINT ( 'NONE',  ( -1.688575694911946590, -60.31250000170700076, -4.076582343750018822 ) ) ;
#4448 = CARTESIAN_POINT ( 'NONE',  ( -2.404163056034259061, -67.03125000341397310, 2.404163056034235080 ) ) ;
#4449 = CARTESIAN_POINT ( 'NONE',  ( -1.688575694911946590, -66.71875000170699366, -4.076582343750018822 ) ) ;
#4450 = LINE ( 'NONE', #2918, #6204 ) ;
#4451 = CYLINDRICAL_SURFACE ( 'NONE', #2443, 3.399999999999995914 ) ;
#4452 = CARTESIAN_POINT ( 'NONE',  ( -7.848253377885661734E-15, -47.95707389530629428, -2.338364031016953865E-14 ) ) ;
#4453 = CYLINDRICAL_SURFACE ( 'NONE', #6253, 3.399999999999995914 ) ;
#4454 = CARTESIAN_POINT ( 'NONE',  ( 3.399999999999995914, -51.25000000000000711, -2.338364031016953865E-14 ) ) ;
#4455 = CARTESIAN_POINT ( 'NONE',  ( -6.245698675651493936E-16, -56.56250000000000000, 3.399999999999972378 ) ) ;
#4456 = CARTESIAN_POINT ( 'NONE',  ( -6.245698675651493936E-16, -58.12500000341398732, 3.399999999999972378 ) ) ;
#4457 = CARTESIAN_POINT ( 'NONE',  ( 4.076582343749995729, -55.70312500170699366, -2.338364031016953865E-14 ) ) ;
#4458 = CARTESIAN_POINT ( 'NONE',  ( -4.076582343749995729, -70.07812500170699366, -2.388287766204294237E-14 ) ) ;
#4459 = ORIENTED_EDGE ( 'NONE', *, *, #17, .F. ) ;
#4460 = CARTESIAN_POINT ( 'NONE',  ( -1.688575694911950142, -50.00000000170699366, 4.076582343749971749 ) ) ;
#4461 = CARTESIAN_POINT ( 'NONE',  ( 3.399999999999995470, -69.92187499999998579, -1.408326112068545521 ) ) ;
#4462 = CARTESIAN_POINT ( 'NONE',  ( -1.688575694911949698, -54.84375000170698655, 4.076582343749971749 ) ) ;
#4463 = CARTESIAN_POINT ( 'NONE',  ( 2.081899558550498061E-16, -62.18750000000000000, -3.400000000000019451 ) ) ;
#4464 = CARTESIAN_POINT ( 'NONE',  ( -1.688575694911946590, -76.56250000170702208, -4.076582343750019710 ) ) ;
#4465 = CARTESIAN_POINT ( 'NONE',  ( 2.404163056034258616, -68.90625000341397310, -2.404163056034282153 ) ) ;
#4466 = CARTESIAN_POINT ( 'NONE',  ( 4.076582343749994841, -62.18750000170699366, 1.688575694911926828 ) ) ;
#4467 = CARTESIAN_POINT ( 'NONE',  ( -6.245698675651493936E-16, -64.37500000341397310, 3.399999999999972378 ) ) ;
#4468 = CARTESIAN_POINT ( 'NONE',  ( 4.076582343749995729, -76.87500000170700787, -1.688575694911970571 ) ) ;
#4469 = CARTESIAN_POINT ( 'NONE',  ( 3.399999999999995914, -75.00000000000000000, -2.338364031016953865E-14 ) ) ;
#4470 = CARTESIAN_POINT ( 'NONE',  ( 2.404163056034258616, -61.09375000000000000, -2.404163056034282153 ) ) ;
#4471 = CARTESIAN_POINT ( 'NONE',  ( 1.688575694911947256, -63.12500000170700076, -4.076582343750018822 ) ) ;
#4472 = CARTESIAN_POINT ( 'NONE',  ( -2.882579019330970826, -77.73437500170699366, -2.882579019330995251 ) ) ;
#4473 = CARTESIAN_POINT ( 'NONE',  ( -1.688575694911946590, -61.56250000170699366, -4.076582343750018822 ) ) ;
#4474 = CARTESIAN_POINT ( 'NONE',  ( -3.399999999999995470, -61.01562500341397310, -1.408326112068545521 ) ) ;
#4475 = CARTESIAN_POINT ( 'NONE',  ( -4.076582343749995729, -62.81250000170699366, -1.688575694911971015 ) ) ;
#4476 = DIRECTION ( 'NONE',  ( 1.000000000000000000, 0.000000000000000000, -0.000000000000000000 ) ) ;
#4477 = CARTESIAN_POINT ( 'NONE',  ( -6.245698675651493936E-16, -59.06250000000000711, 3.399999999999972378 ) ) ;
#4478 = CARTESIAN_POINT ( 'NONE',  ( 2.404163056034258616, -52.65625000341398732, -2.404163056034282153 ) ) ;
#4479 = LINE ( 'NONE', #6464, #2318 ) ;
#4480 = PLANE ( 'NONE',  #1658 ) ;
#4481 = CARTESIAN_POINT ( 'NONE',  ( 4.076582343749995729, -75.78125000170700787, -1.688575694911970571 ) ) ;
#4482 = CARTESIAN_POINT ( 'NONE',  ( 0.000000000000000000, -80.00000000000000000, -2.338364031016953865E-14 ) ) ;
#4483 = CARTESIAN_POINT ( 'NONE',  ( 0.000000000000000000, -75.97500000000000853, -2.338364031016953865E-14 ) ) ;
#4484 = CARTESIAN_POINT ( 'NONE',  ( 1.688575694911947922, -53.43750000170699366, 4.076582343749971749 ) ) ;
#4485 = CARTESIAN_POINT ( 'NONE',  ( -2.882579019330970826, -62.73437500170699366, -2.882579019330995251 ) ) ;
#4486 = ORIENTED_EDGE ( 'NONE', *, *, #3455, .F. ) ;
#4487 = CARTESIAN_POINT ( 'NONE',  ( -4.076582343749996618, -50.15625000170700076, 1.688575694911923053 ) ) ;
#4488 = CARTESIAN_POINT ( 'NONE',  ( 1.408326112068521985, -61.01562500000000000, -3.400000000000019007 ) ) ;
#4489 = CARTESIAN_POINT ( 'NONE',  ( -4.076582343749996618, -57.50000000170699366, 1.688575694911923053 ) ) ;
#4490 = CARTESIAN_POINT ( 'NONE',  ( -6.245698675651493936E-16, -62.81249999999999289, 3.399999999999972378 ) ) ;
#4491 = CARTESIAN_POINT ( 'NONE',  ( 2.496186759367024056E-16, -69.14062500170699366, -4.076582343750019710 ) ) ;
#4492 = CARTESIAN_POINT ( 'NONE',  ( -1.408326112068523317, -66.95312500341397310, 3.399999999999972378 ) ) ;
#4493 = CARTESIAN_POINT ( 'NONE',  ( 2.882579019330971715, -64.45312500170699366, -2.882579019330995251 ) ) ;
#4494 = CARTESIAN_POINT ( 'NONE',  ( -1.408326112068532865, -68.35937499999998579, -3.400000000000007905 ) ) ;
#4495 = CARTESIAN_POINT ( 'NONE',  ( -4.076582343749996618, -71.25000000170699366, 1.688575694911923053 ) ) ;
#4496 = CARTESIAN_POINT ( 'NONE',  ( 2.081899558550498061E-16, -77.18750000000000000, -3.400000000000019451 ) ) ;
#4497 = DIRECTION ( 'NONE',  ( 0.000000000000000000, 0.000000000000000000, -1.000000000000000000 ) ) ;
#4498 = EDGE_CURVE ( 'NONE', #1823, #3335, #765, .T. ) ;
#4499 = CARTESIAN_POINT ( 'NONE',  ( 2.496186759367024056E-16, -63.04687500170700076, -4.076582343750019710 ) ) ;
#4500 = CARTESIAN_POINT ( 'NONE',  ( 4.076582343749995729, -79.45312500170699366, -2.338364031016953865E-14 ) ) ;
#4501 = CARTESIAN_POINT ( 'NONE',  ( -2.882579019330972159, -77.57812500170699366, 2.882579019330947734 ) ) ;
#4502 = CARTESIAN_POINT ( 'NONE',  ( 4.076582343749995729, -55.62500000170699366, -1.688575694911970571 ) ) ;
#4503 = CARTESIAN_POINT ( 'NONE',  ( -6.245698675651493936E-16, -59.37500000341398732, 3.399999999999972378 ) ) ;
#4504 = CARTESIAN_POINT ( 'NONE',  ( 2.496186759367024056E-16, -64.29687500170699366, -4.076582343750019710 ) ) ;
#4505 = CARTESIAN_POINT ( 'NONE',  ( 1.408326112068568170, -59.76562500000001421, -3.399999999999973266 ) ) ;
#4506 = LINE ( 'NONE', #5071, #5991 ) ;
#4507 = CARTESIAN_POINT ( 'NONE',  ( 3.399999999999995026, -55.39062500341398021, 1.408326112068500224 ) ) ;
#4508 = CARTESIAN_POINT ( 'NONE',  ( 0.000000000000000000, -80.00000000000000000, -3.400000000000019451 ) ) ;
#4509 = CARTESIAN_POINT ( 'NONE',  ( 2.404163056034258616, -77.65625000341398732, -2.404163056034282153 ) ) ;
#4510 = CARTESIAN_POINT ( 'NONE',  ( 1.688575694911947256, -76.87500000170700787, -4.076582343750018822 ) ) ;
#4511 = DIRECTION ( 'NONE',  ( -0.000000000000000000, -1.000000000000000000, -0.000000000000000000 ) ) ;
#4512 = CARTESIAN_POINT ( 'NONE',  ( 2.081899558550498061E-16, -71.25000000341398732, -3.400000000000019451 ) ) ;
#4513 = AXIS2_PLACEMENT_3D ( 'NONE', #4976, #5962, #532 ) ;
#4514 = CARTESIAN_POINT ( 'NONE',  ( -4.076582343749995729, -55.15625000170700787, -1.688575694911971015 ) ) ;
#4515 = CARTESIAN_POINT ( 'NONE',  ( 4.076582343749994841, -63.28125000170699366, 1.688575694911926828 ) ) ;
#4516 = EDGE_LOOP ( 'NONE', ( #2823, #3920, #2792, #1007 ) ) ;
#4517 = ORIENTED_EDGE ( 'NONE', *, *, #749, .T. ) ;
#4518 = AXIS2_PLACEMENT_3D ( 'NONE', #1463, #5529, #6467 ) ;
#4519 = CARTESIAN_POINT ( 'NONE',  ( 2.496186759367024056E-16, -50.54687500170698655, -4.076582343750019710 ) ) ;
#4520 = ORIENTED_EDGE ( 'NONE', *, *, #4893, .F. ) ;
#4521 = CARTESIAN_POINT ( 'NONE',  ( -1.408326112068521319, -65.85937500000000000, -3.400000000000019007 ) ) ;
#4522 = CARTESIAN_POINT ( 'NONE',  ( -1.688575694911946590, -55.31250000170699366, -4.076582343750018822 ) ) ;
#4523 = CARTESIAN_POINT ( 'NONE',  ( -6.245698675651493936E-16, -61.56250000000000711, 3.399999999999972378 ) ) ;
#4524 = CARTESIAN_POINT ( 'NONE',  ( 4.076582343749995729, -70.70312500170700787, -2.338364031016953865E-14 ) ) ;
#4525 = CARTESIAN_POINT ( 'NONE',  ( 2.404163056034257728, -70.46875000341398732, 2.404163056034235968 ) ) ;
#4526 = CARTESIAN_POINT ( 'NONE',  ( -4.076582343749995729, -65.23437500170699366, -2.388287766204294237E-14 ) ) ;
#4527 = EDGE_CURVE ( 'NONE', #3055, #5663, #265, .T. ) ;
#4528 = CARTESIAN_POINT ( 'NONE',  ( -3.399999999999995470, -76.95312500000000000, -1.408326112068545521 ) ) ;
#4529 = CARTESIAN_POINT ( 'NONE',  ( 4.076582343749995729, -70.62500000170699366, -1.688575694911970571 ) ) ;
#4530 = CARTESIAN_POINT ( 'NONE',  ( 1.408326112068522651, -77.73437500000002842, 3.399999999999972378 ) ) ;
#4531 = CARTESIAN_POINT ( 'NONE',  ( -2.404163056034259061, -65.78125000341398732, 2.404163056034235080 ) ) ;
#4532 = VECTOR ( 'NONE', #4063, 1000.000000000000000 ) ;
#4533 = CARTESIAN_POINT ( 'NONE',  ( 4.076582343749995729, -65.78125000170699366, -1.688575694911970571 ) ) ;
#4534 = CARTESIAN_POINT ( 'NONE',  ( -4.076582343749995729, -78.90625000170699366, -1.688575694911971015 ) ) ;
#4535 = CARTESIAN_POINT ( 'NONE',  ( -2.882579019330970826, -77.89062500170699366, -2.882579019330995251 ) ) ;
#4536 = CARTESIAN_POINT ( 'NONE',  ( 2.882579019330970382, -55.85937500170700076, 2.882579019330949066 ) ) ;
#4537 = CARTESIAN_POINT ( 'NONE',  ( -3.399999999999995470, -62.26562500341398021, -1.408326112068545521 ) ) ;
#4538 = CARTESIAN_POINT ( 'NONE',  ( 2.496186759367024056E-16, -63.04687500170700076, -4.076582343750019710 ) ) ;
#4539 = LINE ( 'NONE', #1121, #3581 ) ;
#4540 = CARTESIAN_POINT ( 'NONE',  ( 1.408326112068499336, -65.07812500341398732, -3.400000000000042100 ) ) ;
#4541 =( BOUNDED_CURVE ( )  B_SPLINE_CURVE ( 2, ( #5086, #4167, #6454, #142, #4961, #1662, #988, #2149, #109 ),
 .UNSPECIFIED., .F., .T. ) 
 B_SPLINE_CURVE_WITH_KNOTS ( ( 3, 2, 2, 2, 3 ),
 ( 0.3645833333333333703, 0.3697916666666667407, 0.3750000000000000555, 0.3802083333333333703, 0.3854166666666667407 ),
 .UNSPECIFIED. ) 
 CURVE ( )  GEOMETRIC_REPRESENTATION_ITEM ( )  RATIONAL_B_SPLINE_CURVE ( ( 0.9999999999999992228, 0.9238795325112875156, 1.000000000000000000, 0.9238795325112867385, 1.000000000000000000, 0.9238795325112867385, 1.000000000000000000, 0.9238795325112859613, 1.000000000000000888 ) ) 
 REPRESENTATION_ITEM ( '' )  );
#4542 = CARTESIAN_POINT ( 'NONE',  ( 3.399999999999995470, -53.98437500341399442, -1.408326112068545521 ) ) ;
#4543 = CARTESIAN_POINT ( 'NONE',  ( 4.163799117100996122E-16, -80.00000000000000000, 3.399999999999972378 ) ) ;
#4544 = CARTESIAN_POINT ( 'NONE',  ( -3.399999999999996358, -74.60937500341400153, 1.408326112068497560 ) ) ;
#4545 = CARTESIAN_POINT ( 'NONE',  ( 2.081899558550498061E-16, -50.93750000000000000, -3.400000000000019451 ) ) ;
#4546 = CARTESIAN_POINT ( 'NONE',  ( -1.408326112068509994, -72.42187500341397310, -3.400000000000030553 ) ) ;
#4547 = CARTESIAN_POINT ( 'NONE',  ( 1.408326112068533531, -71.32812500341398732, -3.400000000000007905 ) ) ;
#4548 = EDGE_CURVE ( 'NONE', #2695, #1427, #2661, .T. ) ;
#4549 = CARTESIAN_POINT ( 'NONE',  ( 4.076582343749995729, -54.45312500170699366, -2.338364031016953865E-14 ) ) ;
#4550 = CARTESIAN_POINT ( 'NONE',  ( 4.076582343749995729, -61.87500000170700076, -1.688575694911970571 ) ) ;
#4551 = EDGE_LOOP ( 'NONE', ( #601, #1133, #4753, #2601 ) ) ;
#4552 = ORIENTED_EDGE ( 'NONE', *, *, #1628, .F. ) ;
#4553 = CARTESIAN_POINT ( 'NONE',  ( 1.408326112068560620, -77.57812500341397310, -3.399999999999979927 ) ) ;
#4554 = EDGE_LOOP ( 'NONE', ( #5020, #1130, #1960, #4963 ) ) ;
#4555 = CARTESIAN_POINT ( 'NONE',  ( 2.404163056034257728, -62.65625000000000000, 2.404163056034235968 ) ) ;
#4556 = CARTESIAN_POINT ( 'NONE',  ( 1.688575694911947922, -57.18750000170700076, 4.076582343749971749 ) ) ;
#4557 = CARTESIAN_POINT ( 'NONE',  ( -7.488560278101070689E-16, -72.26562500170699366, 4.076582343749972637 ) ) ;
#4558 = CARTESIAN_POINT ( 'NONE',  ( -1.408326112068523317, -68.20312500341397310, 3.399999999999972378 ) ) ;
#4559 = CARTESIAN_POINT ( 'NONE',  ( 1.688575694911947256, -66.87500000170697945, -4.076582343750019710 ) ) ;
#4560 = CARTESIAN_POINT ( 'NONE',  ( 3.399999999999995914, -77.50000000000000000, -2.338364031016953865E-14 ) ) ;
#4561 = CARTESIAN_POINT ( 'NONE',  ( 1.688575694911947922, -73.43750000170700787, 4.076582343749971749 ) ) ;
#4562 = CARTESIAN_POINT ( 'NONE',  ( -3.399999999999995914, -75.62500000000000000, -2.380002022187964067E-14 ) ) ;
#4563 = DIRECTION ( 'NONE',  ( 0.000000000000000000, 0.000000000000000000, -1.000000000000000000 ) ) ;
#4564 = CARTESIAN_POINT ( 'NONE',  ( 1.688575694911947922, -63.59375000170700787, 4.076582343749971749 ) ) ;
#4565 = CARTESIAN_POINT ( 'NONE',  ( 4.076582343749995729, -73.20312500170699366, -2.338364031016953865E-14 ) ) ;
#4566 = EDGE_CURVE ( 'NONE', #703, #1557, #232, .T. ) ;
#4567 =( BOUNDED_CURVE ( )  B_SPLINE_CURVE ( 2, ( #6486, #3793, #990, #2819, #5827, #4773, #5343, #5310, #5274 ),
 .UNSPECIFIED., .F., .F. ) 
 B_SPLINE_CURVE_WITH_KNOTS ( ( 3, 2, 2, 2, 3 ),
 ( 0.8437500000000000000, 0.8489583333333333703, 0.8541666666666665186, 0.8593749999999998890, 0.8645833333333332593 ),
 .UNSPECIFIED. ) 
 CURVE ( )  GEOMETRIC_REPRESENTATION_ITEM ( )  RATIONAL_B_SPLINE_CURVE ( ( 1.000000000000000000, 0.9238795325112867385, 1.000000000000000000, 0.9238795325112867385, 1.000000000000000000, 0.9238795325112867385, 1.000000000000000000, 0.9238795325112884038, 0.9999999999999983347 ) ) 
 REPRESENTATION_ITEM ( '' )  );
#4568 = CARTESIAN_POINT ( 'NONE',  ( 4.076582343749994841, -78.43750000170700787, 1.688575694911926828 ) ) ;
#4569 = CARTESIAN_POINT ( 'NONE',  ( -4.076582343749996618, -53.75000000170698655, 1.688575694911923053 ) ) ;
#4570 = CARTESIAN_POINT ( 'NONE',  ( 3.399999999999995470, -62.73437500341398021, -1.408326112068545521 ) ) ;
#4571 = CARTESIAN_POINT ( 'NONE',  ( -7.488560278101070689E-16, -61.17187500170699366, 4.076582343749972637 ) ) ;
#4572 = AXIS2_PLACEMENT_3D ( 'NONE', #4974, #2922, #4882 ) ;
#4573 = CARTESIAN_POINT ( 'NONE',  ( 4.163799117100996122E-16, -80.00000000000000000, 3.399999999999972378 ) ) ;
#4574 = CARTESIAN_POINT ( 'NONE',  ( -3.399999999999996803, -69.29687500000001421, 1.408326112068497560 ) ) ;
#4575 = CARTESIAN_POINT ( 'NONE',  ( -1.408326112068521319, -52.42187500341399442, -3.400000000000019007 ) ) ;
#4576 = DIRECTION ( 'NONE',  ( -0.000000000000000000, -1.000000000000000000, -0.000000000000000000 ) ) ;
#4577 = CARTESIAN_POINT ( 'NONE',  ( 3.399999999999995026, -74.14062500341397310, 1.408326112068500224 ) ) ;
#4578 = CARTESIAN_POINT ( 'NONE',  ( -2.882579019330972159, -76.32812500170699366, 2.882579019330947734 ) ) ;
#4579 = CARTESIAN_POINT ( 'NONE',  ( 7.960204194457794491E-16, 1.902774812712059887E-15, -6.499999999999999112 ) ) ;
#4580 = CARTESIAN_POINT ( 'NONE',  ( 2.404163056034258616, -66.09375000000000000, -2.404163056034282153 ) ) ;
#4581 = CARTESIAN_POINT ( 'NONE',  ( -4.076582343749995729, -56.32812500170699366, -2.388287766204294237E-14 ) ) ;
#4582 = CARTESIAN_POINT ( 'NONE',  ( 2.496186759367024056E-16, -65.39062500170699366, -4.076582343750019710 ) ) ;
#4583 =( BOUNDED_CURVE ( )  B_SPLINE_CURVE ( 2, ( #5627, #1587, #3148, #3565, #5998, #1617, #4580, #1096, #5145 ),
 .UNSPECIFIED., .F., .F. ) 
 B_SPLINE_CURVE_WITH_KNOTS ( ( 3, 2, 2, 2, 3 ),
 ( 0.4479166666666667962, 0.4531250000000001110, 0.4583333333333334259, 0.4635416666666667962, 0.4687500000000001110 ),
 .UNSPECIFIED. ) 
 CURVE ( )  GEOMETRIC_REPRESENTATION_ITEM ( )  RATIONAL_B_SPLINE_CURVE ( ( 0.9999999999999983347, 0.9238795325112884038, 1.000000000000000000, 0.9238795325112867385, 1.000000000000000000, 0.9238795325112867385, 1.000000000000000000, 0.9238795325112850731, 1.000000000000001554 ) ) 
 REPRESENTATION_ITEM ( '' )  );
#4584 = ORIENTED_EDGE ( 'NONE', *, *, #4178, .T. ) ;
#4585 = ORIENTED_EDGE ( 'NONE', *, *, #213, .F. ) ;
#4586 = CARTESIAN_POINT ( 'NONE',  ( -1.408326112068546188, -58.20312500341398732, 3.399999999999948841 ) ) ;
#4587 = VERTEX_POINT ( 'NONE', #2756 ) ;
#4588 = CARTESIAN_POINT ( 'NONE',  ( 2.404163056034257728, -63.90625000000000000, 2.404163056034235968 ) ) ;
#4589 = CARTESIAN_POINT ( 'NONE',  ( 2.882579019330970382, -57.10937500170700076, 2.882579019330949066 ) ) ;
#4590 = DIRECTION ( 'NONE',  ( 0.000000000000000000, 0.000000000000000000, -1.000000000000000000 ) ) ;
#4592 = CARTESIAN_POINT ( 'NONE',  ( 4.076582343749995729, -69.37500000170699366, -1.688575694911970571 ) ) ;
#4591 =( BOUNDED_CURVE ( )  B_SPLINE_CURVE ( 2, ( #2696, #105, #204, #5214, #3633, #2664, #2209, #633, #1622 ),
 .UNSPECIFIED., .F., .T. ) 
 B_SPLINE_CURVE_WITH_KNOTS ( ( 3, 2, 2, 2, 3 ),
 ( 0.1145833333333332038, 0.1197916666666665464, 0.1249999999999998890, 0.1302083333333332316, 0.1354166666666665464 ),
 .UNSPECIFIED. ) 
 CURVE ( )  GEOMETRIC_REPRESENTATION_ITEM ( )  RATIONAL_B_SPLINE_CURVE ( ( 1.000000000000001776, 0.9238795325112849621, 1.000000000000000000, 0.9238795325112867385, 1.000000000000000000, 0.9238795325112867385, 1.000000000000000000, 0.9238795325112884038, 0.9999999999999983347 ) ) 
 REPRESENTATION_ITEM ( '' )  );
#4593 = CARTESIAN_POINT ( 'NONE',  ( 1.408326112068521985, -65.07812500341397310, -3.400000000000019007 ) ) ;
#4594 = CARTESIAN_POINT ( 'NONE',  ( 2.882579019330970382, -61.01562500170699366, 2.882579019330949066 ) ) ;
#4595 = FACE_OUTER_BOUND ( 'NONE', #877, .T. ) ;
#4596 = CARTESIAN_POINT ( 'NONE',  ( -7.488560278101070689E-16, -69.76562500170699366, 4.076582343749972637 ) ) ;
#4597 = CARTESIAN_POINT ( 'NONE',  ( -3.399999999999995914, -78.12500000000000000, -2.380002022187964067E-14 ) ) ;
#4598 = CARTESIAN_POINT ( 'NONE',  ( 3.399999999999995914, -75.23437500341398732, -1.408326112068545521 ) ) ;
#4599 = CARTESIAN_POINT ( 'NONE',  ( 4.076582343749995729, -67.03125000170700787, -1.688575694911970571 ) ) ;
#4600 = CARTESIAN_POINT ( 'NONE',  ( 1.688575694911947922, -72.18750000170699366, 4.076582343749971749 ) ) ;
#4601 = CARTESIAN_POINT ( 'NONE',  ( 1.688575694911947922, -49.68750000170698655, 4.076582343749971749 ) ) ;
#4602 = AXIS2_PLACEMENT_3D ( 'NONE', #2987, #1029, #5526 ) ;
#4603 = CARTESIAN_POINT ( 'NONE',  ( -1.688575694911950142, -78.75000000170699366, 4.076582343749971749 ) ) ;
#4604 = CARTESIAN_POINT ( 'NONE',  ( 2.882579019330971715, -55.54687500170699366, -2.882579019330995251 ) ) ;
#4605 = CARTESIAN_POINT ( 'NONE',  ( 3.399999999999995914, -59.06250000341398021, -2.338364031016953865E-14 ) ) ;
#4606 = CARTESIAN_POINT ( 'NONE',  ( -4.076582343749996618, -56.40625000170698655, 1.688575694911923053 ) ) ;
#4607 = DIRECTION ( 'NONE',  ( 0.000000000000000000, 1.000000000000000000, 0.000000000000000000 ) ) ;
#4608 = CARTESIAN_POINT ( 'NONE',  ( 2.081899558550498061E-16, -66.25000000341398732, -3.400000000000019451 ) ) ;
#4609 = CARTESIAN_POINT ( 'NONE',  ( -1.408326112068523317, -54.45312500341398021, 3.399999999999972378 ) ) ;
#4610 = CARTESIAN_POINT ( 'NONE',  ( -2.404163056034259061, -65.46875000000000000, 2.404163056034235080 ) ) ;
#4611 = CARTESIAN_POINT ( 'NONE',  ( 2.404163056034258616, -76.40625000341398732, -2.404163056034282153 ) ) ;
#4612 = EDGE_CURVE ( 'NONE', #1557, #4228, #666, .T. ) ;
#4613 = CARTESIAN_POINT ( 'NONE',  ( 4.076582343749994841, -78.43750000170700787, 1.688575694911926828 ) ) ;
#4614 = CARTESIAN_POINT ( 'NONE',  ( -3.399999999999996803, -61.79687500000000000, 1.408326112068497560 ) ) ;
#4615 = EDGE_CURVE ( 'NONE', #139, #3256, #1620, .T. ) ;
#4616 = CARTESIAN_POINT ( 'NONE',  ( -2.882579019330972159, -49.92187500170699366, 2.882579019330947734 ) ) ;
#4617 = EDGE_CURVE ( 'NONE', #570, #2328, #313, .T. ) ;
#4618 = EDGE_LOOP ( 'NONE', ( #4444, #1165 ) ) ;
#4619 = ORIENTED_EDGE ( 'NONE', *, *, #2703, .F. ) ;
#4620 = CARTESIAN_POINT ( 'NONE',  ( 3.399999999999995026, -50.07812500000000000, 1.408326112068500446 ) ) ;
#4621 = ORIENTED_EDGE ( 'NONE', *, *, #5574, .F. ) ;
#4622 = CARTESIAN_POINT ( 'NONE',  ( -6.245698675651493936E-16, -64.06250000000000000, 3.399999999999972378 ) ) ;
#4623 = CARTESIAN_POINT ( 'NONE',  ( -1.688575694911946590, -52.81250000170699366, -4.076582343750018822 ) ) ;
#4624 = CARTESIAN_POINT ( 'NONE',  ( -1.688575694911949698, -50.00000000170698655, 4.076582343749971749 ) ) ;
#4625 = CARTESIAN_POINT ( 'NONE',  ( -1.688575694911950142, -69.84375000170699366, 4.076582343749971749 ) ) ;
#4626 = VECTOR ( 'NONE', #4678, 1000.000000000000000 ) ;
#4627 = CARTESIAN_POINT ( 'NONE',  ( -6.245698675651493936E-16, -63.12500000341398021, 3.399999999999972378 ) ) ;
#4628 = CARTESIAN_POINT ( 'NONE',  ( 2.496186759367024056E-16, -58.04687500170699366, -4.076582343750019710 ) ) ;
#4629 = CARTESIAN_POINT ( 'NONE',  ( 3.399999999999995914, -78.75000000000000000, -2.338364031016953865E-14 ) ) ;
#4630 = CARTESIAN_POINT ( 'NONE',  ( 4.076582343749994841, -72.03125000170699366, 1.688575694911926828 ) ) ;
#4631 = CARTESIAN_POINT ( 'NONE',  ( -1.408326112068521319, -74.60937500000000000, -3.400000000000019007 ) ) ;
#4632 = CARTESIAN_POINT ( 'NONE',  ( 4.163799117100996122E-16, -80.00000000000000000, 3.399999999999972378 ) ) ;
#4633 = CARTESIAN_POINT ( 'NONE',  ( -4.076582343749996618, -60.15625000170699366, 1.688575694911923053 ) ) ;
#4634 = CARTESIAN_POINT ( 'NONE',  ( 1.688575694911947256, -74.21875000170700787, -4.076582343750018822 ) ) ;
#4635 = CARTESIAN_POINT ( 'NONE',  ( 2.404163056034258616, -78.90625000341398732, -2.404163056034282153 ) ) ;
#4636 = CARTESIAN_POINT ( 'NONE',  ( 2.496186759367024056E-16, -76.79687500170699366, -4.076582343750019710 ) ) ;
#4637 = CARTESIAN_POINT ( 'NONE',  ( -4.076582343749995729, -53.82812500170699366, -2.388287766204294237E-14 ) ) ;
#4638 = CARTESIAN_POINT ( 'NONE',  ( 2.404163056034258616, -55.15625000341398021, -2.404163056034282153 ) ) ;
#4639 = CARTESIAN_POINT ( 'NONE',  ( 2.882579019330970382, -59.76562500170699366, 2.882579019330949066 ) ) ;
#4640 = CARTESIAN_POINT ( 'NONE',  ( -4.076582343749995729, -72.73437500170697945, -2.388287766204294237E-14 ) ) ;
#4641 = CARTESIAN_POINT ( 'NONE',  ( -6.245698675651493936E-16, -57.81250000000000000, 3.399999999999972378 ) ) ;
#4642 = LINE ( 'NONE', #292, #134 ) ;
#4643 = APPROVAL ( #5382, 'æœª' ) ;
#4644 = CARTESIAN_POINT ( 'NONE',  ( -2.404163056034258172, -64.84375000341398732, -2.404163056034282153 ) ) ;
#4645 = CARTESIAN_POINT ( 'NONE',  ( -3.399999999999995470, -74.76562500341397310, -1.408326112068545521 ) ) ;
#4646 = CARTESIAN_POINT ( 'NONE',  ( 4.076582343749995729, -70.85937500170699366, -2.338364031016953865E-14 ) ) ;
#4647 = CARTESIAN_POINT ( 'NONE',  ( 2.081899558550498061E-16, -51.25000000341398021, -3.400000000000019451 ) ) ;
#4648 = CARTESIAN_POINT ( 'NONE',  ( -3.399999999999995470, -64.45312500000000000, -1.408326112068545521 ) ) ;
#4649 = CARTESIAN_POINT ( 'NONE',  ( 2.081899558550498061E-16, -67.18750000000000000, -3.400000000000019451 ) ) ;
#4650 = CARTESIAN_POINT ( 'NONE',  ( 2.882579019330971715, -51.79687500170699366, -2.882579019330995251 ) ) ;
#4651 = EDGE_LOOP ( 'NONE', ( #2662, #1350, #3852, #3092 ) ) ;
#4652 = VERTEX_POINT ( 'NONE', #5866 ) ;
#4653 = CARTESIAN_POINT ( 'NONE',  ( 1.408326112068545299, -50.23437499999999289, 3.399999999999949285 ) ) ;
#4654 = CARTESIAN_POINT ( 'NONE',  ( -2.404163056034259061, -77.03125000341398732, 2.404163056034235080 ) ) ;
#4655 = VERTEX_POINT ( 'NONE', #4283 ) ;
#4656 = CARTESIAN_POINT ( 'NONE',  ( 2.081899558550498061E-16, -58.43750000000000000, -3.400000000000019451 ) ) ;
#4657 = EDGE_CURVE ( 'NONE', #3699, #203, #2995, .T. ) ;
#4658 = CARTESIAN_POINT ( 'NONE',  ( 4.076582343749995729, -50.70312500170700076, -2.338364031016953865E-14 ) ) ;
#4659 = CARTESIAN_POINT ( 'NONE',  ( 2.496186759367024056E-16, -64.14062500170700787, -4.076582343750019710 ) ) ;
#4660 = CARTESIAN_POINT ( 'NONE',  ( -6.245698675651493936E-16, -61.87500000341398732, 3.399999999999972378 ) ) ;
#4661 = CARTESIAN_POINT ( 'NONE',  ( 1.688575694911947256, -58.12500000170699366, -4.076582343750019710 ) ) ;
#4662 = CARTESIAN_POINT ( 'NONE',  ( -2.404163056034259061, -79.21875000000000000, 2.404163056034235080 ) ) ;
#4663 = CARTESIAN_POINT ( 'NONE',  ( 4.076582343749995729, -64.37500000170700787, -1.688575694911970571 ) ) ;
#4664 = CARTESIAN_POINT ( 'NONE',  ( -2.404163056034258172, -72.03125000000000000, -2.404163056034282153 ) ) ;
#4665 = CARTESIAN_POINT ( 'NONE',  ( -1.408326112068546188, -74.45312500341397310, 3.399999999999948841 ) ) ;
#4666 = CARTESIAN_POINT ( 'NONE',  ( 1.688575694911947256, -58.12500000170699366, -4.076582343750018822 ) ) ;
#4667 = CARTESIAN_POINT ( 'NONE',  ( -3.399999999999995470, -77.26562500341400153, -1.408326112068545521 ) ) ;
#4668 = CARTESIAN_POINT ( 'NONE',  ( -4.076582343749995729, -76.48437500170699366, -2.388287766204294237E-14 ) ) ;
#4669 = CARTESIAN_POINT ( 'NONE',  ( -4.076582343749995729, -51.48437500170699366, -2.388287766204294237E-14 ) ) ;
#4670 = CARTESIAN_POINT ( 'NONE',  ( 2.081899558550498061E-16, -55.00000000341398732, -3.400000000000019451 ) ) ;
#4671 = CARTESIAN_POINT ( 'NONE',  ( 1.688575694911947256, -58.12500000170699366, -4.076582343750018822 ) ) ;
#4672 = CARTESIAN_POINT ( 'NONE',  ( -2.882579019330970826, -75.39062500170697945, -2.882579019330995251 ) ) ;
#4673 = ORIENTED_EDGE ( 'NONE', *, *, #5776, .T. ) ;
#4674 = CARTESIAN_POINT ( 'NONE',  ( 0.000000000000000000, -80.00000000000000000, -3.400000000000019451 ) ) ;
#4675 = CARTESIAN_POINT ( 'NONE',  ( 1.408326112068521985, -50.07812500341398021, -3.400000000000019007 ) ) ;
#4676 = CARTESIAN_POINT ( 'NONE',  ( -2.404163056034258172, -69.84375000341398732, -2.404163056034282153 ) ) ;
#4677 = CARTESIAN_POINT ( 'NONE',  ( 1.688575694911947256, -71.87500000170699366, -4.076582343750018822 ) ) ;
#4678 = DIRECTION ( 'NONE',  ( -0.000000000000000000, -1.000000000000000000, -0.000000000000000000 ) ) ;
#4679 = CARTESIAN_POINT ( 'NONE',  ( 2.081899558550498061E-16, -55.93750000000000000, -3.400000000000019451 ) ) ;
#4680 = CARTESIAN_POINT ( 'NONE',  ( 2.081899558550498061E-16, -72.18750000000000000, -3.400000000000019451 ) ) ;
#4681 = DIRECTION ( 'NONE',  ( -0.000000000000000000, -1.000000000000000000, -0.000000000000000000 ) ) ;
#4682 = ORIENTED_EDGE ( 'NONE', *, *, #5493, .F. ) ;
#4683 = ORIENTED_EDGE ( 'NONE', *, *, #3492, .T. ) ;
#4684 = CARTESIAN_POINT ( 'NONE',  ( -6.245698675651493936E-16, -55.62500000341398732, 3.399999999999972378 ) ) ;
#4685 = CARTESIAN_POINT ( 'NONE',  ( 3.399999999999995914, -51.25000000000000711, -2.338364031016953865E-14 ) ) ;
#4686 = ORIENTED_EDGE ( 'NONE', *, *, #6149, .F. ) ;
#4687 = CARTESIAN_POINT ( 'NONE',  ( -6.245698675651493936E-16, -56.56250000000000000, 3.399999999999972378 ) ) ;
#4688 = CARTESIAN_POINT ( 'NONE',  ( -4.076582343749995729, -53.82812500170699366, -2.388287766204294237E-14 ) ) ;
#4689 = CARTESIAN_POINT ( 'NONE',  ( 2.081899558550498061E-16, -75.93750000000000000, -3.400000000000019451 ) ) ;
#4690 = CARTESIAN_POINT ( 'NONE',  ( -1.688575694911950142, -67.34375000170699366, 4.076582343749971749 ) ) ;
#4691 = CARTESIAN_POINT ( 'NONE',  ( 2.404163056034257728, -65.46875000341398732, 2.404163056034235968 ) ) ;
#4692 = CARTESIAN_POINT ( 'NONE',  ( -1.688575694911946590, -61.71875000170699366, -4.076582343750019710 ) ) ;
#4693 = CARTESIAN_POINT ( 'NONE',  ( 3.399999999999995470, -71.17187500000001421, -1.408326112068545521 ) ) ;
#4694 = CARTESIAN_POINT ( 'NONE',  ( 2.496186759367024056E-16, -67.89062500170699366, -4.076582343750019710 ) ) ;
#4695 = CARTESIAN_POINT ( 'NONE',  ( -3.399999999999996358, -74.29687500000000000, 1.408326112068497560 ) ) ;
#4696 = CARTESIAN_POINT ( 'NONE',  ( -1.408326112068521763, -54.60937500000000000, -3.400000000000019451 ) ) ;
#4697 = CARTESIAN_POINT ( 'NONE',  ( -4.076582343749995729, -61.56250000170698655, -1.688575694911971015 ) ) ;
#4698 = CARTESIAN_POINT ( 'NONE',  ( 2.882579019330970382, -50.85937500170699366, 2.882579019330949066 ) ) ;
#4699 = CARTESIAN_POINT ( 'NONE',  ( 2.882579019330971715, -76.95312500170699366, -2.882579019330995251 ) ) ;
#4700 = EDGE_CURVE ( 'NONE', #3598, #1886, #316, .T. ) ;
#4701 = CARTESIAN_POINT ( 'NONE',  ( -4.076582343749995729, -50.31250000170699366, -1.688575694911971015 ) ) ;
#4702 = CARTESIAN_POINT ( 'NONE',  ( -1.408326112068523317, -58.20312500341399442, 3.399999999999972378 ) ) ;
#4703 = CARTESIAN_POINT ( 'NONE',  ( 2.882579019330970382, -57.26562500170699366, 2.882579019330949066 ) ) ;
#4704 = CARTESIAN_POINT ( 'NONE',  ( 2.882579019330971715, -73.20312500170699366, -2.882579019330995251 ) ) ;
#4705 = CARTESIAN_POINT ( 'NONE',  ( 2.081899558550498061E-16, -61.25000000341398021, -3.400000000000019451 ) ) ;
#4706 = VECTOR ( 'NONE', #66, 1000.000000000000000 ) ;
#4707 = CARTESIAN_POINT ( 'NONE',  ( 3.399999999999995026, -49.14062500341398732, 1.408326112068500224 ) ) ;
#4708 = CARTESIAN_POINT ( 'NONE',  ( -3.399999999999995470, -71.01562500341398732, -1.408326112068545521 ) ) ;
#4709 = CARTESIAN_POINT ( 'NONE',  ( 4.076582343749995729, -73.35937500170697945, -2.338364031016953865E-14 ) ) ;
#4710 = CARTESIAN_POINT ( 'NONE',  ( -2.404163056034259061, -57.96875000000000000, 2.404163056034235080 ) ) ;
#4711 = CARTESIAN_POINT ( 'NONE',  ( -6.245698675651493936E-16, -62.81249999999999289, 3.399999999999972378 ) ) ;
#4712 = CARTESIAN_POINT ( 'NONE',  ( 1.688575694911947922, -49.68750000170699366, 4.076582343749971749 ) ) ;
#4713 = EDGE_LOOP ( 'NONE', ( #4621, #5923, #702, #1497 ) ) ;
#4714 = CARTESIAN_POINT ( 'NONE',  ( 4.163799117100996122E-16, -80.00000000000000000, 3.399999999999972378 ) ) ;
#4715 = CARTESIAN_POINT ( 'NONE',  ( -3.399999999999996358, -51.79687500000000711, 1.408326112068497560 ) ) ;
#4716 = EDGE_LOOP ( 'NONE', ( #4030, #307, #1100, #2826 ) ) ;
#4717 = CARTESIAN_POINT ( 'NONE',  ( -2.404163056034258172, -57.03125000000000711, -2.404163056034282153 ) ) ;
#4718 = CARTESIAN_POINT ( 'NONE',  ( -1.688575694911949698, -51.09375000170699366, 4.076582343749971749 ) ) ;
#4719 = CARTESIAN_POINT ( 'NONE',  ( 2.081899558550498061E-16, -68.75000000341398732, -3.400000000000019451 ) ) ;
#4720 = CARTESIAN_POINT ( 'NONE',  ( 4.076582343749994841, -63.28125000170699366, 1.688575694911926828 ) ) ;
#4721 = CARTESIAN_POINT ( 'NONE',  ( 3.399999999999995470, -58.98437500341398021, -1.408326112068545521 ) ) ;
#4722 = CARTESIAN_POINT ( 'NONE',  ( -2.882579019330970826, -59.14062500170699366, -2.882579019330995251 ) ) ;
#4723 = CARTESIAN_POINT ( 'NONE',  ( 1.408326112068522651, -73.98437500000000000, 3.399999999999972378 ) ) ;
#4724 = CARTESIAN_POINT ( 'NONE',  ( 2.496186759367024056E-16, -66.64062500170699366, -4.076582343750019710 ) ) ;
#4725 = CARTESIAN_POINT ( 'NONE',  ( 3.399999999999995914, -70.00000000000000000, -2.338364031016953865E-14 ) ) ;
#4726 = CARTESIAN_POINT ( 'NONE',  ( -3.399999999999995914, -74.68750000341398732, -2.380002022187964067E-14 ) ) ;
#4727 = CARTESIAN_POINT ( 'NONE',  ( -4.076582343749995729, -58.98437500170698655, -2.388287766204294237E-14 ) ) ;
#4728 = VECTOR ( 'NONE', #1291, 1000.000000000000000 ) ;
#4729 = CARTESIAN_POINT ( 'NONE',  ( 2.496186759367024056E-16, -51.64062500170699366, -4.076582343750019710 ) ) ;
#4730 = CARTESIAN_POINT ( 'NONE',  ( -4.076582343749996618, -73.90625000170697945, 1.688575694911923053 ) ) ;
#4731 = AXIS2_PLACEMENT_3D ( 'NONE', #2630, #133, #39 ) ;
#4732 = CARTESIAN_POINT ( 'NONE',  ( 2.496186759367024056E-16, -53.04687500170698655, -4.076582343750019710 ) ) ;
#4733 = CARTESIAN_POINT ( 'NONE',  ( -3.399999999999995914, -55.93750000341398732, -2.380002022187964067E-14 ) ) ;
#4734 = CARTESIAN_POINT ( 'NONE',  ( 4.076582343749995729, -57.10937500170699366, -2.338364031016953865E-14 ) ) ;
#4735 = CARTESIAN_POINT ( 'NONE',  ( -4.076582343749995729, -75.31250000170697945, -1.688575694911971015 ) ) ;
#4736 = CARTESIAN_POINT ( 'NONE',  ( 3.399999999999995914, -61.48437500341398732, -1.408326112068545521 ) ) ;
#4737 = CARTESIAN_POINT ( 'NONE',  ( -6.245698675651493936E-16, -73.12500000341398732, 3.399999999999972378 ) ) ;
#4738 = APPROVAL_PERSON_ORGANIZATION ( #4911, #2616, #1952 ) ;
#4739 = CARTESIAN_POINT ( 'NONE',  ( 3.399999999999995914, -71.56250000341398732, -2.338364031016953865E-14 ) ) ;
#4740 = CARTESIAN_POINT ( 'NONE',  ( 2.882579019330971715, -71.95312500170699366, -2.882579019330995251 ) ) ;
#4741 =( BOUNDED_CURVE ( )  B_SPLINE_CURVE ( 2, ( #2805, #217, #3779, #5711, #2253, #1211, #1766, #6210, #1703 ),
 .UNSPECIFIED., .F., .T. ) 
 B_SPLINE_CURVE_WITH_KNOTS ( ( 3, 2, 2, 2, 3 ),
 ( 0.03124999999999979530, 0.03645833333333313442, 0.04166666666666647006, 0.04687499999999980571, 0.05208333333333314830 ),
 .UNSPECIFIED. ) 
 CURVE ( )  GEOMETRIC_REPRESENTATION_ITEM ( )  RATIONAL_B_SPLINE_CURVE ( ( 1.000000000000002887, 0.9238795325112837409, 1.000000000000000000, 0.9238795325112867385, 1.000000000000000000, 0.9238795325112867385, 1.000000000000000000, 0.9238795325112895140, 0.9999999999999972244 ) ) 
 REPRESENTATION_ITEM ( '' )  );
#4742 = CARTESIAN_POINT ( 'NONE',  ( -6.154223239494385924E-08, -50.00000000000000711, -3.400000000000019007 ) ) ;
#4743 = CARTESIAN_POINT ( 'NONE',  ( -3.399999999999996358, -58.04687500000000000, 1.408326112068497560 ) ) ;
#4744 = CARTESIAN_POINT ( 'NONE',  ( 1.408326112068533531, -72.26562500000001421, -3.400000000000007905 ) ) ;
#4745 = CARTESIAN_POINT ( 'NONE',  ( -2.882579019330972159, -51.17187500170699366, 2.882579019330947734 ) ) ;
#4746 = ORIENTED_EDGE ( 'NONE', *, *, #2107, .F. ) ;
#4747 = CARTESIAN_POINT ( 'NONE',  ( -6.245698675651493936E-16, -52.81250000000000000, 3.399999999999972378 ) ) ;
#4748 = EDGE_LOOP ( 'NONE', ( #1815, #5151, #933, #276, #4517, #1988 ) ) ;
#4749 = CARTESIAN_POINT ( 'NONE',  ( -3.399999999999995470, -60.70312500000000711, -1.408326112068545521 ) ) ;
#4750 = CARTESIAN_POINT ( 'NONE',  ( 1.688575694911947256, -52.96875000170698655, -4.076582343750018822 ) ) ;
#4751 = CARTESIAN_POINT ( 'NONE',  ( -7.488560278101070689E-16, -63.51562500170698655, 4.076582343749972637 ) ) ;
#4752 = CARTESIAN_POINT ( 'NONE',  ( -4.076582343749995729, -73.82812500170699366, -2.388287766204294237E-14 ) ) ;
#4753 = ORIENTED_EDGE ( 'NONE', *, *, #2784, .F. ) ;
#4754 = CARTESIAN_POINT ( 'NONE',  ( 3.399999999999995026, -57.89062500341398021, 1.408326112068500224 ) ) ;
#4755 =( BOUNDED_CURVE ( )  B_SPLINE_CURVE ( 2, ( #2859, #6334, #904, #3381, #4850, #4286, #1816, #5383, #1426 ),
 .UNSPECIFIED., .F., .T. ) 
 B_SPLINE_CURVE_WITH_KNOTS ( ( 3, 2, 2, 2, 3 ),
 ( 0.3437500000000000555, 0.3489583333333333703, 0.3541666666666667407, 0.3593750000000000555, 0.3645833333333333703 ),
 .UNSPECIFIED. ) 
 CURVE ( )  GEOMETRIC_REPRESENTATION_ITEM ( )  RATIONAL_B_SPLINE_CURVE ( ( 0.9999999999999992228, 0.9238795325112875156, 1.000000000000000000, 0.9238795325112867385, 1.000000000000000000, 0.9238795325112867385, 1.000000000000000000, 0.9238795325112859613, 1.000000000000000888 ) ) 
 REPRESENTATION_ITEM ( '' )  );
#4756 = CARTESIAN_POINT ( 'NONE',  ( 4.076582343749994841, -53.43750000170699366, 1.688575694911926828 ) ) ;
#4757 = CARTESIAN_POINT ( 'NONE',  ( -2.404163056034258172, -74.53125000000001421, -2.404163056034282153 ) ) ;
#4758 = CARTESIAN_POINT ( 'NONE',  ( -7.488560278101070689E-16, -64.76562500170699366, 4.076582343749972637 ) ) ;
#4759 = CARTESIAN_POINT ( 'NONE',  ( 2.404163056034258616, -71.09375000000000000, -2.404163056034282153 ) ) ;
#4760 = CARTESIAN_POINT ( 'NONE',  ( 4.076582343749995729, -78.12500000170699366, -1.688575694911970571 ) ) ;
#4761 = CARTESIAN_POINT ( 'NONE',  ( -1.688575694911949698, -60.00000000170699366, 4.076582343749971749 ) ) ;
#4762 = CARTESIAN_POINT ( 'NONE',  ( 3.399999999999995914, -74.06250000341398732, -2.338364031016953865E-14 ) ) ;
#4763 = CARTESIAN_POINT ( 'NONE',  ( -7.488560278101070689E-16, -72.42187500170699366, 4.076582343749972637 ) ) ;
#4764 = CARTESIAN_POINT ( 'NONE',  ( 2.081899558550498061E-16, -73.43750000000000000, -3.400000000000019451 ) ) ;
#4765 = CARTESIAN_POINT ( 'NONE',  ( -1.688575694911946590, -50.46875000170697945, -4.076582343750018822 ) ) ;
#4766 = CARTESIAN_POINT ( 'NONE',  ( 3.399999999999995914, -57.81250000341398021, -2.338364031016953865E-14 ) ) ;
#4767 = CARTESIAN_POINT ( 'NONE',  ( 2.496186759367024056E-16, -51.79687500170698655, -4.076582343750019710 ) ) ;
#4768 = CARTESIAN_POINT ( 'NONE',  ( -2.882579019330970826, -76.64062500170697945, -2.882579019330995251 ) ) ;
#4769 = CARTESIAN_POINT ( 'NONE',  ( -2.404163056034258172, -55.78125000000000711, -2.404163056034282153 ) ) ;
#4770 = FACE_OUTER_BOUND ( 'NONE', #4129, .T. ) ;
#4771 = CARTESIAN_POINT ( 'NONE',  ( 1.408326112068522651, -70.54687500341398732, 3.399999999999972378 ) ) ;
#4772 = CARTESIAN_POINT ( 'NONE',  ( -2.882579019330970826, -71.64062500170699366, -2.882579019330995251 ) ) ;
#4773 = CARTESIAN_POINT ( 'NONE',  ( -3.399999999999996803, -53.35937500341399442, 1.408326112068497560 ) ) ;
#4774 = CARTESIAN_POINT ( 'NONE',  ( 3.399999999999995026, -55.07812500000000711, 1.408326112068500224 ) ) ;
#4775 = CARTESIAN_POINT ( 'NONE',  ( 2.404163056034257728, -72.65625000000000000, 2.404163056034235968 ) ) ;
#4776 = ORIENTED_EDGE ( 'NONE', *, *, #1629, .T. ) ;
#4777 =( BOUNDED_CURVE ( )  B_SPLINE_CURVE ( 2, ( #2091, #5515, #5581, #1049, #645, #4598, #4142, #3102, #118 ),
 .UNSPECIFIED., .F., .T. ) 
 B_SPLINE_CURVE_WITH_KNOTS ( ( 3, 2, 2, 2, 3 ),
 ( 0.1145833333333332038, 0.1197916666666665464, 0.1249999999999998890, 0.1302083333333332316, 0.1354166666666665464 ),
 .UNSPECIFIED. ) 
 CURVE ( )  GEOMETRIC_REPRESENTATION_ITEM ( )  RATIONAL_B_SPLINE_CURVE ( ( 1.000000000000001776, 0.9238795325112849621, 1.000000000000000000, 0.9238795325112867385, 1.000000000000000000, 0.9238795325112867385, 1.000000000000000000, 0.9238795325112884038, 0.9999999999999983347 ) ) 
 REPRESENTATION_ITEM ( '' )  );
#4778 = DIRECTION ( 'NONE',  ( -0.000000000000000000, -1.000000000000000000, -0.000000000000000000 ) ) ;
#4779 = CARTESIAN_POINT ( 'NONE',  ( -2.404163056034258172, -52.03125000000000000, -2.404163056034282153 ) ) ;
#4780 = ORIENTED_EDGE ( 'NONE', *, *, #3941, .F. ) ;
#4781 = CARTESIAN_POINT ( 'NONE',  ( 3.399999999999995914, -60.00000000000000000, -2.338364031016953865E-14 ) ) ;
#4782 = CARTESIAN_POINT ( 'NONE',  ( -6.245698675651493936E-16, -56.87500000341398732, 3.399999999999972378 ) ) ;
#4783 = CARTESIAN_POINT ( 'NONE',  ( 4.076582343749995729, -65.70312500170699366, -2.338364031016953865E-14 ) ) ;
#4784 = CARTESIAN_POINT ( 'NONE',  ( -1.688575694911949698, -71.09375000170697945, 4.076582343749971749 ) ) ;
#4785 = ORIENTED_EDGE ( 'NONE', *, *, #5813, .F. ) ;
#4786 = CARTESIAN_POINT ( 'NONE',  ( 2.404163056034257728, -59.21875000341398732, 2.404163056034235968 ) ) ;
#4787 = CARTESIAN_POINT ( 'NONE',  ( -4.076582343749995729, -56.56250000170699366, -1.688575694911971015 ) ) ;
#4788 = CARTESIAN_POINT ( 'NONE',  ( 3.399999999999995470, -73.67187499999998579, -1.408326112068545521 ) ) ;
#4789 = CARTESIAN_POINT ( 'NONE',  ( -4.076582343749995729, -61.32812500170699366, -2.388287766204294237E-14 ) ) ;
#4790 = CARTESIAN_POINT ( 'NONE',  ( -1.408326112068523317, -66.64062500000001421, 3.399999999999972378 ) ) ;
#4791 = CARTESIAN_POINT ( 'NONE',  ( 2.496186759367024056E-16, -79.14062500170700787, -4.076582343750019710 ) ) ;
#4792 = CARTESIAN_POINT ( 'NONE',  ( -1.688575694911949698, -55.00000000170699366, 4.076582343749971749 ) ) ;
#4793 = CARTESIAN_POINT ( 'NONE',  ( -3.399999999999996358, -73.35937500341398732, 1.408326112068497560 ) ) ;
#4794 = CARTESIAN_POINT ( 'NONE',  ( 4.076582343749994841, -68.43750000170700787, 1.688575694911926828 ) ) ;
#4795 = CARTESIAN_POINT ( 'NONE',  ( 2.404163056034258616, -73.59375000000000000, -2.404163056034282153 ) ) ;
#4796 = CARTESIAN_POINT ( 'NONE',  ( 4.076582343749994841, -50.93750000170699366, 1.688575694911926828 ) ) ;
#4797 = CARTESIAN_POINT ( 'NONE',  ( 1.408326112068522651, -53.04687500341398732, 3.399999999999972378 ) ) ;
#4798 = CARTESIAN_POINT ( 'NONE',  ( -1.688575694911949698, -51.25000000170698655, 4.076582343749971749 ) ) ;
#4799 = CARTESIAN_POINT ( 'NONE',  ( 1.688575694911947256, -70.62500000170699366, -4.076582343750018822 ) ) ;
#4800 = CARTESIAN_POINT ( 'NONE',  ( -1.408326112068565727, -78.20312500341400153, 3.399999999999929301 ) ) ;
#4801 = CARTESIAN_POINT ( 'NONE',  ( -1.408326112068532865, -67.42187500341398732, -3.400000000000007905 ) ) ;
#4802 = CARTESIAN_POINT ( 'NONE',  ( 1.408326112068522651, -69.29687500341398732, 3.399999999999972378 ) ) ;
#4803 = CARTESIAN_POINT ( 'NONE',  ( 4.076582343749995729, -65.85937500170699366, -2.338364031016953865E-14 ) ) ;
#4804 = CARTESIAN_POINT ( 'NONE',  ( -2.404163056034259061, -49.53125000341398021, 2.404163056034235080 ) ) ;
#4805 = CARTESIAN_POINT ( 'NONE',  ( -3.399999999999996358, -55.54687500000001421, 1.408326112068497560 ) ) ;
#4806 = CARTESIAN_POINT ( 'NONE',  ( 2.404163056034257728, -77.65625000000000000, 2.404163056034235968 ) ) ;
#4807 = CARTESIAN_POINT ( 'NONE',  ( 1.408326112068568170, -78.82812500341397310, -3.399999999999973266 ) ) ;
#4808 = ORIENTED_EDGE ( 'NONE', *, *, #3941, .T. ) ;
#4809 = EDGE_CURVE ( 'NONE', #3220, #2113, #1425, .T. ) ;
#4810 = AXIS2_PLACEMENT_3D ( 'NONE', #5455, #2941, #175 ) ;
#4811 = APPROVAL_STATUS ( 'not_yet_approved' ) ;
#4812 = CARTESIAN_POINT ( 'NONE',  ( 1.408326112068568170, -64.76562500000001421, -3.399999999999973266 ) ) ;
#4813 = ADVANCED_FACE ( 'NONE', ( #2791 ), #2890, .F. ) ;
#4814 = VERTEX_POINT ( 'NONE', #2336 ) ;
#4815 = CARTESIAN_POINT ( 'NONE',  ( -3.399999999999995470, -54.45312500000000711, -1.408326112068545521 ) ) ;
#4816 = CYLINDRICAL_SURFACE ( 'NONE', #2449, 3.399999999999995914 ) ;
#4817 = DIRECTION ( 'NONE',  ( 0.000000000000000000, -2.927345865710861972E-16, 1.000000000000000000 ) ) ;
#4818 = CARTESIAN_POINT ( 'NONE',  ( 1.688575694911947256, -59.21875000170699366, -4.076582343750019710 ) ) ;
#4819 = CARTESIAN_POINT ( 'NONE',  ( -4.076582343749996618, -67.50000000170700787, 1.688575694911923053 ) ) ;
#4820 = VERTEX_POINT ( 'NONE', #2371 ) ;
#4821 = CARTESIAN_POINT ( 'NONE',  ( -3.399999999999995914, -58.43750000341398021, -2.380002022187964067E-14 ) ) ;
#4822 = CARTESIAN_POINT ( 'NONE',  ( -7.488560278101070689E-16, -54.92187500170699366, 4.076582343749972637 ) ) ;
#4823 = CARTESIAN_POINT ( 'NONE',  ( -6.245698675651493936E-16, -75.31250000000000000, 3.399999999999972378 ) ) ;
#4824 = CARTESIAN_POINT ( 'NONE',  ( -4.076582343749996618, -62.50000000170700076, 1.688575694911923053 ) ) ;
#4825 = CARTESIAN_POINT ( 'NONE',  ( -1.408326112068521319, -69.60937500000000000, -3.400000000000019007 ) ) ;
#4826 = CARTESIAN_POINT ( 'NONE',  ( 4.076582343749994841, -74.53125000170699366, 1.688575694911926828 ) ) ;
#4827 = CARTESIAN_POINT ( 'NONE',  ( 4.076582343749994841, -57.18750000170699366, 1.688575694911926828 ) ) ;
#4828 = CARTESIAN_POINT ( 'NONE',  ( -1.408326112068523317, -73.20312500341398732, 3.399999999999972378 ) ) ;
#4829 = CARTESIAN_POINT ( 'NONE',  ( 1.688575694911947922, -69.84375000170699366, 4.076582343749971749 ) ) ;
#4830 = CARTESIAN_POINT ( 'NONE',  ( 4.076582343749995729, -49.53125000170699366, -2.338364031016953865E-14 ) ) ;
#4831 = CARTESIAN_POINT ( 'NONE',  ( -2.882579019330972159, -77.42187500170699366, 2.882579019330947734 ) ) ;
#4832 = CARTESIAN_POINT ( 'NONE',  ( -2.404163056034259061, -49.53125000341398021, 2.404163056034235080 ) ) ;
#4833 = CARTESIAN_POINT ( 'NONE',  ( -2.882579019330970826, -55.39062500170699366, -2.882579019330995251 ) ) ;
#4834 = EDGE_CURVE ( 'NONE', #631, #4587, #1204, .T. ) ;
#4835 = AXIS2_PLACEMENT_3D ( 'NONE', #5823, #4906, #2849 ) ;
#4836 = CARTESIAN_POINT ( 'NONE',  ( -2.882579019330972159, -68.82812500170697945, 2.882579019330947734 ) ) ;
#4837 = ORIENTED_EDGE ( 'NONE', *, *, #6179, .F. ) ;
#4838 = CARTESIAN_POINT ( 'NONE',  ( 2.081899558550498061E-16, -74.68750000000000000, -3.400000000000019451 ) ) ;
#4839 = CIRCLE ( 'NONE', #886, 7.750000000000000000 ) ;
#4840 = DIRECTION ( 'NONE',  ( -0.000000000000000000, -1.000000000000000000, -0.000000000000000000 ) ) ;
#4841 = CARTESIAN_POINT ( 'NONE',  ( -1.688575694911949698, -59.84375000170700076, 4.076582343749971749 ) ) ;
#4842 = CARTESIAN_POINT ( 'NONE',  ( 2.404163056034258616, -68.90625000341397310, -2.404163056034282153 ) ) ;
#4843 = CARTESIAN_POINT ( 'NONE',  ( -2.882579019330970826, -66.64062500170699366, -2.882579019330995251 ) ) ;
#4844 = CARTESIAN_POINT ( 'NONE',  ( -6.245698675651493936E-16, -49.37500000341398021, 3.399999999999972378 ) ) ;
#4845 = CARTESIAN_POINT ( 'NONE',  ( -6.245698675651493936E-16, -54.06250000000000000, 3.399999999999972378 ) ) ;
#4846 = CARTESIAN_POINT ( 'NONE',  ( 1.408326112068499336, -51.01562500000000711, -3.400000000000042100 ) ) ;
#4847 = CARTESIAN_POINT ( 'NONE',  ( 3.399999999999995914, -76.48437500341398732, -1.408326112068545521 ) ) ;
#4848 = ORIENTED_EDGE ( 'NONE', *, *, #5104, .T. ) ;
#4849 = PERSON_AND_ORGANIZATION_ROLE ( 'creator' ) ;
#4850 = CARTESIAN_POINT ( 'NONE',  ( -3.399999999999995914, -68.43750000341398732, -2.380002022187964067E-14 ) ) ;
#4851 = CARTESIAN_POINT ( 'NONE',  ( 3.399999999999995914, -79.06250000341398732, -2.338364031016953865E-14 ) ) ;
#4852 = CARTESIAN_POINT ( 'NONE',  ( 3.399999999999995470, -51.17187500000000711, -1.408326112068545521 ) ) ;
#4853 = CARTESIAN_POINT ( 'NONE',  ( 0.000000000000000000, -1.902774812712059887E-15, -5.570079981371408481E-31 ) ) ;
#4854 = AXIS2_PLACEMENT_3D ( 'NONE', #670, #1656, #5600 ) ;
#4855 = CARTESIAN_POINT ( 'NONE',  ( 3.399999999999995914, -75.00000000000000000, -2.338364031016953865E-14 ) ) ;
#4856 = CARTESIAN_POINT ( 'NONE',  ( -4.076582343749995729, -60.07812500170699366, -2.388287766204294237E-14 ) ) ;
#4857 = CARTESIAN_POINT ( 'NONE',  ( -7.488560278101070689E-16, -66.01562500170699366, 4.076582343749972637 ) ) ;
#4858 = ORIENTED_EDGE ( 'NONE', *, *, #4809, .F. ) ;
#4859 = CARTESIAN_POINT ( 'NONE',  ( 1.408326112068522651, -60.54687500341398021, 3.399999999999972378 ) ) ;
#4860 = CARTESIAN_POINT ( 'NONE',  ( -1.688575694911950142, -55.00000000170698655, 4.076582343749971749 ) ) ;
#4861 = CARTESIAN_POINT ( 'NONE',  ( 3.399999999999995914, -66.25000000000000000, -2.338364031016953865E-14 ) ) ;
#4862 = CARTESIAN_POINT ( 'NONE',  ( 4.076582343749994841, -60.78125000170699366, 1.688575694911926828 ) ) ;
#4863 = CARTESIAN_POINT ( 'NONE',  ( 2.081899558550498061E-16, -65.93750000000000000, -3.400000000000019451 ) ) ;
#4864 = CARTESIAN_POINT ( 'NONE',  ( -1.688575694911950142, -76.09375000170697945, 4.076582343749971749 ) ) ;
#4865 = CARTESIAN_POINT ( 'NONE',  ( -2.882579019330972159, -56.32812500170698655, 2.882579019330947734 ) ) ;
#4866 = CARTESIAN_POINT ( 'NONE',  ( -6.245698675651493936E-16, -74.37500000341398732, 3.399999999999972378 ) ) ;
#4867 = CARTESIAN_POINT ( 'NONE',  ( -1.688575694911946590, -69.21875000170702208, -4.076582343750019710 ) ) ;
#4868 = DIRECTION ( 'NONE',  ( -0.000000000000000000, -1.000000000000000000, -0.000000000000000000 ) ) ;
#4869 = CARTESIAN_POINT ( 'NONE',  ( -7.488560278101070689E-16, -77.26562500170699366, 4.076582343749972637 ) ) ;
#4870 = CARTESIAN_POINT ( 'NONE',  ( 1.408326112068521985, -53.82812500341398021, -3.400000000000019007 ) ) ;
#4871 = CARTESIAN_POINT ( 'NONE',  ( -1.688575694911946590, -55.46875000170699366, -4.076582343750018822 ) ) ;
#4872 = CARTESIAN_POINT ( 'NONE',  ( 2.882579019330971715, -68.20312500170699366, -2.882579019330995251 ) ) ;
#4873 = VERTEX_POINT ( 'NONE', #432 ) ;
#4874 = DIRECTION ( 'NONE',  ( -0.000000000000000000, -1.000000000000000000, -0.000000000000000000 ) ) ;
#4875 = CARTESIAN_POINT ( 'NONE',  ( -4.076582343749995729, -60.15625000170699366, -1.688575694911971015 ) ) ;
#4876 = CARTESIAN_POINT ( 'NONE',  ( -2.404163056034258172, -66.09375000341398732, -2.404163056034282153 ) ) ;
#4877 = CARTESIAN_POINT ( 'NONE',  ( -1.688575694911946590, -67.96875000170699366, -4.076582343750018822 ) ) ;
#4878 = CARTESIAN_POINT ( 'NONE',  ( 3.399999999999995914, -77.42187500000000000, -1.408326112068545521 ) ) ;
#4879 = DIRECTION ( 'NONE',  ( 0.000000000000000000, 0.000000000000000000, -1.000000000000000000 ) ) ;
#4880 = PERSON_AND_ORGANIZATION ( #5202, #2556 ) ;
#4881 = DIRECTION ( 'NONE',  ( 0.000000000000000000, 0.000000000000000000, -1.000000000000000000 ) ) ;
#4882 = DIRECTION ( 'NONE',  ( 0.000000000000000000, 0.000000000000000000, -1.000000000000000000 ) ) ;
#4883 = CARTESIAN_POINT ( 'NONE',  ( 1.408326112068522651, -53.98437500000000711, 3.399999999999972378 ) ) ;
#4884 = CARTESIAN_POINT ( 'NONE',  ( 3.399999999999995914, -70.23437500341397310, -1.408326112068545521 ) ) ;
#4885 = CARTESIAN_POINT ( 'NONE',  ( -3.399999999999995914, -63.12500000000000000, -2.380002022187964067E-14 ) ) ;
#4886 = CARTESIAN_POINT ( 'NONE',  ( 4.076582343749995729, -61.87500000170699366, -1.688575694911970571 ) ) ;
#4887 = CARTESIAN_POINT ( 'NONE',  ( -4.076582343749995729, -68.82812500170699366, -2.388287766204294237E-14 ) ) ;
#4888 = ORIENTED_EDGE ( 'NONE', *, *, #6472, .F. ) ;
#4889 = EDGE_CURVE ( 'NONE', #3905, #3568, #2821, .T. ) ;
#4890 = CARTESIAN_POINT ( 'NONE',  ( -7.488560278101070689E-16, -52.42187500170698655, 4.076582343749972637 ) ) ;
#4891 = CARTESIAN_POINT ( 'NONE',  ( -3.399999999999995470, -68.20312500000000000, -1.408326112068545521 ) ) ;
#4892 = CARTESIAN_POINT ( 'NONE',  ( 4.076582343749995729, -59.37500000170700076, -1.688575694911970571 ) ) ;
#4893 = EDGE_CURVE ( 'NONE', #841, #3509, #2080, .T. ) ;
#4894 = CARTESIAN_POINT ( 'NONE',  ( -3.399999999999995470, -68.20312500000000000, -1.408326112068545521 ) ) ;
#4895 = CARTESIAN_POINT ( 'NONE',  ( 1.688575694911947256, -76.71875000170699366, -4.076582343750019710 ) ) ;
#4896 = CARTESIAN_POINT ( 'NONE',  ( 3.399999999999995470, -72.73437500341398732, -1.408326112068545521 ) ) ;
#4897 = CARTESIAN_POINT ( 'NONE',  ( 2.882579019330970382, -69.76562500170699366, 2.882579019330949066 ) ) ;
#4898 = CARTESIAN_POINT ( 'NONE',  ( -3.399999999999995914, -68.12500000000000000, -2.380002022187964067E-14 ) ) ;
#4899 = EDGE_CURVE ( 'NONE', #3057, #1266, #5972, .T. ) ;
#4900 = CARTESIAN_POINT ( 'NONE',  ( -4.076582343749995729, -78.90625000170699366, -1.688575694911971015 ) ) ;
#4901 = EDGE_CURVE ( 'NONE', #202, #5457, #2175, .T. ) ;
#4902 = CARTESIAN_POINT ( 'NONE',  ( -3.399999999999996358, -52.10937500341398021, 1.408326112068497560 ) ) ;
#4903 = CARTESIAN_POINT ( 'NONE',  ( 4.076582343749994841, -54.68750000170698655, 1.688575694911926828 ) ) ;
#4904 = CARTESIAN_POINT ( 'NONE',  ( -7.488560278101070689E-16, -69.92187500170699366, 4.076582343749972637 ) ) ;
#4905 = ORIENTED_EDGE ( 'NONE', *, *, #1305, .T. ) ;
#4906 = DIRECTION ( 'NONE',  ( -0.000000000000000000, -1.000000000000000000, -0.000000000000000000 ) ) ;
#4907 = CARTESIAN_POINT ( 'NONE',  ( 3.399999999999995914, -72.81250000341397310, -2.338364031016953865E-14 ) ) ;
#4908 = CARTESIAN_POINT ( 'NONE',  ( -2.882579019330970826, -57.73437500170699366, -2.882579019330995251 ) ) ;
#4909 = CARTESIAN_POINT ( 'NONE',  ( -1.408326112068523317, -66.95312500341397310, 3.399999999999972378 ) ) ;
#4910 = CARTESIAN_POINT ( 'NONE',  ( 2.882579019330970382, -66.01562500170699366, 2.882579019330949066 ) ) ;
#4911 = PERSON_AND_ORGANIZATION ( #5202, #2556 ) ;
#4912 = DIRECTION ( 'NONE',  ( -0.000000000000000000, -1.000000000000000000, -0.000000000000000000 ) ) ;
#4913 = CARTESIAN_POINT ( 'NONE',  ( 1.649317508604762894, -79.63226218575834991, -3.273262540093683892 ) ) ;
#4914 = CARTESIAN_POINT ( 'NONE',  ( 2.081899558550498061E-16, -55.93750000000000000, -3.400000000000019451 ) ) ;
#4915 = CARTESIAN_POINT ( 'NONE',  ( -3.399999999999996803, -73.35937500341398732, 1.408326112068497560 ) ) ;
#4916 = DIRECTION ( 'NONE',  ( 0.000000000000000000, 0.000000000000000000, -1.000000000000000000 ) ) ;
#4917 = CARTESIAN_POINT ( 'NONE',  ( -7.488560278101070689E-16, -62.26562500170699366, 4.076582343749972637 ) ) ;
#4918 = CARTESIAN_POINT ( 'NONE',  ( 4.076582343749994841, -65.78125000170699366, 1.688575694911926828 ) ) ;
#4919 = ORIENTED_EDGE ( 'NONE', *, *, #2983, .F. ) ;
#4920 = VECTOR ( 'NONE', #5950, 1000.000000000000000 ) ;
#4921 = CARTESIAN_POINT ( 'NONE',  ( 2.882579019330970382, -51.01562500170699366, 2.882579019330949066 ) ) ;
#4922 = CARTESIAN_POINT ( 'NONE',  ( 2.081899558550498061E-16, -67.18750000000000000, -3.400000000000019451 ) ) ;
#4923 = CARTESIAN_POINT ( 'NONE',  ( -2.882579019330970826, -61.48437500170698655, -2.882579019330995251 ) ) ;
#4924 = CARTESIAN_POINT ( 'NONE',  ( -6.245698675651493936E-16, -66.56250000000000000, 3.399999999999972378 ) ) ;
#4925 = CARTESIAN_POINT ( 'NONE',  ( -2.882579019330970826, -76.48437500170699366, -2.882579019330995251 ) ) ;
#4926 = CC_DESIGN_PERSON_AND_ORGANIZATION_ASSIGNMENT ( #3864, #2241, ( #3075 ) ) ;
#4927 = CARTESIAN_POINT ( 'NONE',  ( 2.404163056034257728, -66.71875000341398732, 2.404163056034235968 ) ) ;
#4928 = CARTESIAN_POINT ( 'NONE',  ( 4.076582343749994841, -65.93750000170699366, 1.688575694911926828 ) ) ;
#4929 = CARTESIAN_POINT ( 'NONE',  ( -3.399999999999996358, -79.37500000000000000, 5.515357593243953213E-14 ) ) ;
#4930 = CARTESIAN_POINT ( 'NONE',  ( -4.076582343749995729, -75.07812500170699366, -2.388287766204294237E-14 ) ) ;
#4931 = CARTESIAN_POINT ( 'NONE',  ( 2.081899558550498061E-16, -50.00000000341398021, -3.400000000000019451 ) ) ;
#4932 = FACE_OUTER_BOUND ( 'NONE', #4651, .T. ) ;
#4933 = CARTESIAN_POINT ( 'NONE',  ( -2.882579019330970826, -70.39062500170699366, -2.882579019330995251 ) ) ;
#4934 = ORIENTED_EDGE ( 'NONE', *, *, #6342, .F. ) ;
#4935 = CARTESIAN_POINT ( 'NONE',  ( 2.882579019330970382, -77.10937500170699366, 2.882579019330949066 ) ) ;
#4936 = CARTESIAN_POINT ( 'NONE',  ( -3.399999999999995914, -67.18750000341398732, -2.380002022187964067E-14 ) ) ;
#4937 = CARTESIAN_POINT ( 'NONE',  ( -7.488560278101070689E-16, -61.01562500170700076, 4.076582343749972637 ) ) ;
#4938 = CARTESIAN_POINT ( 'NONE',  ( 2.404163056034257728, -67.96875000341398732, 2.404163056034235968 ) ) ;
#4939 = CARTESIAN_POINT ( 'NONE',  ( 4.076582343749995729, -67.03125000170700787, -1.688575694911970571 ) ) ;
#4940 = CARTESIAN_POINT ( 'NONE',  ( 2.081899558550498061E-16, -63.43750000000000711, -3.400000000000019451 ) ) ;
#4941 = DIRECTION ( 'NONE',  ( -0.000000000000000000, -1.000000000000000000, -0.000000000000000000 ) ) ;
#4942 = AXIS2_PLACEMENT_3D ( 'NONE', #3209, #2166, #695 ) ;
#4943 = DIRECTION ( 'NONE',  ( 1.049727191138617463E-16, -0.5150380749100558209, 0.8571673007021113344 ) ) ;
#4944 = CARTESIAN_POINT ( 'NONE',  ( 3.796234122634726038, -79.77123412263473767, -2.338364031016953865E-14 ) ) ;
#4945 = CARTESIAN_POINT ( 'NONE',  ( 2.404163056034258616, -52.34375000000000000, -2.404163056034282153 ) ) ;
#4946 = CARTESIAN_POINT ( 'NONE',  ( 0.000000000000000000, -80.00000000000000000, -2.338364031016953865E-14 ) ) ;
#4947 = DIRECTION ( 'NONE',  ( -0.000000000000000000, -1.000000000000000000, -0.000000000000000000 ) ) ;
#4948 = CARTESIAN_POINT ( 'NONE',  ( 4.076582343749995729, -59.37500000170700076, -1.688575694911970571 ) ) ;
#4949 = CARTESIAN_POINT ( 'NONE',  ( 1.688575694911947256, -67.96875000170699366, -4.076582343750018822 ) ) ;
#4950 = ORIENTED_EDGE ( 'NONE', *, *, #5576, .F. ) ;
#4951 = LINE ( 'NONE', #75, #6326 ) ;
#4952 = CARTESIAN_POINT ( 'NONE',  ( 1.408326112068521985, -69.76562500000000000, -3.400000000000019007 ) ) ;
#4953 = CARTESIAN_POINT ( 'NONE',  ( 2.496186759367024056E-16, -55.39062500170699366, -4.076582343750019710 ) ) ;
#4954 = CARTESIAN_POINT ( 'NONE',  ( -3.399999999999995914, -63.12500000000000000, -2.380002022187964067E-14 ) ) ;
#4955 = CARTESIAN_POINT ( 'NONE',  ( -4.076582343749995729, -73.90625000170700787, -1.688575694911971015 ) ) ;
#4956 = CARTESIAN_POINT ( 'NONE',  ( 3.399999999999995914, -69.06250000341398732, -2.338364031016953865E-14 ) ) ;
#4957 = CARTESIAN_POINT ( 'NONE',  ( -1.688575694911946590, -64.21875000170699366, -4.076582343750019710 ) ) ;
#4958 = CARTESIAN_POINT ( 'NONE',  ( -3.318490092446470197, -79.40836123588961470, -0.9097286870086367383 ) ) ;
#4959 = CARTESIAN_POINT ( 'NONE',  ( -1.688575694911946590, -75.31250000170699366, -4.076582343750018822 ) ) ;
#4960 = CARTESIAN_POINT ( 'NONE',  ( 2.404163056034257728, -75.15625000000001421, 2.404163056034235968 ) ) ;
#4961 = CARTESIAN_POINT ( 'NONE',  ( 3.399999999999995914, -67.81250000341398732, -2.338364031016953865E-14 ) ) ;
#4962 = CARTESIAN_POINT ( 'NONE',  ( 1.688575694911947922, -64.84375000170699366, 4.076582343749971749 ) ) ;
#4963 = ORIENTED_EDGE ( 'NONE', *, *, #5776, .F. ) ;
#4964 = DIRECTION ( 'NONE',  ( -0.000000000000000000, -1.000000000000000000, -0.000000000000000000 ) ) ;
#4965 = AXIS2_PLACEMENT_3D ( 'NONE', #6370, #3865, #5868 ) ;
#4966 = CARTESIAN_POINT ( 'NONE',  ( 4.076582343749995729, -78.35937500170699366, -2.338364031016953865E-14 ) ) ;
#4967 = CARTESIAN_POINT ( 'NONE',  ( 1.688575694911947256, -60.46875000170700076, -4.076582343750018822 ) ) ;
#4968 = CARTESIAN_POINT ( 'NONE',  ( 2.404163056034257728, -61.71875000341398021, 2.404163056034235968 ) ) ;
#4969 = CARTESIAN_POINT ( 'NONE',  ( -7.488560278101070689E-16, -62.42187500170699366, 4.076582343749972637 ) ) ;
#4970 = CARTESIAN_POINT ( 'NONE',  ( -1.688575694911949698, -77.50000000170699366, 4.076582343749971749 ) ) ;
#4971 = DIRECTION ( 'NONE',  ( 0.000000000000000000, -0.7071067811865460184, -0.7071067811865489050 ) ) ;
#4972 = CARTESIAN_POINT ( 'NONE',  ( -6.245698675651493936E-16, -53.12500000341398021, 3.399999999999972378 ) ) ;
#4973 = LINE ( 'NONE', #528, #6410 ) ;
#4974 = CARTESIAN_POINT ( 'NONE',  ( 0.000000000000000000, -80.00000000000000000, -2.338364031016953865E-14 ) ) ;
#4975 = CARTESIAN_POINT ( 'NONE',  ( -7.488560278101070689E-16, -76.17187500170699366, 4.076582343749972637 ) ) ;
#4976 = CARTESIAN_POINT ( 'NONE',  ( 0.000000000000000000, -80.00000000000000000, -2.341876692568689577E-14 ) ) ;
#4977 = CARTESIAN_POINT ( 'NONE',  ( 2.404163056034257728, -75.15625000000001421, 2.404163056034235968 ) ) ;
#4978 = CARTESIAN_POINT ( 'NONE',  ( -1.688575694911950142, -53.59375000170700076, 4.076582343749971749 ) ) ;
#4979 = CARTESIAN_POINT ( 'NONE',  ( 1.688575694911947922, -63.43750000170700787, 4.076582343749971749 ) ) ;
#4980 = VERTEX_POINT ( 'NONE', #4020 ) ;
#4981 = ORIENTED_EDGE ( 'NONE', *, *, #3854, .T. ) ;
#4982 = CARTESIAN_POINT ( 'NONE',  ( 4.076582343749995729, -50.78125000170699366, -1.688575694911970571 ) ) ;
#4983 = ADVANCED_FACE ( 'NONE', ( #5002 ), #2008, .F. ) ;
#4984 = CARTESIAN_POINT ( 'NONE',  ( -3.399999999999996358, -68.04687500000000000, 1.408326112068497560 ) ) ;
#4985 = CARTESIAN_POINT ( 'NONE',  ( -2.882579019330970826, -56.48437500170700076, -2.882579019330995251 ) ) ;
#4986 = CARTESIAN_POINT ( 'NONE',  ( -1.408326112068523317, -64.14062500000000000, 3.399999999999972378 ) ) ;
#4987 = CARTESIAN_POINT ( 'NONE',  ( 1.688575694911947256, -70.46875000170699366, -4.076582343750019710 ) ) ;
#4988 = CARTESIAN_POINT ( 'NONE',  ( -2.404163056034258172, -69.84375000341398732, -2.404163056034282153 ) ) ;
#4989 = CARTESIAN_POINT ( 'NONE',  ( 2.496186759367024056E-16, -63.04687500170700076, -4.076582343750019710 ) ) ;
#4990 = CARTESIAN_POINT ( 'NONE',  ( 3.399999999999995026, -53.82812500000001421, 1.408326112068500446 ) ) ;
#4991 =( BOUNDED_CURVE ( )  B_SPLINE_CURVE ( 2, ( #4200, #6269, #3770, #1135, #1856, #3901, #1891, #6337, #375 ),
 .UNSPECIFIED., .F., .F. ) 
 B_SPLINE_CURVE_WITH_KNOTS ( ( 3, 2, 2, 2, 3 ),
 ( 0.3645833333333333703, 0.3697916666666667407, 0.3750000000000000555, 0.3802083333333333703, 0.3854166666666667407 ),
 .UNSPECIFIED. ) 
 CURVE ( )  GEOMETRIC_REPRESENTATION_ITEM ( )  RATIONAL_B_SPLINE_CURVE ( ( 0.9999999999999992228, 0.9238795325112875156, 1.000000000000000000, 0.9238795325112867385, 1.000000000000000000, 0.9238795325112867385, 1.000000000000000000, 0.9238795325112859613, 1.000000000000000888 ) ) 
 REPRESENTATION_ITEM ( '' )  );
#4992 = CARTESIAN_POINT ( 'NONE',  ( 1.688575694911947922, -69.68750000170700787, 4.076582343749971749 ) ) ;
#4993 = CARTESIAN_POINT ( 'NONE',  ( -2.404163056034259061, -76.71875000000000000, 2.404163056034235080 ) ) ;
#4994 = CARTESIAN_POINT ( 'NONE',  ( 2.882579019330971715, -66.95312500170699366, -2.882579019330995251 ) ) ;
#4995 = CARTESIAN_POINT ( 'NONE',  ( 4.076582343749994841, -77.03125000170699366, 1.688575694911926828 ) ) ;
#4996 = CARTESIAN_POINT ( 'NONE',  ( 2.882579019330970382, -78.51562500170699366, 2.882579019330949066 ) ) ;
#4997 = CARTESIAN_POINT ( 'NONE',  ( -4.076582343749995729, -56.32812500170699366, -2.388287766204294237E-14 ) ) ;
#4998 = AXIS2_PLACEMENT_3D ( 'NONE', #1328, #4912, #2435 ) ;
#4999 = CARTESIAN_POINT ( 'NONE',  ( 2.404163056034257728, -60.46875000341398732, 2.404163056034235968 ) ) ;
#5000 = CARTESIAN_POINT ( 'NONE',  ( -4.076582343749995729, -62.73437500170699366, -2.388287766204294237E-14 ) ) ;
#5001 = DIRECTION ( 'NONE',  ( 0.000000000000000000, 0.000000000000000000, 1.000000000000000000 ) ) ;
#5002 = FACE_OUTER_BOUND ( 'NONE', #2531, .T. ) ;
#5003 =( BOUNDED_CURVE ( )  B_SPLINE_CURVE ( 2, ( #434, #4423, #6436, #5317, #1953, #1460, #3436, #4812, #833 ),
 .UNSPECIFIED., .F., .F. ) 
 B_SPLINE_CURVE_WITH_KNOTS ( ( 3, 2, 2, 2, 3 ),
 ( 0.4895833333333335369, 0.4947916666666667962, 0.5000000000000000000, 0.5052083333333332593, 0.5104166666666664076 ),
 .UNSPECIFIED. ) 
 CURVE ( )  GEOMETRIC_REPRESENTATION_ITEM ( )  RATIONAL_B_SPLINE_CURVE ( ( 0.9999999999999967804, 0.9238795325112899581, 1.000000000000000000, 0.9238795325112867385, 1.000000000000000000, 0.9238795325112867385, 1.000000000000000000, 0.9238795325112899581, 0.9999999999999967804 ) ) 
 REPRESENTATION_ITEM ( '' )  );
#5004 = CARTESIAN_POINT ( 'NONE',  ( -3.399999999999996358, -53.35937500341398732, 1.408326112068497560 ) ) ;
#5005 = CALENDAR_DATE ( 2026, 20, 5 ) ;
#5006 = DIRECTION ( 'NONE',  ( 0.000000000000000000, -1.000000000000000000, 0.000000000000000000 ) ) ;
#5007 = DESIGN_CONTEXT ( 'detailed design', #6422, 'design' ) ;
#5008 = CARTESIAN_POINT ( 'NONE',  ( -1.408326112068523317, -74.45312500341397310, 3.399999999999972378 ) ) ;
#5009 = CARTESIAN_POINT ( 'NONE',  ( 1.688575694911947922, -77.34375000170699366, 4.076582343749971749 ) ) ;
#5010 = CARTESIAN_POINT ( 'NONE',  ( 0.000000000000000000, -80.00000000000000000, -2.338364031016953865E-14 ) ) ;
#5011 = CARTESIAN_POINT ( 'NONE',  ( -3.399999999999996803, -63.35937500341398732, 1.408326112068497560 ) ) ;
#5012 = CARTESIAN_POINT ( 'NONE',  ( 1.688575694911947922, -54.68750000170700076, 4.076582343749971749 ) ) ;
#5013 = CARTESIAN_POINT ( 'NONE',  ( -4.076582343749995729, -65.15625000170699366, -1.688575694911971015 ) ) ;
#5014 = ORIENTED_EDGE ( 'NONE', *, *, #4172, .T. ) ;
#5015 = EDGE_CURVE ( 'NONE', #1928, #3571, #3538, .T. ) ;
#5016 = B_SPLINE_CURVE_WITH_KNOTS ( 'NONE', 3,
 ( #2436, #6437, #2467, #4390, #6404, #4913, #2988, #3963, #3411, #4424, #502, #1954, #3470, #3932, #1364, #2374, #5351, #4944 ),
 .UNSPECIFIED., .F., .F.,
 ( 4, 2, 2, 2, 2, 2, 2, 2, 4 ),
 ( 0.005478525738380241213, 0.006201611037199521344, 0.006924696336018802342, 0.007647781634838082473, 0.008370866933657364339, 0.009093952232476644471, 0.009817037531295924602, 0.01054012283011520473, 0.01126320812893448660 ),
 .UNSPECIFIED. ) ;
#5017 = EDGE_CURVE ( 'NONE', #668, #5909, #4506, .T. ) ;
#5018 = CARTESIAN_POINT ( 'NONE',  ( -6.245698675651493936E-16, -56.87500000341398732, 3.399999999999972378 ) ) ;
#5019 = PRODUCT_DEFINITION_SHAPE ( 'NONE', 'NONE',  #6088 ) ;
#5020 = ORIENTED_EDGE ( 'NONE', *, *, #4901, .T. ) ;
#5021 = CARTESIAN_POINT ( 'NONE',  ( 3.399999999999995026, -61.32812500000000000, 1.408326112068500224 ) ) ;
#5022 = CARTESIAN_POINT ( 'NONE',  ( 2.882579019330970382, -54.60937500170700076, 2.882579019330949066 ) ) ;
#5023 = CARTESIAN_POINT ( 'NONE',  ( 3.399999999999995026, -61.32812500000000000, 1.408326112068500224 ) ) ;
#5024 = CARTESIAN_POINT ( 'NONE',  ( 2.496186759367024056E-16, -67.89062500170699366, -4.076582343750019710 ) ) ;
#5025 = CARTESIAN_POINT ( 'NONE',  ( 2.081899558550498061E-16, -70.00000000341398732, -3.400000000000019451 ) ) ;
#5026 = CARTESIAN_POINT ( 'NONE',  ( 1.688575694911947922, -66.09375000170699366, 4.076582343749971749 ) ) ;
#5027 = CARTESIAN_POINT ( 'NONE',  ( -1.408326112068521319, -78.35937499999998579, -3.400000000000019007 ) ) ;
#5028 = CARTESIAN_POINT ( 'NONE',  ( -2.882579019330970826, -72.73437500170699366, -2.882579019330995251 ) ) ;
#5029 = CARTESIAN_POINT ( 'NONE',  ( 2.404163056034257728, -76.40625000000000000, 2.404163056034235968 ) ) ;
#5030 = CARTESIAN_POINT ( 'NONE',  ( 4.163799117100996122E-16, -80.00000000000000000, 3.399999999999972378 ) ) ;
#5031 = CARTESIAN_POINT ( 'NONE',  ( -2.882579019330972159, -66.32812500170699366, 2.882579019330947734 ) ) ;
#5032 = CARTESIAN_POINT ( 'NONE',  ( 2.081899558550498061E-16, -77.50000000341398732, -3.400000000000019451 ) ) ;
#5033 = CARTESIAN_POINT ( 'NONE',  ( 1.408326112068568170, -63.82812500341400153, -3.399999999999973266 ) ) ;
#5034 = EDGE_CURVE ( 'NONE', #1427, #1195, #5798, .T. ) ;
#5035 = CARTESIAN_POINT ( 'NONE',  ( -2.882579019330970826, -52.73437500170699366, -2.882579019330995251 ) ) ;
#5036 = CARTESIAN_POINT ( 'NONE',  ( 3.399999999999995470, -61.48437500341398732, -1.408326112068545521 ) ) ;
#5037 = CARTESIAN_POINT ( 'NONE',  ( 1.688575694911947922, -64.84375000170699366, 4.076582343749971749 ) ) ;
#5038 = CARTESIAN_POINT ( 'NONE',  ( -2.882579019330970826, -79.14062500170699366, -2.882579019330995251 ) ) ;
#5039 = CARTESIAN_POINT ( 'NONE',  ( 3.399999999999995914, -65.31250000341398732, -2.338364031016953865E-14 ) ) ;
#5040 = CARTESIAN_POINT ( 'NONE',  ( -3.399999999999995470, -53.51562500341398732, -1.408326112068545521 ) ) ;
#5041 = CARTESIAN_POINT ( 'NONE',  ( 0.000000000000000000, -80.00000000000000000, -3.400000000000019451 ) ) ;
#5042 = CARTESIAN_POINT ( 'NONE',  ( 3.399999999999995914, -74.06250000341398732, -2.338364031016953865E-14 ) ) ;
#5043 = CARTESIAN_POINT ( 'NONE',  ( -2.882579019330970826, -79.14062500170699366, -2.882579019330995251 ) ) ;
#5044 = CARTESIAN_POINT ( 'NONE',  ( 1.408326112068544633, -55.07812500341397310, -3.399999999999995914 ) ) ;
#5045 = CARTESIAN_POINT ( 'NONE',  ( -3.399999999999995914, -63.43750000341398732, -2.380002022187964067E-14 ) ) ;
#5046 = AXIS2_PLACEMENT_3D ( 'NONE', #1174, #519, #4497 ) ;
#5047 = CARTESIAN_POINT ( 'NONE',  ( -2.882579019330972159, -54.92187500170699366, 2.882579019330947734 ) ) ;
#5048 = CARTESIAN_POINT ( 'NONE',  ( 2.882579019330970382, -62.10937500170699366, 2.882579019330949066 ) ) ;
#5049 =( BOUNDED_CURVE ( )  B_SPLINE_CURVE ( 2, ( #3740, #738, #5704, #4231, #6234, #5736, #1269, #773, #473 ),
 .UNSPECIFIED., .F., .F. ) 
 B_SPLINE_CURVE_WITH_KNOTS ( ( 3, 2, 2, 2, 3 ),
 ( 0.9062500000000001110, 0.9114583333333334814, 0.9166666666666667407, 0.9218750000000001110, 0.9270833333333334814 ),
 .UNSPECIFIED. ) 
 CURVE ( )  GEOMETRIC_REPRESENTATION_ITEM ( )  RATIONAL_B_SPLINE_CURVE ( ( 0.9999999999999983347, 0.9238795325112884038, 1.000000000000000000, 0.9238795325112867385, 1.000000000000000000, 0.9238795325112867385, 1.000000000000000000, 0.9238795325112850731, 1.000000000000001554 ) ) 
 REPRESENTATION_ITEM ( '' )  );
#5050 = ORIENTED_EDGE ( 'NONE', *, *, #2503, .T. ) ;
#5051 = VECTOR ( 'NONE', #3439, 1000.000000000000000 ) ;
#5052 = CARTESIAN_POINT ( 'NONE',  ( -2.882579019330970826, -51.64062500170699366, -2.882579019330995251 ) ) ;
#5053 = ORIENTED_EDGE ( 'NONE', *, *, #4612, .T. ) ;
#5054 = CARTESIAN_POINT ( 'NONE',  ( -3.399999999999995470, -61.95312500000000000, -1.408326112068545521 ) ) ;
#5055 = CARTESIAN_POINT ( 'NONE',  ( 4.076582343749995729, -58.12500000170699366, -1.688575694911970571 ) ) ;
#5056 = CARTESIAN_POINT ( 'NONE',  ( -3.399999999999995914, -60.62500000000000000, -2.380002022187964067E-14 ) ) ;
#5057 = CARTESIAN_POINT ( 'NONE',  ( 4.076582343749995729, -69.45312500170699366, -2.338364031016953865E-14 ) ) ;
#5058 = CARTESIAN_POINT ( 'NONE',  ( 2.081899558550498061E-16, -71.25000000341398732, -3.400000000000019451 ) ) ;
#5059 = CARTESIAN_POINT ( 'NONE',  ( 1.688575694911947256, -65.62500000170697945, -4.076582343750019710 ) ) ;
#5060 = CARTESIAN_POINT ( 'NONE',  ( 2.081899558550498061E-16, -79.68750000000001421, -3.400000000000019451 ) ) ;
#5061 = CARTESIAN_POINT ( 'NONE',  ( -1.688575694911946590, -70.31250000170699366, -4.076582343750018822 ) ) ;
#5062 = CARTESIAN_POINT ( 'NONE',  ( -2.404163056034258172, -75.78125000000000000, -2.404163056034282153 ) ) ;
#5063 = AXIS2_PLACEMENT_3D ( 'NONE', #122, #3956, #3585 ) ;
#5064 = CARTESIAN_POINT ( 'NONE',  ( -4.076582343749995729, -65.23437500170699366, -2.388287766204294237E-14 ) ) ;
#5065 = CARTESIAN_POINT ( 'NONE',  ( 1.688575694911947256, -76.71875000170699366, -4.076582343750018822 ) ) ;
#5066 = CARTESIAN_POINT ( 'NONE',  ( -1.408326112068477354, -64.14062499999998579, 3.400000000000018119 ) ) ;
#5067 = CARTESIAN_POINT ( 'NONE',  ( -2.882579019330970826, -56.48437500170700076, -2.882579019330995251 ) ) ;
#5068 = CARTESIAN_POINT ( 'NONE',  ( 1.408326112068522651, -60.54687500341398021, 3.399999999999972378 ) ) ;
#5069 = CARTESIAN_POINT ( 'NONE',  ( 4.076582343749994841, -62.18750000170699366, 1.688575694911926828 ) ) ;
#5070 = CARTESIAN_POINT ( 'NONE',  ( 2.882579019330971715, -78.20312500170699366, -2.882579019330995251 ) ) ;
#5071 = CARTESIAN_POINT ( 'NONE',  ( 0.000000000000000000, -80.00000000000000000, -4.025000000000024336 ) ) ;
#5072 = CARTESIAN_POINT ( 'NONE',  ( -2.404163056034259061, -54.53125000341398021, 2.404163056034235080 ) ) ;
#5073 = CARTESIAN_POINT ( 'NONE',  ( -1.238049829315974164E-11, -79.57311706131696383, -3.598117061316978837 ) ) ;
#5074 = CARTESIAN_POINT ( 'NONE',  ( -1.408326112068521319, -76.17187500341400153, -3.400000000000019007 ) ) ;
#5075 = CARTESIAN_POINT ( 'NONE',  ( -4.076582343749995729, -76.48437500170699366, -2.388287766204294237E-14 ) ) ;
#5076 = CARTESIAN_POINT ( 'NONE',  ( -3.399999999999996803, -72.10937500341398732, 1.408326112068497560 ) ) ;
#5077 = CARTESIAN_POINT ( 'NONE',  ( -1.408326112068500668, -66.64062500000002842, 3.399999999999994582 ) ) ;
#5078 = CARTESIAN_POINT ( 'NONE',  ( 4.076582343749995729, -56.95312500170699366, -2.338364031016953865E-14 ) ) ;
#5079 = CARTESIAN_POINT ( 'NONE',  ( -7.488560278101070689E-16, -63.51562500170698655, 4.076582343749972637 ) ) ;
#5080 = ORIENTED_EDGE ( 'NONE', *, *, #3975, .F. ) ;
#5081 = ORIENTED_EDGE ( 'NONE', *, *, #3652, .F. ) ;
#5082 = CARTESIAN_POINT ( 'NONE',  ( 3.399999999999995914, -62.42187500000000000, -1.408326112068545521 ) ) ;
#5083 = ORIENTED_EDGE ( 'NONE', *, *, #3263, .T. ) ;
#5084 = CARTESIAN_POINT ( 'NONE',  ( 3.399999999999995470, -64.92187500000001421, -1.408326112068545521 ) ) ;
#5085 = CARTESIAN_POINT ( 'NONE',  ( -2.882579019330970826, -57.73437500170699366, -2.882579019330995251 ) ) ;
#5086 = CARTESIAN_POINT ( 'NONE',  ( -6.245698675651493936E-16, -68.12500000341398732, 3.399999999999972378 ) ) ;
#5087 = CARTESIAN_POINT ( 'NONE',  ( 4.076582343749994841, -69.53125000170699366, 1.688575694911926828 ) ) ;
#5088 = ADVANCED_FACE ( 'NONE', ( #63 ), #4451, .F. ) ;
#5089 = CARTESIAN_POINT ( 'NONE',  ( 2.081899558550498061E-16, -62.50000000341399442, -3.400000000000019451 ) ) ;
#5090 = CARTESIAN_POINT ( 'NONE',  ( -1.688575694911946590, -57.96875000170699366, -4.076582343750019710 ) ) ;
#5091 = ADVANCED_FACE ( 'NONE', ( #5554 ), #1980, .F. ) ;
#5092 = CARTESIAN_POINT ( 'NONE',  ( 3.399999999999995470, -79.92187499999998579, -1.408326112068545521 ) ) ;
#5093 =( BOUNDED_CURVE ( )  B_SPLINE_CURVE ( 2, ( #2459, #4801, #2850, #3856, #4936, #4381, #4446, #6458, #3371 ),
 .UNSPECIFIED., .F., .T. ) 
 B_SPLINE_CURVE_WITH_KNOTS ( ( 3, 2, 2, 2, 3 ),
 ( 0.3854166666666667407, 0.3906250000000000555, 0.3958333333333333703, 0.4010416666666667962, 0.4062500000000001110 ),
 .UNSPECIFIED. ) 
 CURVE ( )  GEOMETRIC_REPRESENTATION_ITEM ( )  RATIONAL_B_SPLINE_CURVE ( ( 0.9999999999999992228, 0.9238795325112875156, 1.000000000000000000, 0.9238795325112867385, 1.000000000000000000, 0.9238795325112867385, 1.000000000000000000, 0.9238795325112850731, 1.000000000000001554 ) ) 
 REPRESENTATION_ITEM ( '' )  );
#5094 = CARTESIAN_POINT ( 'NONE',  ( -1.688575694911949698, -73.59375000170699366, 4.076582343749971749 ) ) ;
#5095 = CARTESIAN_POINT ( 'NONE',  ( -2.404163056034258172, -79.53125000000000000, -2.404163056034282153 ) ) ;
#5096 = CARTESIAN_POINT ( 'NONE',  ( 3.399999999999995914, -58.67187500000000000, -1.408326112068545521 ) ) ;
#5097 = CARTESIAN_POINT ( 'NONE',  ( 2.882579019330970382, -64.76562500170699366, 2.882579019330949066 ) ) ;
#5098 = CARTESIAN_POINT ( 'NONE',  ( 4.076582343749994841, -73.28125000170697945, 1.688575694911926828 ) ) ;
#5099 = CARTESIAN_POINT ( 'NONE',  ( 4.076582343749995729, -50.70312500170700076, -2.338364031016953865E-14 ) ) ;
#5100 = EDGE_CURVE ( 'NONE', #2078, #693, #4151, .T. ) ;
#5101 = CARTESIAN_POINT ( 'NONE',  ( -6.245698675651493936E-16, -51.56250000000000000, 3.399999999999972378 ) ) ;
#5102 = EDGE_CURVE ( 'NONE', #1194, #2050, #722, .T. ) ;
#5103 = CARTESIAN_POINT ( 'NONE',  ( 4.076582343749994841, -53.28125000170699366, 1.688575694911926828 ) ) ;
#5104 = EDGE_CURVE ( 'NONE', #6442, #631, #6483, .T. ) ;
#5105 = CARTESIAN_POINT ( 'NONE',  ( -2.404163056034259061, -62.03125000341398732, 2.404163056034235080 ) ) ;
#5106 = CARTESIAN_POINT ( 'NONE',  ( 2.882579019330971715, -64.45312500170699366, -2.882579019330995251 ) ) ;
#5107 = CARTESIAN_POINT ( 'NONE',  ( 2.404163056034258616, -59.84375000000000000, -2.404163056034282153 ) ) ;
#5108 = CARTESIAN_POINT ( 'NONE',  ( -6.245698675651493936E-16, -61.87500000341398732, 3.399999999999972378 ) ) ;
#5109 = CARTESIAN_POINT ( 'NONE',  ( -2.404163056034259061, -52.03125000341398732, 2.404163056034235080 ) ) ;
#5110 = DIRECTION ( 'NONE',  ( -0.000000000000000000, -1.000000000000000000, -0.000000000000000000 ) ) ;
#5111 = CARTESIAN_POINT ( 'NONE',  ( 3.399999999999995914, -76.56250000341398732, -2.338364031016953865E-14 ) ) ;
#5112 = CARTESIAN_POINT ( 'NONE',  ( 4.076582343749994841, -75.93750000170699366, 1.688575694911926828 ) ) ;
#5113 = CARTESIAN_POINT ( 'NONE',  ( 2.081899558550498061E-16, -62.18750000000000000, -3.400000000000019451 ) ) ;
#5114 = FACE_OUTER_BOUND ( 'NONE', #924, .T. ) ;
#5115 = CARTESIAN_POINT ( 'NONE',  ( 4.076582343749995729, -51.87500000170700076, -1.688575694911970571 ) ) ;
#5116 = VERTEX_POINT ( 'NONE', #193 ) ;
#5117 = ORIENTED_EDGE ( 'NONE', *, *, #6254, .T. ) ;
#5118 = CARTESIAN_POINT ( 'NONE',  ( 1.408326112068521985, -62.26562500000001421, -3.400000000000019451 ) ) ;
#5119 = VERTEX_POINT ( 'NONE', #3590 ) ;
#5120 = CARTESIAN_POINT ( 'NONE',  ( 3.399999999999995914, -61.25000000000000000, -2.338364031016953865E-14 ) ) ;
#5121 = CARTESIAN_POINT ( 'NONE',  ( 1.688575694911947922, -53.43750000170699366, 4.076582343749971749 ) ) ;
#5122 = CARTESIAN_POINT ( 'NONE',  ( 1.688575694911947256, -50.62500000170698655, -4.076582343750018822 ) ) ;
#5123 = CARTESIAN_POINT ( 'NONE',  ( -4.076582343749996618, -70.00000000170700787, 1.688575694911923053 ) ) ;
#5124 = CARTESIAN_POINT ( 'NONE',  ( 3.399999999999995470, -62.73437500341398021, -1.408326112068545521 ) ) ;
#5125 = CARTESIAN_POINT ( 'NONE',  ( -2.882579019330970826, -60.39062500170699366, -2.882579019330995251 ) ) ;
#5126 = CARTESIAN_POINT ( 'NONE',  ( 3.399999999999995470, -76.17187500000001421, -1.408326112068545521 ) ) ;
#5127 = CARTESIAN_POINT ( 'NONE',  ( -4.076582343749995729, -72.65625000170699366, -1.688575694911971015 ) ) ;
#5128 = CARTESIAN_POINT ( 'NONE',  ( 2.404163056034257728, -73.90625000000000000, 2.404163056034235968 ) ) ;
#5129 = CARTESIAN_POINT ( 'NONE',  ( -1.408326112068500668, -65.70312500341398732, 3.399999999999994582 ) ) ;
#5130 = CARTESIAN_POINT ( 'NONE',  ( -2.882579019330972159, -58.82812500170699366, 2.882579019330947734 ) ) ;
#5131 = CARTESIAN_POINT ( 'NONE',  ( 2.882579019330970382, -74.60937500170700787, 2.882579019330949066 ) ) ;
#5132 = CARTESIAN_POINT ( 'NONE',  ( -2.882579019330972159, -49.92187500170699366, 2.882579019330947734 ) ) ;
#5133 = AXIS2_PLACEMENT_3D ( 'NONE', #3605, #2638, #4590 ) ;
#5134 = CARTESIAN_POINT ( 'NONE',  ( -2.882579019330970826, -72.89062500170699366, -2.882579019330995251 ) ) ;
#5135 = CARTESIAN_POINT ( 'NONE',  ( 4.076582343749995729, -51.95312500170700076, -2.338364031016953865E-14 ) ) ;
#5136 = CARTESIAN_POINT ( 'NONE',  ( -6.245698675651493936E-16, -54.37500000341398732, 3.399999999999972378 ) ) ;
#5137 = CARTESIAN_POINT ( 'NONE',  ( 2.882579019330971715, -55.70312500170698655, -2.882579019330995251 ) ) ;
#5138 = CARTESIAN_POINT ( 'NONE',  ( 1.688575694911947256, -73.12500000170699366, -4.076582343750018822 ) ) ;
#5139 = CARTESIAN_POINT ( 'NONE',  ( 2.404163056034257728, -61.71875000341398021, 2.404163056034235968 ) ) ;
#5140 = CARTESIAN_POINT ( 'NONE',  ( -3.399999999999995914, -71.87500000000000000, -2.380002022187964067E-14 ) ) ;
#5141 = CARTESIAN_POINT ( 'NONE',  ( 3.738291171874995822, -79.80468750085348972, -2.338364031016953865E-14 ) ) ;
#5142 = CARTESIAN_POINT ( 'NONE',  ( 2.404163056034257728, -76.71875000341397310, 2.404163056034235968 ) ) ;
#5143 = CARTESIAN_POINT ( 'NONE',  ( -1.688575694911949698, -71.25000000170699366, 4.076582343749971749 ) ) ;
#5144 = CARTESIAN_POINT ( 'NONE',  ( 1.408326112068521985, -50.07812500341398732, -3.400000000000019451 ) ) ;
#5145 = CARTESIAN_POINT ( 'NONE',  ( 2.081899558550498061E-16, -65.93750000000000000, -3.400000000000019451 ) ) ;
#5146 = CARTESIAN_POINT ( 'NONE',  ( 1.688575694911947256, -50.46875000170699366, -4.076582343750019710 ) ) ;
#5147 = ORIENTED_EDGE ( 'NONE', *, *, #451, .T. ) ;
#5148 = ORIENTED_EDGE ( 'NONE', *, *, #3262, .F. ) ;
#5149 = CARTESIAN_POINT ( 'NONE',  ( -3.399999999999996803, -50.54687500000001421, 1.408326112068497560 ) ) ;
#5150 = CARTESIAN_POINT ( 'NONE',  ( -3.399999999999995914, -77.18750000341398732, -2.380002022187964067E-14 ) ) ;
#5151 = ORIENTED_EDGE ( 'NONE', *, *, #4353, .T. ) ;
#5152 = CARTESIAN_POINT ( 'NONE',  ( 3.399999999999995470, -61.17187500000000000, -1.408326112068545521 ) ) ;
#5153 = CARTESIAN_POINT ( 'NONE',  ( 2.496186759367024056E-16, -51.64062500170699366, -4.076582343750019710 ) ) ;
#5154 = CARTESIAN_POINT ( 'NONE',  ( 3.399999999999995914, -73.98437500341398732, -1.408326112068545521 ) ) ;
#5155 = CARTESIAN_POINT ( 'NONE',  ( 4.076582343749995729, -65.62500000170699366, -1.688575694911970571 ) ) ;
#5156 = CARTESIAN_POINT ( 'NONE',  ( -3.399999999999996358, -62.10937500341398021, 1.408326112068497560 ) ) ;
#5157 = CARTESIAN_POINT ( 'NONE',  ( -4.076582343749995729, -60.23437500170698655, -2.388287766204294237E-14 ) ) ;
#5158 = CARTESIAN_POINT ( 'NONE',  ( -3.399999999999996358, -78.04687500000000000, 1.408326112068497560 ) ) ;
#5159 = CARTESIAN_POINT ( 'NONE',  ( -1.688575694911949698, -66.09375000170700787, 4.076582343749971749 ) ) ;
#5160 = CARTESIAN_POINT ( 'NONE',  ( 3.399999999999995026, -73.82812500000000000, 1.408326112068500224 ) ) ;
#5161 = CARTESIAN_POINT ( 'NONE',  ( -2.404163056034259061, -54.21874999999999289, 2.404163056034235080 ) ) ;
#5162 = CARTESIAN_POINT ( 'NONE',  ( 2.882579019330971715, -60.70312500170699366, -2.882579019330995251 ) ) ;
#5163 = CARTESIAN_POINT ( 'NONE',  ( -4.076582343749995729, -75.07812500170699366, -2.388287766204294237E-14 ) ) ;
#5164 = CARTESIAN_POINT ( 'NONE',  ( 2.081899558550498061E-16, -77.50000000341398732, -3.400000000000019451 ) ) ;
#5165 = CARTESIAN_POINT ( 'NONE',  ( 4.076582343749995729, -74.53125000170699366, -1.688575694911970571 ) ) ;
#5166 = CARTESIAN_POINT ( 'NONE',  ( 4.076582343749995729, -52.10937500170699366, -2.338364031016953865E-14 ) ) ;
#5167 = CARTESIAN_POINT ( 'NONE',  ( 1.408326112068522651, -55.54687500341398732, 3.399999999999972378 ) ) ;
#5168 = CARTESIAN_POINT ( 'NONE',  ( 4.076582343749994841, -59.68750000170698655, 1.688575694911926828 ) ) ;
#5169 = CARTESIAN_POINT ( 'NONE',  ( 1.688575694911947922, -73.59375000170699366, 4.076582343749971749 ) ) ;
#5170 = CARTESIAN_POINT ( 'NONE',  ( 1.408326112068545299, -66.79687500341398732, 3.399999999999949285 ) ) ;
#5171 = CARTESIAN_POINT ( 'NONE',  ( -3.399999999999995914, -71.95312500000001421, -1.408326112068545521 ) ) ;
#5172 = DIRECTION ( 'NONE',  ( -0.000000000000000000, -1.000000000000000000, -0.000000000000000000 ) ) ;
#5173 = CARTESIAN_POINT ( 'NONE',  ( 3.399999999999995026, -69.14062500341398732, 1.408326112068500224 ) ) ;
#5174 = CARTESIAN_POINT ( 'NONE',  ( -4.076582343749995729, -75.31250000170697945, -1.688575694911971015 ) ) ;
#5175 = CARTESIAN_POINT ( 'NONE',  ( 3.399999999999995026, -50.39062500341398732, 1.408326112068500446 ) ) ;
#5176 = CARTESIAN_POINT ( 'NONE',  ( 3.399999999999995470, -58.67187500000000000, -1.408326112068545521 ) ) ;
#5177 = CARTESIAN_POINT ( 'NONE',  ( 2.404163056034258616, -54.84375000000000000, -2.404163056034282153 ) ) ;
#5178 = CARTESIAN_POINT ( 'NONE',  ( 0.000000000000000000, -80.00000000000000000, -2.338364031016953865E-14 ) ) ;
#5179 = ORIENTED_EDGE ( 'NONE', *, *, #1395, .F. ) ;
#5180 = ORIENTED_EDGE ( 'NONE', *, *, #1829, .T. ) ;
#5181 = CARTESIAN_POINT ( 'NONE',  ( -3.399999999999995914, -50.70312500000000000, -1.408326112068545521 ) ) ;
#5182 = CARTESIAN_POINT ( 'NONE',  ( 1.408326112068521985, -52.26562500000000711, -3.400000000000019007 ) ) ;
#5183 = ORIENTED_EDGE ( 'NONE', *, *, #4834, .T. ) ;
#5184 = CARTESIAN_POINT ( 'NONE',  ( 2.404163056034258616, -56.09375000000000000, -2.404163056034282153 ) ) ;
#5185 = CARTESIAN_POINT ( 'NONE',  ( 4.076582343749995729, -49.45312500170699366, -2.338364031016953865E-14 ) ) ;
#5186 = DIRECTION ( 'NONE',  ( 0.000000000000000000, 0.000000000000000000, -1.000000000000000000 ) ) ;
#5187 = CARTESIAN_POINT ( 'NONE',  ( 1.688575694911947256, -65.46875000170699366, -4.076582343750019710 ) ) ;
#5188 = EDGE_CURVE ( 'NONE', #4327, #1791, #5721, .T. ) ;
#5189 = CARTESIAN_POINT ( 'NONE',  ( 3.399999999999995470, -63.98437500341398732, -1.408326112068545521 ) ) ;
#5190 = CARTESIAN_POINT ( 'NONE',  ( -1.688575694911950142, -60.00000000170699366, 4.076582343749971749 ) ) ;
#5191 = CARTESIAN_POINT ( 'NONE',  ( 3.399999999999995914, -73.75000000000000000, -2.338364031016953865E-14 ) ) ;
#5192 = CARTESIAN_POINT ( 'NONE',  ( 1.688575694911947256, -67.96875000170699366, -4.076582343750018822 ) ) ;
#5193 = CARTESIAN_POINT ( 'NONE',  ( 3.399999999999995470, -72.42187499999998579, -1.408326112068545521 ) ) ;
#5194 = CARTESIAN_POINT ( 'NONE',  ( -3.399999999999996803, -74.60937500341400153, 1.408326112068497560 ) ) ;
#5195 = CARTESIAN_POINT ( 'NONE',  ( -2.882579019330970826, -59.14062500170699366, -2.882579019330995251 ) ) ;
#5196 = CARTESIAN_POINT ( 'NONE',  ( 3.399999999999995914, -76.56250000341398732, -2.338364031016953865E-14 ) ) ;
#5197 = CARTESIAN_POINT ( 'NONE',  ( 4.076582343749994841, -74.68750000170697945, 1.688575694911926828 ) ) ;
#5198 = CARTESIAN_POINT ( 'NONE',  ( 1.688575694911947922, -52.34375000170698655, 4.076582343749971749 ) ) ;
#5199 = CARTESIAN_POINT ( 'NONE',  ( -3.399999999999996358, -58.35937500341399442, 1.408326112068497560 ) ) ;
#5200 = CARTESIAN_POINT ( 'NONE',  ( -1.688575694911949698, -58.75000000170700076, 4.076582343749971749 ) ) ;
#5201 = CARTESIAN_POINT ( 'NONE',  ( -2.882579019330970826, -74.14062500170699366, -2.882579019330995251 ) ) ;
#5202 = PERSON ( 'æœª', 'æœª', 'æœª', ('æœª'), ('æœª'), ('æœª') ) ;
#5203 = CARTESIAN_POINT ( 'NONE',  ( 3.399999999999995914, -61.56250000341398021, -2.338364031016953865E-14 ) ) ;
#5204 = DIRECTION ( 'NONE',  ( 0.000000000000000000, 0.000000000000000000, -1.000000000000000000 ) ) ;
#5205 = CARTESIAN_POINT ( 'NONE',  ( -3.399999999999995914, -73.43750000341398732, -2.380002022187964067E-14 ) ) ;
#5206 = CARTESIAN_POINT ( 'NONE',  ( -2.882579019330970826, -72.89062500170699366, -2.882579019330995251 ) ) ;
#5207 =( BOUNDED_CURVE ( )  B_SPLINE_CURVE ( 2, ( #3826, #401, #1916, #966, #2464, #5408, #3960, #4846, #2949 ),
 .UNSPECIFIED., .F., .T. ) 
 B_SPLINE_CURVE_WITH_KNOTS ( ( 3, 2, 2, 2, 3 ),
 ( 0.9479166666666667407, 0.9531250000000001110, 0.9583333333333334814, 0.9635416666666667407, 0.9687500000000001110 ),
 .UNSPECIFIED. ) 
 CURVE ( )  GEOMETRIC_REPRESENTATION_ITEM ( )  RATIONAL_B_SPLINE_CURVE ( ( 0.9999999999999983347, 0.9238795325112884038, 1.000000000000000000, 0.9238795325112867385, 1.000000000000000000, 0.9238795325112867385, 1.000000000000000000, 0.9238795325112850731, 1.000000000000001554 ) ) 
 REPRESENTATION_ITEM ( '' )  );
#5208 = DIRECTION ( 'NONE',  ( 0.000000000000000000, 0.000000000000000000, -1.000000000000000000 ) ) ;
#5209 = CARTESIAN_POINT ( 'NONE',  ( -3.399999999999995470, -58.20312500000000711, -1.408326112068545521 ) ) ;
#5210 = CARTESIAN_POINT ( 'NONE',  ( -2.404163056034259061, -52.03125000341398732, 2.404163056034235080 ) ) ;
#5211 = CARTESIAN_POINT ( 'NONE',  ( 2.882579019330970382, -49.60937500170699366, 2.882579019330949066 ) ) ;
#5212 = ORIENTED_EDGE ( 'NONE', *, *, #3182, .T. ) ;
#5213 = ORIENTED_EDGE ( 'NONE', *, *, #4566, .F. ) ;
#5214 = CARTESIAN_POINT ( 'NONE',  ( 3.399999999999995026, -76.32812500000000000, 1.408326112068500446 ) ) ;
#5215 = CARTESIAN_POINT ( 'NONE',  ( -6.245698675651493936E-16, -71.56250000000000000, 3.399999999999972378 ) ) ;
#5216 = VERTEX_POINT ( 'NONE', #226 ) ;
#5217 = CARTESIAN_POINT ( 'NONE',  ( -2.404163056034259061, -59.21875000000000000, 2.404163056034235080 ) ) ;
#5218 = CARTESIAN_POINT ( 'NONE',  ( 2.882579019330970382, -53.35937500170699366, 2.882579019330949066 ) ) ;
#5219 = SPHERICAL_SURFACE ( 'NONE', #6399, 7.750000000000000000 ) ;
#5220 = CARTESIAN_POINT ( 'NONE',  ( -2.882579019330972159, -63.67187500170700076, 2.882579019330947734 ) ) ;
#5221 = EDGE_CURVE ( 'NONE', #6357, #45, #662, .T. ) ;
#5222 = CARTESIAN_POINT ( 'NONE',  ( 3.399999999999995914, -62.81250000341398732, -2.338364031016953865E-14 ) ) ;
#5223 =( BOUNDED_CURVE ( )  B_SPLINE_CURVE ( 2, ( #4132, #2669, #1596, #6136, #3638, #5154, #5636, #2606, #2455 ),
 .UNSPECIFIED., .F., .F. ) 
 B_SPLINE_CURVE_WITH_KNOTS ( ( 3, 2, 2, 2, 3 ),
 ( 0.1562499999999998890, 0.1614583333333332316, 0.1666666666666665741, 0.1718749999999999167, 0.1770833333333332593 ),
 .UNSPECIFIED. ) 
 CURVE ( )  GEOMETRIC_REPRESENTATION_ITEM ( )  RATIONAL_B_SPLINE_CURVE ( ( 1.000000000000001554, 0.9238795325112850731, 1.000000000000000000, 0.9238795325112867385, 1.000000000000000000, 0.9238795325112867385, 1.000000000000000000, 0.9238795325112879597, 0.9999999999999987788 ) ) 
 REPRESENTATION_ITEM ( '' )  );
#5224 = CARTESIAN_POINT ( 'NONE',  ( 4.076582343749995729, -59.60937500170698655, -2.338364031016953865E-14 ) ) ;
#5225 = CARTESIAN_POINT ( 'NONE',  ( 1.408326112068521985, -74.76562500000000000, -3.400000000000019007 ) ) ;
#5226 = CARTESIAN_POINT ( 'NONE',  ( 1.688575694911947922, -65.93750000170699366, 4.076582343749971749 ) ) ;
#5227 = CARTESIAN_POINT ( 'NONE',  ( -3.399999999999996358, -71.79687499999998579, 1.408326112068497560 ) ) ;
#5228 = CARTESIAN_POINT ( 'NONE',  ( -2.882579019330970826, -78.98437500170699366, -2.882579019330995251 ) ) ;
#5229 = CARTESIAN_POINT ( 'NONE',  ( -2.882579019330970826, -60.39062500170699366, -2.882579019330995251 ) ) ;
#5230 = CARTESIAN_POINT ( 'NONE',  ( 4.076582343749994841, -49.53125000170698655, 1.688575694911926828 ) ) ;
#5231 = CARTESIAN_POINT ( 'NONE',  ( 2.882579019330970382, -74.76562500170699366, 2.882579019330949066 ) ) ;
#5232 = CARTESIAN_POINT ( 'NONE',  ( -1.688575694911949698, -51.25000000170698655, 4.076582343749971749 ) ) ;
#5233 = CARTESIAN_POINT ( 'NONE',  ( 2.081899558550498061E-16, -58.75000000341398732, -3.400000000000019451 ) ) ;
#5234 = CARTESIAN_POINT ( 'NONE',  ( 4.076582343749995729, -55.85937500170699366, -2.338364031016953865E-14 ) ) ;
#5235 = CARTESIAN_POINT ( 'NONE',  ( -4.076582343749995729, -74.06250000170699366, -1.688575694911971015 ) ) ;
#5236 = DIRECTION ( 'NONE',  ( -0.000000000000000000, -1.000000000000000000, -0.000000000000000000 ) ) ;
#5237 = CARTESIAN_POINT ( 'NONE',  ( 0.000000000000000000, -80.00000000000000000, -2.338364031016953865E-14 ) ) ;
#5238 = CARTESIAN_POINT ( 'NONE',  ( 2.081899558550498061E-16, -72.50000000341398732, -3.400000000000019451 ) ) ;
#5239 = CARTESIAN_POINT ( 'NONE',  ( -1.688575694911946590, -74.21875000170700787, -4.076582343750018822 ) ) ;
#5240 = CARTESIAN_POINT ( 'NONE',  ( -1.408326112068532865, -70.85937500000001421, -3.400000000000007905 ) ) ;
#5241 = CARTESIAN_POINT ( 'NONE',  ( 2.081899558550498061E-16, -58.43750000000000000, -3.400000000000019451 ) ) ;
#5242 = CARTESIAN_POINT ( 'NONE',  ( 1.408326112068522651, -71.48437500000000000, 3.399999999999971934 ) ) ;
#5243 = CARTESIAN_POINT ( 'NONE',  ( -4.076582343749996618, -50.00000000170700076, 1.688575694911923053 ) ) ;
#5244 = ORIENTED_EDGE ( 'NONE', *, *, #2103, .T. ) ;
#5245 =( BOUNDED_CURVE ( )  B_SPLINE_CURVE ( 2, ( #1088, #5522, #4082, #3045, #2554, #4050, #5107, #4505, #31 ),
 .UNSPECIFIED., .F., .T. ) 
 B_SPLINE_CURVE_WITH_KNOTS ( ( 3, 2, 2, 2, 3 ),
 ( 0.6562499999999997780, 0.6614583333333331483, 0.6666666666666664076, 0.6718749999999997780, 0.6770833333333331483 ),
 .UNSPECIFIED. ) 
 CURVE ( )  GEOMETRIC_REPRESENTATION_ITEM ( )  RATIONAL_B_SPLINE_CURVE ( ( 1.000000000000003331, 0.9238795325112835188, 1.000000000000000000, 0.9238795325112867385, 1.000000000000000000, 0.9238795325112867385, 1.000000000000000000, 0.9238795325112899581, 0.9999999999999967804 ) ) 
 REPRESENTATION_ITEM ( '' )  );
#5246 = CARTESIAN_POINT ( 'NONE',  ( 1.408326112068522651, -51.48437500000000711, 3.399999999999972378 ) ) ;
#5247 = ORIENTED_EDGE ( 'NONE', *, *, #5871, .F. ) ;
#5248 = CARTESIAN_POINT ( 'NONE',  ( 2.404163056034258616, -58.59375000000000000, -2.404163056034282153 ) ) ;
#5249 = CARTESIAN_POINT ( 'NONE',  ( 2.882579019330971715, -53.04687500170699366, -2.882579019330995251 ) ) ;
#5250 = DIRECTION ( 'NONE',  ( -0.000000000000000000, -1.000000000000000000, -0.000000000000000000 ) ) ;
#5251 = CARTESIAN_POINT ( 'NONE',  ( 1.688575694911947256, -62.96875000170700076, -4.076582343750019710 ) ) ;
#5252 = CARTESIAN_POINT ( 'NONE',  ( -2.404163056034259061, -57.03125000341398021, 2.404163056034235080 ) ) ;
#5253 = CARTESIAN_POINT ( 'NONE',  ( -4.076582343749995729, -55.23437500170699366, -2.388287766204294237E-14 ) ) ;
#5254 = ADVANCED_FACE ( 'NONE', ( #2199 ), #1253, .F. ) ;
#5255 = CARTESIAN_POINT ( 'NONE',  ( 2.404163056034257728, -72.65625000000000000, 2.404163056034235968 ) ) ;
#5256 = CARTESIAN_POINT ( 'NONE',  ( -2.882579019330972159, -64.92187500170699366, 2.882579019330947734 ) ) ;
#5257 = CARTESIAN_POINT ( 'NONE',  ( -2.404163056034258172, -74.53125000000001421, -2.404163056034282153 ) ) ;
#5258 = CARTESIAN_POINT ( 'NONE',  ( -2.404163056034258172, -58.28125000000000000, -2.404163056034282153 ) ) ;
#5259 = CARTESIAN_POINT ( 'NONE',  ( 2.496186759367024056E-16, -60.54687500170699366, -4.076582343750019710 ) ) ;
#5260 = AXIS2_PLACEMENT_3D ( 'NONE', #6488, #4964, #5458 ) ;
#5261 =( BOUNDED_CURVE ( )  B_SPLINE_CURVE ( 2, ( #4649, #4090, #533, #2527, #5596, #2043, #3085, #5077, #3996 ),
 .UNSPECIFIED., .F., .T. ) 
 B_SPLINE_CURVE_WITH_KNOTS ( ( 3, 2, 2, 2, 3 ),
 ( 0.4270833333333334814, 0.4322916666666668517, 0.4375000000000001110, 0.4427083333333334259, 0.4479166666666667962 ),
 .UNSPECIFIED. ) 
 CURVE ( )  GEOMETRIC_REPRESENTATION_ITEM ( )  RATIONAL_B_SPLINE_CURVE ( ( 0.9999999999999975575, 0.9238795325112891810, 1.000000000000000000, 0.9238795325112867385, 1.000000000000000000, 0.9238795325112867385, 1.000000000000000000, 0.9238795325112850731, 1.000000000000001554 ) ) 
 REPRESENTATION_ITEM ( '' )  );
#5262 = CARTESIAN_POINT ( 'NONE',  ( -2.404163056034258172, -76.09375000341397310, -2.404163056034282153 ) ) ;
#5263 = CARTESIAN_POINT ( 'NONE',  ( -7.488560278101070689E-16, -74.92187500170699366, 4.076582343749972637 ) ) ;
#5264 = VECTOR ( 'NONE', #2660, 1000.000000000000000 ) ;
#5265 = CARTESIAN_POINT ( 'NONE',  ( 4.076582343749995729, -52.03125000170698655, -1.688575694911970571 ) ) ;
#5266 = CARTESIAN_POINT ( 'NONE',  ( -1.408326112068521319, -54.92187500341399442, -3.400000000000019007 ) ) ;
#5267 = CARTESIAN_POINT ( 'NONE',  ( -2.882579019330970826, -57.89062500170698655, -2.882579019330995251 ) ) ;
#5268 = CARTESIAN_POINT ( 'NONE',  ( 4.076582343749995729, -75.78125000170700787, -1.688575694911970571 ) ) ;
#5269 = CARTESIAN_POINT ( 'NONE',  ( -6.245698675651493936E-16, -59.37500000341398732, 3.399999999999972378 ) ) ;
#5270 = CARTESIAN_POINT ( 'NONE',  ( 2.404163056034257728, -50.46875000341398732, 2.404163056034235968 ) ) ;
#5271 = CC_DESIGN_APPROVAL ( #4643, ( #6088 ) ) ;
#5272 = CARTESIAN_POINT ( 'NONE',  ( -2.404163056034259061, -72.03125000341398732, 2.404163056034235080 ) ) ;
#5273 = CARTESIAN_POINT ( 'NONE',  ( 2.882579019330970382, -74.76562500170699366, 2.882579019330949066 ) ) ;
#5274 = CARTESIAN_POINT ( 'NONE',  ( -6.245698675651493936E-16, -53.12500000341398021, 3.399999999999972378 ) ) ;
#5275 = CARTESIAN_POINT ( 'NONE',  ( 2.404163056034258616, -58.59375000000000000, -2.404163056034282153 ) ) ;
#5276 = CARTESIAN_POINT ( 'NONE',  ( 2.404163056034257728, -55.15625000000000711, 2.404163056034235968 ) ) ;
#5277 = CARTESIAN_POINT ( 'NONE',  ( -2.404163056034258172, -61.09375000341398021, -2.404163056034282153 ) ) ;
#5278 = ORIENTED_EDGE ( 'NONE', *, *, #5573, .T. ) ;
#5279 = CARTESIAN_POINT ( 'NONE',  ( -3.399999999999995470, -50.70312500000000000, -1.408326112068545521 ) ) ;
#5280 = ORIENTED_EDGE ( 'NONE', *, *, #1182, .T. ) ;
#5281 = CARTESIAN_POINT ( 'NONE',  ( -3.399999999999996358, -60.54687500000000000, 1.408326112068497560 ) ) ;
#5282 = CARTESIAN_POINT ( 'NONE',  ( -3.399999999999996803, -69.60937500341401574, 1.408326112068497560 ) ) ;
#5283 = LINE ( 'NONE', #6304, #1797 ) ;
#5284 = CARTESIAN_POINT ( 'NONE',  ( -2.882579019330972159, -66.17187500170699366, 2.882579019330947734 ) ) ;
#5285 = CARTESIAN_POINT ( 'NONE',  ( -4.076582343749995729, -72.57812500170699366, -2.388287766204294237E-14 ) ) ;
#5286 = EDGE_LOOP ( 'NONE', ( #3250, #4254, #2882, #3764 ) ) ;
#5287 = CARTESIAN_POINT ( 'NONE',  ( 3.399999999999995026, -56.64062500341399442, 1.408326112068500224 ) ) ;
#5288 = CARTESIAN_POINT ( 'NONE',  ( -4.076582343749996618, -52.65625000170699366, 1.688575694911923053 ) ) ;
#5289 = CARTESIAN_POINT ( 'NONE',  ( -1.408326112068521319, -74.60937500000000000, -3.400000000000019007 ) ) ;
#5290 = CARTESIAN_POINT ( 'NONE',  ( -2.882579019330972159, -66.17187500170699366, 2.882579019330947734 ) ) ;
#5291 = CARTESIAN_POINT ( 'NONE',  ( 2.404163056034257728, -65.15625000000000000, 2.404163056034235968 ) ) ;
#5292 = CARTESIAN_POINT ( 'NONE',  ( -3.399999999999995914, -58.12499999999999289, -2.380002022187964067E-14 ) ) ;
#5293 = EDGE_CURVE ( 'NONE', #2240, #2328, #1745, .T. ) ;
#5294 = CARTESIAN_POINT ( 'NONE',  ( 4.076582343749994841, -55.93750000170699366, 1.688575694911926828 ) ) ;
#5295 = ORIENTED_EDGE ( 'NONE', *, *, #2294, .T. ) ;
#5296 = CARTESIAN_POINT ( 'NONE',  ( -2.404163056034259061, -72.03125000341398732, 2.404163056034235080 ) ) ;
#5297 = CARTESIAN_POINT ( 'NONE',  ( -4.076582343749995729, -67.81250000170699366, -1.688575694911971015 ) ) ;
#5298 = CYLINDRICAL_SURFACE ( 'NONE', #111, 3.399999999999995914 ) ;
#5299 = CARTESIAN_POINT ( 'NONE',  ( 4.076582343749995729, -53.35937500170699366, -2.338364031016953865E-14 ) ) ;
#5300 = CARTESIAN_POINT ( 'NONE',  ( -2.404163056034258172, -53.59375000341398732, -2.404163056034282153 ) ) ;
#5301 = CARTESIAN_POINT ( 'NONE',  ( 4.076582343749995729, -50.78125000170699366, -1.688575694911970571 ) ) ;
#5302 = CARTESIAN_POINT ( 'NONE',  ( -1.688575694911949698, -71.25000000170699366, 4.076582343749971749 ) ) ;
#5303 = CARTESIAN_POINT ( 'NONE',  ( 1.408326112068476244, -59.29687500341398732, 3.400000000000018563 ) ) ;
#5304 = ADVANCED_FACE ( 'NONE', ( #3657 ), #2748, .F. ) ;
#5305 = EDGE_CURVE ( 'NONE', #4161, #3335, #1339, .T. ) ;
#5306 = CARTESIAN_POINT ( 'NONE',  ( 2.404163056034258616, -72.65625000341398732, -2.404163056034282153 ) ) ;
#5307 = ADVANCED_FACE ( 'NONE', ( #127, #5688 ), #1220, .F. ) ;
#5308 = CARTESIAN_POINT ( 'NONE',  ( -3.399999999999995914, -72.18750000341397310, -2.380002022187964067E-14 ) ) ;
#5309 = CARTESIAN_POINT ( 'NONE',  ( 4.076582343749994841, -65.93750000170699366, 1.688575694911926828 ) ) ;
#5310 = CARTESIAN_POINT ( 'NONE',  ( -1.408326112068546188, -53.20312500341398732, 3.399999999999948841 ) ) ;
#5311 = CARTESIAN_POINT ( 'NONE',  ( 1.408326112068521985, -56.01562500000000000, -3.400000000000019007 ) ) ;
#5312 = CARTESIAN_POINT ( 'NONE',  ( -3.399999999999996803, -52.10937500341398732, 1.408326112068497560 ) ) ;
#5313 = CARTESIAN_POINT ( 'NONE',  ( -6.245698675651493936E-16, -76.87500000341398732, 3.399999999999972378 ) ) ;
#5314 = VECTOR ( 'NONE', #5384, 1000.000000000000000 ) ;
#5315 = ORIENTED_EDGE ( 'NONE', *, *, #942, .F. ) ;
#5316 = COORDINATED_UNIVERSAL_TIME_OFFSET ( 8, 0, .AHEAD. ) ;
#5317 = CARTESIAN_POINT ( 'NONE',  ( 3.399999999999995026, -65.07812500000000000, 1.408326112068500446 ) ) ;
#5318 = ORIENTED_EDGE ( 'NONE', *, *, #2704, .F. ) ;
#5319 = CARTESIAN_POINT ( 'NONE',  ( -2.404163056034258172, -58.28125000000000000, -2.404163056034282153 ) ) ;
#5320 = CARTESIAN_POINT ( 'NONE',  ( -3.399999999999995914, -59.68750000341398021, -2.380002022187964067E-14 ) ) ;
#5321 = CARTESIAN_POINT ( 'NONE',  ( 2.081899558550498061E-16, -65.93750000000000000, -3.400000000000019451 ) ) ;
#5322 = CARTESIAN_POINT ( 'NONE',  ( -7.488560278101070689E-16, -59.76562500170700076, 4.076582343749972637 ) ) ;
#5323 = CARTESIAN_POINT ( 'NONE',  ( -1.688575694911949698, -67.34375000170699366, 4.076582343749971749 ) ) ;
#5324 = CARTESIAN_POINT ( 'NONE',  ( -6.245698675651493936E-16, -60.62500000341398732, 3.399999999999972378 ) ) ;
#5325 = CARTESIAN_POINT ( 'NONE',  ( 2.496186759367024056E-16, -55.54687500170699366, -4.076582343750019710 ) ) ;
#5326 = CARTESIAN_POINT ( 'NONE',  ( 3.399999999999995026, -75.07812500000000000, 1.408326112068500224 ) ) ;
#5327 = CARTESIAN_POINT ( 'NONE',  ( -4.076582343749996618, -63.75000000170700076, 1.688575694911923053 ) ) ;
#5328 = CARTESIAN_POINT ( 'NONE',  ( -1.408326112068521319, -68.35937500000000000, -3.400000000000019007 ) ) ;
#5329 = CARTESIAN_POINT ( 'NONE',  ( -2.882579019330970826, -75.23437500170699366, -2.882579019330995251 ) ) ;
#5330 = CARTESIAN_POINT ( 'NONE',  ( -1.688575694911946590, -55.46875000170699366, -4.076582343750018822 ) ) ;
#5331 = CARTESIAN_POINT ( 'NONE',  ( 1.408326112068521985, -73.82812500341400153, -3.400000000000019007 ) ) ;
#5332 = CARTESIAN_POINT ( 'NONE',  ( -7.488560278101070689E-16, -67.42187500170699366, 4.076582343749972637 ) ) ;
#5333 = CARTESIAN_POINT ( 'NONE',  ( -6.245698675651493936E-16, -70.31250000000000000, 3.399999999999972378 ) ) ;
#5334 = CARTESIAN_POINT ( 'NONE',  ( -7.488560278101070689E-16, -76.01562500170699366, 4.076582343749972637 ) ) ;
#5335 = CARTESIAN_POINT ( 'NONE',  ( 2.404163056034257728, -51.71875000341398732, 2.404163056034235968 ) ) ;
#5336 = CARTESIAN_POINT ( 'NONE',  ( -4.076582343749996618, -53.90625000170698655, 1.688575694911923053 ) ) ;
#5337 = CARTESIAN_POINT ( 'NONE',  ( -1.688575694911946590, -71.71875000170699366, -4.076582343750018822 ) ) ;
#5338 = VERTEX_POINT ( 'NONE', #4246 ) ;
#5339 = CARTESIAN_POINT ( 'NONE',  ( -1.408326112068498670, -55.85937500000001421, -3.400000000000042100 ) ) ;
#5340 = CARTESIAN_POINT ( 'NONE',  ( -6.245698675651493936E-16, -52.81250000000000000, 3.399999999999972378 ) ) ;
#5341 = CARTESIAN_POINT ( 'NONE',  ( -3.399999999999995914, -68.43750000341398732, -2.380002022187964067E-14 ) ) ;
#5342 = CARTESIAN_POINT ( 'NONE',  ( -1.688575694911949698, -70.00000000170700787, 4.076582343749971749 ) ) ;
#5343 = CARTESIAN_POINT ( 'NONE',  ( -2.404163056034259061, -53.28125000341398021, 2.404163056034235080 ) ) ;
#5344 = CARTESIAN_POINT ( 'NONE',  ( -2.404163056034259061, -54.21874999999999289, 2.404163056034235080 ) ) ;
#5345 = DIRECTION ( 'NONE',  ( 0.000000000000000000, 0.000000000000000000, -1.000000000000000000 ) ) ;
#5346 = CARTESIAN_POINT ( 'NONE',  ( 3.399999999999995914, -76.56250000341398732, -2.338364031016953865E-14 ) ) ;
#5347 = EDGE_CURVE ( 'NONE', #2730, #3699, #6447, .T. ) ;
#5348 = VERTEX_POINT ( 'NONE', #857 ) ;
#5349 = VECTOR ( 'NONE', #5172, 1000.000000000000000 ) ;
#5350 = DIRECTION ( 'NONE',  ( -0.000000000000000000, -1.000000000000000000, -0.000000000000000000 ) ) ;
#5351 = CARTESIAN_POINT ( 'NONE',  ( 3.788546217745297540, -79.76354621774528653, -0.2440750679699657810 ) ) ;
#5352 = CARTESIAN_POINT ( 'NONE',  ( 2.081899558550498061E-16, -52.18750000000000000, -3.400000000000019451 ) ) ;
#5353 = CARTESIAN_POINT ( 'NONE',  ( 2.081899558550498061E-16, -66.25000000341398732, -3.400000000000019451 ) ) ;
#5354 = CARTESIAN_POINT ( 'NONE',  ( 0.000000000000000000, -80.00000000000000000, -2.338364031016953865E-14 ) ) ;
#5355 = CARTESIAN_POINT ( 'NONE',  ( 4.076582343749995729, -60.62500000170699366, -1.688575694911970571 ) ) ;
#5356 = CARTESIAN_POINT ( 'NONE',  ( -7.488560278101070689E-16, -68.51562500170699366, 4.076582343749972637 ) ) ;
#5357 = ORIENTED_EDGE ( 'NONE', *, *, #686, .F. ) ;
#5358 = CARTESIAN_POINT ( 'NONE',  ( -3.399999999999996358, -58.35937500341399442, 1.408326112068497560 ) ) ;
#5359 = CARTESIAN_POINT ( 'NONE',  ( -4.076582343749996618, -53.90625000170699366, 1.688575694911923053 ) ) ;
#5360 = CARTESIAN_POINT ( 'NONE',  ( 2.404163056034257728, -66.40625000000000000, 2.404163056034235968 ) ) ;
#5361 = CARTESIAN_POINT ( 'NONE',  ( 4.076582343749994841, -59.53125000170699366, 1.688575694911926828 ) ) ;
#5362 = CARTESIAN_POINT ( 'NONE',  ( 3.399999999999995026, -66.32812500000000000, 1.408326112068500224 ) ) ;
#5363 = CARTESIAN_POINT ( 'NONE',  ( 2.496186759367024056E-16, -72.89062500170699366, -4.076582343750019710 ) ) ;
#5364 = CARTESIAN_POINT ( 'NONE',  ( 2.882579019330970382, -57.26562500170699366, 2.882579019330949066 ) ) ;
#5365 = CARTESIAN_POINT ( 'NONE',  ( -2.404163056034259061, -74.53125000341398732, 2.404163056034235080 ) ) ;
#5366 = CARTESIAN_POINT ( 'NONE',  ( 2.496186759367024056E-16, -68.04687500170699366, -4.076582343750019710 ) ) ;
#5367 = CYLINDRICAL_SURFACE ( 'NONE', #1584, 3.399999999999995914 ) ;
#5368 = CARTESIAN_POINT ( 'NONE',  ( -4.076582343749996618, -78.75000000170699366, 1.688575694911923053 ) ) ;
#5369 = CARTESIAN_POINT ( 'NONE',  ( -2.404163056034258172, -52.34375000341398732, -2.404163056034282153 ) ) ;
#5370 = CARTESIAN_POINT ( 'NONE',  ( 4.076582343749995729, -53.28125000170698655, -1.688575694911970571 ) ) ;
#5371 = CARTESIAN_POINT ( 'NONE',  ( -2.882579019330970826, -69.14062500170699366, -2.882579019330995251 ) ) ;
#5372 = ORIENTED_EDGE ( 'NONE', *, *, #2873, .T. ) ;
#5373 = CARTESIAN_POINT ( 'NONE',  ( -1.408326112068540414, -74.14062499999998579, 3.399999999999954170 ) ) ;
#5374 = AXIS2_PLACEMENT_3D ( 'NONE', #1486, #3376, #5434 ) ;
#5375 = CARTESIAN_POINT ( 'NONE',  ( -3.399999999999996803, -53.04687500000000711, 1.408326112068497560 ) ) ;
#5376 = CARTESIAN_POINT ( 'NONE',  ( -4.076582343749995729, -61.32812500170699366, -2.388287766204294237E-14 ) ) ;
#5377 = CARTESIAN_POINT ( 'NONE',  ( -6.245698675651493936E-16, -65.62500000341398732, 3.399999999999972378 ) ) ;
#5378 = CARTESIAN_POINT ( 'NONE',  ( 1.688575694911947922, -67.34375000170699366, 4.076582343749971749 ) ) ;
#5379 = DIRECTION ( 'NONE',  ( -0.000000000000000000, -1.000000000000000000, -0.000000000000000000 ) ) ;
#5380 = DIRECTION ( 'NONE',  ( -0.000000000000000000, -1.000000000000000000, -0.000000000000000000 ) ) ;
#5381 = CARTESIAN_POINT ( 'NONE',  ( 2.081899558550498061E-16, -51.25000000341398021, -3.400000000000019451 ) ) ;
#5382 = APPROVAL_STATUS ( 'not_yet_approved' ) ;
#5383 = CARTESIAN_POINT ( 'NONE',  ( -1.408326112068511993, -68.20312500341398732, 3.399999999999983924 ) ) ;
#5384 = DIRECTION ( 'NONE',  ( -0.000000000000000000, -1.000000000000000000, -0.000000000000000000 ) ) ;
#5385 = CARTESIAN_POINT ( 'NONE',  ( 3.399999999999995914, -55.00000000000000000, -2.338364031016953865E-14 ) ) ;
#5386 = CARTESIAN_POINT ( 'NONE',  ( -6.245698675651493936E-16, -70.62500000341398732, 3.399999999999972378 ) ) ;
#5387 = CARTESIAN_POINT ( 'NONE',  ( 4.076582343749994841, -59.53125000170699366, 1.688575694911926828 ) ) ;
#5388 = CARTESIAN_POINT ( 'NONE',  ( -4.076582343749995729, -68.90625000170700787, -1.688575694911971015 ) ) ;
#5389 = ORIENTED_EDGE ( 'NONE', *, *, #4137, .T. ) ;
#5390 = CARTESIAN_POINT ( 'NONE',  ( 2.882579019330970382, -53.51562500170699366, 2.882579019330949066 ) ) ;
#5391 = CARTESIAN_POINT ( 'NONE',  ( -2.404163056034258172, -69.53125000000000000, -2.404163056034282153 ) ) ;
#5392 = CARTESIAN_POINT ( 'NONE',  ( 4.076582343749995729, -59.45312500170699366, -2.338364031016953865E-14 ) ) ;
#5393 = CARTESIAN_POINT ( 'NONE',  ( -2.404163056034258172, -65.78125000000000000, -2.404163056034282153 ) ) ;
#5394 = CARTESIAN_POINT ( 'NONE',  ( -4.076582343749995729, -77.65625000170702208, -1.688575694911971015 ) ) ;
#5395 = CARTESIAN_POINT ( 'NONE',  ( -2.404163056034258172, -73.59375000341398732, -2.404163056034282153 ) ) ;
#5396 = CARTESIAN_POINT ( 'NONE',  ( -4.076582343749995729, -70.23437500170699366, -2.388287766204294237E-14 ) ) ;
#5397 = CARTESIAN_POINT ( 'NONE',  ( 3.399999999999995026, -60.39062500341398021, 1.408326112068500446 ) ) ;
#5398 = CARTESIAN_POINT ( 'NONE',  ( -4.076582343749995729, -76.40625000170697945, -1.688575694911971015 ) ) ;
#5399 = CARTESIAN_POINT ( 'NONE',  ( -2.404163056034258172, -51.09375000341398732, -2.404163056034282153 ) ) ;
#5400 = CARTESIAN_POINT ( 'NONE',  ( -4.076582343749995729, -55.23437500170699366, -2.388287766204294237E-14 ) ) ;
#5401 = CARTESIAN_POINT ( 'NONE',  ( -7.488560278101070689E-16, -67.42187500170699366, 4.076582343749972637 ) ) ;
#5402 = ORIENTED_EDGE ( 'NONE', *, *, #6179, .T. ) ;
#5403 = CARTESIAN_POINT ( 'NONE',  ( 2.404163056034258616, -58.90625000341398732, -2.404163056034282153 ) ) ;
#5404 = CARTESIAN_POINT ( 'NONE',  ( 1.408326112068568614, -64.29687500341398732, 3.399999999999926192 ) ) ;
#5405 = CARTESIAN_POINT ( 'NONE',  ( 4.076582343749994841, -57.03125000170699366, 1.688575694911926828 ) ) ;
#5406 = CARTESIAN_POINT ( 'NONE',  ( -1.408326112068521319, -66.17187500341397310, -3.400000000000019007 ) ) ;
#5407 = CARTESIAN_POINT ( 'NONE',  ( -4.076582343749996618, -70.15625000170699366, 1.688575694911923053 ) ) ;
#5408 = CARTESIAN_POINT ( 'NONE',  ( 3.399999999999995914, -51.17187500000000711, -1.408326112068545521 ) ) ;
#5409 = CARTESIAN_POINT ( 'NONE',  ( 4.163799117100996122E-16, -80.00000000000000000, 3.399999999999972378 ) ) ;
#5410 = DIRECTION ( 'NONE',  ( -0.000000000000000000, -1.000000000000000000, -0.000000000000000000 ) ) ;
#5411 = DIRECTION ( 'NONE',  ( 0.000000000000000000, 0.000000000000000000, -1.000000000000000000 ) ) ;
#5412 = CARTESIAN_POINT ( 'NONE',  ( -3.399999999999996358, -55.54687500000001421, 1.408326112068497560 ) ) ;
#5413 = CARTESIAN_POINT ( 'NONE',  ( 2.081899558550498061E-16, -70.00000000341398732, -3.400000000000019451 ) ) ;
#5414 = FACE_OUTER_BOUND ( 'NONE', #2243, .T. ) ;
#5415 = CARTESIAN_POINT ( 'NONE',  ( -1.688575694911946590, -61.56250000170699366, -4.076582343750019710 ) ) ;
#5416 = CARTESIAN_POINT ( 'NONE',  ( 1.688575694911947922, -65.93750000170699366, 4.076582343749971749 ) ) ;
#5417 = EDGE_LOOP ( 'NONE', ( #4585, #2565, #4198, #634 ) ) ;
#5418 = CARTESIAN_POINT ( 'NONE',  ( 2.081899558550498061E-16, -69.68750000000000000, -3.400000000000019451 ) ) ;
#5419 = CARTESIAN_POINT ( 'NONE',  ( -4.076582343749995729, -62.57812500170699366, -2.388287766204294237E-14 ) ) ;
#5420 = CARTESIAN_POINT ( 'NONE',  ( 1.408326112068521985, -66.01562499999998579, -3.400000000000019007 ) ) ;
#5421 = CARTESIAN_POINT ( 'NONE',  ( -1.688575694911950142, -74.84375000170699366, 4.076582343749971749 ) ) ;
#5422 = CARTESIAN_POINT ( 'NONE',  ( -3.399999999999995914, -69.68750000341398732, -2.380002022187964067E-14 ) ) ;
#5423 = CARTESIAN_POINT ( 'NONE',  ( 2.496186759367024056E-16, -69.29687500170699366, -4.076582343750019710 ) ) ;
#5424 = DIRECTION ( 'NONE',  ( -0.000000000000000000, -1.000000000000000000, -0.000000000000000000 ) ) ;
#5425 = CARTESIAN_POINT ( 'NONE',  ( -1.688575694911949698, -77.34375000170699366, 4.076582343749971749 ) ) ;
#5426 = CARTESIAN_POINT ( 'NONE',  ( 1.408326112068522651, -49.29687500341398021, 3.399999999999972378 ) ) ;
#5427 = CARTESIAN_POINT ( 'NONE',  ( -1.688575694911946590, -52.96875000170698655, -4.076582343750018822 ) ) ;
#5428 = CARTESIAN_POINT ( 'NONE',  ( 4.076582343749995729, -69.60937500170699366, -2.338364031016953865E-14 ) ) ;
#5429 = ORIENTED_EDGE ( 'NONE', *, *, #1021, .F. ) ;
#5430 = CARTESIAN_POINT ( 'NONE',  ( 4.076582343749995729, -79.37500000170699366, -1.688575694911970571 ) ) ;
#5431 = CARTESIAN_POINT ( 'NONE',  ( -1.688575694911949698, -58.59375000170700076, 4.076582343749971749 ) ) ;
#5432 = CARTESIAN_POINT ( 'NONE',  ( -3.399999999999995914, -67.18750000341398732, -2.380002022187964067E-14 ) ) ;
#5433 = CARTESIAN_POINT ( 'NONE',  ( -2.882579019330970826, -69.14062500170699366, -2.882579019330995251 ) ) ;
#5434 = DIRECTION ( 'NONE',  ( 0.000000000000000000, -2.927345865710861972E-16, 1.000000000000000000 ) ) ;
#5435 = CARTESIAN_POINT ( 'NONE',  ( -1.408326112068532865, -69.60937500000001421, -3.400000000000007905 ) ) ;
#5436 = CARTESIAN_POINT ( 'NONE',  ( 3.399999999999995914, -79.06250000341398732, -2.338364031016953865E-14 ) ) ;
#5437 = FACE_BOUND ( 'NONE', #1131, .T. ) ;
#5438 = CARTESIAN_POINT ( 'NONE',  ( -6.245698675651493936E-16, -51.56250000000000000, 3.399999999999972378 ) ) ;
#5439 = CARTESIAN_POINT ( 'NONE',  ( -6.245698675651493936E-16, -78.12500000341398732, 3.399999999999972378 ) ) ;
#5440 = CARTESIAN_POINT ( 'NONE',  ( 2.404163056034258616, -57.65625000341398021, -2.404163056034282153 ) ) ;
#5441 = CARTESIAN_POINT ( 'NONE',  ( -4.076582343749995729, -58.90625000170700076, -1.688575694911971015 ) ) ;
#5442 = CARTESIAN_POINT ( 'NONE',  ( 2.496186759367024056E-16, -69.14062500170699366, -4.076582343750019710 ) ) ;
#5443 = VERTEX_POINT ( 'NONE', #1319 ) ;
#5444 = ORIENTED_EDGE ( 'NONE', *, *, #5493, .T. ) ;
#5445 = CARTESIAN_POINT ( 'NONE',  ( -4.076582343749995729, -51.48437500170699366, -2.388287766204294237E-14 ) ) ;
#5446 = CARTESIAN_POINT ( 'NONE',  ( 3.399999999999995914, -67.50000000000000000, -2.338364031016953865E-14 ) ) ;
#5447 = CARTESIAN_POINT ( 'NONE',  ( -1.688575694911949698, -63.59375000170700787, 4.076582343749971749 ) ) ;
#5448 = CARTESIAN_POINT ( 'NONE',  ( 2.404163056034257728, -63.90625000000000000, 2.404163056034235968 ) ) ;
#5449 = CARTESIAN_POINT ( 'NONE',  ( -1.688575694911950142, -73.59375000170699366, 4.076582343749971749 ) ) ;
#5450 = CARTESIAN_POINT ( 'NONE',  ( -2.404163056034259061, -70.78125000341398732, 2.404163056034235080 ) ) ;
#5451 = CARTESIAN_POINT ( 'NONE',  ( 1.688575694911947256, -64.37500000170699366, -4.076582343750019710 ) ) ;
#5452 = CARTESIAN_POINT ( 'NONE',  ( -2.604438579780045782, -79.46759733732847053, -2.338217587297008127 ) ) ;
#5453 = CARTESIAN_POINT ( 'NONE',  ( -1.688575694911949698, -78.59375000170699366, 4.076582343749971749 ) ) ;
#5454 = CARTESIAN_POINT ( 'NONE',  ( 3.399999999999995026, -76.32812500000000000, 1.408326112068500224 ) ) ;
#5455 = CARTESIAN_POINT ( 'NONE',  ( 0.000000000000000000, -80.00000000000000000, -2.338364031016953865E-14 ) ) ;
#5456 = CARTESIAN_POINT ( 'NONE',  ( -4.076582343749996618, -65.15625000170699366, 1.688575694911923053 ) ) ;
#5457 = VERTEX_POINT ( 'NONE', #2363 ) ;
#5458 = DIRECTION ( 'NONE',  ( 0.000000000000000000, 0.000000000000000000, -1.000000000000000000 ) ) ;
#5459 = CARTESIAN_POINT ( 'NONE',  ( -2.882579019330972159, -78.82812500170699366, 2.882579019330947734 ) ) ;
#5460 = CARTESIAN_POINT ( 'NONE',  ( 4.076582343749995729, -56.87500000170699366, -1.688575694911970571 ) ) ;
#5461 = CARTESIAN_POINT ( 'NONE',  ( 2.404163056034258616, -66.40625000341398732, -2.404163056034282153 ) ) ;
#5462 = CARTESIAN_POINT ( 'NONE',  ( 4.076582343749995729, -62.10937500170699366, -2.338364031016953865E-14 ) ) ;
#5463 = FACE_OUTER_BOUND ( 'NONE', #2530, .T. ) ;
#5464 = CARTESIAN_POINT ( 'NONE',  ( -3.399999999999995914, -54.68750000341398732, -2.380002022187964067E-14 ) ) ;
#5465 = CARTESIAN_POINT ( 'NONE',  ( -1.408326112068523317, -59.45312500341398021, 3.399999999999972378 ) ) ;
#5466 = DIRECTION ( 'NONE',  ( 0.000000000000000000, 0.000000000000000000, -1.000000000000000000 ) ) ;
#5467 = ORIENTED_EDGE ( 'NONE', *, *, #2784, .T. ) ;
#5468 = CARTESIAN_POINT ( 'NONE',  ( 4.076582343749995729, -79.60937500170699366, -2.338364031016953865E-14 ) ) ;
#5469 = CARTESIAN_POINT ( 'NONE',  ( 3.399999999999995914, -56.25000000000000000, -2.338364031016953865E-14 ) ) ;
#5470 = CARTESIAN_POINT ( 'NONE',  ( 2.081899558550498061E-16, -67.50000000341398732, -3.400000000000019451 ) ) ;
#5471 = CARTESIAN_POINT ( 'NONE',  ( -2.882579019330970826, -53.98437500170699366, -2.882579019330995251 ) ) ;
#5472 = CARTESIAN_POINT ( 'NONE',  ( 1.688575694911947256, -65.46875000170699366, -4.076582343750018822 ) ) ;
#5473 = ORIENTED_EDGE ( 'NONE', *, *, #4901, .F. ) ;
#5474 = CARTESIAN_POINT ( 'NONE',  ( -4.076582343749995729, -50.23437500170699366, -2.388287766204294237E-14 ) ) ;
#5475 = CARTESIAN_POINT ( 'NONE',  ( -3.399999999999995914, -68.12500000000000000, -2.380002022187964067E-14 ) ) ;
#5476 = CARTESIAN_POINT ( 'NONE',  ( -2.882579019330970826, -53.98437500170699366, -2.882579019330995251 ) ) ;
#5477 = CARTESIAN_POINT ( 'NONE',  ( -6.245698675651493936E-16, -60.31250000000000711, 3.399999999999972378 ) ) ;
#5478 = CARTESIAN_POINT ( 'NONE',  ( 2.882579019330971715, -68.04687500170700787, -2.882579019330995251 ) ) ;
#5479 = CARTESIAN_POINT ( 'NONE',  ( -1.408326112068521319, -67.42187500341398732, -3.400000000000019007 ) ) ;
#5480 = CARTESIAN_POINT ( 'NONE',  ( -2.882579019330970826, -66.64062500170699366, -2.882579019330995251 ) ) ;
#5481 = CARTESIAN_POINT ( 'NONE',  ( 2.081899558550498061E-16, -60.00000000341398732, -3.400000000000019451 ) ) ;
#5482 = CARTESIAN_POINT ( 'NONE',  ( -4.076582343749996618, -70.00000000170700787, 1.688575694911923053 ) ) ;
#5483 = CARTESIAN_POINT ( 'NONE',  ( -6.245698675651493936E-16, -77.81250000000000000, 3.399999999999972378 ) ) ;
#5484 = AXIS2_PLACEMENT_3D ( 'NONE', #970, #869, #5901 ) ;
#5485 = CARTESIAN_POINT ( 'NONE',  ( -3.399999999999996803, -55.85937500341399442, 1.408326112068497560 ) ) ;
#5486 = CARTESIAN_POINT ( 'NONE',  ( 4.076582343749995729, -67.10937500170699366, -2.338364031016953865E-14 ) ) ;
#5487 = CARTESIAN_POINT ( 'NONE',  ( -7.488560278101070689E-16, -78.51562500170700787, 4.076582343749972637 ) ) ;
#5488 = CARTESIAN_POINT ( 'NONE',  ( -1.688575694911946590, -79.21875000170697945, -4.076582343750019710 ) ) ;
#5489 = CARTESIAN_POINT ( 'NONE',  ( 1.688575694911947256, -57.96875000170699366, -4.076582343750018822 ) ) ;
#5490 = CARTESIAN_POINT ( 'NONE',  ( -2.404163056034258172, -61.09375000341398021, -2.404163056034282153 ) ) ;
#5491 = CARTESIAN_POINT ( 'NONE',  ( -2.882579019330970826, -65.39062500170699366, -2.882579019330995251 ) ) ;
#5492 = CARTESIAN_POINT ( 'NONE',  ( 2.081899558550498061E-16, -77.18750000000000000, -3.400000000000019451 ) ) ;
#5493 = EDGE_CURVE ( 'NONE', #604, #4395, #2884, .T. ) ;
#5494 = CARTESIAN_POINT ( 'NONE',  ( -1.408326112068511993, -69.14062499999998579, 3.399999999999983924 ) ) ;
#5495 = EDGE_CURVE ( 'NONE', #2328, #3568, #5543, .T. ) ;
#5496 = CARTESIAN_POINT ( 'NONE',  ( -2.404163056034258172, -52.34375000341398732, -2.404163056034282153 ) ) ;
#5497 = LINE ( 'NONE', #4508, #1904 ) ;
#5498 = CARTESIAN_POINT ( 'NONE',  ( 1.408326112068521985, -75.07812500341398732, -3.400000000000019007 ) ) ;
#5499 = CARTESIAN_POINT ( 'NONE',  ( 1.688575694911947922, -78.59375000170697945, 4.076582343749971749 ) ) ;
#5500 = CARTESIAN_POINT ( 'NONE',  ( 2.404163056034257728, -71.71875000341398732, 2.404163056034235968 ) ) ;
#5501 = CARTESIAN_POINT ( 'NONE',  ( 2.496186759367024056E-16, -55.39062500170699366, -4.076582343750019710 ) ) ;
#5502 = CARTESIAN_POINT ( 'NONE',  ( -4.076582343749995729, -62.65625000170699366, -1.688575694911971015 ) ) ;
#5503 = VERTEX_POINT ( 'NONE', #1386 ) ;
#5504 = ORIENTED_EDGE ( 'NONE', *, *, #469, .T. ) ;
#5505 = CARTESIAN_POINT ( 'NONE',  ( -1.408326112068546188, -56.95312500341398021, 3.399999999999948841 ) ) ;
#5506 = CARTESIAN_POINT ( 'NONE',  ( 1.408326112068521985, -63.51562500000000711, -3.400000000000019007 ) ) ;
#5507 = CARTESIAN_POINT ( 'NONE',  ( -4.076582343749995729, -56.40625000170699366, -1.688575694911971015 ) ) ;
#5508 = CARTESIAN_POINT ( 'NONE',  ( 3.399999999999995470, -62.42187500000000711, -1.408326112068545521 ) ) ;
#5509 = CARTESIAN_POINT ( 'NONE',  ( 2.882579019330970382, -68.35937500170699366, 2.882579019330949066 ) ) ;
#5510 = CARTESIAN_POINT ( 'NONE',  ( -3.399999999999995470, -71.01562500341398732, -1.408326112068545521 ) ) ;
#5511 = CARTESIAN_POINT ( 'NONE',  ( -1.688575694911946590, -65.46875000170699366, -4.076582343750019710 ) ) ;
#5512 = CARTESIAN_POINT ( 'NONE',  ( -3.399999999999996358, -79.29687500000000000, 1.408326112068497560 ) ) ;
#5513 = CARTESIAN_POINT ( 'NONE',  ( 4.076582343749994841, -73.28125000170697945, 1.688575694911926828 ) ) ;
#5514 = CARTESIAN_POINT ( 'NONE',  ( -3.399999999999995470, -79.45312500000000000, -1.408326112068545521 ) ) ;
#5515 = CARTESIAN_POINT ( 'NONE',  ( 1.408326112068496450, -75.54687500341398732, 3.399999999999998135 ) ) ;
#5516 = CARTESIAN_POINT ( 'NONE',  ( -4.076582343749995729, -66.56250000170699366, -1.688575694911971015 ) ) ;
#5517 = CARTESIAN_POINT ( 'NONE',  ( -2.882579019330970826, -76.48437500170699366, -2.882579019330995251 ) ) ;
#5518 = CARTESIAN_POINT ( 'NONE',  ( 2.882579019330971715, -79.45312500170699366, -2.882579019330995251 ) ) ;
#5519 = CARTESIAN_POINT ( 'NONE',  ( -2.882579019330972159, -54.92187500170699366, 2.882579019330947734 ) ) ;
#5520 = CARTESIAN_POINT ( 'NONE',  ( -2.404163056034258172, -59.84375000341398732, -2.404163056034282153 ) ) ;
#5521 = CARTESIAN_POINT ( 'NONE',  ( -1.688575694911946590, -62.96875000170699366, -4.076582343750018822 ) ) ;
#5522 = CARTESIAN_POINT ( 'NONE',  ( 1.408326112068476244, -60.23437500000000000, 3.400000000000018563 ) ) ;
#5523 = CARTESIAN_POINT ( 'NONE',  ( -1.408326112068498670, -54.92187500341400153, -3.400000000000042100 ) ) ;
#5524 = CARTESIAN_POINT ( 'NONE',  ( 2.404163056034257728, -55.46875000341398732, 2.404163056034235968 ) ) ;
#5525 = EDGE_CURVE ( 'NONE', #769, #2442, #6223, .T. ) ;
#5526 = DIRECTION ( 'NONE',  ( 0.000000000000000000, 0.000000000000000000, -1.000000000000000000 ) ) ;
#5527 = CARTESIAN_POINT ( 'NONE',  ( -1.408326112068521319, -74.92187500341398732, -3.400000000000019007 ) ) ;
#5528 = CARTESIAN_POINT ( 'NONE',  ( -1.688575694911946590, -79.21875000170700787, -4.076582343750018822 ) ) ;
#5529 = DIRECTION ( 'NONE',  ( -0.000000000000000000, 1.000000000000000000, 2.927345865710861972E-16 ) ) ;
#5530 = CARTESIAN_POINT ( 'NONE',  ( -2.404163056034259061, -63.28125000341398732, 2.404163056034235080 ) ) ;
#5531 = CARTESIAN_POINT ( 'NONE',  ( -7.488560278101070689E-16, -53.51562500170699366, 4.076582343749972637 ) ) ;
#5532 = CARTESIAN_POINT ( 'NONE',  ( -1.688575694911949698, -62.34375000170700076, 4.076582343749971749 ) ) ;
#5533 = ORIENTED_EDGE ( 'NONE', *, *, #2783, .T. ) ;
#5534 = CARTESIAN_POINT ( 'NONE',  ( -3.399999999999995914, -57.18750000341398021, -2.380002022187964067E-14 ) ) ;
#5535 = ORIENTED_EDGE ( 'NONE', *, *, #942, .T. ) ;
#5536 = CARTESIAN_POINT ( 'NONE',  ( 2.081899558550498061E-16, -63.43750000000000711, -3.400000000000019451 ) ) ;
#5537 = CARTESIAN_POINT ( 'NONE',  ( -4.076582343749995729, -58.82812500170699366, -2.388287766204294237E-14 ) ) ;
#5538 = CARTESIAN_POINT ( 'NONE',  ( -3.399999999999995470, -60.70312500000000711, -1.408326112068545521 ) ) ;
#5539 = CARTESIAN_POINT ( 'NONE',  ( 4.076582343749994841, -68.28125000170699366, 1.688575694911926828 ) ) ;
#5540 = CARTESIAN_POINT ( 'NONE',  ( 3.399999999999995026, -67.89062500341398732, 1.408326112068500224 ) ) ;
#5541 = CARTESIAN_POINT ( 'NONE',  ( -7.488560278101070689E-16, -63.67187500170698655, 4.076582343749972637 ) ) ;
#5542 = CARTESIAN_POINT ( 'NONE',  ( -2.404163056034259061, -77.96875000000000000, 2.404163056034235080 ) ) ;
#5543 =( BOUNDED_CURVE ( )  B_SPLINE_CURVE ( 2, ( #3888, #1807, #823, #6358, #2397, #896, #2815, #4800, #3788 ),
 .UNSPECIFIED., .F., .T. ) 
 B_SPLINE_CURVE_WITH_KNOTS ( ( 3, 2, 2, 2, 3 ),
 ( 0.01041666666666644404, 0.01562499999999978142, 0.02083333333333311707, 0.02604166666666645619, 0.03124999999999979183 ),
 .UNSPECIFIED. ) 
 CURVE ( )  GEOMETRIC_REPRESENTATION_ITEM ( )  RATIONAL_B_SPLINE_CURVE ( ( 1.000000000000003331, 0.9238795325112835188, 1.000000000000000000, 0.9238795325112867385, 1.000000000000000000, 0.9238795325112867385, 1.000000000000000000, 0.9238795325112897361, 0.9999999999999970024 ) ) 
 REPRESENTATION_ITEM ( '' )  );
#5544 = CARTESIAN_POINT ( 'NONE',  ( 2.496186759367024056E-16, -71.64062500170699366, -4.076582343750019710 ) ) ;
#5545 = CARTESIAN_POINT ( 'NONE',  ( -3.399999999999996358, -76.79687499999998579, 1.408326112068497560 ) ) ;
#5546 = CARTESIAN_POINT ( 'NONE',  ( -1.408326112068569280, -60.39062500000000711, 3.399999999999925304 ) ) ;
#5547 = CARTESIAN_POINT ( 'NONE',  ( -4.076582343749995729, -65.31250000170699366, -1.688575694911971015 ) ) ;
#5548 = CARTESIAN_POINT ( 'NONE',  ( -1.688575694911949698, -77.34375000170699366, 4.076582343749971749 ) ) ;
#5549 = CARTESIAN_POINT ( 'NONE',  ( 4.076582343749995729, -77.03125000170699366, -1.688575694911970571 ) ) ;
#5550 = CARTESIAN_POINT ( 'NONE',  ( -4.076582343749995729, -55.15625000170700787, -1.688575694911971015 ) ) ;
#5551 = CARTESIAN_POINT ( 'NONE',  ( -3.399999999999995914, -62.18750000341398732, -2.380002022187964067E-14 ) ) ;
#5552 = CARTESIAN_POINT ( 'NONE',  ( 1.688575694911947922, -63.59375000170700787, 4.076582343749971749 ) ) ;
#5553 = CARTESIAN_POINT ( 'NONE',  ( 7.960204194457809282E-16, -80.00000000000000000, -6.500000000000022204 ) ) ;
#5554 = FACE_OUTER_BOUND ( 'NONE', #2533, .T. ) ;
#5555 = CARTESIAN_POINT ( 'NONE',  ( 2.404163056034257728, -52.96875000341398732, 2.404163056034235968 ) ) ;
#5556 = CARTESIAN_POINT ( 'NONE',  ( 0.000000000000000000, -80.00000000000000000, -2.338364031016953865E-14 ) ) ;
#5557 = CARTESIAN_POINT ( 'NONE',  ( -6.245698675651493936E-16, -78.12500000341398732, 3.399999999999972378 ) ) ;
#5558 = CARTESIAN_POINT ( 'NONE',  ( 4.076582343749995729, -79.53125000170697945, -1.688575694911970571 ) ) ;
#5559 = ADVANCED_FACE ( 'NONE', ( #3820 ), #2913, .F. ) ;
#5560 = CARTESIAN_POINT ( 'NONE',  ( -2.404163056034258172, -72.34375000341398732, -2.404163056034282153 ) ) ;
#5561 = CARTESIAN_POINT ( 'NONE',  ( 2.081899558550498061E-16, -74.68750000000000000, -3.400000000000019451 ) ) ;
#5562 = CARTESIAN_POINT ( 'NONE',  ( 2.882579019330971715, -56.79687500170699366, -2.882579019330995251 ) ) ;
#5563 = CARTESIAN_POINT ( 'NONE',  ( 4.076582343749995729, -65.70312500170699366, -2.338364031016953865E-14 ) ) ;
#5564 = ORIENTED_EDGE ( 'NONE', *, *, #3416, .F. ) ;
#5565 = EDGE_LOOP ( 'NONE', ( #5213, #5147, #2146 ) ) ;
#5566 = AXIS2_PLACEMENT_3D ( 'NONE', #4946, #3472, #4057 ) ;
#5567 = CARTESIAN_POINT ( 'NONE',  ( -3.399999999999995914, -58.43750000341398021, -2.380002022187964067E-14 ) ) ;
#5568 = ORIENTED_EDGE ( 'NONE', *, *, #2460, .T. ) ;
#5569 = CARTESIAN_POINT ( 'NONE',  ( -2.404163056034258172, -62.03124999999999289, -2.404163056034282153 ) ) ;
#5570 = CARTESIAN_POINT ( 'NONE',  ( 1.688575694911947922, -58.43750000170699366, 4.076582343749971749 ) ) ;
#5571 = CARTESIAN_POINT ( 'NONE',  ( 4.076582343749994841, -49.68750000170698655, 1.688575694911926828 ) ) ;
#5572 = CARTESIAN_POINT ( 'NONE',  ( 1.688575694911947922, -68.43750000170700787, 4.076582343749971749 ) ) ;
#5573 = EDGE_CURVE ( 'NONE', #834, #1591, #2329, .T. ) ;
#5574 = EDGE_CURVE ( 'NONE', #1876, #3598, #791, .T. ) ;
#5575 = CARTESIAN_POINT ( 'NONE',  ( -1.408326112068523317, -63.20312500341398732, 3.399999999999972378 ) ) ;
#5576 = EDGE_CURVE ( 'NONE', #4327, #1295, #2428, .T. ) ;
#5577 = CARTESIAN_POINT ( 'NONE',  ( -4.076582343749996618, -66.40625000170699366, 1.688575694911923053 ) ) ;
#5578 = CARTESIAN_POINT ( 'NONE',  ( 2.404163056034258616, -78.59375000000000000, -2.404163056034282153 ) ) ;
#5579 = CARTESIAN_POINT ( 'NONE',  ( 2.882579019330970382, -73.35937500170699366, 2.882579019330949066 ) ) ;
#5580 = CARTESIAN_POINT ( 'NONE',  ( -6.245698675651493936E-16, -75.31250000000000000, 3.399999999999972378 ) ) ;
#5581 = CARTESIAN_POINT ( 'NONE',  ( 2.404163056034257728, -75.46875000341397310, 2.404163056034235968 ) ) ;
#5582 = CARTESIAN_POINT ( 'NONE',  ( -2.882579019330970826, -62.89062500170698655, -2.882579019330995251 ) ) ;
#5583 = CARTESIAN_POINT ( 'NONE',  ( -1.688575694911946590, -71.56250000170702208, -4.076582343750018822 ) ) ;
#5584 = CARTESIAN_POINT ( 'NONE',  ( 2.404163056034258616, -77.65625000341398732, -2.404163056034282153 ) ) ;
#5585 = CARTESIAN_POINT ( 'NONE',  ( -4.076582343749995729, -79.06250000170699366, -1.688575694911971015 ) ) ;
#5586 = CARTESIAN_POINT ( 'NONE',  ( 2.882579019330971715, -54.29687500170699366, -2.882579019330995251 ) ) ;
#5587 = CARTESIAN_POINT ( 'NONE',  ( -1.408326112068523317, -59.45312500341398021, 3.399999999999972378 ) ) ;
#5588 = CARTESIAN_POINT ( 'NONE',  ( -4.076582343749995729, -64.06250000170699366, -1.688575694911971015 ) ) ;
#5589 = CARTESIAN_POINT ( 'NONE',  ( -4.076582343749996618, -77.65625000170700787, 1.688575694911923053 ) ) ;
#5590 = CARTESIAN_POINT ( 'NONE',  ( -6.245698675651493936E-16, -66.87500000341398732, 3.399999999999972378 ) ) ;
#5591 = CARTESIAN_POINT ( 'NONE',  ( -2.404163056034258172, -53.59375000341398732, -2.404163056034282153 ) ) ;
#5592 = CARTESIAN_POINT ( 'NONE',  ( 3.399999999999995914, -62.81250000341398732, -2.338364031016953865E-14 ) ) ;
#5593 = CARTESIAN_POINT ( 'NONE',  ( -3.399999999999996358, -75.85937500341398732, 1.408326112068497560 ) ) ;
#5594 = CARTESIAN_POINT ( 'NONE',  ( -3.399999999999995914, -50.62500000000000000, -2.380002022187964067E-14 ) ) ;
#5595 = CARTESIAN_POINT ( 'NONE',  ( 2.081899558550498061E-16, -70.93750000000000000, -3.400000000000019451 ) ) ;
#5596 = CARTESIAN_POINT ( 'NONE',  ( -3.399999999999995914, -66.87500000000000000, -2.380002022187964067E-14 ) ) ;
#5597 = CARTESIAN_POINT ( 'NONE',  ( 2.496186759367024056E-16, -54.14062500170699366, -4.076582343750019710 ) ) ;
#5598 = VERTEX_POINT ( 'NONE', #6427 ) ;
#5599 = EDGE_LOOP ( 'NONE', ( #3388, #2176, #3938, #1361 ) ) ;
#5600 = DIRECTION ( 'NONE',  ( 0.000000000000000000, 0.000000000000000000, 1.000000000000000000 ) ) ;
#5601 = ORIENTED_EDGE ( 'NONE', *, *, #3930, .T. ) ;
#5602 = CARTESIAN_POINT ( 'NONE',  ( 2.404163056034257728, -61.40625000000000000, 2.404163056034235968 ) ) ;
#5603 = CARTESIAN_POINT ( 'NONE',  ( 4.076582343749995729, -55.70312500170699366, -2.338364031016953865E-14 ) ) ;
#5604 = CC_DESIGN_PERSON_AND_ORGANIZATION_ASSIGNMENT ( #4880, #767, ( #2566 ) ) ;
#5605 = CARTESIAN_POINT ( 'NONE',  ( -4.076582343749995729, -50.23437500170699366, -2.388287766204294237E-14 ) ) ;
#5606 = CARTESIAN_POINT ( 'NONE',  ( -1.688575694911950142, -72.34375000170699366, 4.076582343749971749 ) ) ;
#5607 = CARTESIAN_POINT ( 'NONE',  ( -3.399999999999995914, -63.43750000341398732, -2.380002022187964067E-14 ) ) ;
#5608 = CARTESIAN_POINT ( 'NONE',  ( -4.076582343749995729, -57.81250000170700076, -1.688575694911971015 ) ) ;
#5609 = CARTESIAN_POINT ( 'NONE',  ( 2.404163056034257728, -77.65625000000000000, 2.404163056034235968 ) ) ;
#5610 = CARTESIAN_POINT ( 'NONE',  ( 2.882579019330970382, -70.85937500170699366, 2.882579019330949066 ) ) ;
#5611 = CARTESIAN_POINT ( 'NONE',  ( 3.399999999999995026, -70.07812500000001421, 1.408326112068500224 ) ) ;
#5612 = DIRECTION ( 'NONE',  ( -0.000000000000000000, -1.000000000000000000, -0.000000000000000000 ) ) ;
#5613 = CARTESIAN_POINT ( 'NONE',  ( 4.076582343749995729, -60.85937500170698655, -2.338364031016953865E-14 ) ) ;
#5614 = CARTESIAN_POINT ( 'NONE',  ( -4.076582343749995729, -71.40625000170699366, -1.688575694911971015 ) ) ;
#5615 = CARTESIAN_POINT ( 'NONE',  ( 1.688575694911947922, -50.93750000170699366, 4.076582343749971749 ) ) ;
#5616 = CARTESIAN_POINT ( 'NONE',  ( -2.882579019330972159, -76.32812500170699366, 2.882579019330947734 ) ) ;
#5617 = CARTESIAN_POINT ( 'NONE',  ( -7.488560278101070689E-16, -52.26562500170699366, 4.076582343749972637 ) ) ;
#5618 = CARTESIAN_POINT ( 'NONE',  ( -3.399999999999995914, -63.43750000341398732, -2.380002022187964067E-14 ) ) ;
#5619 = CARTESIAN_POINT ( 'NONE',  ( -2.882579019330972159, -56.32812500170698655, 2.882579019330947734 ) ) ;
#5620 = CARTESIAN_POINT ( 'NONE',  ( 1.688575694911947256, -79.37500000170699366, -4.076582343750018822 ) ) ;
#5621 = DIRECTION ( 'NONE',  ( -0.000000000000000000, -1.000000000000000000, -0.000000000000000000 ) ) ;
#5622 = CARTESIAN_POINT ( 'NONE',  ( -3.399999999999995470, -54.76562500341398732, -1.408326112068545521 ) ) ;
#5623 = CARTESIAN_POINT ( 'NONE',  ( 3.399999999999995914, -73.67187500000000000, -1.408326112068545521 ) ) ;
#5624 = CARTESIAN_POINT ( 'NONE',  ( 3.399999999999995470, -77.73437500341398732, -1.408326112068545521 ) ) ;
#5625 = CARTESIAN_POINT ( 'NONE',  ( -4.076582343749995729, -72.73437500170697945, -2.388287766204294237E-14 ) ) ;
#5626 = CARTESIAN_POINT ( 'NONE',  ( -1.408326112068523317, -70.39062500000001421, 3.399999999999971934 ) ) ;
#5627 = CARTESIAN_POINT ( 'NONE',  ( -6.245698675651493936E-16, -66.56250000000000000, 3.399999999999972378 ) ) ;
#5628 = CARTESIAN_POINT ( 'NONE',  ( -4.076582343749995729, -51.32812500170700076, -2.388287766204294237E-14 ) ) ;
#5629 = ORIENTED_EDGE ( 'NONE', *, *, #951, .T. ) ;
#5630 = ORIENTED_EDGE ( 'NONE', *, *, #2517, .T. ) ;
#5631 = CARTESIAN_POINT ( 'NONE',  ( -6.245698675651493936E-16, -50.31249999999999289, 3.399999999999972378 ) ) ;
#5632 = CARTESIAN_POINT ( 'NONE',  ( 3.399999999999995470, -52.42187500000000000, -1.408326112068545521 ) ) ;
#5633 = ORIENTED_EDGE ( 'NONE', *, *, #2873, .F. ) ;
#5634 = CARTESIAN_POINT ( 'NONE',  ( -3.399999999999996358, -61.79687500000000000, 1.408326112068497560 ) ) ;
#5635 = CARTESIAN_POINT ( 'NONE',  ( 1.688575694911947922, -52.18750000170698655, 4.076582343749971749 ) ) ;
#5636 = CARTESIAN_POINT ( 'NONE',  ( 2.404163056034258616, -73.90625000341398732, -2.404163056034282153 ) ) ;
#5637 = CARTESIAN_POINT ( 'NONE',  ( -1.688575694911950142, -66.09375000170700787, 4.076582343749971749 ) ) ;
#5638 = CARTESIAN_POINT ( 'NONE',  ( 3.399999999999995914, -64.06250000341398732, -2.338364031016953865E-14 ) ) ;
#5639 = CARTESIAN_POINT ( 'NONE',  ( 2.882579019330971715, -61.95312500170699366, -2.882579019330995251 ) ) ;
#5640 = CARTESIAN_POINT ( 'NONE',  ( -2.404163056034258172, -79.53125000000000000, -2.404163056034282153 ) ) ;
#5641 = CARTESIAN_POINT ( 'NONE',  ( 4.076582343749995729, -64.45312500170699366, -2.338364031016953865E-14 ) ) ;
#5642 = CARTESIAN_POINT ( 'NONE',  ( 3.399999999999995914, -72.50000000000001421, -2.338364031016953865E-14 ) ) ;
#5643 = FACE_OUTER_BOUND ( 'NONE', #705, .T. ) ;
#5644 = CARTESIAN_POINT ( 'NONE',  ( -1.688575694911946590, -57.96875000170699366, -4.076582343750018822 ) ) ;
#5645 = CARTESIAN_POINT ( 'NONE',  ( 4.076582343749995729, -74.45312500170699366, -2.338364031016953865E-14 ) ) ;
#5646 = CARTESIAN_POINT ( 'NONE',  ( 3.399999999999995470, -77.73437500341398732, -1.408326112068545521 ) ) ;
#5647 = AXIS2_PLACEMENT_3D ( 'NONE', #3385, #438, #1430 ) ;
#5648 = CARTESIAN_POINT ( 'NONE',  ( 2.882579019330971715, -75.70312500170699366, -2.882579019330995251 ) ) ;
#5649 = CARTESIAN_POINT ( 'NONE',  ( -2.882579019330972159, -53.82812500170698655, 2.882579019330947734 ) ) ;
#5650 = CARTESIAN_POINT ( 'NONE',  ( -3.399999999999995470, -57.26562500341398732, -1.408326112068545521 ) ) ;
#5651 = CARTESIAN_POINT ( 'NONE',  ( -4.076582343749995729, -59.06250000170699366, -1.688575694911971015 ) ) ;
#5652 = CARTESIAN_POINT ( 'NONE',  ( 2.496186759367024056E-16, -76.79687500170699366, -4.076582343750019710 ) ) ;
#5653 = CARTESIAN_POINT ( 'NONE',  ( 0.000000000000000000, -80.00000000000000000, -2.338364031016953865E-14 ) ) ;
#5654 = CARTESIAN_POINT ( 'NONE',  ( 2.081899558550498061E-16, -51.25000000341398021, -3.400000000000019451 ) ) ;
#5655 = CARTESIAN_POINT ( 'NONE',  ( -3.399999999999995914, -65.70312500000000000, -1.408326112068545521 ) ) ;
#5656 = CARTESIAN_POINT ( 'NONE',  ( -3.399999999999996358, -72.10937500341398732, 1.408326112068497560 ) ) ;
#5657 = CARTESIAN_POINT ( 'NONE',  ( -1.688575694911946590, -72.96875000170697945, -4.076582343750018822 ) ) ;
#5658 = CARTESIAN_POINT ( 'NONE',  ( -1.408326112068521763, -62.10937500000000000, -3.400000000000019451 ) ) ;
#5659 = CARTESIAN_POINT ( 'NONE',  ( 1.408326112068522651, -63.98437500000001421, 3.399999999999972378 ) ) ;
#5660 = CARTESIAN_POINT ( 'NONE',  ( 3.399999999999995914, -63.67187500000000000, -1.408326112068545521 ) ) ;
#5661 = CARTESIAN_POINT ( 'NONE',  ( 0.000000000000000000, -80.00000000000000000, -3.400000000000019451 ) ) ;
#5662 = ADVANCED_FACE ( 'NONE', ( #2944 ), #1453, .F. ) ;
#5663 = VERTEX_POINT ( 'NONE', #5032 ) ;
#5664 = EDGE_LOOP ( 'NONE', ( #3768, #1782, #4179, #2144 ) ) ;
#5665 = CARTESIAN_POINT ( 'NONE',  ( 2.404163056034258616, -62.34375000000000000, -2.404163056034282153 ) ) ;
#5666 = CARTESIAN_POINT ( 'NONE',  ( -1.408326112068521319, -53.35937500000000000, -3.400000000000019007 ) ) ;
#5667 = EDGE_LOOP ( 'NONE', ( #2666, #5212, #106, #2016 ) ) ;
#5668 = CARTESIAN_POINT ( 'NONE',  ( -2.404163056034259061, -57.96875000000000000, 2.404163056034235080 ) ) ;
#5669 = VECTOR ( 'NONE', #656, 1000.000000000000114 ) ;
#5670 = CARTESIAN_POINT ( 'NONE',  ( -2.882579019330972159, -52.42187500170699366, 2.882579019330947734 ) ) ;
#5671 = FACE_OUTER_BOUND ( 'NONE', #5932, .T. ) ;
#5672 = CARTESIAN_POINT ( 'NONE',  ( -4.076582343749995729, -66.32812500170699366, -2.388287766204294237E-14 ) ) ;
#5673 = CARTESIAN_POINT ( 'NONE',  ( -3.399999999999995914, -65.93750000341398732, -2.380002022187964067E-14 ) ) ;
#5674 =( BOUNDED_CURVE ( )  B_SPLINE_CURVE ( 2, ( #5333, #3364, #3783, #625, #4119, #2625, #6122, #1648, #3625 ),
 .UNSPECIFIED., .F., .F. ) 
 B_SPLINE_CURVE_WITH_KNOTS ( ( 3, 2, 2, 2, 3 ),
 ( 0.3229166666666666852, 0.3281250000000000000, 0.3333333333333333703, 0.3385416666666667407, 0.3437500000000000555 ),
 .UNSPECIFIED. ) 
 CURVE ( )  GEOMETRIC_REPRESENTATION_ITEM ( )  RATIONAL_B_SPLINE_CURVE ( ( 1.000000000000000000, 0.9238795325112867385, 1.000000000000000000, 0.9238795325112867385, 1.000000000000000000, 0.9238795325112867385, 1.000000000000000000, 0.9238795325112859613, 1.000000000000000888 ) ) 
 REPRESENTATION_ITEM ( '' )  );
#5675 = CARTESIAN_POINT ( 'NONE',  ( 4.076582343749995729, -57.03125000170699366, -1.688575694911970571 ) ) ;
#5676 = CARTESIAN_POINT ( 'NONE',  ( 1.408326112068521985, -72.26562500000000000, -3.400000000000019007 ) ) ;
#5677 = CARTESIAN_POINT ( 'NONE',  ( 1.688575694911947922, -64.68750000170699366, 4.076582343749971749 ) ) ;
#5678 = CARTESIAN_POINT ( 'NONE',  ( -1.408326112068523317, -74.14062500000000000, 3.399999999999972378 ) ) ;
#5679 = CARTESIAN_POINT ( 'NONE',  ( -1.408326112068498670, -74.92187500341397310, -3.400000000000042100 ) ) ;
#5680 = CARTESIAN_POINT ( 'NONE',  ( 2.882579019330971715, -59.45312500170699366, -2.882579019330995251 ) ) ;
#5681 = CARTESIAN_POINT ( 'NONE',  ( 1.408326112068522651, -76.79687500341398732, 3.399999999999972378 ) ) ;
#5682 = CARTESIAN_POINT ( 'NONE',  ( 4.076582343749995729, -72.10937500170699366, -2.338364031016953865E-14 ) ) ;
#5683 = ADVANCED_FACE ( 'NONE', ( #2977 ), #1082, .F. ) ;
#5684 = CARTESIAN_POINT ( 'NONE',  ( -4.076582343749996618, -52.65625000170698655, 1.688575694911923053 ) ) ;
#5685 = CARTESIAN_POINT ( 'NONE',  ( -6.245698675651493936E-16, -56.87500000341398732, 3.399999999999972378 ) ) ;
#5686 = CARTESIAN_POINT ( 'NONE',  ( 2.496186759367024056E-16, -60.54687500170699366, -4.076582343750019710 ) ) ;
#5687 = CARTESIAN_POINT ( 'NONE',  ( 2.882579019330971715, -74.45312500170699366, -2.882579019330995251 ) ) ;
#5688 = FACE_BOUND ( 'NONE', #4618, .T. ) ;
#5689 = CARTESIAN_POINT ( 'NONE',  ( 3.399999999999995470, -50.23437500341398732, -1.408326112068545521 ) ) ;
#5690 = CARTESIAN_POINT ( 'NONE',  ( 2.081899558550498061E-16, -71.25000000341398732, -3.400000000000019451 ) ) ;
#5691 = ADVANCED_FACE ( 'NONE', ( #3984 ), #160, .T. ) ;
#5692 = CARTESIAN_POINT ( 'NONE',  ( 2.882579019330971715, -70.70312500170699366, -2.882579019330995251 ) ) ;
#5693 = CARTESIAN_POINT ( 'NONE',  ( 2.081899558550498061E-16, -53.75000000341398021, -3.400000000000019451 ) ) ;
#5694 = CARTESIAN_POINT ( 'NONE',  ( 3.399999999999995470, -59.92187500000000711, -1.408326112068545521 ) ) ;
#5695 = CARTESIAN_POINT ( 'NONE',  ( 3.399999999999995914, -54.92187500000000000, -1.408326112068545521 ) ) ;
#5696 = CARTESIAN_POINT ( 'NONE',  ( 2.496186759367024056E-16, -50.39062500170699366, -4.076582343750019710 ) ) ;
#5697 = ORIENTED_EDGE ( 'NONE', *, *, #2584, .T. ) ;
#5698 = ORIENTED_EDGE ( 'NONE', *, *, #1352, .T. ) ;
#5699 =( BOUNDED_CURVE ( )  B_SPLINE_CURVE ( 2, ( #5413, #935, #873, #437, #2861, #5282, #3384, #5872, #1399 ),
 .UNSPECIFIED., .F., .T. ) 
 B_SPLINE_CURVE_WITH_KNOTS ( ( 3, 2, 2, 2, 3 ),
 ( 0.3020833333333333703, 0.3072916666666667407, 0.3125000000000000000, 0.3177083333333333148, 0.3229166666666666852 ),
 .UNSPECIFIED. ) 
 CURVE ( )  GEOMETRIC_REPRESENTATION_ITEM ( )  RATIONAL_B_SPLINE_CURVE ( ( 0.9999999999999992228, 0.9238795325112875156, 1.000000000000000000, 0.9238795325112867385, 1.000000000000000000, 0.9238795325112867385, 1.000000000000000000, 0.9238795325112867385, 1.000000000000000000 ) ) 
 REPRESENTATION_ITEM ( '' )  );
#5700 = CARTESIAN_POINT ( 'NONE',  ( 3.399999999999995914, -50.00000000000000000, -2.338364031016953865E-14 ) ) ;
#5701 = ORIENTED_EDGE ( 'NONE', *, *, #1352, .F. ) ;
#5702 = CARTESIAN_POINT ( 'NONE',  ( -1.408326112068521319, -59.60937500000000711, -3.400000000000019007 ) ) ;
#5703 = CARTESIAN_POINT ( 'NONE',  ( -7.488560278101070689E-16, -51.01562500170699366, 4.076582343749972637 ) ) ;
#5704 = CARTESIAN_POINT ( 'NONE',  ( 2.404163056034257728, -52.65625000000000000, 2.404163056034235968 ) ) ;
#5705 = CARTESIAN_POINT ( 'NONE',  ( 2.882579019330971715, -64.29687500170699366, -2.882579019330995251 ) ) ;
#5706 = CARTESIAN_POINT ( 'NONE',  ( 2.404163056034258616, -65.15625000341398732, -2.404163056034282153 ) ) ;
#5707 = CARTESIAN_POINT ( 'NONE',  ( 1.688575694911947922, -59.84375000170698655, 4.076582343749971749 ) ) ;
#5708 = CARTESIAN_POINT ( 'NONE',  ( -6.245698675651493936E-16, -74.06250000000000000, 3.399999999999972378 ) ) ;
#5709 = CARTESIAN_POINT ( 'NONE',  ( 2.882579019330971715, -68.04687500170700787, -2.882579019330995251 ) ) ;
#5710 = CARTESIAN_POINT ( 'NONE',  ( -3.399999999999995914, -70.62500000000001421, -2.380002022187964067E-14 ) ) ;
#5711 = CARTESIAN_POINT ( 'NONE',  ( 3.399999999999995026, -78.82812500000001421, 1.408326112068500446 ) ) ;
#5712 = CARTESIAN_POINT ( 'NONE',  ( 4.076582343749995729, -60.78125000170699366, -1.688575694911970571 ) ) ;
#5713 = ADVANCED_FACE ( 'NONE', ( #2232 ), #455, .F. ) ;
#5714 =( BOUNDED_CURVE ( )  B_SPLINE_CURVE ( 2, ( #2439, #936, #908, #7, #4885, #3834, #2925, #2409, #3902 ),
 .UNSPECIFIED., .F., .T. ) 
 B_SPLINE_CURVE_WITH_KNOTS ( ( 3, 2, 2, 2, 3 ),
 ( 0.5520833333333330373, 0.5572916666666665186, 0.5625000000000000000, 0.5677083333333334814, 0.5729166666666669627 ),
 .UNSPECIFIED. ) 
 CURVE ( )  GEOMETRIC_REPRESENTATION_ITEM ( )  RATIONAL_B_SPLINE_CURVE ( ( 1.000000000000004885, 0.9238795325112818535, 1.000000000000000000, 0.9238795325112867385, 1.000000000000000000, 0.9238795325112867385, 1.000000000000000000, 0.9238795325112818535, 1.000000000000004885 ) ) 
 REPRESENTATION_ITEM ( '' )  );
#5715 = CARTESIAN_POINT ( 'NONE',  ( 3.399999999999995914, -79.06250000341398732, -2.338364031016953865E-14 ) ) ;
#5716 = CARTESIAN_POINT ( 'NONE',  ( 2.496186759367024056E-16, -73.04687500170699366, -4.076582343750019710 ) ) ;
#5717 = CARTESIAN_POINT ( 'NONE',  ( 4.076582343749994841, -49.68750000170698655, 1.688575694911926828 ) ) ;
#5718 = CARTESIAN_POINT ( 'NONE',  ( 2.404163056034257728, -57.96875000341398732, 2.404163056034235968 ) ) ;
#5719 = CARTESIAN_POINT ( 'NONE',  ( -1.688575694911946590, -56.71875000170699366, -4.076582343750018822 ) ) ;
#5720 = CARTESIAN_POINT ( 'NONE',  ( 1.688575694911947256, -76.87500000170700787, -4.076582343750018822 ) ) ;
#5721 = LINE ( 'NONE', #3141, #2857 ) ;
#5722 = CARTESIAN_POINT ( 'NONE',  ( -3.399999999999996803, -71.79687500000000000, 1.408326112068497560 ) ) ;
#5723 = CARTESIAN_POINT ( 'NONE',  ( 2.404163056034258616, -71.40625000341398732, -2.404163056034282153 ) ) ;
#5724 = CARTESIAN_POINT ( 'NONE',  ( 4.076582343749995729, -72.03125000170697945, -1.688575694911970571 ) ) ;
#5725 = CARTESIAN_POINT ( 'NONE',  ( 1.408326112068521985, -57.26562500000001421, -3.400000000000019007 ) ) ;
#5726 = CARTESIAN_POINT ( 'NONE',  ( 3.399999999999995026, -55.07812500000000711, 1.408326112068500446 ) ) ;
#5727 = CARTESIAN_POINT ( 'NONE',  ( -4.076582343749996618, -51.25000000170700076, 1.688575694911923053 ) ) ;
#5728 = ADVANCED_FACE ( 'NONE', ( #4770 ), #4219, .F. ) ;
#5729 = ORIENTED_EDGE ( 'NONE', *, *, #469, .F. ) ;
#5730 = PERSON_AND_ORGANIZATION ( #5202, #2556 ) ;
#5731 = CARTESIAN_POINT ( 'NONE',  ( 1.408326112068522651, -52.73437500000000000, 3.399999999999972378 ) ) ;
#5732 = APPLICATION_CONTEXT ( 'configuration controlled 3d designs of mechanical parts and assemblies' ) ;
#5733 = ORIENTED_EDGE ( 'NONE', *, *, #3725, .T. ) ;
#5734 = CARTESIAN_POINT ( 'NONE',  ( -3.399999999999995470, -56.95312500000000000, -1.408326112068545521 ) ) ;
#5735 = CARTESIAN_POINT ( 'NONE',  ( -1.688575694911949698, -53.59375000170700076, 4.076582343749971749 ) ) ;
#5736 = CARTESIAN_POINT ( 'NONE',  ( 3.399999999999995914, -52.42187500000000000, -1.408326112068545521 ) ) ;
#5737 = CARTESIAN_POINT ( 'NONE',  ( 2.882579019330971715, -65.54687500170699366, -2.882579019330995251 ) ) ;
#5738 = CARTESIAN_POINT ( 'NONE',  ( 2.404163056034258616, -60.15625000341398732, -2.404163056034282153 ) ) ;
#5739 = CARTESIAN_POINT ( 'NONE',  ( 4.076582343749994841, -58.43750000170699366, 1.688575694911926828 ) ) ;
#5740 = CARTESIAN_POINT ( 'NONE',  ( -3.399999999999995914, -73.12500000000000000, -2.380002022187964067E-14 ) ) ;
#5741 = CARTESIAN_POINT ( 'NONE',  ( 1.688575694911947256, -65.46875000170699366, -4.076582343750018822 ) ) ;
#5742 = CARTESIAN_POINT ( 'NONE',  ( -3.399999999999995914, -73.12500000000000000, -2.380002022187964067E-14 ) ) ;
#5743 = CARTESIAN_POINT ( 'NONE',  ( -2.882579019330972159, -78.67187500170699366, 2.882579019330947734 ) ) ;
#5744 = CARTESIAN_POINT ( 'NONE',  ( 2.882579019330970382, -59.76562500170699366, 2.882579019330949066 ) ) ;
#5745 = CARTESIAN_POINT ( 'NONE',  ( 2.081899558550498061E-16, -76.25000000341398732, -3.400000000000019451 ) ) ;
#5746 = CARTESIAN_POINT ( 'NONE',  ( 1.688575694911947256, -76.87500000170700787, -4.076582343750019710 ) ) ;
#5747 = CARTESIAN_POINT ( 'NONE',  ( -7.488560278101070689E-16, -51.17187500170698655, 4.076582343749972637 ) ) ;
#5748 = CARTESIAN_POINT ( 'NONE',  ( -3.399999999999996358, -55.85937500341398732, 1.408326112068497560 ) ) ;
#5749 = CARTESIAN_POINT ( 'NONE',  ( -4.076582343749995729, -58.98437500170698655, -2.388287766204294237E-14 ) ) ;
#5750 = CARTESIAN_POINT ( 'NONE',  ( 2.882579019330970382, -77.26562500170697945, 2.882579019330949066 ) ) ;
#5751 = CARTESIAN_POINT ( 'NONE',  ( -6.245698675651493936E-16, -74.06250000000000000, 3.399999999999972378 ) ) ;
#5752 = VECTOR ( 'NONE', #6439, 1000.000000000000000 ) ;
#5753 = CARTESIAN_POINT ( 'NONE',  ( -3.399999999999995470, -51.01562500341398021, -1.408326112068545521 ) ) ;
#5754 = CARTESIAN_POINT ( 'NONE',  ( 2.404163056034257728, -72.96875000341398732, 2.404163056034235968 ) ) ;
#5755 = CARTESIAN_POINT ( 'NONE',  ( -2.882579019330972159, -72.57812500170699366, 2.882579019330947734 ) ) ;
#5756 =( BOUNDED_CURVE ( )  B_SPLINE_CURVE ( 2, ( #1320, #4411, #3821, #6429, #4311, #5375, #397, #3337, #5340 ),
 .UNSPECIFIED., .F., .F. ) 
 B_SPLINE_CURVE_WITH_KNOTS ( ( 3, 2, 2, 2, 3 ),
 ( 0.8854166666666667407, 0.8906250000000001110, 0.8958333333333334814, 0.9010416666666667407, 0.9062500000000001110 ),
 .UNSPECIFIED. ) 
 CURVE ( )  GEOMETRIC_REPRESENTATION_ITEM ( )  RATIONAL_B_SPLINE_CURVE ( ( 0.9999999999999983347, 0.9238795325112884038, 1.000000000000000000, 0.9238795325112867385, 1.000000000000000000, 0.9238795325112867385, 1.000000000000000000, 0.9238795325112850731, 1.000000000000001554 ) ) 
 REPRESENTATION_ITEM ( '' )  );
#5757 = CARTESIAN_POINT ( 'NONE',  ( -3.399999999999995914, -49.68750000341398732, -2.380002022187964067E-14 ) ) ;
#5758 = CARTESIAN_POINT ( 'NONE',  ( -6.245698675651493936E-16, -55.31250000000000000, 3.399999999999972378 ) ) ;
#5759 = CARTESIAN_POINT ( 'NONE',  ( 0.000000000000000000, -80.00000000000000000, -3.400000000000019451 ) ) ;
#5760 = CARTESIAN_POINT ( 'NONE',  ( -1.688575694911950142, -52.34375000170699366, 4.076582343749971749 ) ) ;
#5761 = VERTEX_POINT ( 'NONE', #6220 ) ;
#5762 = PERSON_AND_ORGANIZATION ( #5202, #2556 ) ;
#5763 = CARTESIAN_POINT ( 'NONE',  ( -1.408326112068521319, -52.10937500000000000, -3.400000000000019007 ) ) ;
#5764 = ORIENTED_EDGE ( 'NONE', *, *, #836, .T. ) ;
#5765 = CARTESIAN_POINT ( 'NONE',  ( -3.399999999999996358, -56.79687499999999289, 1.408326112068497560 ) ) ;
#5766 = DIRECTION ( 'NONE',  ( 0.000000000000000000, 0.000000000000000000, -1.000000000000000000 ) ) ;
#5767 = DIRECTION ( 'NONE',  ( -0.000000000000000000, -1.000000000000000000, -0.000000000000000000 ) ) ;
#5768 = CARTESIAN_POINT ( 'NONE',  ( 2.882579019330971715, -66.79687500170700787, -2.882579019330995251 ) ) ;
#5769 = CARTESIAN_POINT ( 'NONE',  ( 2.882579019330971715, -71.79687500170699366, -2.882579019330995251 ) ) ;
#5770 = ORIENTED_EDGE ( 'NONE', *, *, #6271, .T. ) ;
#5771 = CARTESIAN_POINT ( 'NONE',  ( 2.081899558550498061E-16, -60.00000000341398732, -3.400000000000019451 ) ) ;
#5772 = CARTESIAN_POINT ( 'NONE',  ( -1.688575694911950142, -56.25000000170698655, 4.076582343749971749 ) ) ;
#5773 = CARTESIAN_POINT ( 'NONE',  ( -1.408326112068521319, -72.10937500000000000, -3.400000000000019007 ) ) ;
#5774 = CARTESIAN_POINT ( 'NONE',  ( 1.688575694911947256, -66.71875000170699366, -4.076582343750018822 ) ) ;
#5775 = CARTESIAN_POINT ( 'NONE',  ( -6.245698675651493936E-16, -65.31250000000000000, 3.399999999999972378 ) ) ;
#5776 = EDGE_CURVE ( 'NONE', #202, #895, #4642, .T. ) ;
#5777 = CARTESIAN_POINT ( 'NONE',  ( -6.245698675651493936E-16, -74.37500000341398732, 3.399999999999972378 ) ) ;
#5778 = CARTESIAN_POINT ( 'NONE',  ( -2.882579019330970826, -54.14062500170699366, -2.882579019330995251 ) ) ;
#5779 = ADVANCED_FACE ( 'NONE', ( #259 ), #1833, .F. ) ;
#5780 = VECTOR ( 'NONE', #1284, 1000.000000000000000 ) ;
#5781 = CARTESIAN_POINT ( 'NONE',  ( 3.399999999999995026, -74.14062500341397310, 1.408326112068500224 ) ) ;
#5782 = CARTESIAN_POINT ( 'NONE',  ( -1.688575694911946590, -67.96875000170699366, -4.076582343750019710 ) ) ;
#5783 = DIRECTION ( 'NONE',  ( -0.000000000000000000, -1.000000000000000000, -0.000000000000000000 ) ) ;
#5784 = CARTESIAN_POINT ( 'NONE',  ( 2.882579019330970382, -52.26562500170699366, 2.882579019330949066 ) ) ;
#5785 = CARTESIAN_POINT ( 'NONE',  ( 2.081899558550498061E-16, -57.50000000341398732, -3.400000000000019451 ) ) ;
#5786 = CARTESIAN_POINT ( 'NONE',  ( -4.076582343749996618, -52.65625000170698655, 1.688575694911923053 ) ) ;
#5787 = CARTESIAN_POINT ( 'NONE',  ( -1.688575694911946590, -67.96875000170699366, -4.076582343750018822 ) ) ;
#5788 = CARTESIAN_POINT ( 'NONE',  ( 1.408326112068499336, -51.32812500341398732, -3.400000000000042100 ) ) ;
#5789 = DIRECTION ( 'NONE',  ( -0.000000000000000000, -1.000000000000000000, -0.000000000000000000 ) ) ;
#5790 = CARTESIAN_POINT ( 'NONE',  ( -1.408326112068521319, -69.92187500341398732, -3.400000000000019007 ) ) ;
#5791 = CARTESIAN_POINT ( 'NONE',  ( 1.688575694911947256, -69.37500000170699366, -4.076582343750018822 ) ) ;
#5792 = CARTESIAN_POINT ( 'NONE',  ( 3.399999999999995026, -49.14062500341399442, 1.408326112068500446 ) ) ;
#5793 = CARTESIAN_POINT ( 'NONE',  ( -1.408326112068523317, -59.14062500000000000, 3.399999999999972378 ) ) ;
#5794 = CARTESIAN_POINT ( 'NONE',  ( -6.245698675651493936E-16, -75.62500000341398732, 3.399999999999972378 ) ) ;
#5795 = CARTESIAN_POINT ( 'NONE',  ( 3.399999999999995914, -79.06250000341398732, -2.338364031016953865E-14 ) ) ;
#5796 = EDGE_LOOP ( 'NONE', ( #342, #6065, #2380, #4431 ) ) ;
#5798 =( BOUNDED_CURVE ( )  B_SPLINE_CURVE ( 2, ( #1488, #5523, #1, #6462, #5464, #1057, #3046, #2465, #2492 ),
 .UNSPECIFIED., .F., .T. ) 
 B_SPLINE_CURVE_WITH_KNOTS ( ( 3, 2, 2, 2, 3 ),
 ( 0.8020833333333332593, 0.8072916666666665186, 0.8125000000000000000, 0.8177083333333333703, 0.8229166666666666297 ),
 .UNSPECIFIED. ) 
 CURVE ( )  GEOMETRIC_REPRESENTATION_ITEM ( )  RATIONAL_B_SPLINE_CURVE ( ( 1.000000000000001554, 0.9238795325112850731, 1.000000000000000000, 0.9238795325112867385, 1.000000000000000000, 0.9238795325112867385, 1.000000000000000000, 0.9238795325112867385, 1.000000000000000000 ) ) 
 REPRESENTATION_ITEM ( '' )  );
#5797 = COORDINATED_UNIVERSAL_TIME_OFFSET ( 8, 0, .AHEAD. ) ;
#5799 = DIRECTION ( 'NONE',  ( -0.000000000000000000, -1.000000000000000000, -0.000000000000000000 ) ) ;
#5800 = ORIENTED_EDGE ( 'NONE', *, *, #2585, .T. ) ;
#5801 = CARTESIAN_POINT ( 'NONE',  ( 1.408326112068521985, -57.26562500000001421, -3.400000000000019007 ) ) ;
#5802 = DIRECTION ( 'NONE',  ( -0.000000000000000000, -1.000000000000000000, -0.000000000000000000 ) ) ;
#5803 = CARTESIAN_POINT ( 'NONE',  ( -3.399999999999995914, -75.70312500000000000, -1.408326112068545521 ) ) ;
#5804 = CARTESIAN_POINT ( 'NONE',  ( 2.882579019330971715, -61.79687500170699366, -2.882579019330995251 ) ) ;
#5805 = CARTESIAN_POINT ( 'NONE',  ( 4.076582343749995729, -74.37500000170699366, -1.688575694911970571 ) ) ;
#5806 = CARTESIAN_POINT ( 'NONE',  ( 2.404163056034257728, -57.96875000341398732, 2.404163056034235968 ) ) ;
#5807 = CARTESIAN_POINT ( 'NONE',  ( 4.076582343749994841, -55.93750000170698655, 1.688575694911926828 ) ) ;
#5808 = CARTESIAN_POINT ( 'NONE',  ( -1.408326112068523317, -74.14062500000000000, 3.399999999999972378 ) ) ;
#5809 = CARTESIAN_POINT ( 'NONE',  ( -2.882579019330972159, -62.42187500170700076, 2.882579019330947734 ) ) ;
#5810 = CARTESIAN_POINT ( 'NONE',  ( -1.408326112068523317, -67.89062500000000000, 3.399999999999972378 ) ) ;
#5811 = CARTESIAN_POINT ( 'NONE',  ( -1.688575694911946590, -79.06250000170699366, -4.076582343750019710 ) ) ;
#5812 = CARTESIAN_POINT ( 'NONE',  ( 2.496186759367024056E-16, -56.79687500170699366, -4.076582343750019710 ) ) ;
#5813 = EDGE_CURVE ( 'NONE', #5761, #379, #3089, .T. ) ;
#5814 = CARTESIAN_POINT ( 'NONE',  ( 1.408326112068522651, -71.79687500341398732, 3.399999999999972378 ) ) ;
#5815 = CARTESIAN_POINT ( 'NONE',  ( -2.882579019330972159, -67.57812500170697945, 2.882579019330947734 ) ) ;
#5816 = CARTESIAN_POINT ( 'NONE',  ( -1.408326112068523317, -61.95312500341398732, 3.399999999999971934 ) ) ;
#5817 = CARTESIAN_POINT ( 'NONE',  ( 2.882579019330970382, -74.60937500170700787, 2.882579019330949066 ) ) ;
#5818 = CARTESIAN_POINT ( 'NONE',  ( 1.408326112068521985, -51.32812500341398021, -3.400000000000019007 ) ) ;
#5819 = CARTESIAN_POINT ( 'NONE',  ( 2.496186759367024056E-16, -54.29687500170699366, -4.076582343750019710 ) ) ;
#5820 = ADVANCED_FACE ( 'NONE', ( #657 ), #3184, .F. ) ;
#5821 = CARTESIAN_POINT ( 'NONE',  ( 4.076582343749995729, -72.03125000170697945, -1.688575694911970571 ) ) ;
#5822 = ORIENTED_EDGE ( 'NONE', *, *, #5034, .T. ) ;
#5823 = CARTESIAN_POINT ( 'NONE',  ( 0.000000000000000000, -80.00000000000000000, -2.338364031016953865E-14 ) ) ;
#5824 = CARTESIAN_POINT ( 'NONE',  ( 3.399999999999995026, -72.89062500341397310, 1.408326112068500446 ) ) ;
#5825 = CARTESIAN_POINT ( 'NONE',  ( 1.408326112068522651, -64.29687500341398732, 3.399999999999972378 ) ) ;
#5826 = CARTESIAN_POINT ( 'NONE',  ( -4.076582343749995729, -68.98437500170699366, -2.388287766204294237E-14 ) ) ;
#5827 = CARTESIAN_POINT ( 'NONE',  ( -3.399999999999995914, -53.43750000341398021, -2.380002022187964067E-14 ) ) ;
#5828 = CARTESIAN_POINT ( 'NONE',  ( -2.404163056034259061, -56.71875000000000000, 2.404163056034235080 ) ) ;
#5829 = CARTESIAN_POINT ( 'NONE',  ( -3.399999999999996803, -70.85937500341397310, 1.408326112068497560 ) ) ;
#5830 = CARTESIAN_POINT ( 'NONE',  ( 3.399999999999995914, -52.81250000341398732, -2.338364031016953865E-14 ) ) ;
#5831 = AXIS2_PLACEMENT_3D ( 'NONE', #1092, #2071, #95 ) ;
#5832 = EDGE_LOOP ( 'NONE', ( #2794, #6096, #5244, #3369, #4126, #302 ) ) ;
#5833 = APPROVAL_ROLE ( '' ) ;
#5834 = CARTESIAN_POINT ( 'NONE',  ( -1.408326112068490232, -77.10937500000001421, -3.400000000000050981 ) ) ;
#5835 = CARTESIAN_POINT ( 'NONE',  ( 2.081899558550498061E-16, -59.68750000000000711, -3.400000000000019451 ) ) ;
#5836 = CARTESIAN_POINT ( 'NONE',  ( 1.408326112068521985, -53.51562500000000000, -3.400000000000019007 ) ) ;
#5837 = CARTESIAN_POINT ( 'NONE',  ( -3.399999999999996803, -59.60937500341398021, 1.408326112068497560 ) ) ;
#5838 = LINE ( 'NONE', #505, #6289 ) ;
#5839 = CARTESIAN_POINT ( 'NONE',  ( 2.882579019330970382, -60.85937500170699366, 2.882579019330949066 ) ) ;
#5840 = CARTESIAN_POINT ( 'NONE',  ( 2.882579019330971715, -70.54687500170699366, -2.882579019330995251 ) ) ;
#5841 = ORIENTED_EDGE ( 'NONE', *, *, #1185, .T. ) ;
#5842 = CARTESIAN_POINT ( 'NONE',  ( 2.404163056034257728, -56.71875000341398732, 2.404163056034235968 ) ) ;
#5843 = CARTESIAN_POINT ( 'NONE',  ( 2.882579019330970382, -54.76562500170699366, 2.882579019330949066 ) ) ;
#5844 = CARTESIAN_POINT ( 'NONE',  ( -2.404163056034259061, -66.71875000000001421, 2.404163056034235080 ) ) ;
#5845 = CARTESIAN_POINT ( 'NONE',  ( -1.688575694911949698, -61.09375000170700076, 4.076582343749971749 ) ) ;
#5846 = CARTESIAN_POINT ( 'NONE',  ( -2.404163056034259061, -67.96875000000000000, 2.404163056034235080 ) ) ;
#5847 = CARTESIAN_POINT ( 'NONE',  ( 4.076582343749994841, -75.78125000170700787, 1.688575694911926828 ) ) ;
#5848 = CARTESIAN_POINT ( 'NONE',  ( -7.488560278101070689E-16, -56.17187500170699366, 4.076582343749972637 ) ) ;
#5849 = CARTESIAN_POINT ( 'NONE',  ( -1.408326112068523317, -75.70312500341398732, 3.399999999999972378 ) ) ;
#5850 = CARTESIAN_POINT ( 'NONE',  ( 2.882579019330970382, -71.01562500170699366, 2.882579019330949066 ) ) ;
#5851 = CARTESIAN_POINT ( 'NONE',  ( 3.399999999999995026, -73.82812500000000000, 1.408326112068500446 ) ) ;
#5852 = EDGE_CURVE ( 'NONE', #1785, #169, #4422, .T. ) ;
#5853 = CARTESIAN_POINT ( 'NONE',  ( 2.496186759367024056E-16, -77.89062500170699366, -4.076582343750019710 ) ) ;
#5854 = CARTESIAN_POINT ( 'NONE',  ( -1.408326112068521319, -53.67187500341398021, -3.400000000000019007 ) ) ;
#5855 = CARTESIAN_POINT ( 'NONE',  ( -2.882579019330970826, -51.64062500170699366, -2.882579019330995251 ) ) ;
#5856 = CARTESIAN_POINT ( 'NONE',  ( 1.688575694911947256, -69.37500000170699366, -4.076582343750018822 ) ) ;
#5857 = VERTEX_POINT ( 'NONE', #459 ) ;
#5858 = CARTESIAN_POINT ( 'NONE',  ( -2.404163056034259061, -74.21875000000000000, 2.404163056034235080 ) ) ;
#5859 = CARTESIAN_POINT ( 'NONE',  ( -3.399999999999995914, -56.87500000000000000, -2.380002022187964067E-14 ) ) ;
#5860 = CARTESIAN_POINT ( 'NONE',  ( 1.688575694911947922, -60.93750000170700076, 4.076582343749971749 ) ) ;
#5861 = CARTESIAN_POINT ( 'NONE',  ( 3.399999999999995026, -66.64062500341398732, 1.408326112068500224 ) ) ;
#5862 = CARTESIAN_POINT ( 'NONE',  ( -4.076582343749995729, -70.23437500170699366, -2.388287766204294237E-14 ) ) ;
#5863 = CARTESIAN_POINT ( 'NONE',  ( 3.399999999999995914, -61.17187500000000000, -1.408326112068545521 ) ) ;
#5864 = CARTESIAN_POINT ( 'NONE',  ( -3.399999999999996358, -54.29687500000000000, 1.408326112068497560 ) ) ;
#5865 = CARTESIAN_POINT ( 'NONE',  ( 1.408326112068485347, -77.73437500000001421, 3.400000000000009681 ) ) ;
#5866 = CARTESIAN_POINT ( 'NONE',  ( 4.076582343749995729, -79.45312500170699366, -2.338364031016953865E-14 ) ) ;
#5867 = DIRECTION ( 'NONE',  ( 0.000000000000000000, 0.000000000000000000, 1.000000000000000000 ) ) ;
#5868 = DIRECTION ( 'NONE',  ( 0.000000000000000000, 0.000000000000000000, -1.000000000000000000 ) ) ;
#5869 = DIRECTION ( 'NONE',  ( -0.000000000000000000, -1.000000000000000000, -0.000000000000000000 ) ) ;
#5870 = CARTESIAN_POINT ( 'NONE',  ( -1.408326112068523317, -51.64062500000000000, 3.399999999999972378 ) ) ;
#5871 = EDGE_CURVE ( 'NONE', #2050, #4161, #5093, .T. ) ;
#5872 = CARTESIAN_POINT ( 'NONE',  ( -1.408326112068523317, -69.45312500341398732, 3.399999999999971934 ) ) ;
#5873 = CARTESIAN_POINT ( 'NONE',  ( 3.399999999999995914, -67.50000000000000000, -2.338364031016953865E-14 ) ) ;
#5874 = CARTESIAN_POINT ( 'NONE',  ( -4.076582343749995729, -62.57812500170699366, -2.388287766204294237E-14 ) ) ;
#5875 = CARTESIAN_POINT ( 'NONE',  ( 4.076582343749995729, -69.37500000170699366, -1.688575694911970571 ) ) ;
#5876 = ORIENTED_EDGE ( 'NONE', *, *, #17, .T. ) ;
#5877 = CARTESIAN_POINT ( 'NONE',  ( -2.404163056034259061, -58.28125000341398732, 2.404163056034235080 ) ) ;
#5878 = CARTESIAN_POINT ( 'NONE',  ( 4.076582343749995729, -54.53125000170700076, -1.688575694911970571 ) ) ;
#5879 = CARTESIAN_POINT ( 'NONE',  ( 2.404163056034257728, -70.15625000000000000, 2.404163056034235968 ) ) ;
#5880 = CARTESIAN_POINT ( 'NONE',  ( 1.688575694911947922, -62.18750000170699366, 4.076582343749971749 ) ) ;
#5881 = CARTESIAN_POINT ( 'NONE',  ( 2.081899558550498061E-16, -67.18750000000000000, -3.400000000000019451 ) ) ;
#5882 =( BOUNDED_SURFACE ( )  B_SPLINE_SURFACE ( 1, 2, ( 
 ( #6493, #3110, #622, #5620, #2491, #1577, #5038, #558, #5989, #62, #2068, #1610, #2133, #6052, #4116, #3558, #3589, #6119, #5070, #1515, #591, #2590, #92, #6084, #1645, #5589, #2982, #4970, #496, #3498, #5750, #3721, #1711, #2229, #1744, #5720, #5652, #1183, #4768, #790, #3754, #3689, #692, #1154, #3236, #1283, #3272, #6248, #225, #5268, #192, #2164, #2684, #2781, #4672, #4735, #2747, #290, #4185, #1773, #756, #2292, #1252, #158, #2198, #3173, #5687, #6185, #4276, #6288, #5201, #5235, #1806, #1218, #3787, #3140, #255, #5169, #2260, #4150, #6218, #4245, #4704, #5138, #4217, #3207, #654, #2653, #4640, #721, #6153, #2717, #1678, #3656, #4377, #2361, #4307, #5821, #894, #2881, #1318, #5337, #3919, #1943, #3305, #3401, #1840, #5302, #6356, #3429, #2942, #822, #2814, #6425, #4408, #4799, #3851, #1875, #4933, #323, #2911, #3334, #5922, #3818, #4904, #1349, #855, #1972, #5428, #5891, #3886, #5856, #423, #1384, #5371, #394, #1451, #2847, #4836, #957, #2456, #359, #456, #4443, #3368, #4342, #4872, #6455, #2395, #5787, #2327, #6391, #1909, #6322, #1416, #923, #5401, #2425, #551, #1540, #5486, #4599, #4994, #119, #3039, #520, #2031, #5516, #2514, #615, #5031, #2546, #3458, #490, #1050, #6045, #3521, #4533, #6487, #4075, #3552, #3103, #2061, #5547, #5064, #5456, #4013, #1479, #2614, #4962, #5097, #56, #2485, #4044, #3583, #1571, #5951, #1081, #86, #3071, #3953, #991, #1019, #585, #2581, #4564, #2092, #3008, #6078, #1604, #2975, #4471, #4499, #2000, #5582, #24, #3983, #5982, #1509, #3490, #6015, #1114, #6211, #2774, #1767, #3748, #4177, #1277, #3682, #6111, #1738, #4697, #1212, #1246, #2741, #2157, #3133, #2646, #1175, #3199, #5613, #5712, #5162, #4209, #5259, #1145, #5229, #4108, #3264, #4633, #1671, #4761, #3715, #2124, #5744, #783, #6177, #1637, #5680, #3614, #3230, #218, #5195, #748, #4727, #4143, #5130, #151, #3165, #715, #646, #248, #2254, #6144, #185, #4666, #3646, #5644, #4239, #684, #6242, #2678, #2191, #1705, #2711, #2222, #5364, #4827, #2840, #4300, #6349, #6314, #5812, #3327, #1378, #2806, #1310, #885, #4865, #3298, #5848, #2872, #1831, #5294, #2320, #3361, #815, #387, #2388, #5330, #848, #283, #3780, #4335, #3811, #4792, #350, #1341, #315, #2284, #2354, #4269, #1867, #3844, #6280, #1799, #5778, #1922, #752, #1179, #5649, #3269, #2744, #718, #3784, #6285, #5299, #2714, #1803, #1741, #4732, #3686, #4242, #2226, #4182, #5684, #251, #2257, #3170, #5198, #5784, #1315, #5166, #5265, #1708, #689, #6214, #3302, #2810, #2681, #4669, #819, #6245, #5232, #5747, #3718, #1215, #4796, #3204, #189, #787, #1770, #3751, #4765, #320, #4701, #2195, #6182, #222, #1280, #4214, #2778, #4273, #5717, #1249 ),
 ( #2324, #287, #2289, #3233, #4304, #6319, #1837, #4900, #5948, #5368, #1871, #5453, #486, #6353, #6452, #986, #1906, #3848, #4374, #1969, #5853, #1476, #2970, #420, #2422, #3950, #4831, #5425, #4869, #1381, #4405, #1413, #890, #4468, #391, #6484, #2908, #2392, #3883, #5398, #6388, #3815, #3365, #920, #5334, #355, #6421, #5919, #3398, #1940, #2878, #3454, #3426, #4959, #3916, #953, #4930, #852, #5887, #1346, #2482, #2358, #5817, #1448, #4339, #2939, #3331, #452, #2844, #2453, #4440, #4072, #1997, #3130, #3518, #5094, #6042, #4561, #5579, #5513, #582, #3549, #5978, #1506, #1047, #3067, #5028, #5127, #2121, #3980, #1142, #2511, #1537, #2643, #6075, #4630, #1634, #3611, #4041, #643, #5544, #1016, #1111, #6012, #2611, #4495, #3100, #21, #2027, #3487, #5610, #2089, #84, #4529, #612, #2058, #1568, #5061, #4105, #3037, #4009, #5482, #3005, #547, #4596, #4992, #53, #2542, #1078, #116, #2578, #6108, #517, #1601, #3579, #280, #1172, #1764, #1209, #2188, #3228, #4206, #1701, #812, #3196, #2803, #5709, #5192, #4694, #1735, #713, #148, #6174, #3712, #1668, #3162, #1242, #2251, #6208, #745, #2675, #2281, #6239, #5774, #4724, #3745, #1274, #3643, #215, #4140, #5290, #5159, #1307, #5226, #681, #2738, #6277, #245, #2154, #5741, #2770, #4236, #6141, #3295, #3680, #3260, #5256, #779, #4758, #5677, #4266, #1795, #5641, #4663, #2708, #3777, #2219, #182, #4174, #311, #3944, #5327, #4331, #5447, #2415, #981, #4434, #6445, #383, #5942, #6381, #2316, #4399, #914, #3876, #3909, #5419, #4824, #5809, #845, #3841, #5880, #1827, #1933, #3420, #3808, #2869, #882, #1470, #6311, #4923, #2446, #4789, #4297, #3391, #5845, #1864, #1337, #1375, #4862, #945, #1963, #1407, #3447, #2836, #2931, #3324, #4367, #347, #2385, #1899, #2351, #2902, #6346, #3358, #5361, #5392, #4892, #414, #445, #6415, #5912, #1442, #3543, #5537, #1010, #2999, #108, #2605, #5570, #3512, #2506, #2963, #5055, #1104, #3094, #1595, #2052, #5085, #2019, #3972, #4489, #606, #14, #78, #4556, #4589, #6006, #3573, #2570, #2115, #1072, #1991, #4003, #4985, #5507, #1531, #4098, #1625, #541, #3059, #6101, #1041, #3603, #5603, #2083, #511, #576, #4953, #4522, #479, #2476, #4066, #47, #3031, #4462, #6477, #5969, #5022, #1500, #2535, #4035, #6035, #1561, #6069, #3480, #5476, #2700, #4688, #3124, #674, #5735, #3739, #5121, #5218, #3637, #636, #1694, #5249, #4750, #2637, #4623, #1758, #1729, #707, #1235, #5670, #3156, #3252, #5635, #4166, #3222, #3705, #2732, #141, #2245, #5153, #737, #1200, #2668, #772, #1167, #6168, #4718, #5703, #238, #2148, #4230, #4658, #4131, #1268, #2762, #1787, #6135, #6202, #174, #2181, #1661, #3672, #3190, #6233, #271, #208, #2273, #5185 ) ),
 .UNSPECIFIED., .F., .F., .F. ) 
 B_SPLINE_SURFACE_WITH_KNOTS ( ( 2, 2 ),
 ( 3, 2, 2, 2, 2, 2, 2, 2, 2, 2, 2, 2, 2, 2, 2, 2, 2, 2, 2, 2, 2, 2, 2, 2, 2, 2, 2, 2, 2, 2, 2, 2, 2, 2, 2, 2, 2, 2, 2, 2, 2, 2, 2, 2, 2, 2, 2, 2, 2, 2, 2, 2, 2, 2, 2, 2, 2, 2, 2, 2, 2, 2, 2, 2, 2, 2, 2, 2, 2, 2, 2, 2, 2, 2, 2, 2, 2, 2, 2, 2, 2, 2, 2, 2, 2, 2, 2, 2, 2, 2, 2, 2, 2, 2, 2, 2, 2, 2, 2, 2, 2, 2, 2, 2, 2, 2, 2, 2, 2, 2, 2, 2, 2, 2, 2, 2, 2, 2, 2, 2, 2, 2, 2, 2, 2, 2, 2, 2, 2, 2, 2, 2, 2, 2, 2, 2, 2, 2, 2, 2, 2, 2, 2, 2, 2, 2, 2, 2, 2, 2, 2, 2, 2, 2, 2, 2, 2, 2, 2, 2, 2, 2, 2, 2, 2, 2, 2, 2, 2, 2, 2, 2, 2, 2, 2, 2, 2, 2, 2, 2, 2, 2, 2, 2, 2, 2, 2, 2, 2, 2, 2, 2, 3 ),
 ( 0.000000000000000000, 1.000000000000000000 ),
 ( 0.000000000000000000, 0.005208333333333333044, 0.01041666666666666609, 0.01562500000000000000, 0.02083333333333333218, 0.02604166666666666782, 0.03125000000000000000, 0.03645833333333333565, 0.04166666666666666435, 0.04687500000000000000, 0.05208333333333333565, 0.05729166666666666435, 0.06250000000000000000, 0.06770833333333332871, 0.07291666666666667129, 0.07812500000000000000, 0.08333333333333332871, 0.08854166666666667129, 0.09375000000000000000, 0.09895833333333332871, 0.1041666666666666713, 0.1093750000000000000, 0.1145833333333333287, 0.1197916666666666713, 0.1250000000000000000, 0.1302083333333333426, 0.1354166666666666574, 0.1406250000000000000, 0.1458333333333333426, 0.1510416666666666574, 0.1562500000000000000, 0.1614583333333333426, 0.1666666666666666574, 0.1718750000000000000, 0.1770833333333333426, 0.1822916666666666574, 0.1875000000000000000, 0.1927083333333333426, 0.1979166666666666574, 0.2031250000000000000, 0.2083333333333333426, 0.2135416666666666574, 0.2187500000000000000, 0.2239583333333333426, 0.2291666666666666574, 0.2343750000000000000, 0.2395833333333333426, 0.2447916666666666574, 0.2500000000000000000, 0.2552083333333333148, 0.2604166666666666852, 0.2656250000000000000, 0.2708333333333333148, 0.2760416666666666852, 0.2812500000000000000, 0.2864583333333333148, 0.2916666666666666852, 0.2968750000000000000, 0.3020833333333333148, 0.3072916666666666852, 0.3125000000000000000, 0.3177083333333333148, 0.3229166666666666852, 0.3281250000000000000, 0.3333333333333333148, 0.3385416666666666852, 0.3437500000000000000, 0.3489583333333333148, 0.3541666666666666852, 0.3593750000000000000, 0.3645833333333333148, 0.3697916666666666852, 0.3750000000000000000, 0.3802083333333333148, 0.3854166666666666852, 0.3906250000000000000, 0.3958333333333333148, 0.4010416666666666852, 0.4062500000000000000, 0.4114583333333333148, 0.4166666666666666852, 0.4218750000000000000, 0.4270833333333333148, 0.4322916666666666852, 0.4375000000000000000, 0.4427083333333333148, 0.4479166666666666852, 0.4531250000000000000, 0.4583333333333333148, 0.4635416666666666852, 0.4687500000000000000, 0.4739583333333333148, 0.4791666666666666852, 0.4843750000000000000, 0.4895833333333333148, 0.4947916666666666852, 0.5000000000000000000, 0.5052083333333333703, 0.5104166666666666297, 0.5156250000000000000, 0.5208333333333333703, 0.5260416666666666297, 0.5312500000000000000, 0.5364583333333333703, 0.5416666666666666297, 0.5468750000000000000, 0.5520833333333333703, 0.5572916666666666297, 0.5625000000000000000, 0.5677083333333333703, 0.5729166666666666297, 0.5781250000000000000, 0.5833333333333333703, 0.5885416666666666297, 0.5937500000000000000, 0.5989583333333333703, 0.6041666666666666297, 0.6093750000000000000, 0.6145833333333333703, 0.6197916666666666297, 0.6250000000000000000, 0.6302083333333333703, 0.6354166666666666297, 0.6406250000000000000, 0.6458333333333333703, 0.6510416666666666297, 0.6562500000000000000, 0.6614583333333333703, 0.6666666666666666297, 0.6718750000000000000, 0.6770833333333333703, 0.6822916666666666297, 0.6875000000000000000, 0.6927083333333333703, 0.6979166666666666297, 0.7031250000000000000, 0.7083333333333333703, 0.7135416666666666297, 0.7187500000000000000, 0.7239583333333333703, 0.7291666666666666297, 0.7343750000000000000, 0.7395833333333333703, 0.7447916666666666297, 0.7500000000000000000, 0.7552083333333333703, 0.7604166666666666297, 0.7656250000000000000, 0.7708333333333333703, 0.7760416666666666297, 0.7812500000000000000, 0.7864583333333333703, 0.7916666666666666297, 0.7968750000000000000, 0.8020833333333333703, 0.8072916666666666297, 0.8125000000000000000, 0.8177083333333333703, 0.8229166666666666297, 0.8281250000000000000, 0.8333333333333333703, 0.8385416666666666297, 0.8437500000000000000, 0.8489583333333333703, 0.8541666666666666297, 0.8593750000000000000, 0.8645833333333333703, 0.8697916666666666297, 0.8750000000000000000, 0.8802083333333333703, 0.8854166666666666297, 0.8906250000000000000, 0.8958333333333333703, 0.9010416666666666297, 0.9062500000000000000, 0.9114583333333333703, 0.9166666666666666297, 0.9218750000000000000, 0.9270833333333333703, 0.9322916666666666297, 0.9375000000000000000, 0.9427083333333333703, 0.9479166666666666297, 0.9531250000000000000, 0.9583333333333333703, 0.9635416666666666297, 0.9687500000000000000, 0.9739583333333333703, 0.9791666666666666297, 0.9843750000000000000, 0.9895833333333333703, 0.9947916666666666297, 1.000000000000000000 ),
 .UNSPECIFIED. ) 
 GEOMETRIC_REPRESENTATION_ITEM ( )  RATIONAL_B_SPLINE_SURFACE ( (
 ( 1.000000000000000000, 0.9238795325112867385, 1.000000000000000000, 0.9238795325112867385, 1.000000000000000000, 0.9238795325112867385, 1.000000000000000000, 0.9238795325112867385, 1.000000000000000000, 0.9238795325112867385, 1.000000000000000000, 0.9238795325112867385, 1.000000000000000000, 0.9238795325112867385, 1.000000000000000000, 0.9238795325112867385, 1.000000000000000000, 0.9238795325112867385, 1.000000000000000000, 0.9238795325112867385, 1.000000000000000000, 0.9238795325112867385, 1.000000000000000000, 0.9238795325112867385, 1.000000000000000000, 0.9238795325112867385, 1.000000000000000000, 0.9238795325112867385, 1.000000000000000000, 0.9238795325112867385, 1.000000000000000000, 0.9238795325112867385, 1.000000000000000000, 0.9238795325112867385, 1.000000000000000000, 0.9238795325112867385, 1.000000000000000000, 0.9238795325112867385, 1.000000000000000000, 0.9238795325112867385, 1.000000000000000000, 0.9238795325112867385, 1.000000000000000000, 0.9238795325112867385, 1.000000000000000000, 0.9238795325112867385, 1.000000000000000000, 0.9238795325112867385, 1.000000000000000000, 0.9238795325112867385, 1.000000000000000000, 0.9238795325112867385, 1.000000000000000000, 0.9238795325112867385, 1.000000000000000000, 0.9238795325112867385, 1.000000000000000000, 0.9238795325112867385, 1.000000000000000000, 0.9238795325112867385, 1.000000000000000000, 0.9238795325112867385, 1.000000000000000000, 0.9238795325112867385, 1.000000000000000000, 0.9238795325112867385, 1.000000000000000000, 0.9238795325112867385, 1.000000000000000000, 0.9238795325112867385, 1.000000000000000000, 0.9238795325112867385, 1.000000000000000000, 0.9238795325112867385, 1.000000000000000000, 0.9238795325112867385, 1.000000000000000000, 0.9238795325112867385, 1.000000000000000000, 0.9238795325112867385, 1.000000000000000000, 0.9238795325112867385, 1.000000000000000000, 0.9238795325112867385, 1.000000000000000000, 0.9238795325112867385, 1.000000000000000000, 0.9238795325112867385, 1.000000000000000000, 0.9238795325112867385, 1.000000000000000000, 0.9238795325112867385, 1.000000000000000000, 0.9238795325112867385, 1.000000000000000000, 0.9238795325112867385, 1.000000000000000000, 0.9238795325112867385, 1.000000000000000000, 0.9238795325112867385, 1.000000000000000000, 0.9238795325112867385, 1.000000000000000000, 0.9238795325112867385, 1.000000000000000000, 0.9238795325112867385, 1.000000000000000000, 0.9238795325112867385, 1.000000000000000000, 0.9238795325112867385, 1.000000000000000000, 0.9238795325112867385, 1.000000000000000000, 0.9238795325112867385, 1.000000000000000000, 0.9238795325112867385, 1.000000000000000000, 0.9238795325112867385, 1.000000000000000000, 0.9238795325112867385, 1.000000000000000000, 0.9238795325112867385, 1.000000000000000000, 0.9238795325112867385, 1.000000000000000000, 0.9238795325112867385, 1.000000000000000000, 0.9238795325112867385, 1.000000000000000000, 0.9238795325112867385, 1.000000000000000000, 0.9238795325112867385, 1.000000000000000000, 0.9238795325112867385, 1.000000000000000000, 0.9238795325112867385, 1.000000000000000000, 0.9238795325112867385, 1.000000000000000000, 0.9238795325112867385, 1.000000000000000000, 0.9238795325112867385, 1.000000000000000000, 0.9238795325112867385, 1.000000000000000000, 0.9238795325112867385, 1.000000000000000000, 0.9238795325112867385, 1.000000000000000000, 0.9238795325112867385, 1.000000000000000000, 0.9238795325112867385, 1.000000000000000000, 0.9238795325112867385, 1.000000000000000000, 0.9238795325112867385, 1.000000000000000000, 0.9238795325112867385, 1.000000000000000000, 0.9238795325112867385, 1.000000000000000000, 0.9238795325112867385, 1.000000000000000000, 0.9238795325112867385, 1.000000000000000000, 0.9238795325112867385, 1.000000000000000000, 0.9238795325112867385, 1.000000000000000000, 0.9238795325112867385, 1.000000000000000000, 0.9238795325112867385, 1.000000000000000000, 0.9238795325112867385, 1.000000000000000000, 0.9238795325112867385, 1.000000000000000000, 0.9238795325112867385, 1.000000000000000000, 0.9238795325112867385, 1.000000000000000000, 0.9238795325112867385, 1.000000000000000000, 0.9238795325112867385, 1.000000000000000000, 0.9238795325112867385, 1.000000000000000000, 0.9238795325112867385, 1.000000000000000000, 0.9238795325112867385, 1.000000000000000000, 0.9238795325112867385, 1.000000000000000000, 0.9238795325112867385, 1.000000000000000000, 0.9238795325112867385, 1.000000000000000000, 0.9238795325112867385, 1.000000000000000000, 0.9238795325112867385, 1.000000000000000000, 0.9238795325112867385, 1.000000000000000000, 0.9238795325112867385, 1.000000000000000000, 0.9238795325112867385, 1.000000000000000000, 0.9238795325112867385, 1.000000000000000000, 0.9238795325112867385, 1.000000000000000000, 0.9238795325112867385, 1.000000000000000000, 0.9238795325112867385, 1.000000000000000000, 0.9238795325112867385, 1.000000000000000000, 0.9238795325112867385, 1.000000000000000000, 0.9238795325112867385, 1.000000000000000000, 0.9238795325112867385, 1.000000000000000000, 0.9238795325112867385, 1.000000000000000000, 0.9238795325112867385, 1.000000000000000000, 0.9238795325112867385, 1.000000000000000000, 0.9238795325112867385, 1.000000000000000000, 0.9238795325112867385, 1.000000000000000000, 0.9238795325112867385, 1.000000000000000000, 0.9238795325112867385, 1.000000000000000000, 0.9238795325112867385, 1.000000000000000000, 0.9238795325112867385, 1.000000000000000000, 0.9238795325112867385, 1.000000000000000000, 0.9238795325112867385, 1.000000000000000000, 0.9238795325112867385, 1.000000000000000000, 0.9238795325112867385, 1.000000000000000000, 0.9238795325112867385, 1.000000000000000000, 0.9238795325112867385, 1.000000000000000000, 0.9238795325112867385, 1.000000000000000000, 0.9238795325112867385, 1.000000000000000000, 0.9238795325112867385, 1.000000000000000000, 0.9238795325112867385, 1.000000000000000000, 0.9238795325112867385, 1.000000000000000000, 0.9238795325112867385, 1.000000000000000000, 0.9238795325112867385, 1.000000000000000000, 0.9238795325112867385, 1.000000000000000000, 0.9238795325112867385, 1.000000000000000000, 0.9238795325112867385, 1.000000000000000000, 0.9238795325112867385, 1.000000000000000000, 0.9238795325112867385, 1.000000000000000000, 0.9238795325112867385, 1.000000000000000000, 0.9238795325112867385, 1.000000000000000000, 0.9238795325112867385, 1.000000000000000000, 0.9238795325112867385, 1.000000000000000000, 0.9238795325112867385, 1.000000000000000000, 0.9238795325112867385, 1.000000000000000000, 0.9238795325112867385, 1.000000000000000000, 0.9238795325112867385, 1.000000000000000000, 0.9238795325112867385, 1.000000000000000000, 0.9238795325112867385, 1.000000000000000000, 0.9238795325112867385, 1.000000000000000000, 0.9238795325112867385, 1.000000000000000000, 0.9238795325112867385, 1.000000000000000000, 0.9238795325112867385, 1.000000000000000000, 0.9238795325112867385, 1.000000000000000000, 0.9238795325112867385, 1.000000000000000000, 0.9238795325112867385, 1.000000000000000000, 0.9238795325112867385, 1.000000000000000000, 0.9238795325112867385, 1.000000000000000000, 0.9238795325112867385, 1.000000000000000000, 0.9238795325112867385, 1.000000000000000000, 0.9238795325112867385, 1.000000000000000000, 0.9238795325112867385, 1.000000000000000000, 0.9238795325112867385, 1.000000000000000000, 0.9238795325112867385, 1.000000000000000000, 0.9238795325112867385, 1.000000000000000000, 0.9238795325112867385, 1.000000000000000000, 0.9238795325112867385, 1.000000000000000000, 0.9238795325112867385, 1.000000000000000000, 0.9238795325112867385, 1.000000000000000000, 0.9238795325112867385, 1.000000000000000000, 0.9238795325112867385, 1.000000000000000000, 0.9238795325112867385, 1.000000000000000000, 0.9238795325112867385, 1.000000000000000000, 0.9238795325112867385, 1.000000000000000000, 0.9238795325112867385, 1.000000000000000000, 0.9238795325112867385, 1.000000000000000000, 0.9238795325112867385, 1.000000000000000000, 0.9238795325112867385, 1.000000000000000000, 0.9238795325112867385, 1.000000000000000000, 0.9238795325112867385, 1.000000000000000000, 0.9238795325112867385, 1.000000000000000000, 0.9238795325112867385, 1.000000000000000000, 0.9238795325112867385, 1.000000000000000000, 0.9238795325112867385, 1.000000000000000000, 0.9238795325112867385, 1.000000000000000000, 0.9238795325112867385, 1.000000000000000000, 0.9238795325112867385, 1.000000000000000000, 0.9238795325112867385, 1.000000000000000000, 0.9238795325112867385, 1.000000000000000000, 0.9238795325112867385, 1.000000000000000000, 0.9238795325112867385, 1.000000000000000000, 0.9238795325112867385, 1.000000000000000000, 0.9238795325112867385, 1.000000000000000000),
 ( 1.000000000000000000, 0.9238795325112867385, 1.000000000000000000, 0.9238795325112867385, 1.000000000000000000, 0.9238795325112867385, 1.000000000000000000, 0.9238795325112867385, 1.000000000000000000, 0.9238795325112867385, 1.000000000000000000, 0.9238795325112867385, 1.000000000000000000, 0.9238795325112867385, 1.000000000000000000, 0.9238795325112867385, 1.000000000000000000, 0.9238795325112867385, 1.000000000000000000, 0.9238795325112867385, 1.000000000000000000, 0.9238795325112867385, 1.000000000000000000, 0.9238795325112867385, 1.000000000000000000, 0.9238795325112867385, 1.000000000000000000, 0.9238795325112867385, 1.000000000000000000, 0.9238795325112867385, 1.000000000000000000, 0.9238795325112867385, 1.000000000000000000, 0.9238795325112867385, 1.000000000000000000, 0.9238795325112867385, 1.000000000000000000, 0.9238795325112867385, 1.000000000000000000, 0.9238795325112867385, 1.000000000000000000, 0.9238795325112867385, 1.000000000000000000, 0.9238795325112867385, 1.000000000000000000, 0.9238795325112867385, 1.000000000000000000, 0.9238795325112867385, 1.000000000000000000, 0.9238795325112867385, 1.000000000000000000, 0.9238795325112867385, 1.000000000000000000, 0.9238795325112867385, 1.000000000000000000, 0.9238795325112867385, 1.000000000000000000, 0.9238795325112867385, 1.000000000000000000, 0.9238795325112867385, 1.000000000000000000, 0.9238795325112867385, 1.000000000000000000, 0.9238795325112867385, 1.000000000000000000, 0.9238795325112867385, 1.000000000000000000, 0.9238795325112867385, 1.000000000000000000, 0.9238795325112867385, 1.000000000000000000, 0.9238795325112867385, 1.000000000000000000, 0.9238795325112867385, 1.000000000000000000, 0.9238795325112867385, 1.000000000000000000, 0.9238795325112867385, 1.000000000000000000, 0.9238795325112867385, 1.000000000000000000, 0.9238795325112867385, 1.000000000000000000, 0.9238795325112867385, 1.000000000000000000, 0.9238795325112867385, 1.000000000000000000, 0.9238795325112867385, 1.000000000000000000, 0.9238795325112867385, 1.000000000000000000, 0.9238795325112867385, 1.000000000000000000, 0.9238795325112867385, 1.000000000000000000, 0.9238795325112867385, 1.000000000000000000, 0.9238795325112867385, 1.000000000000000000, 0.9238795325112867385, 1.000000000000000000, 0.9238795325112867385, 1.000000000000000000, 0.9238795325112867385, 1.000000000000000000, 0.9238795325112867385, 1.000000000000000000, 0.9238795325112867385, 1.000000000000000000, 0.9238795325112867385, 1.000000000000000000, 0.9238795325112867385, 1.000000000000000000, 0.9238795325112867385, 1.000000000000000000, 0.9238795325112867385, 1.000000000000000000, 0.9238795325112867385, 1.000000000000000000, 0.9238795325112867385, 1.000000000000000000, 0.9238795325112867385, 1.000000000000000000, 0.9238795325112867385, 1.000000000000000000, 0.9238795325112867385, 1.000000000000000000, 0.9238795325112867385, 1.000000000000000000, 0.9238795325112867385, 1.000000000000000000, 0.9238795325112867385, 1.000000000000000000, 0.9238795325112867385, 1.000000000000000000, 0.9238795325112867385, 1.000000000000000000, 0.9238795325112867385, 1.000000000000000000, 0.9238795325112867385, 1.000000000000000000, 0.9238795325112867385, 1.000000000000000000, 0.9238795325112867385, 1.000000000000000000, 0.9238795325112867385, 1.000000000000000000, 0.9238795325112867385, 1.000000000000000000, 0.9238795325112867385, 1.000000000000000000, 0.9238795325112867385, 1.000000000000000000, 0.9238795325112867385, 1.000000000000000000, 0.9238795325112867385, 1.000000000000000000, 0.9238795325112867385, 1.000000000000000000, 0.9238795325112867385, 1.000000000000000000, 0.9238795325112867385, 1.000000000000000000, 0.9238795325112867385, 1.000000000000000000, 0.9238795325112867385, 1.000000000000000000, 0.9238795325112867385, 1.000000000000000000, 0.9238795325112867385, 1.000000000000000000, 0.9238795325112867385, 1.000000000000000000, 0.9238795325112867385, 1.000000000000000000, 0.9238795325112867385, 1.000000000000000000, 0.9238795325112867385, 1.000000000000000000, 0.9238795325112867385, 1.000000000000000000, 0.9238795325112867385, 1.000000000000000000, 0.9238795325112867385, 1.000000000000000000, 0.9238795325112867385, 1.000000000000000000, 0.9238795325112867385, 1.000000000000000000, 0.9238795325112867385, 1.000000000000000000, 0.9238795325112867385, 1.000000000000000000, 0.9238795325112867385, 1.000000000000000000, 0.9238795325112867385, 1.000000000000000000, 0.9238795325112867385, 1.000000000000000000, 0.9238795325112867385, 1.000000000000000000, 0.9238795325112867385, 1.000000000000000000, 0.9238795325112867385, 1.000000000000000000, 0.9238795325112867385, 1.000000000000000000, 0.9238795325112867385, 1.000000000000000000, 0.9238795325112867385, 1.000000000000000000, 0.9238795325112867385, 1.000000000000000000, 0.9238795325112867385, 1.000000000000000000, 0.9238795325112867385, 1.000000000000000000, 0.9238795325112867385, 1.000000000000000000, 0.9238795325112867385, 1.000000000000000000, 0.9238795325112867385, 1.000000000000000000, 0.9238795325112867385, 1.000000000000000000, 0.9238795325112867385, 1.000000000000000000, 0.9238795325112867385, 1.000000000000000000, 0.9238795325112867385, 1.000000000000000000, 0.9238795325112867385, 1.000000000000000000, 0.9238795325112867385, 1.000000000000000000, 0.9238795325112867385, 1.000000000000000000, 0.9238795325112867385, 1.000000000000000000, 0.9238795325112867385, 1.000000000000000000, 0.9238795325112867385, 1.000000000000000000, 0.9238795325112867385, 1.000000000000000000, 0.9238795325112867385, 1.000000000000000000, 0.9238795325112867385, 1.000000000000000000, 0.9238795325112867385, 1.000000000000000000, 0.9238795325112867385, 1.000000000000000000, 0.9238795325112867385, 1.000000000000000000, 0.9238795325112867385, 1.000000000000000000, 0.9238795325112867385, 1.000000000000000000, 0.9238795325112867385, 1.000000000000000000, 0.9238795325112867385, 1.000000000000000000, 0.9238795325112867385, 1.000000000000000000, 0.9238795325112867385, 1.000000000000000000, 0.9238795325112867385, 1.000000000000000000, 0.9238795325112867385, 1.000000000000000000, 0.9238795325112867385, 1.000000000000000000, 0.9238795325112867385, 1.000000000000000000, 0.9238795325112867385, 1.000000000000000000, 0.9238795325112867385, 1.000000000000000000, 0.9238795325112867385, 1.000000000000000000, 0.9238795325112867385, 1.000000000000000000, 0.9238795325112867385, 1.000000000000000000, 0.9238795325112867385, 1.000000000000000000, 0.9238795325112867385, 1.000000000000000000, 0.9238795325112867385, 1.000000000000000000, 0.9238795325112867385, 1.000000000000000000, 0.9238795325112867385, 1.000000000000000000, 0.9238795325112867385, 1.000000000000000000, 0.9238795325112867385, 1.000000000000000000, 0.9238795325112867385, 1.000000000000000000, 0.9238795325112867385, 1.000000000000000000, 0.9238795325112867385, 1.000000000000000000, 0.9238795325112867385, 1.000000000000000000, 0.9238795325112867385, 1.000000000000000000, 0.9238795325112867385, 1.000000000000000000, 0.9238795325112867385, 1.000000000000000000, 0.9238795325112867385, 1.000000000000000000, 0.9238795325112867385, 1.000000000000000000, 0.9238795325112867385, 1.000000000000000000, 0.9238795325112867385, 1.000000000000000000, 0.9238795325112867385, 1.000000000000000000, 0.9238795325112867385, 1.000000000000000000, 0.9238795325112867385, 1.000000000000000000, 0.9238795325112867385, 1.000000000000000000, 0.9238795325112867385, 1.000000000000000000, 0.9238795325112867385, 1.000000000000000000, 0.9238795325112867385, 1.000000000000000000, 0.9238795325112867385, 1.000000000000000000, 0.9238795325112867385, 1.000000000000000000, 0.9238795325112867385, 1.000000000000000000, 0.9238795325112867385, 1.000000000000000000, 0.9238795325112867385, 1.000000000000000000, 0.9238795325112867385, 1.000000000000000000, 0.9238795325112867385, 1.000000000000000000, 0.9238795325112867385, 1.000000000000000000, 0.9238795325112867385, 1.000000000000000000, 0.9238795325112867385, 1.000000000000000000, 0.9238795325112867385, 1.000000000000000000, 0.9238795325112867385, 1.000000000000000000, 0.9238795325112867385, 1.000000000000000000, 0.9238795325112867385, 1.000000000000000000, 0.9238795325112867385, 1.000000000000000000, 0.9238795325112867385, 1.000000000000000000, 0.9238795325112867385, 1.000000000000000000, 0.9238795325112867385, 1.000000000000000000, 0.9238795325112867385, 1.000000000000000000, 0.9238795325112867385, 1.000000000000000000, 0.9238795325112867385, 1.000000000000000000, 0.9238795325112867385, 1.000000000000000000, 0.9238795325112867385, 1.000000000000000000, 0.9238795325112867385, 1.000000000000000000, 0.9238795325112867385, 1.000000000000000000) ) ) 
 REPRESENTATION_ITEM ( '' )  SURFACE ( )  );
#5883 = CARTESIAN_POINT ( 'NONE',  ( 2.882579019330970382, -77.10937500170699366, 2.882579019330949066 ) ) ;
#5884 = CARTESIAN_POINT ( 'NONE',  ( 2.081899558550498061E-16, -75.00000000341398732, -3.400000000000019451 ) ) ;
#5885 = CARTESIAN_POINT ( 'NONE',  ( 1.688575694911947922, -71.09375000170699366, 4.076582343749971749 ) ) ;
#5886 = CARTESIAN_POINT ( 'NONE',  ( -3.094494764777263818, -79.43427434395923115, -1.563087818806363050 ) ) ;
#5887 = CARTESIAN_POINT ( 'NONE',  ( -2.882579019330972159, -74.92187500170699366, 2.882579019330947734 ) ) ;
#5888 = CARTESIAN_POINT ( 'NONE',  ( -3.399999999999996358, -50.85937500341398732, 1.408326112068497560 ) ) ;
#5889 = CARTESIAN_POINT ( 'NONE',  ( 1.688575694911947922, -52.34375000170698655, 4.076582343749971749 ) ) ;
#5890 = VECTOR ( 'NONE', #3827, 1000.000000000000000 ) ;
#5891 = CARTESIAN_POINT ( 'NONE',  ( 4.076582343749995729, -69.53125000170697945, -1.688575694911970571 ) ) ;
#5892 = ORIENTED_EDGE ( 'NONE', *, *, #550, .T. ) ;
#5893 = CARTESIAN_POINT ( 'NONE',  ( 2.404163056034257728, -59.21875000341398732, 2.404163056034235968 ) ) ;
#5894 = VECTOR ( 'NONE', #5802, 1000.000000000000000 ) ;
#5895 = FACE_OUTER_BOUND ( 'NONE', #424, .T. ) ;
#5896 = CARTESIAN_POINT ( 'NONE',  ( 4.076582343749994841, -59.53125000170699366, 1.688575694911926828 ) ) ;
#5897 = CARTESIAN_POINT ( 'NONE',  ( -3.399999999999996358, -64.60937500341398732, 1.408326112068497560 ) ) ;
#5898 = CARTESIAN_POINT ( 'NONE',  ( 4.076582343749995729, -67.10937500170699366, -2.338364031016953865E-14 ) ) ;
#5899 = CARTESIAN_POINT ( 'NONE',  ( 2.404163056034258616, -63.59375000000000711, -2.404163056034282153 ) ) ;
#5900 = DIRECTION ( 'NONE',  ( -0.000000000000000000, -1.000000000000000000, -0.000000000000000000 ) ) ;
#5901 = DIRECTION ( 'NONE',  ( 0.000000000000000000, 0.000000000000000000, -1.000000000000000000 ) ) ;
#5902 = CARTESIAN_POINT ( 'NONE',  ( 2.081899558550498061E-16, -72.50000000341398732, -3.400000000000019451 ) ) ;
#5903 = CARTESIAN_POINT ( 'NONE',  ( -1.408326112068523317, -55.39062500000000000, 3.399999999999972378 ) ) ;
#5904 = CARTESIAN_POINT ( 'NONE',  ( -2.404163056034259061, -59.53125000341398732, 2.404163056034235080 ) ) ;
#5905 = AXIS2_PLACEMENT_3D ( 'NONE', #2112, #2634, #6066 ) ;
#5906 = CARTESIAN_POINT ( 'NONE',  ( 0.000000000000000000, -79.37500000000000000, -2.338364031016953865E-14 ) ) ;
#5907 = CARTESIAN_POINT ( 'NONE',  ( -2.882579019330972159, -58.67187500170699366, 2.882579019330947734 ) ) ;
#5908 = CARTESIAN_POINT ( 'NONE',  ( -2.882579019330970826, -67.73437500170699366, -2.882579019330995251 ) ) ;
#5909 = VERTEX_POINT ( 'NONE', #1878 ) ;
#5910 = CARTESIAN_POINT ( 'NONE',  ( -3.399999999999996803, -57.10937500341398021, 1.408326112068497560 ) ) ;
#5911 = CARTESIAN_POINT ( 'NONE',  ( -2.404163056034259061, -70.46875000000000000, 2.404163056034235080 ) ) ;
#5912 = CARTESIAN_POINT ( 'NONE',  ( -1.688575694911946590, -59.06250000170700076, -4.076582343750018822 ) ) ;
#5913 = CARTESIAN_POINT ( 'NONE',  ( -3.399999999999995470, -65.70312500000000000, -1.408326112068545521 ) ) ;
#5914 = CARTESIAN_POINT ( 'NONE',  ( -2.882579019330972159, -77.42187500170699366, 2.882579019330947734 ) ) ;
#5915 = CARTESIAN_POINT ( 'NONE',  ( 2.404163056034258616, -67.65625000341398732, -2.404163056034282153 ) ) ;
#5916 = CARTESIAN_POINT ( 'NONE',  ( -4.076582343749996618, -71.40625000170697945, 1.688575694911923053 ) ) ;
#5917 = CARTESIAN_POINT ( 'NONE',  ( 1.408326112068499780, -53.98437500000001421, 3.399999999999995470 ) ) ;
#5918 =( BOUNDED_CURVE ( )  B_SPLINE_CURVE ( 2, ( #6027, #2074, #69, #2561, #3022 ),
 .UNSPECIFIED., .F., .T. ) 
 B_SPLINE_CURVE_WITH_KNOTS ( ( 3, 2, 3 ),
 ( 0.02083333333333350565, 0.02604166666666665048, 0.03124999999999979530 ),
 .UNSPECIFIED. ) 
 CURVE ( )  GEOMETRIC_REPRESENTATION_ITEM ( )  RATIONAL_B_SPLINE_CURVE ( ( 0.9999999999999974465, 0.9238795325112892920, 1.000000000000000000, 0.9238795325112897361, 0.9999999999999970024 ) ) 
 REPRESENTATION_ITEM ( '' )  );
#5919 = CARTESIAN_POINT ( 'NONE',  ( 4.076582343749994841, -75.78125000170700787, 1.688575694911926828 ) ) ;
#5920 = CARTESIAN_POINT ( 'NONE',  ( -6.245698675651493936E-16, -49.37500000341398021, 3.399999999999972378 ) ) ;
#5921 = CARTESIAN_POINT ( 'NONE',  ( 2.882579019330971715, -51.95312500170699366, -2.882579019330995251 ) ) ;
#5922 = CARTESIAN_POINT ( 'NONE',  ( -2.882579019330972159, -70.07812500170699366, 2.882579019330947734 ) ) ;
#5923 = ORIENTED_EDGE ( 'NONE', *, *, #6262, .T. ) ;
#5924 = CARTESIAN_POINT ( 'NONE',  ( -2.882579019330972159, -77.42187500170699366, 2.882579019330947734 ) ) ;
#5925 = CARTESIAN_POINT ( 'NONE',  ( -4.076582343749995729, -61.40625000170699366, -1.688575694911971015 ) ) ;
#5926 = CARTESIAN_POINT ( 'NONE',  ( -3.399999999999996358, -65.85937500341398732, 1.408326112068497560 ) ) ;
#5927 = CARTESIAN_POINT ( 'NONE',  ( -2.882579019330970826, -70.39062500170699366, -2.882579019330995251 ) ) ;
#5928 = CARTESIAN_POINT ( 'NONE',  ( -2.404163056034258172, -71.09375000341398732, -2.404163056034282153 ) ) ;
#5929 = CARTESIAN_POINT ( 'NONE',  ( -6.245698675651493936E-16, -53.12500000341398021, 3.399999999999972378 ) ) ;
#5930 =( BOUNDED_CURVE ( )  B_SPLINE_CURVE ( 2, ( #100, #2106, #5500, #1033, #3534, #664, #4123, #4547, #4512 ),
 .UNSPECIFIED., .F., .F. ) 
 B_SPLINE_CURVE_WITH_KNOTS ( ( 3, 2, 2, 2, 3 ),
 ( 0.2395833333333332871, 0.2447916666666666019, 0.2499999999999999445, 0.2552083333333332593, 0.2604166666666666297 ),
 .UNSPECIFIED. ) 
 CURVE ( )  GEOMETRIC_REPRESENTATION_ITEM ( )  RATIONAL_B_SPLINE_CURVE ( ( 1.000000000000000888, 0.9238795325112859613, 1.000000000000000000, 0.9238795325112867385, 1.000000000000000000, 0.9238795325112867385, 1.000000000000000000, 0.9238795325112875156, 0.9999999999999992228 ) ) 
 REPRESENTATION_ITEM ( '' )  );
#5931 = FACE_OUTER_BOUND ( 'NONE', #4516, .T. ) ;
#5932 = EDGE_LOOP ( 'NONE', ( #6067, #3459, #1895, #3347 ) ) ;
#5933 = CARTESIAN_POINT ( 'NONE',  ( -6.245698675651493936E-16, -52.81250000000000000, 3.399999999999972378 ) ) ;
#5934 = CYLINDRICAL_SURFACE ( 'NONE', #989, 3.399999999999995914 ) ;
#5935 = CARTESIAN_POINT ( 'NONE',  ( 2.081899558550498061E-16, -67.18750000000000000, -3.400000000000019451 ) ) ;
#5936 = CARTESIAN_POINT ( 'NONE',  ( -2.882579019330972159, -59.92187500170699366, 2.882579019330947734 ) ) ;
#5937 = ADVANCED_FACE ( 'NONE', ( #3923 ), #3889, .F. ) ;
#5938 = CARTESIAN_POINT ( 'NONE',  ( 4.076582343749995729, -70.70312500170700787, -2.338364031016953865E-14 ) ) ;
#5939 = ORIENTED_EDGE ( 'NONE', *, *, #2381, .F. ) ;
#5940 = CARTESIAN_POINT ( 'NONE',  ( 2.882579019330970382, -49.76562500170698655, 2.882579019330949066 ) ) ;
#5941 = CARTESIAN_POINT ( 'NONE',  ( 3.399999999999995914, -68.75000000000000000, -2.338364031016953865E-14 ) ) ;
#5942 = CARTESIAN_POINT ( 'NONE',  ( 4.076582343749995729, -63.12500000170700076, -1.688575694911970571 ) ) ;
#5943 = CARTESIAN_POINT ( 'NONE',  ( 2.404163056034258616, -62.34375000000000000, -2.404163056034282153 ) ) ;
#5944 = CARTESIAN_POINT ( 'NONE',  ( -4.076582343749995729, -75.07812500170699366, -2.388287766204294237E-14 ) ) ;
#5945 = CARTESIAN_POINT ( 'NONE',  ( 1.408326112068521985, -70.07812500341398732, -3.400000000000019007 ) ) ;
#5946 = CARTESIAN_POINT ( 'NONE',  ( -4.076582343749995729, -62.73437500170699366, -2.388287766204294237E-14 ) ) ;
#5947 = CARTESIAN_POINT ( 'NONE',  ( 3.399999999999995914, -49.06250000341398732, -2.338364031016953865E-14 ) ) ;
#5948 = CARTESIAN_POINT ( 'NONE',  ( -4.076582343749995729, -78.82812500170699366, -2.388287766204294237E-14 ) ) ;
#5949 = CARTESIAN_POINT ( 'NONE',  ( 3.399999999999995470, -77.42187500000000000, -1.408326112068545521 ) ) ;
#5950 = DIRECTION ( 'NONE',  ( -0.000000000000000000, -1.000000000000000000, -0.000000000000000000 ) ) ;
#5951 = CARTESIAN_POINT ( 'NONE',  ( 2.496186759367024056E-16, -64.29687500170699366, -4.076582343750019710 ) ) ;
#5952 = VERTEX_POINT ( 'NONE', #1843 ) ;
#5953 = CARTESIAN_POINT ( 'NONE',  ( -4.076582343749996618, -76.25000000170699366, 1.688575694911923053 ) ) ;
#5954 = CARTESIAN_POINT ( 'NONE',  ( -3.399999999999996803, -64.29687500000000000, 1.408326112068497560 ) ) ;
#5955 = CARTESIAN_POINT ( 'NONE',  ( -2.882579019330972159, -61.17187500170699366, 2.882579019330947734 ) ) ;
#5956 = CARTESIAN_POINT ( 'NONE',  ( -2.404163056034259061, -68.28125000341397310, 2.404163056034235080 ) ) ;
#5957 = CARTESIAN_POINT ( 'NONE',  ( 4.076582343749994841, -64.68750000170699366, 1.688575694911926828 ) ) ;
#5958 = FACE_OUTER_BOUND ( 'NONE', #1756, .T. ) ;
#5959 = LINE ( 'NONE', #2494, #3246 ) ;
#5960 = DIRECTION ( 'NONE',  ( 0.000000000000000000, 0.000000000000000000, -1.000000000000000000 ) ) ;
#5961 = CARTESIAN_POINT ( 'NONE',  ( -3.399999999999995914, -54.37500000000000000, -2.380002022187964067E-14 ) ) ;
#5962 = DIRECTION ( 'NONE',  ( -0.000000000000000000, 1.000000000000000000, 2.927345865710861972E-16 ) ) ;
#5963 = CARTESIAN_POINT ( 'NONE',  ( 3.399999999999995914, -67.42187500000000000, -1.408326112068545521 ) ) ;
#5964 = CARTESIAN_POINT ( 'NONE',  ( -7.488560278101070689E-16, -54.76562500170699366, 4.076582343749972637 ) ) ;
#5965 = CARTESIAN_POINT ( 'NONE',  ( -4.076582343749995729, -67.65625000170699366, -1.688575694911971015 ) ) ;
#5966 = ORIENTED_EDGE ( 'NONE', *, *, #1547, .T. ) ;
#5967 = VECTOR ( 'NONE', #3330, 1000.000000000000227 ) ;
#5968 = CARTESIAN_POINT ( 'NONE',  ( -1.408326112068523317, -70.39062500000001421, 3.399999999999972378 ) ) ;
#5969 = CARTESIAN_POINT ( 'NONE',  ( 1.688575694911947922, -54.68750000170698655, 4.076582343749971749 ) ) ;
#5970 = ADVANCED_FACE ( 'NONE', ( #5895 ), #2816, .F. ) ;
#5971 = CARTESIAN_POINT ( 'NONE',  ( 2.404163056034257728, -60.15625000000000000, 2.404163056034235968 ) ) ;
#5973 = CARTESIAN_POINT ( 'NONE',  ( -2.882579019330972159, -68.67187500170699366, 2.882579019330947734 ) ) ;
#5972 =( BOUNDED_CURVE ( )  B_SPLINE_CURVE ( 2, ( #5990, #5435, #93, #592, #32, #4574, #2591, #5494, #3078 ),
 .UNSPECIFIED., .F., .F. ) 
 B_SPLINE_CURVE_WITH_KNOTS ( ( 3, 2, 2, 2, 3 ),
 ( 0.3437500000000000555, 0.3489583333333333703, 0.3541666666666667407, 0.3593750000000000555, 0.3645833333333333703 ),
 .UNSPECIFIED. ) 
 CURVE ( )  GEOMETRIC_REPRESENTATION_ITEM ( )  RATIONAL_B_SPLINE_CURVE ( ( 0.9999999999999992228, 0.9238795325112875156, 1.000000000000000000, 0.9238795325112867385, 1.000000000000000000, 0.9238795325112867385, 1.000000000000000000, 0.9238795325112859613, 1.000000000000000888 ) ) 
 REPRESENTATION_ITEM ( '' )  );
#5974 = CARTESIAN_POINT ( 'NONE',  ( -2.404163056034258172, -71.09375000341398732, -2.404163056034282153 ) ) ;
#5975 = CARTESIAN_POINT ( 'NONE',  ( -4.076582343749996618, -62.65625000170699366, 1.688575694911923053 ) ) ;
#5976 = ADVANCED_FACE ( 'NONE', ( #362 ), #1354, .F. ) ;
#5977 = CARTESIAN_POINT ( 'NONE',  ( -2.404163056034259061, -64.53125000341398732, 2.404163056034235080 ) ) ;
#5978 = CARTESIAN_POINT ( 'NONE',  ( 2.882579019330971715, -73.04687500170699366, -2.882579019330995251 ) ) ;
#5979 = EDGE_CURVE ( 'NONE', #5116, #4061, #5756, .T. ) ;
#5980 = CARTESIAN_POINT ( 'NONE',  ( 3.399999999999995914, -78.75000000000000000, -2.338364031016953865E-14 ) ) ;
#5981 = CARTESIAN_POINT ( 'NONE',  ( -1.408326112068560620, -77.89062500000000000, 3.399999999999934186 ) ) ;
#5982 = CARTESIAN_POINT ( 'NONE',  ( -4.076582343749996618, -62.65625000170699366, 1.688575694911923053 ) ) ;
#5983 = CARTESIAN_POINT ( 'NONE',  ( -1.688575694911946590, -77.81250000170699366, -4.076582343750018822 ) ) ;
#5984 = CARTESIAN_POINT ( 'NONE',  ( -4.076582343749995729, -77.81250000170699366, -1.688575694911971015 ) ) ;
#5985 = AXIS2_PLACEMENT_3D ( 'NONE', #2165, #4218, #1679 ) ;
#5986 = CARTESIAN_POINT ( 'NONE',  ( -2.882579019330970826, -61.48437500170698655, -2.882579019330995251 ) ) ;
#5987 = CARTESIAN_POINT ( 'NONE',  ( -3.399999999999995914, -59.68750000341398021, -2.380002022187964067E-14 ) ) ;
#5988 = CARTESIAN_POINT ( 'NONE',  ( -4.076582343749996618, -63.90625000170699366, 1.688575694911923053 ) ) ;
#5989 = CARTESIAN_POINT ( 'NONE',  ( -4.076582343749995729, -78.98437500170699366, -2.388287766204294237E-14 ) ) ;
#5990 = CARTESIAN_POINT ( 'NONE',  ( 2.081899558550498061E-16, -69.68750000000000000, -3.400000000000019451 ) ) ;
#5991 = VECTOR ( 'NONE', #4971, 1000.000000000000114 ) ;
#5992 = CARTESIAN_POINT ( 'NONE',  ( -3.399999999999996358, -52.10937500341398021, 1.408326112068497560 ) ) ;
#5993 = DATE_TIME_ROLE ( 'classification_date' ) ;
#5994 = CARTESIAN_POINT ( 'NONE',  ( 2.081899558550498061E-16, -73.43750000000000000, -3.400000000000019451 ) ) ;
#5995 = CARTESIAN_POINT ( 'NONE',  ( -2.404163056034259061, -74.53125000341398732, 2.404163056034235080 ) ) ;
#5996 = CARTESIAN_POINT ( 'NONE',  ( -2.404163056034258172, -50.78125000000000000, -2.404163056034282153 ) ) ;
#5997 = CYLINDRICAL_SURFACE ( 'NONE', #879, 3.399999999999995914 ) ;
#5998 = CARTESIAN_POINT ( 'NONE',  ( 3.399999999999995914, -66.25000000000000000, -2.338364031016953865E-14 ) ) ;
#5999 = EDGE_CURVE ( 'NONE', #45, #3666, #1975, .T. ) ;
#6000 = CARTESIAN_POINT ( 'NONE',  ( -1.688575694911946590, -56.56250000170700076, -4.076582343750019710 ) ) ;
#6001 = CARTESIAN_POINT ( 'NONE',  ( -4.076582343749996618, -63.75000000170700076, 1.688575694911923053 ) ) ;
#6002 = VERTEX_POINT ( 'NONE', #1420 ) ;
#6003 = CARTESIAN_POINT ( 'NONE',  ( -2.404163056034258172, -57.34375000341398021, -2.404163056034282153 ) ) ;
#6004 = AXIS2_PLACEMENT_3D ( 'NONE', #326, #4840, #1946 ) ;
#6005 = CARTESIAN_POINT ( 'NONE',  ( -1.408326112068523317, -64.14062500000000000, 3.399999999999972378 ) ) ;
#6006 = CARTESIAN_POINT ( 'NONE',  ( 4.076582343749994841, -57.03125000170699366, 1.688575694911926828 ) ) ;
#6007 = CARTESIAN_POINT ( 'NONE',  ( -3.399999999999995914, -61.87500000000000000, -2.380002022187964067E-14 ) ) ;
#6008 = CARTESIAN_POINT ( 'NONE',  ( 1.688575694911947256, -69.21875000170702208, -4.076582343750019710 ) ) ;
#6009 = CARTESIAN_POINT ( 'NONE',  ( -3.399999999999996358, -68.35937500341398732, 1.408326112068497560 ) ) ;
#6010 = CARTESIAN_POINT ( 'NONE',  ( -2.882579019330972159, -62.57812500170699366, 2.882579019330947734 ) ) ;
#6011 = CARTESIAN_POINT ( 'NONE',  ( 4.163799117100996122E-16, -80.00000000000000000, 3.399999999999972378 ) ) ;
#6012 = CARTESIAN_POINT ( 'NONE',  ( -4.076582343749995729, -71.40625000170699366, -1.688575694911971015 ) ) ;
#6013 = CARTESIAN_POINT ( 'NONE',  ( -1.408326112068521319, -77.10937500000000000, -3.400000000000019007 ) ) ;
#6014 = CARTESIAN_POINT ( 'NONE',  ( -3.399999999999996803, -65.85937500341398732, 1.408326112068497560 ) ) ;
#6015 = CARTESIAN_POINT ( 'NONE',  ( -7.488560278101070689E-16, -62.42187500170699366, 4.076582343749972637 ) ) ;
#6016 = CARTESIAN_POINT ( 'NONE',  ( 0.000000000000000000, -80.00000000000000000, -2.338364031016953865E-14 ) ) ;
#6017 = CARTESIAN_POINT ( 'NONE',  ( -3.399999999999995914, -51.87500000000000711, -2.380002022187964067E-14 ) ) ;
#6018 = CARTESIAN_POINT ( 'NONE',  ( 4.076582343749994841, -52.03125000170698655, 1.688575694911926828 ) ) ;
#6019 = CARTESIAN_POINT ( 'NONE',  ( 1.408326112068521985, -63.82812500341398732, -3.400000000000019007 ) ) ;
#6020 = CARTESIAN_POINT ( 'NONE',  ( 4.076582343749994841, -63.43750000170699366, 1.688575694911926828 ) ) ;
#6021 = LINE ( 'NONE', #3989, #560 ) ;
#6022 = CARTESIAN_POINT ( 'NONE',  ( -3.399999999999995914, -73.20312500000001421, -1.408326112068545521 ) ) ;
#6023 = CARTESIAN_POINT ( 'NONE',  ( -6.245698675651493936E-16, -55.62500000341398732, 3.399999999999972378 ) ) ;
#6024 = CARTESIAN_POINT ( 'NONE',  ( 4.929203366568097207E-16, -80.00000000000000000, 4.024999999999977263 ) ) ;
#6025 = CARTESIAN_POINT ( 'NONE',  ( 2.404163056034257728, -75.46875000341397310, 2.404163056034235968 ) ) ;
#6026 = CARTESIAN_POINT ( 'NONE',  ( 2.882579019330971715, -78.20312500170699366, -2.882579019330995251 ) ) ;
#6027 = CARTESIAN_POINT ( 'NONE',  ( -3.399999999999996358, -79.37500000000000000, 5.515357593243953213E-14 ) ) ;
#6028 = CARTESIAN_POINT ( 'NONE',  ( -3.399999999999995914, -63.51562500341398021, -1.408326112068545521 ) ) ;
#6029 = CARTESIAN_POINT ( 'NONE',  ( 1.688575694911947256, -56.71875000170699366, -4.076582343750019710 ) ) ;
#6030 = CARTESIAN_POINT ( 'NONE',  ( 2.882579019330970382, -64.60937500170699366, 2.882579019330949066 ) ) ;
#6031 = ORIENTED_EDGE ( 'NONE', *, *, #4353, .F. ) ;
#6032 = CARTESIAN_POINT ( 'NONE',  ( -2.882579019330972159, -50.07812500170698655, 2.882579019330947734 ) ) ;
#6033 = VERTEX_POINT ( 'NONE', #3404 ) ;
#6034 = CARTESIAN_POINT ( 'NONE',  ( 2.081899558550498061E-16, -62.18750000000000000, -3.400000000000019451 ) ) ;
#6035 = CARTESIAN_POINT ( 'NONE',  ( 2.882579019330971715, -54.29687500170699366, -2.882579019330995251 ) ) ;
#6036 = CARTESIAN_POINT ( 'NONE',  ( 1.408326112068521985, -62.26562500000001421, -3.400000000000019007 ) ) ;
#6037 = CARTESIAN_POINT ( 'NONE',  ( -7.488560278101070689E-16, -68.51562500170699366, 4.076582343749972637 ) ) ;
#6038 = CARTESIAN_POINT ( 'NONE',  ( 3.399999999999995470, -70.23437500341397310, -1.408326112068545521 ) ) ;
#6039 = MANIFOLD_SOLID_BREP ( '\X2\87ba7eb97ebf\X0\1', #2800 ) ;
#6040 = CARTESIAN_POINT ( 'NONE',  ( -7.488560278101070689E-16, -64.92187500170697945, 4.076582343749972637 ) ) ;
#6041 = CARTESIAN_POINT ( 'NONE',  ( -0.2284256961491699933, -79.56552591713995071, -3.590525917139099743 ) ) ;
#6042 = CARTESIAN_POINT ( 'NONE',  ( -7.488560278101070689E-16, -73.51562500170699366, 4.076582343749972637 ) ) ;
#6043 = CARTESIAN_POINT ( 'NONE',  ( 1.408326112068521985, -76.01562500000000000, -3.400000000000019007 ) ) ;
#6044 = DIRECTION ( 'NONE',  ( -0.000000000000000000, -1.000000000000000000, -0.000000000000000000 ) ) ;
#6045 = CARTESIAN_POINT ( 'NONE',  ( 4.076582343749994841, -65.93750000170699366, 1.688575694911926828 ) ) ;
#6046 = CARTESIAN_POINT ( 'NONE',  ( 4.076582343749994841, -75.78125000170700787, 1.688575694911926828 ) ) ;
#6047 = EDGE_CURVE ( 'NONE', #1591, #2048, #759, .T. ) ;
#6048 = CARTESIAN_POINT ( 'NONE',  ( 2.882579019330970382, -77.26562500170697945, 2.882579019330949066 ) ) ;
#6049 = CARTESIAN_POINT ( 'NONE',  ( 4.076582343749995729, -54.37500000170700076, -1.688575694911970571 ) ) ;
#6050 = CARTESIAN_POINT ( 'NONE',  ( 3.399999999999995470, -60.23437500341398021, -1.408326112068545521 ) ) ;
#6051 = CARTESIAN_POINT ( 'NONE',  ( -2.882579019330972159, -61.32812500170699366, 2.882579019330947734 ) ) ;
#6052 = CARTESIAN_POINT ( 'NONE',  ( 1.688575694911947922, -78.59375000170697945, 4.076582343749971749 ) ) ;
#6053 = EDGE_CURVE ( 'NONE', #2457, #834, #2310, .T. ) ;
#6054 = CARTESIAN_POINT ( 'NONE',  ( -2.404163056034259061, -59.21875000000000000, 2.404163056034235080 ) ) ;
#6055 = CARTESIAN_POINT ( 'NONE',  ( -2.404163056034258172, -56.09375000341398732, -2.404163056034282153 ) ) ;
#6056 = FACE_OUTER_BOUND ( 'NONE', #5565, .T. ) ;
#6057 = CARTESIAN_POINT ( 'NONE',  ( -2.404163056034259061, -78.28125000341398732, 2.404163056034235080 ) ) ;
#6058 = CARTESIAN_POINT ( 'NONE',  ( 2.882579019330970382, -77.26562500170697945, 2.882579019330949066 ) ) ;
#6059 = CYLINDRICAL_SURFACE ( 'NONE', #4518, 6.499999999999999112 ) ;
#6060 = CARTESIAN_POINT ( 'NONE',  ( 2.081899558550498061E-16, -78.75000000341398732, -3.400000000000019451 ) ) ;
#6061 = ADVANCED_FACE ( 'NONE', ( #1606 ), #1052, .F. ) ;
#6062 = CARTESIAN_POINT ( 'NONE',  ( 1.688575694911947256, -52.96875000170699366, -4.076582343750019710 ) ) ;
#6063 = CARTESIAN_POINT ( 'NONE',  ( 1.688575694911947256, -64.21875000170700787, -4.076582343750018822 ) ) ;
#6064 = ORIENTED_EDGE ( 'NONE', *, *, #4085, .F. ) ;
#6065 = ORIENTED_EDGE ( 'NONE', *, *, #2576, .T. ) ;
#6066 = DIRECTION ( 'NONE',  ( 0.000000000000000000, 0.000000000000000000, -1.000000000000000000 ) ) ;
#6067 = ORIENTED_EDGE ( 'NONE', *, *, #4178, .F. ) ;
#6068 = CARTESIAN_POINT ( 'NONE',  ( -2.404163056034258172, -65.78125000000000000, -2.404163056034282153 ) ) ;
#6069 = CARTESIAN_POINT ( 'NONE',  ( 2.496186759367024056E-16, -54.14062500170699366, -4.076582343750019710 ) ) ;
#6070 = DIRECTION ( 'NONE',  ( 0.000000000000000000, 0.000000000000000000, -1.000000000000000000 ) ) ;
#6071 = CARTESIAN_POINT ( 'NONE',  ( -4.076582343749996618, -71.25000000170699366, 1.688575694911923053 ) ) ;
#6072 = CARTESIAN_POINT ( 'NONE',  ( -2.404163056034259061, -65.78125000341398732, 2.404163056034235080 ) ) ;
#6073 = CARTESIAN_POINT ( 'NONE',  ( 4.076582343749995729, -65.85937500170699366, -2.338364031016953865E-14 ) ) ;
#6074 = CARTESIAN_POINT ( 'NONE',  ( -2.115892134143022574, -79.49134826726745473, -2.817959760668785840 ) ) ;
#6075 = CARTESIAN_POINT ( 'NONE',  ( 2.882579019330970382, -72.10937500170699366, 2.882579019330949066 ) ) ;
#6076 = CARTESIAN_POINT ( 'NONE',  ( -2.404163056034259061, -75.46875000000000000, 2.404163056034235080 ) ) ;
#6077 = LINE ( 'NONE', #4632, #2538 ) ;
#6078 = CARTESIAN_POINT ( 'NONE',  ( 4.076582343749995729, -63.35937500170699366, -2.338364031016953865E-14 ) ) ;
#6079 = CARTESIAN_POINT ( 'NONE',  ( -7.488560278101070689E-16, -74.76562500170699366, 4.076582343749972637 ) ) ;
#6080 = CARTESIAN_POINT ( 'NONE',  ( 2.081899558550498061E-16, -63.75000000341399442, -3.400000000000019451 ) ) ;
#6081 = CARTESIAN_POINT ( 'NONE',  ( 2.496186759367024056E-16, -52.89062500170699366, -4.076582343750019710 ) ) ;
#6082 = CARTESIAN_POINT ( 'NONE',  ( -1.408326112068521319, -59.92187500341399442, -3.400000000000019007 ) ) ;
#6083 = CARTESIAN_POINT ( 'NONE',  ( 2.882579019330970382, -63.51562500170698655, 2.882579019330949066 ) ) ;
#6084 = CARTESIAN_POINT ( 'NONE',  ( -4.076582343749995729, -77.81250000170699366, -1.688575694911971015 ) ) ;
#6086 =( BOUNDED_CURVE ( )  B_SPLINE_CURVE ( 2, ( #2497, #1493, #4026, #1524, #5469, #99, #3504, #2469, #3051 ),
 .UNSPECIFIED., .F., .T. ) 
 B_SPLINE_CURVE_WITH_KNOTS ( ( 3, 2, 2, 2, 3 ),
 ( 0.7812500000000000000, 0.7864583333333333703, 0.7916666666666665186, 0.7968749999999998890, 0.8020833333333332593 ),
 .UNSPECIFIED. ) 
 CURVE ( )  GEOMETRIC_REPRESENTATION_ITEM ( )  RATIONAL_B_SPLINE_CURVE ( ( 1.000000000000000000, 0.9238795325112867385, 1.000000000000000000, 0.9238795325112867385, 1.000000000000000000, 0.9238795325112867385, 1.000000000000000000, 0.9238795325112884038, 0.9999999999999983347 ) ) 
 REPRESENTATION_ITEM ( '' )  );
#6085 = DIRECTION ( 'NONE',  ( 0.000000000000000000, 0.000000000000000000, -1.000000000000000000 ) ) ;
#6087 = CARTESIAN_POINT ( 'NONE',  ( -3.399999999999995914, -52.18750000341398732, -2.380002022187964067E-14 ) ) ;
#6088 = PRODUCT_DEFINITION ( 'æœ', '', #3075, #5007 ) ;
#6089 = CARTESIAN_POINT ( 'NONE',  ( 2.404163056034258616, -62.65625000341398732, -2.404163056034282153 ) ) ;
#6090 = CARTESIAN_POINT ( 'NONE',  ( -1.408326112068521319, -78.67187500341397310, -3.400000000000019007 ) ) ;
#6091 = CARTESIAN_POINT ( 'NONE',  ( 2.882579019330970382, -76.01562500170697945, 2.882579019330949066 ) ) ;
#6092 = CARTESIAN_POINT ( 'NONE',  ( 4.163799117100993164E-16, -50.00000000000000000, 3.399999999999970157 ) ) ;
#6093 = FACE_OUTER_BOUND ( 'NONE', #1163, .T. ) ;
#6094 = CARTESIAN_POINT ( 'NONE',  ( 2.882579019330970382, -55.85937500170700076, 2.882579019330949066 ) ) ;
#6095 = CARTESIAN_POINT ( 'NONE',  ( 4.076582343749995729, -64.45312500170699366, -2.338364031016953865E-14 ) ) ;
#6096 = ORIENTED_EDGE ( 'NONE', *, *, #2224, .F. ) ;
#6097 = ORIENTED_EDGE ( 'NONE', *, *, #5100, .T. ) ;
#6098 = CARTESIAN_POINT ( 'NONE',  ( 2.081899558550498061E-16, -62.18750000000000000, -3.400000000000019451 ) ) ;
#6099 = EDGE_LOOP ( 'NONE', ( #6195, #5892, #4284, #1593 ) ) ;
#6100 = CARTESIAN_POINT ( 'NONE',  ( -2.404163056034259061, -61.71875000000000000, 2.404163056034235080 ) ) ;
#6101 = CARTESIAN_POINT ( 'NONE',  ( 1.688575694911947922, -55.93750000170699366, 4.076582343749971749 ) ) ;
#6102 = CARTESIAN_POINT ( 'NONE',  ( -2.882579019330972159, -50.07812500170698655, 2.882579019330947734 ) ) ;
#6103 = CARTESIAN_POINT ( 'NONE',  ( 2.496186759367024056E-16, -70.39062500170699366, -4.076582343750019710 ) ) ;
#6104 = CARTESIAN_POINT ( 'NONE',  ( 2.081899558550498061E-16, -65.00000000341397310, -3.400000000000019451 ) ) ;
#6105 = LOCAL_TIME ( 18, 39, 25.00000000000000000, #3018 ) ;
#6106 = CARTESIAN_POINT ( 'NONE',  ( -4.076582343749995729, -60.31250000170699366, -1.688575694911971015 ) ) ;
#6107 = CARTESIAN_POINT ( 'NONE',  ( -3.399999999999995470, -78.20312500000000000, -1.408326112068545521 ) ) ;
#6108 = CARTESIAN_POINT ( 'NONE',  ( 1.688575694911947256, -69.21875000170702208, -4.076582343750018822 ) ) ;
#6109 = CARTESIAN_POINT ( 'NONE',  ( -1.408326112068523317, -70.39062500000001421, 3.399999999999972378 ) ) ;
#6110 = LINE ( 'NONE', #6143, #3378 ) ;
#6111 = CARTESIAN_POINT ( 'NONE',  ( -1.688575694911946590, -61.71875000170699366, -4.076582343750018822 ) ) ;
#6112 = CARTESIAN_POINT ( 'NONE',  ( -2.882579019330970826, -72.73437500170699366, -2.882579019330995251 ) ) ;
#6113 = ORIENTED_EDGE ( 'NONE', *, *, #4657, .T. ) ;
#6114 = CARTESIAN_POINT ( 'NONE',  ( -1.688575694911949698, -51.09375000170699366, 4.076582343749971749 ) ) ;
#6115 = CARTESIAN_POINT ( 'NONE',  ( 1.688575694911947256, -75.62500000170699366, -4.076582343750019710 ) ) ;
#6116 = CARTESIAN_POINT ( 'NONE',  ( -4.076582343749995729, -52.57812500170700076, -2.388287766204294237E-14 ) ) ;
#6117 = CARTESIAN_POINT ( 'NONE',  ( -6.245698675651493936E-16, -61.87500000341398732, 3.399999999999972378 ) ) ;
#6118 = CARTESIAN_POINT ( 'NONE',  ( 2.882579019330970382, -58.51562500170699366, 2.882579019330949066 ) ) ;
#6119 = CARTESIAN_POINT ( 'NONE',  ( 4.076582343749995729, -78.28125000170697945, -1.688575694911970571 ) ) ;
#6120 = CARTESIAN_POINT ( 'NONE',  ( 0.000000000000000000, -80.00000000000000000, -3.400000000000019451 ) ) ;
#6121 = CARTESIAN_POINT ( 'NONE',  ( 2.081899558550498061E-16, -53.75000000341398021, -3.400000000000019451 ) ) ;
#6122 = CARTESIAN_POINT ( 'NONE',  ( 2.404163056034258616, -69.84375000000000000, -2.404163056034282153 ) ) ;
#6123 = CARTESIAN_POINT ( 'NONE',  ( -6.245698675651493936E-16, -75.62500000341398732, 3.399999999999972378 ) ) ;
#6124 = CARTESIAN_POINT ( 'NONE',  ( -1.688575694911949698, -77.50000000170699366, 4.076582343749971749 ) ) ;
#6125 =( BOUNDED_CURVE ( )  B_SPLINE_CURVE ( 2, ( #3747, #814, #4208, #1245, #4791, #5811, #5228, #1309, #314, #247, #5743, #6176, #3164, #184, #2190, #4176, #1276, #4760, #282, #4268, #6279, #1798, #4401, #5394, #2871, #3326, #5914, #1993, #349, #4369, #5883, #2904, #2387, #1340, #884, #4895, #2839, #4464, #4925, #416, #1866, #1965, #983, #4864, #3946, #3878, #2417, #5847, #6417, #6383, #6348, #1377, #1935, #3911, #5329, #386, #5944, #1472, #847, #5421, #3843, #948, #1444, #4826, #2478, #1901, #4436, #916, #3422, #2353, #4334, #4955, #3449, #2933, #447, #5449, #2965, #1409, #481, #3393, #2448, #6448, #3360, #6479, #5363, #3974, #513, #638, #2572, #2508, #3545, #5606, #4557, #1502, #1137, #3575, #2085, #3001, #2639, #1043, #2607, #80, #4068, #1627, #1012, #6071, #3606, #4005, #2537, #1597, #4100, #608, #4524, #49, #1533, #4987, #6103, #3126, #1074, #2054, #4037, #5123, #1563, #4625, #3061, #143, #2150, #5087, #5057, #4592, #110, #6008, #4491, #578, #2117, #3514, #16, #3096, #5973, #2021, #6037, #5572, #5509, #5539, #3482, #1107, #5478, #3033, #5024, #543, #2183, #4168, #1300, #3772, #273, #4690, #3675, #4133, #6235, #2275, #4260, #6170, #5768, #806, #176, #6272, #3288, #2215, #5672, #676, #5284, #5637, #1789, #2797, #3639, #1663, #4783, #5155, #5737, #5187, #1696, #305, #6137, #1731, #210, #709, #2247, #1168, #3158, #3255, #1202, #4232, #2670, #4202, #5705, #2702, #4659, #3192, #1237, #6203, #3708, #3224, #5220, #1760, #4751, #739, #2734, #4720, #240, #3741, #1270, #5251, #774, #2765, #2344, #3869, #5874, #4291, #1858, #439, #4917, #909, #6305, #3936, #6408, #4886, #5804, #3441, #3835, #5415, #6375, #2830, #1821, #4325, #1432, #1401, #3803, #1332, #5839, #2440, #4428, #5355, #2863, #6339, #3318, #6440, #1958, #3386, #4856, #377, #5936, #1368, #5322, #3352, #2378, #5387, #1464, #4948, #937, #4818, #2926, #839, #2897, #5441, #340, #875, #5907, #976, #4360, #1893, #409, #2957, #2410, #3415, #4393, #2311, #1926, #3903, #2992, #506, #3118, #4091, #101, #3086, #1034, #8, #474, #2563, #5078, #599, #5562, #6029, #2597, #6000, #1495, #2014, #4581, #3997, #1525, #2471, #3506, #2108, #6094, #6469, #4457, #1618, #3474, #2075, #5501, #2499, #3535, #4514, #3024, #1986, #5047, #1129, #5964, #5012, #534, #3967, #4549, #3597, #1097, #1555, #5597, #2528, #5471, #40, #1005, #2045, #4028, #4978, #5531, #4484, #567, #1065, #3053, #71, #4059, #6062, #1588, #3566, #1721, #2693, #167, #630, #3214, #5760, #4124, #1687, #3183, #201, #6161, #5115, #4650, #2206, #135, #1781, #2239, #4193, #5628, #5727, #4745, #2173, #1261, #1193, #6194, #3149, #3697, #3664, #3630, #5146, #5696, #1228, #2631, #4159, #3244, #5243, #4616, #2726, #1160, #4712, #5211, #2142, #6260 ),
 .UNSPECIFIED., .F., .T. ) 
 B_SPLINE_CURVE_WITH_KNOTS ( ( 3, 2, 2, 2, 2, 2, 2, 2, 2, 2, 2, 2, 2, 2, 2, 2, 2, 2, 2, 2, 2, 2, 2, 2, 2, 2, 2, 2, 2, 2, 2, 2, 2, 2, 2, 2, 2, 2, 2, 2, 2, 2, 2, 2, 2, 2, 2, 2, 2, 2, 2, 2, 2, 2, 2, 2, 2, 2, 2, 2, 2, 2, 2, 2, 2, 2, 2, 2, 2, 2, 2, 2, 2, 2, 2, 2, 2, 2, 2, 2, 2, 2, 2, 2, 2, 2, 2, 2, 2, 2, 2, 2, 2, 2, 2, 2, 2, 2, 2, 2, 2, 2, 2, 2, 2, 2, 2, 2, 2, 2, 2, 2, 2, 2, 2, 2, 2, 2, 2, 2, 2, 2, 2, 2, 2, 2, 2, 2, 2, 2, 2, 2, 2, 2, 2, 2, 2, 2, 2, 2, 2, 2, 2, 2, 2, 2, 2, 2, 2, 2, 2, 2, 2, 2, 2, 2, 2, 2, 2, 2, 2, 2, 2, 2, 2, 2, 2, 2, 2, 2, 2, 2, 2, 2, 2, 2, 2, 2, 2, 2, 2, 2, 2, 2, 2, 2, 2, 2, 2, 2, 2, 2, 3 ),
 ( 0.000000000000000000, 0.005208333333333333044, 0.01041666666666666609, 0.01562500000000000000, 0.02083333333333333218, 0.02604166666666666782, 0.03125000000000000000, 0.03645833333333333565, 0.04166666666666666435, 0.04687500000000000000, 0.05208333333333333565, 0.05729166666666666435, 0.06250000000000000000, 0.06770833333333332871, 0.07291666666666667129, 0.07812500000000000000, 0.08333333333333332871, 0.08854166666666667129, 0.09375000000000000000, 0.09895833333333332871, 0.1041666666666666713, 0.1093750000000000000, 0.1145833333333333287, 0.1197916666666666713, 0.1250000000000000000, 0.1302083333333333426, 0.1354166666666666574, 0.1406250000000000000, 0.1458333333333333426, 0.1510416666666666574, 0.1562500000000000000, 0.1614583333333333426, 0.1666666666666666574, 0.1718750000000000000, 0.1770833333333333426, 0.1822916666666666574, 0.1875000000000000000, 0.1927083333333333426, 0.1979166666666666574, 0.2031250000000000000, 0.2083333333333333426, 0.2135416666666666574, 0.2187500000000000000, 0.2239583333333333426, 0.2291666666666666574, 0.2343750000000000000, 0.2395833333333333426, 0.2447916666666666574, 0.2500000000000000000, 0.2552083333333333148, 0.2604166666666666852, 0.2656250000000000000, 0.2708333333333333148, 0.2760416666666666852, 0.2812500000000000000, 0.2864583333333333148, 0.2916666666666666852, 0.2968750000000000000, 0.3020833333333333148, 0.3072916666666666852, 0.3125000000000000000, 0.3177083333333333148, 0.3229166666666666852, 0.3281250000000000000, 0.3333333333333333148, 0.3385416666666666852, 0.3437500000000000000, 0.3489583333333333148, 0.3541666666666666852, 0.3593750000000000000, 0.3645833333333333148, 0.3697916666666666852, 0.3750000000000000000, 0.3802083333333333148, 0.3854166666666666852, 0.3906250000000000000, 0.3958333333333333148, 0.4010416666666666852, 0.4062500000000000000, 0.4114583333333333148, 0.4166666666666666852, 0.4218750000000000000, 0.4270833333333333148, 0.4322916666666666852, 0.4375000000000000000, 0.4427083333333333148, 0.4479166666666666852, 0.4531250000000000000, 0.4583333333333333148, 0.4635416666666666852, 0.4687500000000000000, 0.4739583333333333148, 0.4791666666666666852, 0.4843750000000000000, 0.4895833333333333148, 0.4947916666666666852, 0.5000000000000000000, 0.5052083333333333703, 0.5104166666666666297, 0.5156250000000000000, 0.5208333333333333703, 0.5260416666666666297, 0.5312500000000000000, 0.5364583333333333703, 0.5416666666666666297, 0.5468750000000000000, 0.5520833333333333703, 0.5572916666666666297, 0.5625000000000000000, 0.5677083333333333703, 0.5729166666666666297, 0.5781250000000000000, 0.5833333333333333703, 0.5885416666666666297, 0.5937500000000000000, 0.5989583333333333703, 0.6041666666666666297, 0.6093750000000000000, 0.6145833333333333703, 0.6197916666666666297, 0.6250000000000000000, 0.6302083333333333703, 0.6354166666666666297, 0.6406250000000000000, 0.6458333333333333703, 0.6510416666666666297, 0.6562500000000000000, 0.6614583333333333703, 0.6666666666666666297, 0.6718750000000000000, 0.6770833333333333703, 0.6822916666666666297, 0.6875000000000000000, 0.6927083333333333703, 0.6979166666666666297, 0.7031250000000000000, 0.7083333333333333703, 0.7135416666666666297, 0.7187500000000000000, 0.7239583333333333703, 0.7291666666666666297, 0.7343750000000000000, 0.7395833333333333703, 0.7447916666666666297, 0.7500000000000000000, 0.7552083333333333703, 0.7604166666666666297, 0.7656250000000000000, 0.7708333333333333703, 0.7760416666666666297, 0.7812500000000000000, 0.7864583333333333703, 0.7916666666666666297, 0.7968750000000000000, 0.8020833333333333703, 0.8072916666666666297, 0.8125000000000000000, 0.8177083333333333703, 0.8229166666666666297, 0.8281250000000000000, 0.8333333333333333703, 0.8385416666666666297, 0.8437500000000000000, 0.8489583333333333703, 0.8541666666666666297, 0.8593750000000000000, 0.8645833333333333703, 0.8697916666666666297, 0.8750000000000000000, 0.8802083333333333703, 0.8854166666666666297, 0.8906250000000000000, 0.8958333333333333703, 0.9010416666666666297, 0.9062500000000000000, 0.9114583333333333703, 0.9166666666666666297, 0.9218750000000000000, 0.9270833333333333703, 0.9322916666666666297, 0.9375000000000000000, 0.9427083333333333703, 0.9479166666666666297, 0.9531250000000000000, 0.9583333333333333703, 0.9635416666666666297, 0.9687500000000000000, 0.9739583333333333703, 0.9791666666666666297, 0.9843750000000000000, 0.9895833333333333703, 0.9947916666666666297, 1.000000000000000000 ),
 .UNSPECIFIED. ) 
 CURVE ( )  GEOMETRIC_REPRESENTATION_ITEM ( )  RATIONAL_B_SPLINE_CURVE ( ( 1.000000000000000000, 0.9238795325112867385, 1.000000000000000000, 0.9238795325112867385, 1.000000000000000000, 0.9238795325112867385, 1.000000000000000000, 0.9238795325112867385, 1.000000000000000000, 0.9238795325112867385, 1.000000000000000000, 0.9238795325112867385, 1.000000000000000000, 0.9238795325112867385, 1.000000000000000000, 0.9238795325112867385, 1.000000000000000000, 0.9238795325112867385, 1.000000000000000000, 0.9238795325112867385, 1.000000000000000000, 0.9238795325112867385, 1.000000000000000000, 0.9238795325112867385, 1.000000000000000000, 0.9238795325112867385, 1.000000000000000000, 0.9238795325112867385, 1.000000000000000000, 0.9238795325112867385, 1.000000000000000000, 0.9238795325112867385, 1.000000000000000000, 0.9238795325112867385, 1.000000000000000000, 0.9238795325112867385, 1.000000000000000000, 0.9238795325112867385, 1.000000000000000000, 0.9238795325112867385, 1.000000000000000000, 0.9238795325112867385, 1.000000000000000000, 0.9238795325112867385, 1.000000000000000000, 0.9238795325112867385, 1.000000000000000000, 0.9238795325112867385, 1.000000000000000000, 0.9238795325112867385, 1.000000000000000000, 0.9238795325112867385, 1.000000000000000000, 0.9238795325112867385, 1.000000000000000000, 0.9238795325112867385, 1.000000000000000000, 0.9238795325112867385, 1.000000000000000000, 0.9238795325112867385, 1.000000000000000000, 0.9238795325112867385, 1.000000000000000000, 0.9238795325112867385, 1.000000000000000000, 0.9238795325112867385, 1.000000000000000000, 0.9238795325112867385, 1.000000000000000000, 0.9238795325112867385, 1.000000000000000000, 0.9238795325112867385, 1.000000000000000000, 0.9238795325112867385, 1.000000000000000000, 0.9238795325112867385, 1.000000000000000000, 0.9238795325112867385, 1.000000000000000000, 0.9238795325112867385, 1.000000000000000000, 0.9238795325112867385, 1.000000000000000000, 0.9238795325112867385, 1.000000000000000000, 0.9238795325112867385, 1.000000000000000000, 0.9238795325112867385, 1.000000000000000000, 0.9238795325112867385, 1.000000000000000000, 0.9238795325112867385, 1.000000000000000000, 0.9238795325112867385, 1.000000000000000000, 0.9238795325112867385, 1.000000000000000000, 0.9238795325112867385, 1.000000000000000000, 0.9238795325112867385, 1.000000000000000000, 0.9238795325112867385, 1.000000000000000000, 0.9238795325112867385, 1.000000000000000000, 0.9238795325112867385, 1.000000000000000000, 0.9238795325112867385, 1.000000000000000000, 0.9238795325112867385, 1.000000000000000000, 0.9238795325112867385, 1.000000000000000000, 0.9238795325112867385, 1.000000000000000000, 0.9238795325112867385, 1.000000000000000000, 0.9238795325112867385, 1.000000000000000000, 0.9238795325112867385, 1.000000000000000000, 0.9238795325112867385, 1.000000000000000000, 0.9238795325112867385, 1.000000000000000000, 0.9238795325112867385, 1.000000000000000000, 0.9238795325112867385, 1.000000000000000000, 0.9238795325112867385, 1.000000000000000000, 0.9238795325112867385, 1.000000000000000000, 0.9238795325112867385, 1.000000000000000000, 0.9238795325112867385, 1.000000000000000000, 0.9238795325112867385, 1.000000000000000000, 0.9238795325112867385, 1.000000000000000000, 0.9238795325112867385, 1.000000000000000000, 0.9238795325112867385, 1.000000000000000000, 0.9238795325112867385, 1.000000000000000000, 0.9238795325112867385, 1.000000000000000000, 0.9238795325112867385, 1.000000000000000000, 0.9238795325112867385, 1.000000000000000000, 0.9238795325112867385, 1.000000000000000000, 0.9238795325112867385, 1.000000000000000000, 0.9238795325112867385, 1.000000000000000000, 0.9238795325112867385, 1.000000000000000000, 0.9238795325112867385, 1.000000000000000000, 0.9238795325112867385, 1.000000000000000000, 0.9238795325112867385, 1.000000000000000000, 0.9238795325112867385, 1.000000000000000000, 0.9238795325112867385, 1.000000000000000000, 0.9238795325112867385, 1.000000000000000000, 0.9238795325112867385, 1.000000000000000000, 0.9238795325112867385, 1.000000000000000000, 0.9238795325112867385, 1.000000000000000000, 0.9238795325112867385, 1.000000000000000000, 0.9238795325112867385, 1.000000000000000000, 0.9238795325112867385, 1.000000000000000000, 0.9238795325112867385, 1.000000000000000000, 0.9238795325112867385, 1.000000000000000000, 0.9238795325112867385, 1.000000000000000000, 0.9238795325112867385, 1.000000000000000000, 0.9238795325112867385, 1.000000000000000000, 0.9238795325112867385, 1.000000000000000000, 0.9238795325112867385, 1.000000000000000000, 0.9238795325112867385, 1.000000000000000000, 0.9238795325112867385, 1.000000000000000000, 0.9238795325112867385, 1.000000000000000000, 0.9238795325112867385, 1.000000000000000000, 0.9238795325112867385, 1.000000000000000000, 0.9238795325112867385, 1.000000000000000000, 0.9238795325112867385, 1.000000000000000000, 0.9238795325112867385, 1.000000000000000000, 0.9238795325112867385, 1.000000000000000000, 0.9238795325112867385, 1.000000000000000000, 0.9238795325112867385, 1.000000000000000000, 0.9238795325112867385, 1.000000000000000000, 0.9238795325112867385, 1.000000000000000000, 0.9238795325112867385, 1.000000000000000000, 0.9238795325112867385, 1.000000000000000000, 0.9238795325112867385, 1.000000000000000000, 0.9238795325112867385, 1.000000000000000000, 0.9238795325112867385, 1.000000000000000000, 0.9238795325112867385, 1.000000000000000000, 0.9238795325112867385, 1.000000000000000000, 0.9238795325112867385, 1.000000000000000000, 0.9238795325112867385, 1.000000000000000000, 0.9238795325112867385, 1.000000000000000000, 0.9238795325112867385, 1.000000000000000000, 0.9238795325112867385, 1.000000000000000000, 0.9238795325112867385, 1.000000000000000000, 0.9238795325112867385, 1.000000000000000000, 0.9238795325112867385, 1.000000000000000000, 0.9238795325112867385, 1.000000000000000000, 0.9238795325112867385, 1.000000000000000000, 0.9238795325112867385, 1.000000000000000000, 0.9238795325112867385, 1.000000000000000000, 0.9238795325112867385, 1.000000000000000000, 0.9238795325112867385, 1.000000000000000000, 0.9238795325112867385, 1.000000000000000000, 0.9238795325112867385, 1.000000000000000000, 0.9238795325112867385, 1.000000000000000000, 0.9238795325112867385, 1.000000000000000000, 0.9238795325112867385, 1.000000000000000000, 0.9238795325112867385, 1.000000000000000000, 0.9238795325112867385, 1.000000000000000000, 0.9238795325112867385, 1.000000000000000000, 0.9238795325112867385, 1.000000000000000000, 0.9238795325112867385, 1.000000000000000000, 0.9238795325112867385, 1.000000000000000000, 0.9238795325112867385, 1.000000000000000000, 0.9238795325112867385, 1.000000000000000000, 0.9238795325112867385, 1.000000000000000000, 0.9238795325112867385, 1.000000000000000000, 0.9238795325112867385, 1.000000000000000000, 0.9238795325112867385, 1.000000000000000000, 0.9238795325112867385, 1.000000000000000000, 0.9238795325112867385, 1.000000000000000000, 0.9238795325112867385, 1.000000000000000000, 0.9238795325112867385, 1.000000000000000000, 0.9238795325112867385, 1.000000000000000000, 0.9238795325112867385, 1.000000000000000000, 0.9238795325112867385, 1.000000000000000000, 0.9238795325112867385, 1.000000000000000000, 0.9238795325112867385, 1.000000000000000000, 0.9238795325112867385, 1.000000000000000000, 0.9238795325112867385, 1.000000000000000000, 0.9238795325112867385, 1.000000000000000000, 0.9238795325112867385, 1.000000000000000000, 0.9238795325112867385, 1.000000000000000000, 0.9238795325112867385, 1.000000000000000000, 0.9238795325112867385, 1.000000000000000000, 0.9238795325112867385, 1.000000000000000000, 0.9238795325112867385, 1.000000000000000000, 0.9238795325112867385, 1.000000000000000000, 0.9238795325112867385, 1.000000000000000000, 0.9238795325112867385, 1.000000000000000000, 0.9238795325112867385, 1.000000000000000000, 0.9238795325112867385, 1.000000000000000000, 0.9238795325112867385, 1.000000000000000000, 0.9238795325112867385, 1.000000000000000000, 0.9238795325112867385, 1.000000000000000000, 0.9238795325112867385, 1.000000000000000000, 0.9238795325112867385, 1.000000000000000000, 0.9238795325112867385, 1.000000000000000000, 0.9238795325112867385, 1.000000000000000000, 0.9238795325112867385, 1.000000000000000000, 0.9238795325112867385, 1.000000000000000000, 0.9238795325112867385, 1.000000000000000000, 0.9238795325112867385, 1.000000000000000000, 0.9238795325112867385, 1.000000000000000000, 0.9238795325112867385, 1.000000000000000000, 0.9238795325112867385, 1.000000000000000000, 0.9238795325112867385, 1.000000000000000000, 0.9238795325112867385, 1.000000000000000000, 0.9238795325112867385, 1.000000000000000000, 0.9238795325112867385, 1.000000000000000000, 0.9238795325112867385, 1.000000000000000000 ) ) 
 REPRESENTATION_ITEM ( '' )  );
#6126 = CARTESIAN_POINT ( 'NONE',  ( -6.245698675651493936E-16, -70.31250000000000000, 3.399999999999972378 ) ) ;
#6127 = CARTESIAN_POINT ( 'NONE',  ( 2.081899558550498061E-16, -58.75000000341398732, -3.400000000000019451 ) ) ;
#6128 = FACE_OUTER_BOUND ( 'NONE', #6099, .T. ) ;
#6129 = ORIENTED_EDGE ( 'NONE', *, *, #2025, .F. ) ;
#6130 = ORIENTED_EDGE ( 'NONE', *, *, #4419, .F. ) ;
#6131 = CARTESIAN_POINT ( 'NONE',  ( -3.399999999999995914, -50.62500000000000000, -2.380002022187964067E-14 ) ) ;
#6132 = CARTESIAN_POINT ( 'NONE',  ( -6.245698675651493936E-16, -51.56250000000000000, 3.399999999999972378 ) ) ;
#6133 = EDGE_LOOP ( 'NONE', ( #3402, #3537, #136, #4552 ) ) ;
#6134 = CARTESIAN_POINT ( 'NONE',  ( -3.399999999999996358, -63.04687500000000711, 1.408326112068497560 ) ) ;
#6135 = CARTESIAN_POINT ( 'NONE',  ( -1.688575694911946590, -50.31250000170699366, -4.076582343750018822 ) ) ;
#6136 = CARTESIAN_POINT ( 'NONE',  ( 3.399999999999995026, -74.14062500341395889, 1.408326112068500446 ) ) ;
#6137 = CARTESIAN_POINT ( 'NONE',  ( -2.882579019330970826, -65.23437500170699366, -2.882579019330995251 ) ) ;
#6138 = CARTESIAN_POINT ( 'NONE',  ( -3.399999999999995470, -62.26562500341398021, -1.408326112068545521 ) ) ;
#6139 = CARTESIAN_POINT ( 'NONE',  ( 4.076582343749995729, -58.35937500170698655, -2.338364031016953865E-14 ) ) ;
#6140 = CARTESIAN_POINT ( 'NONE',  ( -3.399999999999995914, -76.87500000000000000, -2.380002022187964067E-14 ) ) ;
#6141 = CARTESIAN_POINT ( 'NONE',  ( -2.882579019330970826, -65.23437500170699366, -2.882579019330995251 ) ) ;
#6142 = CARTESIAN_POINT ( 'NONE',  ( -2.404163056034259061, -72.96875000000000000, 2.404163056034235080 ) ) ;
#6143 = CARTESIAN_POINT ( 'NONE',  ( 4.163799117100996122E-16, -80.00000000000000000, 3.399999999999972378 ) ) ;
#6144 = CARTESIAN_POINT ( 'NONE',  ( 4.076582343749995729, -58.28125000170699366, -1.688575694911970571 ) ) ;
#6145 = AXIS2_PLACEMENT_3D ( 'NONE', #3866, #5869, #5411 ) ;
#6146 = CARTESIAN_POINT ( 'NONE',  ( -2.882579019330970826, -71.48437500170699366, -2.882579019330995251 ) ) ;
#6147 = CARTESIAN_POINT ( 'NONE',  ( -1.688575694911946590, -51.56250000170698655, -4.076582343750018822 ) ) ;
#6148 = CARTESIAN_POINT ( 'NONE',  ( -4.076582343749996618, -72.65625000170699366, 1.688575694911923053 ) ) ;
#6149 = EDGE_CURVE ( 'NONE', #1692, #360, #3674, .T. ) ;
#6150 = CARTESIAN_POINT ( 'NONE',  ( 2.882579019330970382, -54.60937500170700076, 2.882579019330949066 ) ) ;
#6151 = CARTESIAN_POINT ( 'NONE',  ( 3.399999999999995026, -54.14062500341399442, 1.408326112068500224 ) ) ;
#6152 = CARTESIAN_POINT ( 'NONE',  ( -2.882579019330970826, -60.39062500170699366, -2.882579019330995251 ) ) ;
#6153 = CARTESIAN_POINT ( 'NONE',  ( -2.882579019330972159, -72.57812500170699366, 2.882579019330947734 ) ) ;
#6154 = DIRECTION ( 'NONE',  ( -0.000000000000000000, -1.000000000000000000, -0.000000000000000000 ) ) ;
#6155 = CARTESIAN_POINT ( 'NONE',  ( 0.000000000000000000, -50.00000000000000000, -2.338364031016953865E-14 ) ) ;
#6156 = CARTESIAN_POINT ( 'NONE',  ( -6.245698675651493936E-16, -70.62500000341398732, 3.399999999999972378 ) ) ;
#6157 = CARTESIAN_POINT ( 'NONE',  ( 2.882579019330970382, -72.26562500170699366, 2.882579019330949066 ) ) ;
#6158 = CARTESIAN_POINT ( 'NONE',  ( 3.399999999999995914, -50.31250000341398732, -2.338364031016953865E-14 ) ) ;
#6159 = CARTESIAN_POINT ( 'NONE',  ( 2.081899558550498061E-16, -60.93750000000000711, -3.400000000000019451 ) ) ;
#6160 = CARTESIAN_POINT ( 'NONE',  ( 2.404163056034257728, -63.90625000000000000, 2.404163056034235968 ) ) ;
#6161 = CARTESIAN_POINT ( 'NONE',  ( 4.076582343749995729, -51.95312500170700076, -2.338364031016953865E-14 ) ) ;
#6162 = ORIENTED_EDGE ( 'NONE', *, *, #5999, .T. ) ;
#6163 = ORIENTED_EDGE ( 'NONE', *, *, #2399, .F. ) ;
#6164 = CARTESIAN_POINT ( 'NONE',  ( 2.081899558550498061E-16, -71.25000000341398732, -3.400000000000019451 ) ) ;
#6165 = CARTESIAN_POINT ( 'NONE',  ( 3.399999999999995470, -51.17187500000000711, -1.408326112068545521 ) ) ;
#6166 = ORIENTED_EDGE ( 'NONE', *, *, #3263, .F. ) ;
#6167 = CARTESIAN_POINT ( 'NONE',  ( 3.399999999999995026, -56.32812500000000000, 1.408326112068500224 ) ) ;
#6168 = CARTESIAN_POINT ( 'NONE',  ( -2.882579019330972159, -51.17187500170699366, 2.882579019330947734 ) ) ;
#6169 = CARTESIAN_POINT ( 'NONE',  ( -6.245698675651493936E-16, -64.37500000341397310, 3.399999999999972378 ) ) ;
#6170 = CARTESIAN_POINT ( 'NONE',  ( 4.076582343749995729, -66.87500000170699366, -1.688575694911970571 ) ) ;
#6171 = CARTESIAN_POINT ( 'NONE',  ( 3.399999999999995914, -61.56250000341398021, -2.338364031016953865E-14 ) ) ;
#6172 = CARTESIAN_POINT ( 'NONE',  ( 2.882579019330971715, -58.20312500170699366, -2.882579019330995251 ) ) ;
#6173 = CARTESIAN_POINT ( 'NONE',  ( 1.408326112068522651, -77.73437500000002842, 3.399999999999972378 ) ) ;
#6174 = CARTESIAN_POINT ( 'NONE',  ( -4.076582343749995729, -67.57812500170699366, -2.388287766204294237E-14 ) ) ;
#6175 = CARTESIAN_POINT ( 'NONE',  ( -6.245698675651493936E-16, -72.81250000000000000, 3.399999999999972378 ) ) ;
#6176 = CARTESIAN_POINT ( 'NONE',  ( -1.688575694911950142, -78.59375000170699366, 4.076582343749971749 ) ) ;
#6177 = CARTESIAN_POINT ( 'NONE',  ( 4.076582343749995729, -59.60937500170698655, -2.338364031016953865E-14 ) ) ;
#6178 = CARTESIAN_POINT ( 'NONE',  ( -1.408326112068523317, -76.95312500341398732, 3.399999999999972378 ) ) ;
#6179 = EDGE_CURVE ( 'NONE', #4655, #2473, #1014, .T. ) ;
#6180 = CARTESIAN_POINT ( 'NONE',  ( 4.076582343749994841, -72.18750000170699366, 1.688575694911926828 ) ) ;
#6181 = EDGE_CURVE ( 'NONE', #379, #5598, #4951, .T. ) ;
#6182 = CARTESIAN_POINT ( 'NONE',  ( -4.076582343749996618, -50.15625000170700076, 1.688575694911923053 ) ) ;
#6183 = CARTESIAN_POINT ( 'NONE',  ( -3.399999999999995470, -58.51562500341398021, -1.408326112068545521 ) ) ;
#6184 = CARTESIAN_POINT ( 'NONE',  ( 2.496186759367024056E-16, -58.04687500170699366, -4.076582343750019710 ) ) ;
#6185 = CARTESIAN_POINT ( 'NONE',  ( 1.688575694911947256, -74.37500000170699366, -4.076582343750018822 ) ) ;
#6186 = ORIENTED_EDGE ( 'NONE', *, *, #4416, .T. ) ;
#6187 = CARTESIAN_POINT ( 'NONE',  ( 2.404163056034258616, -57.34375000000000000, -2.404163056034282153 ) ) ;
#6188 = CARTESIAN_POINT ( 'NONE',  ( -3.399999999999996358, -50.85937500341398732, 1.408326112068497560 ) ) ;
#6189 = CARTESIAN_POINT ( 'NONE',  ( -3.399999999999995470, -73.51562500341398732, -1.408326112068545521 ) ) ;
#6190 = CARTESIAN_POINT ( 'NONE',  ( 4.076582343749994841, -73.43750000170700787, 1.688575694911926828 ) ) ;
#6191 = CARTESIAN_POINT ( 'NONE',  ( -6.245698675651493936E-16, -54.37500000341398732, 3.399999999999972378 ) ) ;
#6192 = CARTESIAN_POINT ( 'NONE',  ( -2.404163056034259061, -55.46875000000000000, 2.404163056034235080 ) ) ;
#6193 = CARTESIAN_POINT ( 'NONE',  ( 1.408326112068521985, -54.76562500000000711, -3.400000000000019451 ) ) ;
#6194 = CARTESIAN_POINT ( 'NONE',  ( 2.882579019330970382, -50.85937500170699366, 2.882579019330949066 ) ) ;
#6195 = ORIENTED_EDGE ( 'NONE', *, *, #4137, .F. ) ;
#6196 = ORIENTED_EDGE ( 'NONE', *, *, #6472, .T. ) ;
#6197 = DIRECTION ( 'NONE',  ( -0.000000000000000000, 1.000000000000000000, 2.927345865710861972E-16 ) ) ;
#6198 = CARTESIAN_POINT ( 'NONE',  ( -6.245698675651493936E-16, -50.31249999999999289, 3.399999999999972378 ) ) ;
#6199 = ORIENTED_EDGE ( 'NONE', *, *, #5017, .F. ) ;
#6200 = CARTESIAN_POINT ( 'NONE',  ( 3.399999999999995470, -59.92187500000000711, -1.408326112068545521 ) ) ;
#6201 = EDGE_CURVE ( 'NONE', #3568, #5663, #2553, .T. ) ;
#6202 = CARTESIAN_POINT ( 'NONE',  ( -2.882579019330970826, -50.23437500170699366, -2.882579019330995251 ) ) ;
#6203 = CARTESIAN_POINT ( 'NONE',  ( -4.076582343749995729, -63.90625000170699366, -1.688575694911971015 ) ) ;
#6204 = VECTOR ( 'NONE', #5380, 1000.000000000000000 ) ;
#6205 = CARTESIAN_POINT ( 'NONE',  ( -3.399999999999996358, -64.60937500341398732, 1.408326112068497560 ) ) ;
#6206 = CARTESIAN_POINT ( 'NONE',  ( 4.076582343749995729, -60.78125000170699366, -1.688575694911970571 ) ) ;
#6207 = CARTESIAN_POINT ( 'NONE',  ( -2.404163056034259061, -75.46875000000000000, 2.404163056034235080 ) ) ;
#6208 = CARTESIAN_POINT ( 'NONE',  ( 2.882579019330970382, -67.10937500170699366, 2.882579019330949066 ) ) ;
#6209 = CARTESIAN_POINT ( 'NONE',  ( -3.399999999999995470, -73.20312500000001421, -1.408326112068545521 ) ) ;
#6210 = CARTESIAN_POINT ( 'NONE',  ( 1.408326112068560620, -78.51562500000000000, -3.399999999999979927 ) ) ;
#6211 = CARTESIAN_POINT ( 'NONE',  ( 2.882579019330970382, -62.26562500170698655, 2.882579019330949066 ) ) ;
#6212 = CARTESIAN_POINT ( 'NONE',  ( -7.488560278101070689E-16, -49.76562500170698655, 4.076582343749972637 ) ) ;
#6213 = CARTESIAN_POINT ( 'NONE',  ( -1.688575694911950142, -73.75000000170699366, 4.076582343749971749 ) ) ;
#6214 = CARTESIAN_POINT ( 'NONE',  ( 2.496186759367024056E-16, -51.79687500170698655, -4.076582343750019710 ) ) ;
#6215 = CARTESIAN_POINT ( 'NONE',  ( -2.404163056034258172, -56.09375000341398732, -2.404163056034282153 ) ) ;
#6216 = CARTESIAN_POINT ( 'NONE',  ( 4.076582343749994841, -58.43750000170699366, 1.688575694911926828 ) ) ;
#6217 = ADVANCED_FACE ( 'NONE', ( #1558 ), #3028, .F. ) ;
#6218 = CARTESIAN_POINT ( 'NONE',  ( 4.076582343749995729, -73.35937500170697945, -2.338364031016953865E-14 ) ) ;
#6219 = CARTESIAN_POINT ( 'NONE',  ( 4.929203366568097207E-16, -80.00000000000000000, 4.024999999999977263 ) ) ;
#6220 = CARTESIAN_POINT ( 'NONE',  ( 2.081899558550498061E-16, -72.18750000000000000, -3.400000000000019451 ) ) ;
#6221 = CARTESIAN_POINT ( 'NONE',  ( 1.408326112068521985, -70.07812500341398732, -3.400000000000019007 ) ) ;
#6222 = CARTESIAN_POINT ( 'NONE',  ( -1.688575694911949698, -75.00000000170702208, 4.076582343749971749 ) ) ;
#6223 =( BOUNDED_CURVE ( )  B_SPLINE_CURVE ( 2, ( #5269, #5303, #5893, #925, #1877, #1842, #5403, #396, #324 ),
 .UNSPECIFIED., .F., .T. ) 
 B_SPLINE_CURVE_WITH_KNOTS ( ( 3, 2, 2, 2, 3 ),
 ( 0.6562499999999997780, 0.6614583333333331483, 0.6666666666666664076, 0.6718749999999997780, 0.6770833333333331483 ),
 .UNSPECIFIED. ) 
 CURVE ( )  GEOMETRIC_REPRESENTATION_ITEM ( )  RATIONAL_B_SPLINE_CURVE ( ( 1.000000000000003331, 0.9238795325112835188, 1.000000000000000000, 0.9238795325112867385, 1.000000000000000000, 0.9238795325112867385, 1.000000000000000000, 0.9238795325112899581, 0.9999999999999967804 ) ) 
 REPRESENTATION_ITEM ( '' )  );
#6224 = CARTESIAN_POINT ( 'NONE',  ( 0.000000000000000000, -80.00000000000000000, -3.400000000000019451 ) ) ;
#6225 = CARTESIAN_POINT ( 'NONE',  ( -1.408326112068523317, -56.64062500000000000, 3.399999999999972378 ) ) ;
#6226 = CARTESIAN_POINT ( 'NONE',  ( -3.399999999999995914, -76.01562500341398732, -1.408326112068545521 ) ) ;
#6227 = CARTESIAN_POINT ( 'NONE',  ( 0.000000000000000000, -50.00000000000000000, -3.400000000000017231 ) ) ;
#6228 = ORIENTED_EDGE ( 'NONE', *, *, #3523, .F. ) ;
#6229 = CARTESIAN_POINT ( 'NONE',  ( 4.163799117100996122E-16, -80.00000000000000000, 3.399999999999972378 ) ) ;
#6230 = CARTESIAN_POINT ( 'NONE',  ( 3.399999999999995026, -51.32812500000001421, 1.408326112068500224 ) ) ;
#6231 = ORIENTED_EDGE ( 'NONE', *, *, #4418, .F. ) ;
#6232 = CARTESIAN_POINT ( 'NONE',  ( 1.408326112068522651, -57.73437500000000711, 3.399999999999972378 ) ) ;
#6233 = CARTESIAN_POINT ( 'NONE',  ( -7.488560278101070689E-16, -49.76562500170698655, 4.076582343749972637 ) ) ;
#6234 = CARTESIAN_POINT ( 'NONE',  ( 3.399999999999995914, -52.50000000000000711, -2.338364031016953865E-14 ) ) ;
#6235 = CARTESIAN_POINT ( 'NONE',  ( 2.882579019330970382, -67.10937500170699366, 2.882579019330949066 ) ) ;
#6236 = CARTESIAN_POINT ( 'NONE',  ( -2.404163056034258172, -57.34375000341398021, -2.404163056034282153 ) ) ;
#6237 = CARTESIAN_POINT ( 'NONE',  ( 1.688575694911947256, -60.62500000170699366, -4.076582343750019710 ) ) ;
#6238 = CARTESIAN_POINT ( 'NONE',  ( 3.399999999999995914, -75.00000000000000000, -2.338364031016953865E-14 ) ) ;
#6239 = CARTESIAN_POINT ( 'NONE',  ( 2.882579019330971715, -66.79687500170700787, -2.882579019330995251 ) ) ;
#6240 = CARTESIAN_POINT ( 'NONE',  ( 2.404163056034257728, -71.40625000000000000, 2.404163056034235968 ) ) ;
#6241 = CARTESIAN_POINT ( 'NONE',  ( -2.404163056034258172, -54.53125000000000000, -2.404163056034282153 ) ) ;
#6242 = CARTESIAN_POINT ( 'NONE',  ( -4.076582343749995729, -57.73437500170698655, -2.388287766204294237E-14 ) ) ;
#6243 = CARTESIAN_POINT ( 'NONE',  ( -6.245698675651493936E-16, -78.12500000341398732, 3.399999999999972378 ) ) ;
#6244 = CARTESIAN_POINT ( 'NONE',  ( -1.688575694911946590, -72.96875000170699366, -4.076582343750019710 ) ) ;
#6245 = CARTESIAN_POINT ( 'NONE',  ( -2.882579019330972159, -51.32812500170699366, 2.882579019330947734 ) ) ;
#6246 = CARTESIAN_POINT ( 'NONE',  ( 1.408326112068521985, -56.32812500341398021, -3.400000000000019007 ) ) ;
#6247 = CARTESIAN_POINT ( 'NONE',  ( -4.076582343749995729, -60.23437500170698655, -2.388287766204294237E-14 ) ) ;
#6248 = CARTESIAN_POINT ( 'NONE',  ( 4.076582343749994841, -75.93750000170699366, 1.688575694911926828 ) ) ;
#6249 = CARTESIAN_POINT ( 'NONE',  ( 2.404163056034257728, -51.71875000341398732, 2.404163056034235968 ) ) ;
#6250 = B_SPLINE_CURVE_WITH_KNOTS ( 'NONE', 3,
 ( #4929, #889, #390, #4958, #3882, #5886, #1905, #2452, #5452, #1600, #6074, #2674, #2541, #642, #1077, #4139, #6041, #2642 ),
 .UNSPECIFIED., .F., .F.,
 ( 4, 2, 2, 2, 2, 2, 2, 2, 4 ),
 ( 7.819974925080754648E-17, 0.0006848157172975988900, 0.001369631434595119717, 0.002054447151892640003, 0.002739262869190160939, 0.003424078586487681441, 0.004108894303785201943, 0.004793710021082721144, 0.005478525738380241213 ),
 .UNSPECIFIED. ) ;
#6251 = EDGE_CURVE ( 'NONE', #6002, #3569, #4385, .T. ) ;
#6252 = CARTESIAN_POINT ( 'NONE',  ( -2.404163056034259061, -49.53125000341398021, 2.404163056034235080 ) ) ;
#6253 = AXIS2_PLACEMENT_3D ( 'NONE', #6465, #2495, #5960 ) ;
#6254 = EDGE_CURVE ( 'NONE', #2600, #4033, #6411, .T. ) ;
#6255 = CARTESIAN_POINT ( 'NONE',  ( 2.404163056034257728, -70.46875000341398732, 2.404163056034235968 ) ) ;
#6256 = CARTESIAN_POINT ( 'NONE',  ( 2.882579019330970382, -73.51562500170699366, 2.882579019330949066 ) ) ;
#6257 = CARTESIAN_POINT ( 'NONE',  ( 2.081899558550498061E-16, -62.18750000000000000, -3.400000000000019451 ) ) ;
#6258 = CARTESIAN_POINT ( 'NONE',  ( -3.399999999999995914, -56.87500000000000000, -2.380002022187964067E-14 ) ) ;
#6259 = CARTESIAN_POINT ( 'NONE',  ( -3.399999999999995914, -75.93750000341398732, -2.380002022187964067E-14 ) ) ;
#6260 = CARTESIAN_POINT ( 'NONE',  ( 4.076582343749995729, -49.45312500170699366, -2.338364031016953865E-14 ) ) ;
#6261 = VERTEX_POINT ( 'NONE', #4684 ) ;
#6262 = EDGE_CURVE ( 'NONE', #1876, #2426, #4591, .T. ) ;
#6263 =( NAMED_UNIT ( * ) SI_UNIT ( $, .STERADIAN. ) SOLID_ANGLE_UNIT ( ) );
#6264 = CARTESIAN_POINT ( 'NONE',  ( 2.404163056034258616, -53.59375000000000000, -2.404163056034282153 ) ) ;
#6265 = EDGE_CURVE ( 'NONE', #3188, #508, #363, .T. ) ;
#6266 = EDGE_CURVE ( 'NONE', #5761, #169, #1725, .T. ) ;
#6267 = VERTEX_POINT ( 'NONE', #6164 ) ;
#6268 = CARTESIAN_POINT ( 'NONE',  ( 2.404163056034258616, -59.84375000000000000, -2.404163056034282153 ) ) ;
#6269 = CARTESIAN_POINT ( 'NONE',  ( 1.408326112068534197, -68.98437500000001421, 3.399999999999961275 ) ) ;
#6270 = CARTESIAN_POINT ( 'NONE',  ( -6.245698675651493936E-16, -63.12500000341398021, 3.399999999999972378 ) ) ;
#6271 = EDGE_CURVE ( 'NONE', #693, #5909, #252, .T. ) ;
#6272 = CARTESIAN_POINT ( 'NONE',  ( -1.688575694911946590, -66.56250000170699366, -4.076582343750019710 ) ) ;
#6273 = CARTESIAN_POINT ( 'NONE',  ( 2.882579019330971715, -73.04687500170699366, -2.882579019330995251 ) ) ;
#6274 = CARTESIAN_POINT ( 'NONE',  ( -3.399999999999995914, -59.68750000341398021, -2.380002022187964067E-14 ) ) ;
#6275 = CARTESIAN_POINT ( 'NONE',  ( 2.882579019330970382, -52.26562500170699366, 2.882579019330949066 ) ) ;
#6276 = CARTESIAN_POINT ( 'NONE',  ( -3.399999999999995470, -73.20312500000001421, -1.408326112068545521 ) ) ;
#6277 = CARTESIAN_POINT ( 'NONE',  ( 4.076582343749995729, -65.70312500170699366, -2.338364031016953865E-14 ) ) ;
#6278 = CARTESIAN_POINT ( 'NONE',  ( -2.404163056034258172, -69.53125000000000000, -2.404163056034282153 ) ) ;
#6279 = CARTESIAN_POINT ( 'NONE',  ( 2.496186759367024056E-16, -77.89062500170699366, -4.076582343750019710 ) ) ;
#6280 = CARTESIAN_POINT ( 'NONE',  ( 2.496186759367024056E-16, -54.29687500170699366, -4.076582343750019710 ) ) ;
#6281 = VERTEX_POINT ( 'NONE', #3701 ) ;
#6282 = CARTESIAN_POINT ( 'NONE',  ( -2.404163056034259061, -75.78125000341398732, 2.404163056034235080 ) ) ;
#6283 = CARTESIAN_POINT ( 'NONE',  ( 4.076582343749995729, -68.28125000170699366, -1.688575694911970571 ) ) ;
#6284 = LINE ( 'NONE', #5141, #5967 ) ;
#6285 = CARTESIAN_POINT ( 'NONE',  ( 4.076582343749994841, -53.43750000170699366, 1.688575694911926828 ) ) ;
#6286 = CARTESIAN_POINT ( 'NONE',  ( 2.404163056034257728, -55.46875000341398732, 2.404163056034235968 ) ) ;
#6287 = CARTESIAN_POINT ( 'NONE',  ( 2.882579019330970382, -51.01562500170699366, 2.882579019330949066 ) ) ;
#6288 = CARTESIAN_POINT ( 'NONE',  ( -1.688575694911946590, -74.21875000170700787, -4.076582343750018822 ) ) ;
#6289 = VECTOR ( 'NONE', #6407, 1000.000000000000000 ) ;
#6290 = DIRECTION ( 'NONE',  ( 0.000000000000000000, 0.000000000000000000, -1.000000000000000000 ) ) ;
#6291 = CARTESIAN_POINT ( 'NONE',  ( -3.399999999999996358, -70.85937500341398732, 1.408326112068497560 ) ) ;
#6292 = CARTESIAN_POINT ( 'NONE',  ( 4.076582343749994841, -74.68750000170699366, 1.688575694911926828 ) ) ;
#6293 = CARTESIAN_POINT ( 'NONE',  ( 1.408326112068544633, -61.01562500000000711, -3.399999999999995914 ) ) ;
#6294 = CARTESIAN_POINT ( 'NONE',  ( 1.408326112068522651, -58.98437500000001421, 3.399999999999972378 ) ) ;
#6295 = CARTESIAN_POINT ( 'NONE',  ( 3.399999999999995914, -55.00000000000000000, -2.338364031016953865E-14 ) ) ;
#6296 = CARTESIAN_POINT ( 'NONE',  ( 2.081899558550498061E-16, -78.75000000341398732, -3.400000000000019451 ) ) ;
#6297 = CC_DESIGN_DATE_AND_TIME_ASSIGNMENT ( #1920, #5993, ( #2566 ) ) ;
#6298 = ORIENTED_EDGE ( 'NONE', *, *, #4617, .T. ) ;
#6299 = DATE_AND_TIME ( #3733, #2974 ) ;
#6300 = CARTESIAN_POINT ( 'NONE',  ( -6.245698675651493936E-16, -76.56250000000000000, 3.399999999999972378 ) ) ;
#6301 = EDGE_LOOP ( 'NONE', ( #4683, #5533, #2858 ) ) ;
#6302 = CARTESIAN_POINT ( 'NONE',  ( -1.408326112068521319, -58.35937500000000711, -3.400000000000019007 ) ) ;
#6303 = CARTESIAN_POINT ( 'NONE',  ( 3.399999999999995026, -55.39062500341398021, 1.408326112068500446 ) ) ;
#6304 = CARTESIAN_POINT ( 'NONE',  ( 4.163799117100996122E-16, -80.00000000000000000, 3.399999999999972378 ) ) ;
#6305 = CARTESIAN_POINT ( 'NONE',  ( 2.882579019330970382, -62.10937500170699366, 2.882579019330949066 ) ) ;
#6306 = CARTESIAN_POINT ( 'NONE',  ( -4.076582343749995729, -75.15625000170697945, -1.688575694911971015 ) ) ;
#6307 = ORIENTED_EDGE ( 'NONE', *, *, #2303, .F. ) ;
#6308 = CARTESIAN_POINT ( 'NONE',  ( 3.399999999999995026, -59.14062500341398732, 1.408326112068500224 ) ) ;
#6309 = CARTESIAN_POINT ( 'NONE',  ( 4.076582343749995729, -52.10937500170699366, -2.338364031016953865E-14 ) ) ;
#6310 = CARTESIAN_POINT ( 'NONE',  ( 2.081899558550498061E-16, -72.18750000000000000, -3.400000000000019451 ) ) ;
#6311 = CARTESIAN_POINT ( 'NONE',  ( -1.688575694911946590, -61.56250000170699366, -4.076582343750018822 ) ) ;
#6312 = CARTESIAN_POINT ( 'NONE',  ( 2.404163056034257728, -66.40625000000000000, 2.404163056034235968 ) ) ;
#6313 = CARTESIAN_POINT ( 'NONE',  ( -3.399999999999995914, -54.37500000000000000, -2.380002022187964067E-14 ) ) ;
#6314 = CARTESIAN_POINT ( 'NONE',  ( 1.688575694911947256, -56.87500000170699366, -4.076582343750018822 ) ) ;
#6315 = VECTOR ( 'NONE', #729, 1000.000000000000000 ) ;
#6316 = CARTESIAN_POINT ( 'NONE',  ( 2.081899558550498061E-16, -73.75000000341398732, -3.400000000000019451 ) ) ;
#6317 = CARTESIAN_POINT ( 'NONE',  ( -7.488560278101070689E-16, -69.92187500170699366, 4.076582343749972637 ) ) ;
#6318 = DIRECTION ( 'NONE',  ( -0.000000000000000000, -1.000000000000000000, -0.000000000000000000 ) ) ;
#6319 = CARTESIAN_POINT ( 'NONE',  ( -1.688575694911946590, -79.06250000170699366, -4.076582343750018822 ) ) ;
#6320 = CARTESIAN_POINT ( 'NONE',  ( -3.399999999999995914, -53.43750000341398021, -2.380002022187964067E-14 ) ) ;
#6321 = CARTESIAN_POINT ( 'NONE',  ( 4.076582343749995729, -54.60937500170699366, -2.338364031016953865E-14 ) ) ;
#6322 = CARTESIAN_POINT ( 'NONE',  ( -4.076582343749996618, -67.65625000170699366, 1.688575694911923053 ) ) ;
#6323 = ORIENTED_EDGE ( 'NONE', *, *, #4889, .T. ) ;
#6324 = CARTESIAN_POINT ( 'NONE',  ( -2.404163056034259061, -55.46875000000000000, 2.404163056034235080 ) ) ;
#6325 = CARTESIAN_POINT ( 'NONE',  ( 1.408326112068505109, -73.04687500341400153, 3.399999999999989253 ) ) ;
#6326 = VECTOR ( 'NONE', #3445, 1000.000000000000000 ) ;
#6327 = CARTESIAN_POINT ( 'NONE',  ( 1.408326112068522651, -66.79687500341398732, 3.399999999999972378 ) ) ;
#6328 = CARTESIAN_POINT ( 'NONE',  ( -4.076582343749996618, -67.65625000170699366, 1.688575694911923053 ) ) ;
#6329 = CARTESIAN_POINT ( 'NONE',  ( -3.399999999999995914, -49.76562500341398732, -1.408326112068545521 ) ) ;
#6330 = CARTESIAN_POINT ( 'NONE',  ( -3.399999999999995914, -58.12499999999999289, -2.380002022187964067E-14 ) ) ;
#6331 = CARTESIAN_POINT ( 'NONE',  ( -6.245698675651493936E-16, -51.87500000341398021, 3.399999999999972378 ) ) ;
#6332 = CARTESIAN_POINT ( 'NONE',  ( -2.404163056034259061, -60.78125000341398732, 2.404163056034235080 ) ) ;
#6333 = ORIENTED_EDGE ( 'NONE', *, *, #3652, .T. ) ;
#6334 = CARTESIAN_POINT ( 'NONE',  ( -1.408326112068532865, -68.67187500341398732, -3.400000000000007905 ) ) ;
#6335 = ORIENTED_EDGE ( 'NONE', *, *, #5525, .F. ) ;
#6336 = CARTESIAN_POINT ( 'NONE',  ( 3.399999999999995026, -52.57812500000000000, 1.408326112068500224 ) ) ;
#6337 = CARTESIAN_POINT ( 'NONE',  ( 1.408326112068510438, -68.51562500000000000, -3.400000000000030553 ) ) ;
#6338 = CARTESIAN_POINT ( 'NONE',  ( 3.808651545348268472E-15, 1.329783579673954269E-29, 0.000000000000000000 ) ) ;
#6339 = CARTESIAN_POINT ( 'NONE',  ( 1.688575694911947256, -60.46875000170700076, -4.076582343750019710 ) ) ;
#6340 = CARTESIAN_POINT ( 'NONE',  ( -7.488560278101070689E-16, -67.26562500170699366, 4.076582343749972637 ) ) ;
#6341 = ORIENTED_EDGE ( 'NONE', *, *, #1148, .F. ) ;
#6342 = EDGE_CURVE ( 'NONE', #3999, #4228, #1681, .T. ) ;
#6343 = CARTESIAN_POINT ( 'NONE',  ( 1.408326112068521985, -60.07812500341398732, -3.400000000000019007 ) ) ;
#6344 = CARTESIAN_POINT ( 'NONE',  ( -7.488560278101070689E-16, -56.17187500170699366, 4.076582343749972637 ) ) ;
#6345 = CARTESIAN_POINT ( 'NONE',  ( 3.399999999999995026, -70.07812500000001421, 1.408326112068500224 ) ) ;
#6346 = CARTESIAN_POINT ( 'NONE',  ( 1.688575694911947922, -59.68750000170699366, 4.076582343749971749 ) ) ;
#6347 = CARTESIAN_POINT ( 'NONE',  ( -6.245698675651493936E-16, -69.06250000000000000, 3.399999999999972378 ) ) ;
#6348 = CARTESIAN_POINT ( 'NONE',  ( 2.882579019330971715, -75.54687500170699366, -2.882579019330995251 ) ) ;
#6349 = CARTESIAN_POINT ( 'NONE',  ( 2.882579019330971715, -56.95312500170698655, -2.882579019330995251 ) ) ;
#6350 = CARTESIAN_POINT ( 'NONE',  ( 1.408326112068521985, -76.32812500341398732, -3.400000000000019007 ) ) ;
#6351 = CARTESIAN_POINT ( 'NONE',  ( -1.688575694911946590, -70.46875000170699366, -4.076582343750019710 ) ) ;
#6352 = CARTESIAN_POINT ( 'NONE',  ( -1.408326112068452707, -62.42187500341399442, -3.400000000000088285 ) ) ;
#6353 = CARTESIAN_POINT ( 'NONE',  ( 1.688575694911947922, -78.43750000170700787, 4.076582343749971749 ) ) ;
#6354 = CARTESIAN_POINT ( 'NONE',  ( -2.404163056034258172, -49.84375000341398021, -2.404163056034282153 ) ) ;
#6355 = CARTESIAN_POINT ( 'NONE',  ( -7.488560278101070689E-16, -52.42187500170698655, 4.076582343749972637 ) ) ;
#6356 = CARTESIAN_POINT ( 'NONE',  ( -7.488560278101070689E-16, -71.17187500170699366, 4.076582343749972637 ) ) ;
#6357 = VERTEX_POINT ( 'NONE', #732 ) ;
#6358 = CARTESIAN_POINT ( 'NONE',  ( -3.399999999999995914, -78.51562500341398732, -1.408326112068545521 ) ) ;
#6359 = CARTESIAN_POINT ( 'NONE',  ( 2.081899558550498061E-16, -57.18750000000000000, -3.400000000000019451 ) ) ;
#6360 = EDGE_CURVE ( 'NONE', #978, #1230, #1206, .T. ) ;
#6361 = CARTESIAN_POINT ( 'NONE',  ( -4.076582343749996618, -57.50000000170699366, 1.688575694911923053 ) ) ;
#6362 = CARTESIAN_POINT ( 'NONE',  ( -3.399999999999995470, -68.51562500341398732, -1.408326112068545521 ) ) ;
#6363 = CARTESIAN_POINT ( 'NONE',  ( 2.882579019330970382, -69.76562500170699366, 2.882579019330949066 ) ) ;
#6364 = DIRECTION ( 'NONE',  ( -0.000000000000000000, 1.000000000000000000, -0.000000000000000000 ) ) ;
#6365 = CARTESIAN_POINT ( 'NONE',  ( 1.408326112068521985, -54.76562500000000711, -3.400000000000019007 ) ) ;
#6366 = DIRECTION ( 'NONE',  ( 0.000000000000000000, 0.000000000000000000, -1.000000000000000000 ) ) ;
#6367 = CARTESIAN_POINT ( 'NONE',  ( 2.081899558550498061E-16, -61.25000000341398021, -3.400000000000019451 ) ) ;
#6368 = ORIENTED_EDGE ( 'NONE', *, *, #4125, .T. ) ;
#6369 = DATE_AND_TIME ( #267, #2763 ) ;
#6370 = CARTESIAN_POINT ( 'NONE',  ( 0.000000000000000000, -80.00000000000000000, -2.338364031016953865E-14 ) ) ;
#6371 = DIRECTION ( 'NONE',  ( 6.982962677686266711E-15, -1.000000000000000000, 0.000000000000000000 ) ) ;
#6372 = CARTESIAN_POINT ( 'NONE',  ( 3.399999999999995914, -52.50000000000000711, -2.338364031016953865E-14 ) ) ;
#6373 = CARTESIAN_POINT ( 'NONE',  ( -6.245698675651493936E-16, -67.81250000000000000, 3.399999999999972378 ) ) ;
#6374 = CARTESIAN_POINT ( 'NONE',  ( 3.399999999999995026, -57.89062500341398732, 1.408326112068500446 ) ) ;
#6375 = CARTESIAN_POINT ( 'NONE',  ( -2.882579019330970826, -61.48437500170698655, -2.882579019330995251 ) ) ;
#6376 = CARTESIAN_POINT ( 'NONE',  ( 2.882579019330970382, -67.10937500170699366, 2.882579019330949066 ) ) ;
#6377 = EDGE_LOOP ( 'NONE', ( #2412, #4808, #730, #3632 ) ) ;
#6378 = CARTESIAN_POINT ( 'NONE',  ( 1.408326112068521985, -61.32812500341398732, -3.400000000000019007 ) ) ;
#6379 = CARTESIAN_POINT ( 'NONE',  ( -2.882579019330970826, -54.14062500170699366, -2.882579019330995251 ) ) ;
#6380 = CARTESIAN_POINT ( 'NONE',  ( 3.399999999999995470, -67.42187500000001421, -1.408326112068545521 ) ) ;
#6381 = CARTESIAN_POINT ( 'NONE',  ( 2.882579019330971715, -63.04687500170700076, -2.882579019330995251 ) ) ;
#6382 = CARTESIAN_POINT ( 'NONE',  ( -3.399999999999996358, -68.04687500000000000, 1.408326112068497560 ) ) ;
#6383 = CARTESIAN_POINT ( 'NONE',  ( 4.076582343749995729, -75.62500000170699366, -1.688575694911970571 ) ) ;
#6384 = CARTESIAN_POINT ( 'NONE',  ( -3.399999999999995470, -76.01562500341397310, -1.408326112068545521 ) ) ;
#6385 = CARTESIAN_POINT ( 'NONE',  ( 4.076582343749995729, -67.03125000170699366, -1.688575694911970571 ) ) ;
#6386 = CARTESIAN_POINT ( 'NONE',  ( -2.404163056034258172, -68.28125000000000000, -2.404163056034282153 ) ) ;
#6387 =( BOUNDED_CURVE ( )  B_SPLINE_CURVE ( 2, ( #1331, #3316, #4289, #6303, #338, #2042, #6, #5044, #3995 ),
 .UNSPECIFIED., .F., .F. ) 
 B_SPLINE_CURVE_WITH_KNOTS ( ( 3, 2, 2, 2, 3 ),
 ( 0.7812500000000000000, 0.7864583333333333703, 0.7916666666666665186, 0.7968749999999998890, 0.8020833333333332593 ),
 .UNSPECIFIED. ) 
 CURVE ( )  GEOMETRIC_REPRESENTATION_ITEM ( )  RATIONAL_B_SPLINE_CURVE ( ( 1.000000000000000000, 0.9238795325112867385, 1.000000000000000000, 0.9238795325112867385, 1.000000000000000000, 0.9238795325112867385, 1.000000000000000000, 0.9238795325112884038, 0.9999999999999983347 ) ) 
 REPRESENTATION_ITEM ( '' )  );
#6388 = CARTESIAN_POINT ( 'NONE',  ( -4.076582343749995729, -76.32812500170699366, -2.388287766204294237E-14 ) ) ;
#6389 = CARTESIAN_POINT ( 'NONE',  ( -1.408326112068523317, -51.95312500341398021, 3.399999999999972378 ) ) ;
#6390 = CARTESIAN_POINT ( 'NONE',  ( 4.076582343749995729, -54.53125000170699366, -1.688575694911970571 ) ) ;
#6391 = CARTESIAN_POINT ( 'NONE',  ( -4.076582343749995729, -67.81250000170699366, -1.688575694911971015 ) ) ;
#6392 = ORIENTED_EDGE ( 'NONE', *, *, #6149, .T. ) ;
#6393 = ADVANCED_FACE ( 'NONE', ( #138 ), #2728, .F. ) ;
#6394 = CARTESIAN_POINT ( 'NONE',  ( -1.408326112068523317, -56.64062500000000000, 3.399999999999971934 ) ) ;
#6395 = CARTESIAN_POINT ( 'NONE',  ( -2.882579019330972159, -59.92187500170699366, 2.882579019330947734 ) ) ;
#6396 = CARTESIAN_POINT ( 'NONE',  ( 1.408326112068521985, -68.82812500341400153, -3.400000000000019007 ) ) ;
#6397 = CARTESIAN_POINT ( 'NONE',  ( -4.076582343749995729, -70.31250000170699366, -1.688575694911971015 ) ) ;
#6398 = CARTESIAN_POINT ( 'NONE',  ( 2.404163056034258616, -77.34375000000000000, -2.404163056034282153 ) ) ;
#6399 = AXIS2_PLACEMENT_3D ( 'NONE', #6338, #2733, #1857 ) ;
#6400 = CARTESIAN_POINT ( 'NONE',  ( 2.404163056034258616, -78.90625000341398732, -2.404163056034282153 ) ) ;
#6401 =( BOUNDED_CURVE ( )  B_SPLINE_CURVE ( 2, ( #4427, #3414, #3935, #1925, #5873, #5963, #1892, #408, #5935 ),
 .UNSPECIFIED., .F., .F. ) 
 B_SPLINE_CURVE_WITH_KNOTS ( ( 3, 2, 2, 2, 3 ),
 ( 0.4062500000000001110, 0.4114583333333334259, 0.4166666666666668517, 0.4218750000000001665, 0.4270833333333334814 ),
 .UNSPECIFIED. ) 
 CURVE ( )  GEOMETRIC_REPRESENTATION_ITEM ( )  RATIONAL_B_SPLINE_CURVE ( ( 0.9999999999999983347, 0.9238795325112884038, 1.000000000000000000, 0.9238795325112867385, 1.000000000000000000, 0.9238795325112867385, 1.000000000000000000, 0.9238795325112842960, 1.000000000000002442 ) ) 
 REPRESENTATION_ITEM ( '' )  );
#6402 = APPROVAL_STATUS ( 'not_yet_approved' ) ;
#6403 = CARTESIAN_POINT ( 'NONE',  ( -3.399999999999996803, -76.79687500000000000, 1.408326112068497560 ) ) ;
#6404 = CARTESIAN_POINT ( 'NONE',  ( 1.195510346785375155, -79.61504064342523179, -3.446676674959449738 ) ) ;
#6405 = CARTESIAN_POINT ( 'NONE',  ( -3.399999999999995914, -53.12500000000000711, -2.380002022187964067E-14 ) ) ;
#6406 = CARTESIAN_POINT ( 'NONE',  ( -6.245698675651493936E-16, -73.12500000341398732, 3.399999999999972378 ) ) ;
#6407 = DIRECTION ( 'NONE',  ( -0.000000000000000000, -1.000000000000000000, -0.000000000000000000 ) ) ;
#6408 = CARTESIAN_POINT ( 'NONE',  ( 4.076582343749995729, -61.95312500170699366, -2.338364031016953865E-14 ) ) ;
#6409 = CARTESIAN_POINT ( 'NONE',  ( -4.076582343749996618, -68.75000000170699366, 1.688575694911923053 ) ) ;
#6410 = VECTOR ( 'NONE', #1550, 1000.000000000000227 ) ;
#6411 =( BOUNDED_CURVE ( )  B_SPLINE_CURVE ( 2, ( #943, #2444, #4432, #2532, #4196, #5082, #5665, #5118, #6098 ),
 .UNSPECIFIED., .F., .F. ) 
 B_SPLINE_CURVE_WITH_KNOTS ( ( 3, 2, 2, 2, 3 ),
 ( 0.5729166666666669627, 0.5781250000000002220, 0.5833333333333334814, 0.5885416666666667407, 0.5937500000000000000 ),
 .UNSPECIFIED. ) 
 CURVE ( )  GEOMETRIC_REPRESENTATION_ITEM ( )  RATIONAL_B_SPLINE_CURVE ( ( 0.9999999999999951150, 0.9238795325112916235, 1.000000000000000000, 0.9238795325112867385, 1.000000000000000000, 0.9238795325112867385, 1.000000000000000000, 0.9238795325112867385, 1.000000000000000000 ) ) 
 REPRESENTATION_ITEM ( '' )  );
#6412 = ORIENTED_EDGE ( 'NONE', *, *, #5525, .T. ) ;
#6413 = CARTESIAN_POINT ( 'NONE',  ( -4.076582343749996618, -55.15625000170699366, 1.688575694911923053 ) ) ;
#6414 = CARTESIAN_POINT ( 'NONE',  ( -3.399999999999996358, -66.79687500000000000, 1.408326112068497560 ) ) ;
#6415 = CARTESIAN_POINT ( 'NONE',  ( 2.496186759367024056E-16, -59.14062500170700076, -4.076582343750019710 ) ) ;
#6416 = CARTESIAN_POINT ( 'NONE',  ( 1.408326112068521985, -69.76562500000000000, -3.400000000000019007 ) ) ;
#6417 = CARTESIAN_POINT ( 'NONE',  ( 4.076582343749995729, -75.70312500170699366, -2.338364031016953865E-14 ) ) ;
#6418 = CARTESIAN_POINT ( 'NONE',  ( 1.408326112068522651, -73.04687500341401574, 3.399999999999972378 ) ) ;
#6419 = CARTESIAN_POINT ( 'NONE',  ( -4.076582343749995729, -71.56250000170700787, -1.688575694911971015 ) ) ;
#6420 = LINE ( 'NONE', #1536, #3145 ) ;
#6421 = CARTESIAN_POINT ( 'NONE',  ( 2.882579019330970382, -75.85937500170699366, 2.882579019330949066 ) ) ;
#6422 = APPLICATION_CONTEXT ( 'configuration controlled 3d designs of mechanical parts and assemblies' ) ;
#6423 = CARTESIAN_POINT ( 'NONE',  ( -3.399999999999996358, -49.60937500341398732, 1.408326112068497560 ) ) ;
#6424 = CARTESIAN_POINT ( 'NONE',  ( 2.496186759367024056E-16, -53.04687500170698655, -4.076582343750019710 ) ) ;
#6425 = CARTESIAN_POINT ( 'NONE',  ( 4.076582343749995729, -70.78125000170700787, -1.688575694911970571 ) ) ;
#6426 = ORIENTED_EDGE ( 'NONE', *, *, #2044, .F. ) ;
#6427 = CARTESIAN_POINT ( 'NONE',  ( -6.245698675651493936E-16, -71.87500000341398732, 3.399999999999972378 ) ) ;
#6428 = AXIS2_PLACEMENT_3D ( 'NONE', #3795, #3278, #2172 ) ;
#6429 = CARTESIAN_POINT ( 'NONE',  ( -3.399999999999995914, -53.20312500000000000, -1.408326112068545521 ) ) ;
#6430 = EDGE_CURVE ( 'NONE', #4061, #139, #1132, .T. ) ;
#6431 = CARTESIAN_POINT ( 'NONE',  ( -1.688575694911946590, -59.06250000170700076, -4.076582343750018822 ) ) ;
#6432 = CARTESIAN_POINT ( 'NONE',  ( -3.399999999999996358, -67.10937500341398732, 1.408326112068497560 ) ) ;
#6433 = CARTESIAN_POINT ( 'NONE',  ( 2.882579019330971715, -68.20312500170699366, -2.882579019330995251 ) ) ;
#6434 = CARTESIAN_POINT ( 'NONE',  ( -1.408326112068509994, -71.17187500341397310, -3.400000000000030553 ) ) ;
#6435 = CARTESIAN_POINT ( 'NONE',  ( 0.000000000000000000, -80.00000000000000000, -2.338364031016953865E-14 ) ) ;
#6436 = CARTESIAN_POINT ( 'NONE',  ( 2.404163056034257728, -65.15625000000000000, 2.404163056034235968 ) ) ;
#6437 = CARTESIAN_POINT ( 'NONE',  ( 0.2411908175709798208, -79.58113242167890178, -3.606132421679697053 ) ) ;
#6438 = CARTESIAN_POINT ( 'NONE',  ( -3.399999999999996358, -53.04687500000001421, 1.408326112068497560 ) ) ;
#6439 = DIRECTION ( 'NONE',  ( -0.000000000000000000, -1.000000000000000000, -0.000000000000000000 ) ) ;
#6440 = CARTESIAN_POINT ( 'NONE',  ( -1.688575694911946590, -60.31250000170700076, -4.076582343750019710 ) ) ;
#6441 = CARTESIAN_POINT ( 'NONE',  ( 1.688575694911947922, -69.68750000170700787, 4.076582343749971749 ) ) ;
#6442 = VERTEX_POINT ( 'NONE', #4162 ) ;
#6443 = CARTESIAN_POINT ( 'NONE',  ( -4.076582343749995729, -51.56250000170699366, -1.688575694911971015 ) ) ;
#6444 = CARTESIAN_POINT ( 'NONE',  ( -1.408326112068523317, -67.89062500000000000, 3.399999999999972378 ) ) ;
#6445 = CARTESIAN_POINT ( 'NONE',  ( 4.076582343749994841, -63.28125000170699366, 1.688575694911926828 ) ) ;
#6446 = CARTESIAN_POINT ( 'NONE',  ( 3.399999999999995470, -63.67187500000000000, -1.408326112068545521 ) ) ;
#6448 = CARTESIAN_POINT ( 'NONE',  ( 4.076582343749995729, -73.12500000170699366, -1.688575694911970571 ) ) ;
#6447 =( BOUNDED_CURVE ( )  B_SPLINE_CURVE ( 2, ( #1351, #425, #6249, #4379, #361, #1418, #291, #5788, #3336 ),
 .UNSPECIFIED., .F., .T. ) 
 B_SPLINE_CURVE_WITH_KNOTS ( ( 3, 2, 2, 2, 3 ),
 ( 0.9062500000000001110, 0.9114583333333334814, 0.9166666666666667407, 0.9218750000000001110, 0.9270833333333334814 ),
 .UNSPECIFIED. ) 
 CURVE ( )  GEOMETRIC_REPRESENTATION_ITEM ( )  RATIONAL_B_SPLINE_CURVE ( ( 0.9999999999999983347, 0.9238795325112884038, 1.000000000000000000, 0.9238795325112867385, 1.000000000000000000, 0.9238795325112867385, 1.000000000000000000, 0.9238795325112850731, 1.000000000000001554 ) ) 
 REPRESENTATION_ITEM ( '' )  );
#6449 = CARTESIAN_POINT ( 'NONE',  ( 3.399999999999995470, -68.98437500341397310, -1.408326112068545521 ) ) ;
#6450 = CARTESIAN_POINT ( 'NONE',  ( -4.076582343749995729, -63.98437500170699366, -2.388287766204294237E-14 ) ) ;
#6451 = CARTESIAN_POINT ( 'NONE',  ( 3.808651545348268472E-15, 1.329783579673954269E-29, 7.750000000000000000 ) ) ;
#6452 = CARTESIAN_POINT ( 'NONE',  ( 2.882579019330970382, -78.35937500170699366, 2.882579019330949066 ) ) ;
#6453 = CARTESIAN_POINT ( 'NONE',  ( -3.399999999999995470, -53.51562500341398732, -1.408326112068545521 ) ) ;
#6454 = CARTESIAN_POINT ( 'NONE',  ( 2.404163056034257728, -67.96875000341398732, 2.404163056034235968 ) ) ;
#6455 = CARTESIAN_POINT ( 'NONE',  ( 1.688575694911947256, -68.12500000170699366, -4.076582343750018822 ) ) ;
#6456 = VERTEX_POINT ( 'NONE', #3570 ) ;
#6457 = CARTESIAN_POINT ( 'NONE',  ( -4.076582343749995729, -76.32812500170699366, -2.388287766204294237E-14 ) ) ;
#6458 = CARTESIAN_POINT ( 'NONE',  ( -1.408326112068500668, -66.95312500341397310, 3.399999999999994582 ) ) ;
#6459 = CARTESIAN_POINT ( 'NONE',  ( -4.076582343749995729, -58.82812500170699366, -2.388287766204294237E-14 ) ) ;
#6460 = CARTESIAN_POINT ( 'NONE',  ( 2.081899558550498061E-16, -68.75000000341398732, -3.400000000000019451 ) ) ;
#6461 = CARTESIAN_POINT ( 'NONE',  ( 1.688575694911947922, -61.09375000170700076, 4.076582343749971749 ) ) ;
#6462 = CARTESIAN_POINT ( 'NONE',  ( -3.399999999999995914, -54.76562500341398732, -1.408326112068545521 ) ) ;
#6463 = EDGE_CURVE ( 'NONE', #2442, #3150, #2136, .T. ) ;
#6464 = CARTESIAN_POINT ( 'NONE',  ( 0.000000000000000000, -80.00000000000000000, -3.400000000000019451 ) ) ;
#6465 = CARTESIAN_POINT ( 'NONE',  ( 0.000000000000000000, -80.00000000000000000, -2.338364031016953865E-14 ) ) ;
#6466 = CARTESIAN_POINT ( 'NONE',  ( -2.404163056034258172, -52.03125000000000000, -2.404163056034282153 ) ) ;
#6467 = DIRECTION ( 'NONE',  ( 0.000000000000000000, -2.927345865710861972E-16, 1.000000000000000000 ) ) ;
#6468 = CARTESIAN_POINT ( 'NONE',  ( 2.404163056034257728, -57.96875000341398732, 2.404163056034235968 ) ) ;
#6469 = CARTESIAN_POINT ( 'NONE',  ( 4.076582343749994841, -55.78125000170699366, 1.688575694911926828 ) ) ;
#6470 = CARTESIAN_POINT ( 'NONE',  ( -7.488560278101070689E-16, -69.76562500170699366, 4.076582343749972637 ) ) ;
#6471 = ORIENTED_EDGE ( 'NONE', *, *, #4370, .F. ) ;
#6472 = EDGE_CURVE ( 'NONE', #5952, #3999, #1441, .T. ) ;
#6473 = EDGE_CURVE ( 'NONE', #3509, #1785, #3380, .T. ) ;
#6474 = CARTESIAN_POINT ( 'NONE',  ( -2.882579019330972159, -51.32812500170699366, 2.882579019330947734 ) ) ;
#6475 = ADVANCED_FACE ( 'NONE', ( #4255 ), #1327, .F. ) ;
#6476 = CARTESIAN_POINT ( 'NONE',  ( 2.404163056034258616, -69.84375000000000000, -2.404163056034282153 ) ) ;
#6477 = CARTESIAN_POINT ( 'NONE',  ( -7.488560278101070689E-16, -54.76562500170699366, 4.076582343749972637 ) ) ;
#6478 = CARTESIAN_POINT ( 'NONE',  ( -1.408326112068523317, -60.39062500000000711, 3.399999999999972378 ) ) ;
#6479 = CARTESIAN_POINT ( 'NONE',  ( 1.688575694911947256, -72.96875000170699366, -4.076582343750019710 ) ) ;
#6480 = CARTESIAN_POINT ( 'NONE',  ( 2.404163056034257728, -69.21875000341398732, 2.404163056034235968 ) ) ;
#6481 = CARTESIAN_POINT ( 'NONE',  ( 2.882579019330971715, -66.95312500170699366, -2.882579019330995251 ) ) ;
#6482 = CARTESIAN_POINT ( 'NONE',  ( -3.399999999999995914, -68.20312500000000000, -1.408326112068545521 ) ) ;
#6483 =( BOUNDED_CURVE ( )  B_SPLINE_CURVE ( 2, ( #5108, #3208, #5139, #757, #5203, #4736, #2718, #256, #4705 ),
 .UNSPECIFIED., .F., .T. ) 
 B_SPLINE_CURVE_WITH_KNOTS ( ( 3, 2, 2, 2, 3 ),
 ( 0.5729166666666666297, 0.5781250000000000000, 0.5833333333333333703, 0.5885416666666666297, 0.5937500000000000000 ),
 .UNSPECIFIED. ) 
 CURVE ( )  GEOMETRIC_REPRESENTATION_ITEM ( )  RATIONAL_B_SPLINE_CURVE ( ( 1.000000000000000000, 0.9238795325112867385, 1.000000000000000000, 0.9238795325112867385, 1.000000000000000000, 0.9238795325112867385, 1.000000000000000000, 0.9238795325112867385, 1.000000000000000000 ) ) 
 REPRESENTATION_ITEM ( '' )  );
#6484 = CARTESIAN_POINT ( 'NONE',  ( 1.688575694911947256, -76.71875000170699366, -4.076582343750018822 ) ) ;
#6485 = CARTESIAN_POINT ( 'NONE',  ( -1.408326112068521319, -79.60937500000001421, -3.400000000000019007 ) ) ;
#6486 = CARTESIAN_POINT ( 'NONE',  ( 2.081899558550498061E-16, -53.75000000341398021, -3.400000000000019451 ) ) ;
#6487 = CARTESIAN_POINT ( 'NONE',  ( 2.882579019330971715, -65.70312500170699366, -2.882579019330995251 ) ) ;
#6488 = CARTESIAN_POINT ( 'NONE',  ( 0.000000000000000000, -80.00000000000000000, -2.338364031016953865E-14 ) ) ;
#6489 = CARTESIAN_POINT ( 'NONE',  ( -4.076582343749995729, -78.98437500170699366, -2.388287766204294237E-14 ) ) ;
#6490 = CARTESIAN_POINT ( 'NONE',  ( -7.488560278101070689E-16, -57.26562500170699366, 4.076582343749972637 ) ) ;
#6491 = CARTESIAN_POINT ( 'NONE',  ( 3.399999999999995914, -61.56250000341398021, -2.338364031016953865E-14 ) ) ;
#6492 = CARTESIAN_POINT ( 'NONE',  ( 1.688575694911947922, -62.34375000170699366, 4.076582343749971749 ) ) ;
#6493 = CARTESIAN_POINT ( 'NONE',  ( 4.076582343749995729, -79.60937500170699366, -2.338364031016953865E-14 ) ) ;
ENDSEC;
END-ISO-10303-21;
