ISO-10303-21;
HEADER;
FILE_DESCRIPTION (( 'STEP AP203' ),
    '1' );
FILE_NAME ('Çò½Â-¸Ë65.STEP',
    '2026-05-20T10:39:47',
    ( '' ),
    ( '' ),
    'SwSTEP 2.0',
    'SolidWorks 2025',
    '' );
FILE_SCHEMA (( 'CONFIG_CONTROL_DESIGN' ));
ENDSEC;

DATA;
#1 = CARTESIAN_POINT ( 'NONE',  ( 2.882579019330971715, -35.54687500170699366, -2.882579019330991699 ) ) ;
#2 = CARTESIAN_POINT ( 'NONE',  ( -2.882579019330972159, -42.42187500170699366, 2.882579019330950842 ) ) ;
#3 = CARTESIAN_POINT ( 'NONE',  ( 2.081899558550498061E-16, -47.18750000000000000, -3.400000000000015898 ) ) ;
#4 = CARTESIAN_POINT ( 'NONE',  ( -4.076582343749996618, -57.65625000170699366, 1.688575694911926828 ) ) ;
#5 = ORIENTED_EDGE ( 'NONE', *, *, #2258, .T. ) ;
#6 = CARTESIAN_POINT ( 'NONE',  ( 4.076582343749995729, -59.37500000170700076, -1.688575694911967018 ) ) ;
#7 = CARTESIAN_POINT ( 'NONE',  ( -1.408326112068521319, -34.92187500341398021, -3.400000000000015898 ) ) ;
#8 = CARTESIAN_POINT ( 'NONE',  ( 2.404163056034258616, -37.65625000341398732, -2.404163056034278600 ) ) ;
#9 = CARTESIAN_POINT ( 'NONE',  ( 2.404163056034257728, -56.40625000000000711, 2.404163056034239077 ) ) ;
#10 = CARTESIAN_POINT ( 'NONE',  ( -4.076582343749996618, -55.00000000170699366, 1.688575694911926828 ) ) ;
#11 = CARTESIAN_POINT ( 'NONE',  ( 1.408326112068476244, -45.23437500000000711, 3.400000000000022116 ) ) ;
#12 = CARTESIAN_POINT ( 'NONE',  ( 1.688575694911947922, -39.84375000170699366, 4.076582343749975301 ) ) ;
#13 = DIRECTION ( 'NONE',  ( -0.000000000000000000, -1.000000000000000000, -0.000000000000000000 ) ) ;
#14 = ORIENTED_EDGE ( 'NONE', *, *, #2602, .F. ) ;
#15 = EDGE_LOOP ( 'NONE', ( #4243, #782, #2022, #5351 ) ) ;
#16 = CARTESIAN_POINT ( 'NONE',  ( 2.404163056034257728, -54.21875000341398732, 2.404163056034239077 ) ) ;
#17 = CARTESIAN_POINT ( 'NONE',  ( 2.404163056034258616, -53.90625000341398732, -2.404163056034278600 ) ) ;
#18 = CARTESIAN_POINT ( 'NONE',  ( 2.404163056034257728, -36.40625000000000000, 2.404163056034239077 ) ) ;
#19 = CARTESIAN_POINT ( 'NONE',  ( 1.408326112068507552, -61.32812500341398732, -3.400000000000029665 ) ) ;
#20 = CARTESIAN_POINT ( 'NONE',  ( -2.404163056034258172, -38.28125000000000000, -2.404163056034278600 ) ) ;
#21 = CARTESIAN_POINT ( 'NONE',  ( -2.882579019330972159, -56.32812500170698655, 2.882579019330950842 ) ) ;
#22 = ADVANCED_FACE ( 'NONE', ( #2343 ), #4864, .F. ) ;
#23 = CYLINDRICAL_SURFACE ( 'NONE', #6416, 3.399999999999995914 ) ;
#24 = CARTESIAN_POINT ( 'NONE',  ( -2.882579019330970826, -38.98437500170700076, -2.882579019330991699 ) ) ;
#25 = CARTESIAN_POINT ( 'NONE',  ( -4.076582343749996618, -45.15625000170700076, 1.688575694911926828 ) ) ;
#26 = CARTESIAN_POINT ( 'NONE',  ( -6.245698675651493936E-16, -42.81250000000000000, 3.399999999999975930 ) ) ;
#27 = CARTESIAN_POINT ( 'NONE',  ( -6.245698675651493936E-16, -50.62500000341398732, 3.399999999999975930 ) ) ;
#28 = CARTESIAN_POINT ( 'NONE',  ( -4.076582343749996618, -58.90625000170698655, 1.688575694911926828 ) ) ;
#29 = CARTESIAN_POINT ( 'NONE',  ( -1.688575694911950142, -37.34375000170699366, 4.076582343749975301 ) ) ;
#30 = CARTESIAN_POINT ( 'NONE',  ( -4.076582343749996618, -43.75000000170698655, 1.688575694911926828 ) ) ;
#31 = DIRECTION ( 'NONE',  ( -0.000000000000000000, -1.000000000000000000, -0.000000000000000000 ) ) ;
#32 = CARTESIAN_POINT ( 'NONE',  ( -4.076582343749995729, -52.73437500170699366, -2.045227899661720714E-14 ) ) ;
#33 = VERTEX_POINT ( 'NONE', #1879 ) ;
#34 = PLANE ( 'NONE',  #4594 ) ;
#35 = CARTESIAN_POINT ( 'NONE',  ( -1.408326112068523317, -38.20312500341398021, 3.399999999999975042 ) ) ;
#36 = CARTESIAN_POINT ( 'NONE',  ( -1.408326112068521319, -53.35937500000000000, -3.400000000000015898 ) ) ;
#37 = CARTESIAN_POINT ( 'NONE',  ( 4.076582343749995729, -49.37500000170701497, -1.688575694911967018 ) ) ;
#38 = CARTESIAN_POINT ( 'NONE',  ( -7.488560278101070689E-16, -58.51562500170700076, 4.076582343749976189 ) ) ;
#39 = CARTESIAN_POINT ( 'NONE',  ( -4.076582343749995729, -40.31250000170699366, -1.688575694911967684 ) ) ;
#40 = CARTESIAN_POINT ( 'NONE',  ( 4.076582343749994841, -49.68750000170699366, 1.688575694911929936 ) ) ;
#41 = CARTESIAN_POINT ( 'NONE',  ( 4.076582343749994841, -39.68750000170699366, 1.688575694911929936 ) ) ;
#42 = CARTESIAN_POINT ( 'NONE',  ( -1.408326112068532865, -54.92187500341399442, -3.400000000000004796 ) ) ;
#43 = ORIENTED_EDGE ( 'NONE', *, *, #3159, .F. ) ;
#44 = ORIENTED_EDGE ( 'NONE', *, *, #3609, .T. ) ;
#45 = EDGE_CURVE ( 'NONE', #5844, #5145, #4566, .T. ) ;
#46 = CARTESIAN_POINT ( 'NONE',  ( 2.081899558550498061E-16, -51.25000000341398021, -3.400000000000015898 ) ) ;
#47 = CARTESIAN_POINT ( 'NONE',  ( -3.399999999999995470, -51.01562500341398021, -1.408326112068541747 ) ) ;
#48 = CARTESIAN_POINT ( 'NONE',  ( -7.488560278101070689E-16, -61.17187500170698655, 4.076582343749976189 ) ) ;
#49 = CARTESIAN_POINT ( 'NONE',  ( -6.245698675651493936E-16, -37.81250000000000000, 3.399999999999975930 ) ) ;
#50 = CARTESIAN_POINT ( 'NONE',  ( 3.399999999999995026, -40.07812500000000711, 1.408326112068503777 ) ) ;
#51 = CARTESIAN_POINT ( 'NONE',  ( 2.882579019330970382, -56.01562500170699366, 2.882579019330952175 ) ) ;
#52 = CARTESIAN_POINT ( 'NONE',  ( 1.408326112068510438, -52.57812500341399442, -3.400000000000027445 ) ) ;
#53 = CARTESIAN_POINT ( 'NONE',  ( 1.688575694911947922, -38.43750000170699366, 4.076582343749975301 ) ) ;
#54 = CARTESIAN_POINT ( 'NONE',  ( 1.688575694911947256, -41.87500000170699366, -4.076582343750016157 ) ) ;
#55 = CARTESIAN_POINT ( 'NONE',  ( 2.081899558550498061E-16, -50.93750000000000711, -3.400000000000015898 ) ) ;
#56 = CARTESIAN_POINT ( 'NONE',  ( 2.081899558550498061E-16, -44.68750000000000711, -3.400000000000015898 ) ) ;
#57 = DIRECTION ( 'NONE',  ( -0.000000000000000000, -1.000000000000000000, -0.000000000000000000 ) ) ;
#58 = AXIS2_PLACEMENT_3D ( 'NONE', #844, #2358, #6381 ) ;
#59 = CARTESIAN_POINT ( 'NONE',  ( 1.688575694911947922, -53.43750000170699366, 4.076582343749975301 ) ) ;
#60 = CARTESIAN_POINT ( 'NONE',  ( 1.688575694911947922, -56.09375000170700076, 4.076582343749975301 ) ) ;
#61 =( BOUNDED_CURVE ( )  B_SPLINE_CURVE ( 2, ( #1084, #1610, #6467, #5974, #5060, #6034, #506, #1486, #601 ),
 .UNSPECIFIED., .F., .F. ) 
 B_SPLINE_CURVE_WITH_KNOTS ( ( 3, 2, 2, 2, 3 ),
 ( 0.6770833333333331483, 0.6822916666666664076, 0.6874999999999997780, 0.6927083333333332593, 0.6979166666666665186 ),
 .UNSPECIFIED. ) 
 CURVE ( )  GEOMETRIC_REPRESENTATION_ITEM ( )  RATIONAL_B_SPLINE_CURVE ( ( 1.000000000000003331, 0.9238795325112835188, 1.000000000000000000, 0.9238795325112867385, 1.000000000000000000, 0.9238795325112867385, 1.000000000000000000, 0.9238795325112884038, 0.9999999999999983347 ) ) 
 REPRESENTATION_ITEM ( '' )  );
#62 = AXIS2_PLACEMENT_3D ( 'NONE', #4554, #2688, #3536 ) ;
#63 = DIRECTION ( 'NONE',  ( -0.000000000000000000, -1.000000000000000000, -0.000000000000000000 ) ) ;
#64 = CARTESIAN_POINT ( 'NONE',  ( 2.882579019330971715, -50.70312500170699366, -2.882579019330991699 ) ) ;
#65 = EDGE_CURVE ( 'NONE', #5585, #1064, #1678, .T. ) ;
#66 = ORIENTED_EDGE ( 'NONE', *, *, #2416, .T. ) ;
#67 = CARTESIAN_POINT ( 'NONE',  ( 4.076582343749994841, -62.03125000170701497, 1.688575694911929936 ) ) ;
#68 = DIRECTION ( 'NONE',  ( 1.000000000000000000, 0.000000000000000000, -0.000000000000000000 ) ) ;
#69 = CARTESIAN_POINT ( 'NONE',  ( -2.404163056034259061, -37.03125000341398732, 2.404163056034238188 ) ) ;
#70 = CARTESIAN_POINT ( 'NONE',  ( 1.408326112068522651, -53.98437500000000711, 3.399999999999975486 ) ) ;
#71 = CARTESIAN_POINT ( 'NONE',  ( 4.076582343749994841, -53.28125000170700076, 1.688575694911929936 ) ) ;
#72 = CARTESIAN_POINT ( 'NONE',  ( 2.882579019330970382, -54.60937500170700076, 2.882579019330952175 ) ) ;
#73 = DIRECTION ( 'NONE',  ( -1.000000000000000000, -6.982962677686266711E-15, 0.000000000000000000 ) ) ;
#74 = CARTESIAN_POINT ( 'NONE',  ( 4.076582343749995729, -39.53125000170699366, -1.688575694911967018 ) ) ;
#75 = CARTESIAN_POINT ( 'NONE',  ( -4.076582343749995729, -46.48437500170699366, -2.045227899661720714E-14 ) ) ;
#76 = CARTESIAN_POINT ( 'NONE',  ( -2.882579019330972159, -41.32812500170698655, 2.882579019330950842 ) ) ;
#77 = CARTESIAN_POINT ( 'NONE',  ( -3.399999999999995914, -53.12500000000000711, -2.036942155645390229E-14 ) ) ;
#78 = ADVANCED_FACE ( 'NONE', ( #919 ), #4437, .F. ) ;
#79 = ORIENTED_EDGE ( 'NONE', *, *, #3366, .T. ) ;
#80 = ORIENTED_EDGE ( 'NONE', *, *, #1778, .F. ) ;
#81 =( BOUNDED_CURVE ( )  B_SPLINE_CURVE ( 2, ( #5411, #6458, #1977, #3968, #5965, #1477, #4128, #159, #1568, #6023, #1140, #2096, #558 ),
 .UNSPECIFIED., .F., .T. ) 
 B_SPLINE_CURVE_WITH_KNOTS ( ( 3, 2, 2, 2, 2, 2, 3 ),
 ( 0.9687500001231755808, 0.9739583333333333703, 0.9791666666666666297, 0.9843750000000000000, 0.9895833333333333703, 0.9947916666666666297, 1.000000000000000000 ),
 .UNSPECIFIED. ) 
 CURVE ( )  GEOMETRIC_REPRESENTATION_ITEM ( )  RATIONAL_B_SPLINE_CURVE ( ( 1.000000000000000000, 0.9238795325112867385, 1.000000000000000000, 0.9238795325112867385, 1.000000000000000000, 0.9238795325112867385, 1.000000000000000000, 0.9238795325112867385, 1.000000000000000000, 0.9238795325112867385, 1.000000000000000000, 0.9238795325112867385, 1.000000000000000000 ) ) 
 REPRESENTATION_ITEM ( '' )  );
#82 = CARTESIAN_POINT ( 'NONE',  ( 2.404163056034257728, -49.21875000341398021, 2.404163056034239077 ) ) ;
#83 = CARTESIAN_POINT ( 'NONE',  ( 2.404163056034258616, -51.40625000341398732, -2.404163056034278600 ) ) ;
#84 = CARTESIAN_POINT ( 'NONE',  ( 4.076582343749995729, -60.78125000170699366, -1.688575694911966796 ) ) ;
#85 = CARTESIAN_POINT ( 'NONE',  ( 2.081899558550498061E-16, -37.50000000341398021, -3.400000000000015898 ) ) ;
#86 = CARTESIAN_POINT ( 'NONE',  ( 2.404163056034258616, -38.59375000000000000, -2.404163056034278600 ) ) ;
#87 = CARTESIAN_POINT ( 'NONE',  ( -7.488560278101070689E-16, -34.92187500170698655, 4.076582343749976189 ) ) ;
#88 = CARTESIAN_POINT ( 'NONE',  ( -7.488560278101070689E-16, -58.67187500170699366, 4.076582343749976189 ) ) ;
#89 = CARTESIAN_POINT ( 'NONE',  ( -3.399999999999996803, -55.85937500341399442, 1.408326112068501335 ) ) ;
#90 = CARTESIAN_POINT ( 'NONE',  ( 4.076582343749995729, -39.45312500170699366, -1.995304164474380342E-14 ) ) ;
#91 = CARTESIAN_POINT ( 'NONE',  ( 4.076582343749995729, -43.28125000170698655, -1.688575694911966796 ) ) ;
#92 = CARTESIAN_POINT ( 'NONE',  ( 1.408326112068522651, -52.73437500000000000, 3.399999999999975486 ) ) ;
#93 = CARTESIAN_POINT ( 'NONE',  ( 2.081899558550498061E-16, -40.93750000000000000, -3.400000000000015898 ) ) ;
#94 = CARTESIAN_POINT ( 'NONE',  ( 0.000000000000000000, -65.00000000000000000, -1.995304164474380342E-14 ) ) ;
#95 = CARTESIAN_POINT ( 'NONE',  ( 1.688575694911947922, -52.18750000170698655, 4.076582343749975301 ) ) ;
#96 = CARTESIAN_POINT ( 'NONE',  ( -1.688575694911946590, -57.96875000170699366, -4.076582343750016157 ) ) ;
#97 = CARTESIAN_POINT ( 'NONE',  ( 0.000000000000000000, -65.00000000000000000, -1.995304164474380342E-14 ) ) ;
#98 = CARTESIAN_POINT ( 'NONE',  ( -3.399999999999995914, -50.93750000341398732, -2.036942155645390229E-14 ) ) ;
#99 = CARTESIAN_POINT ( 'NONE',  ( -2.882579019330972159, -38.67187500170699366, 2.882579019330950842 ) ) ;
#100 = CARTESIAN_POINT ( 'NONE',  ( 0.000000000000000000, -65.00000000000000000, -3.400000000000015898 ) ) ;
#101 = CARTESIAN_POINT ( 'NONE',  ( 1.688575694911947256, -51.87500000170700076, -4.076582343750016157 ) ) ;
#102 = CARTESIAN_POINT ( 'NONE',  ( -4.076582343749996618, -62.50000000170699366, 1.688575694911926828 ) ) ;
#103 =( BOUNDED_CURVE ( )  B_SPLINE_CURVE ( 2, ( #1306, #2227, #6216, #1197, #3305, #5690, #218, #3728, #1732 ),
 .UNSPECIFIED., .F., .F. ) 
 B_SPLINE_CURVE_WITH_KNOTS ( ( 3, 2, 2, 2, 3 ),
 ( 0.4062500000000001110, 0.4114583333333334259, 0.4166666666666668517, 0.4218750000000001665, 0.4270833333333334814 ),
 .UNSPECIFIED. ) 
 CURVE ( )  GEOMETRIC_REPRESENTATION_ITEM ( )  RATIONAL_B_SPLINE_CURVE ( ( 0.9999999999999983347, 0.9238795325112884038, 1.000000000000000000, 0.9238795325112867385, 1.000000000000000000, 0.9238795325112867385, 1.000000000000000000, 0.9238795325112842960, 1.000000000000002442 ) ) 
 REPRESENTATION_ITEM ( '' )  );
#104 = CARTESIAN_POINT ( 'NONE',  ( -2.882579019330970826, -39.14062500170699366, -2.882579019330991699 ) ) ;
#105 = DIRECTION ( 'NONE',  ( 0.000000000000000000, 0.000000000000000000, 1.000000000000000000 ) ) ;
#106 = CARTESIAN_POINT ( 'NONE',  ( 3.399999999999995470, -35.23437500341398732, -1.408326112068541525 ) ) ;
#107 = CARTESIAN_POINT ( 'NONE',  ( 2.404163056034258616, -53.59375000000000000, -2.404163056034278600 ) ) ;
#108 = CARTESIAN_POINT ( 'NONE',  ( 2.882579019330970382, -47.10937500170699366, 2.882579019330952175 ) ) ;
#109 = CARTESIAN_POINT ( 'NONE',  ( -1.688575694911946590, -52.81250000170699366, -4.076582343750016157 ) ) ;
#110 = CARTESIAN_POINT ( 'NONE',  ( -6.245698675651493936E-16, -43.12500000341398732, 3.399999999999975930 ) ) ;
#111 = CARTESIAN_POINT ( 'NONE',  ( -4.076582343749996618, -46.40625000170699366, 1.688575694911926828 ) ) ;
#112 = CARTESIAN_POINT ( 'NONE',  ( -2.882579019330970826, -39.14062500170699366, -2.882579019330991699 ) ) ;
#113 = CARTESIAN_POINT ( 'NONE',  ( -3.399999999999996803, -58.35937500341398732, 1.408326112068501335 ) ) ;
#114 = ORIENTED_EDGE ( 'NONE', *, *, #5294, .T. ) ;
#115 = ORIENTED_EDGE ( 'NONE', *, *, #3943, .F. ) ;
#116 = EDGE_CURVE ( 'NONE', #3729, #3084, #1217, .T. ) ;
#117 = CARTESIAN_POINT ( 'NONE',  ( 1.408326112068521985, -47.57812500341398732, -3.400000000000015898 ) ) ;
#118 = CARTESIAN_POINT ( 'NONE',  ( -2.404163056034258172, -51.09375000341398732, -2.404163056034278600 ) ) ;
#119 = CARTESIAN_POINT ( 'NONE',  ( -2.882579019330972159, -60.07812500170699366, 2.882579019330950842 ) ) ;
#120 = FACE_OUTER_BOUND ( 'NONE', #1198, .T. ) ;
#121 = CARTESIAN_POINT ( 'NONE',  ( -6.245698675651493936E-16, -37.81250000000000000, 3.399999999999975930 ) ) ;
#122 = CARTESIAN_POINT ( 'NONE',  ( 2.404163056034257728, -38.90625000000000000, 2.404163056034239077 ) ) ;
#123 = CARTESIAN_POINT ( 'NONE',  ( -4.076582343749996618, -57.65625000170699366, 1.688575694911926828 ) ) ;
#124 =( BOUNDED_CURVE ( )  B_SPLINE_CURVE ( 2, ( #4787, #4296, #2297, #6286, #5799, #4708, #4216, #5715, #735 ),
 .UNSPECIFIED., .F., .T. ) 
 B_SPLINE_CURVE_WITH_KNOTS ( ( 3, 2, 2, 2, 3 ),
 ( 0.6562499999999997780, 0.6614583333333331483, 0.6666666666666664076, 0.6718749999999997780, 0.6770833333333331483 ),
 .UNSPECIFIED. ) 
 CURVE ( )  GEOMETRIC_REPRESENTATION_ITEM ( )  RATIONAL_B_SPLINE_CURVE ( ( 1.000000000000003331, 0.9238795325112835188, 1.000000000000000000, 0.9238795325112867385, 1.000000000000000000, 0.9238795325112867385, 1.000000000000000000, 0.9238795325112899581, 0.9999999999999967804 ) ) 
 REPRESENTATION_ITEM ( '' )  );
#125 = CARTESIAN_POINT ( 'NONE',  ( -3.399999999999995914, -55.93750000341398732, -2.036942155645390229E-14 ) ) ;
#126 = CARTESIAN_POINT ( 'NONE',  ( -6.245698675651493936E-16, -60.62500000341398021, 3.399999999999975930 ) ) ;
#127 = CARTESIAN_POINT ( 'NONE',  ( -4.076582343749996618, -38.75000000170699366, 1.688575694911926828 ) ) ;
#128 = CARTESIAN_POINT ( 'NONE',  ( 4.076582343749995729, -34.45312500170699366, -1.995304164474380342E-14 ) ) ;
#129 = CARTESIAN_POINT ( 'NONE',  ( -1.408326112068521319, -53.35937500000000000, -3.400000000000015898 ) ) ;
#130 = CARTESIAN_POINT ( 'NONE',  ( -2.404163056034258172, -39.53125000000000711, -2.404163056034278600 ) ) ;
#131 = CARTESIAN_POINT ( 'NONE',  ( 1.688575694911947256, -50.46875000170698655, -4.076582343750016157 ) ) ;
#132 = CARTESIAN_POINT ( 'NONE',  ( 4.076582343749994841, -52.18750000170698655, 1.688575694911929936 ) ) ;
#133 = CARTESIAN_POINT ( 'NONE',  ( -6.245698675651493936E-16, -45.62500000341398732, 3.399999999999975930 ) ) ;
#134 = CARTESIAN_POINT ( 'NONE',  ( 2.404163056034258616, -47.65625000341398732, -2.404163056034278600 ) ) ;
#135 = CARTESIAN_POINT ( 'NONE',  ( -4.076582343749996618, -38.75000000170699366, 1.688575694911926828 ) ) ;
#136 = CARTESIAN_POINT ( 'NONE',  ( 3.399999999999995026, -50.39062500341398732, 1.408326112068504221 ) ) ;
#137 = CARTESIAN_POINT ( 'NONE',  ( 2.081899558550498061E-16, -57.50000000341398732, -3.400000000000015898 ) ) ;
#138 = CYLINDRICAL_SURFACE ( 'NONE', #4995, 3.399999999999995914 ) ;
#139 = CARTESIAN_POINT ( 'NONE',  ( 1.688575694911947922, -60.93750000170699366, 4.076582343749975301 ) ) ;
#140 = CARTESIAN_POINT ( 'NONE',  ( -2.882579019330970826, -35.39062500170699366, -2.882579019330991699 ) ) ;
#141 = CARTESIAN_POINT ( 'NONE',  ( -3.399999999999995914, -64.37500000000000000, -2.036942155645390229E-14 ) ) ;
#142 = CARTESIAN_POINT ( 'NONE',  ( -2.404163056034258172, -53.28125000000000000, -2.404163056034278600 ) ) ;
#143 = CARTESIAN_POINT ( 'NONE',  ( 1.688575694911947256, -46.71875000170700787, -4.076582343750016157 ) ) ;
#144 = CARTESIAN_POINT ( 'NONE',  ( -7.488560278101070689E-16, -52.26562500170699366, 4.076582343749976189 ) ) ;
#145 = CARTESIAN_POINT ( 'NONE',  ( 2.081899558550498061E-16, -63.75000000341399442, -3.400000000000015898 ) ) ;
#146 = CARTESIAN_POINT ( 'NONE',  ( 2.882579019330970382, -39.76562500170699366, 2.882579019330952175 ) ) ;
#147 = CARTESIAN_POINT ( 'NONE',  ( 1.688575694911947256, -48.12500000170699366, -4.076582343750016157 ) ) ;
#148 = CARTESIAN_POINT ( 'NONE',  ( 2.882579019330970382, -41.01562500170699366, 2.882579019330952175 ) ) ;
#149 = CARTESIAN_POINT ( 'NONE',  ( 2.081899558550498061E-16, -60.93750000000000711, -3.400000000000015898 ) ) ;
#150 = VERTEX_POINT ( 'NONE', #1068 ) ;
#151 = EDGE_LOOP ( 'NONE', ( #5521, #3784, #3559, #5926 ) ) ;
#152 = CARTESIAN_POINT ( 'NONE',  ( -2.404163056034258172, -47.34375000341398021, -2.404163056034278600 ) ) ;
#153 = CARTESIAN_POINT ( 'NONE',  ( -1.408326112068523317, -51.95312500341398732, 3.399999999999975042 ) ) ;
#154 = CARTESIAN_POINT ( 'NONE',  ( 4.076582343749995729, -59.60937500170699366, -1.995304164474380342E-14 ) ) ;
#155 = CARTESIAN_POINT ( 'NONE',  ( 2.081899558550498061E-16, -36.25000000341398021, -3.400000000000015898 ) ) ;
#156 = CARTESIAN_POINT ( 'NONE',  ( -1.408326112068521319, -38.35937500000000000, -3.400000000000015898 ) ) ;
#157 = CARTESIAN_POINT ( 'NONE',  ( 1.688575694911947922, -57.34375000170699366, 4.076582343749975301 ) ) ;
#158 = EDGE_CURVE ( 'NONE', #3872, #3489, #4150, .T. ) ;
#159 = CARTESIAN_POINT ( 'NONE',  ( -1.408326112068523317, -34.45312500341398732, 3.399999999999975042 ) ) ;
#160 = CARTESIAN_POINT ( 'NONE',  ( -1.408326112068523317, -60.70312500341399442, 3.399999999999975042 ) ) ;
#161 = CARTESIAN_POINT ( 'NONE',  ( 2.496186759367024056E-16, -39.14062500170699366, -4.076582343750016157 ) ) ;
#162 = CARTESIAN_POINT ( 'NONE',  ( -3.399999999999995470, -62.26562500341398021, -1.408326112068541747 ) ) ;
#163 = CARTESIAN_POINT ( 'NONE',  ( 1.408326112068521985, -52.26562500000001421, -3.400000000000015898 ) ) ;
#164 = CARTESIAN_POINT ( 'NONE',  ( 1.408326112068534197, -53.98437500000000711, 3.399999999999964384 ) ) ;
#165 = CARTESIAN_POINT ( 'NONE',  ( 4.076582343749995729, -54.45312500170699366, -1.995304164474380342E-14 ) ) ;
#166 = CARTESIAN_POINT ( 'NONE',  ( -4.076582343749996618, -53.90625000170698655, 1.688575694911926828 ) ) ;
#167 = CYLINDRICAL_SURFACE ( 'NONE', #2360, 3.399999999999995914 ) ;
#168 = CARTESIAN_POINT ( 'NONE',  ( -6.245698675651493936E-16, -55.31250000000000000, 3.399999999999975930 ) ) ;
#169 = CARTESIAN_POINT ( 'NONE',  ( 3.399999999999995914, -46.17187500000000000, -1.408326112068541525 ) ) ;
#170 = CARTESIAN_POINT ( 'NONE',  ( -1.408326112068534863, -56.95312500341399442, 3.399999999999963940 ) ) ;
#171 = EDGE_CURVE ( 'NONE', #5289, #5692, #305, .T. ) ;
#172 = CARTESIAN_POINT ( 'NONE',  ( -2.882579019330970826, -62.73437500170699366, -2.882579019330991699 ) ) ;
#173 = CARTESIAN_POINT ( 'NONE',  ( -3.399999999999996803, -49.29687500000000711, 1.408326112068501335 ) ) ;
#174 = CARTESIAN_POINT ( 'NONE',  ( -2.404163056034258172, -34.84375000341398732, -2.404163056034278600 ) ) ;
#175 = CARTESIAN_POINT ( 'NONE',  ( -6.245698675651493936E-16, -52.81250000000000000, 3.399999999999975930 ) ) ;
#176 = CARTESIAN_POINT ( 'NONE',  ( 2.496186759367024056E-16, -47.89062500170699366, -4.076582343750016157 ) ) ;
#177 = CARTESIAN_POINT ( 'NONE',  ( -4.076582343749996618, -50.00000000170699366, 1.688575694911926828 ) ) ;
#178 = CARTESIAN_POINT ( 'NONE',  ( 0.000000000000000000, -65.00000000000000000, -1.995304164474380342E-14 ) ) ;
#179 = CARTESIAN_POINT ( 'NONE',  ( -1.688575694911950142, -38.75000000170698655, 4.076582343749975301 ) ) ;
#180 = CARTESIAN_POINT ( 'NONE',  ( 4.076582343749995729, -47.10937500170699366, -1.995304164474380342E-14 ) ) ;
#181 = CARTESIAN_POINT ( 'NONE',  ( 2.882579019330971715, -38.20312500170699366, -2.882579019330991699 ) ) ;
#182 = FACE_OUTER_BOUND ( 'NONE', #540, .T. ) ;
#183 = ORIENTED_EDGE ( 'NONE', *, *, #3445, .T. ) ;
#184 = ORIENTED_EDGE ( 'NONE', *, *, #2979, .T. ) ;
#185 = CARTESIAN_POINT ( 'NONE',  ( 0.000000000000000000, -1.908195823574487409E-15, -5.601863540164795783E-31 ) ) ;
#186 = CARTESIAN_POINT ( 'NONE',  ( 3.399999999999995026, -49.14062500341398732, 1.408326112068503777 ) ) ;
#187 = CARTESIAN_POINT ( 'NONE',  ( -2.404163056034259061, -47.03125000341398732, 2.404163056034238188 ) ) ;
#188 = CARTESIAN_POINT ( 'NONE',  ( 4.076582343749994841, -62.18750000170699366, 1.688575694911929936 ) ) ;
#189 = CARTESIAN_POINT ( 'NONE',  ( 2.081899558550498061E-16, -43.75000000341398732, -3.400000000000015898 ) ) ;
#190 = CYLINDRICAL_SURFACE ( 'NONE', #4039, 3.399999999999995914 ) ;
#191 = LINE ( 'NONE', #1596, #6031 ) ;
#192 = CARTESIAN_POINT ( 'NONE',  ( 4.076582343749994841, -52.18750000170698655, 1.688575694911929936 ) ) ;
#193 = CARTESIAN_POINT ( 'NONE',  ( 4.076582343749994841, -63.43750000170698655, 1.688575694911929936 ) ) ;
#194 = CARTESIAN_POINT ( 'NONE',  ( 1.408326112068522651, -60.54687500341398021, 3.399999999999975486 ) ) ;
#195 = CARTESIAN_POINT ( 'NONE',  ( 0.000000000000000000, -65.00000000000000000, -1.995304164474380342E-14 ) ) ;
#196 = CARTESIAN_POINT ( 'NONE',  ( -2.882579019330970826, -58.98437500170699366, -2.882579019330991699 ) ) ;
#197 = CARTESIAN_POINT ( 'NONE',  ( 1.688575694911947922, -35.93750000170699366, 4.076582343749975301 ) ) ;
#198 = VECTOR ( 'NONE', #1735, 1000.000000000000000 ) ;
#199 = CARTESIAN_POINT ( 'NONE',  ( 1.408326112068522651, -51.48437500000000711, 3.399999999999975486 ) ) ;
#200 = CIRCLE ( 'NONE', #4707, 7.750000000000000000 ) ;
#201 = ORIENTED_EDGE ( 'NONE', *, *, #328, .T. ) ;
#202 = EDGE_CURVE ( 'NONE', #4194, #5481, #374, .T. ) ;
#203 = CARTESIAN_POINT ( 'NONE',  ( 4.076582343749995729, -51.87500000170700076, -1.688575694911966796 ) ) ;
#204 = CARTESIAN_POINT ( 'NONE',  ( -1.688575694911949698, -52.50000000170699366, 4.076582343749975301 ) ) ;
#205 = FACE_OUTER_BOUND ( 'NONE', #4702, .T. ) ;
#206 = DIRECTION ( 'NONE',  ( -0.000000000000000000, -1.000000000000000000, -0.000000000000000000 ) ) ;
#207 = CARTESIAN_POINT ( 'NONE',  ( 2.882579019330970382, -37.10937500170699366, 2.882579019330952175 ) ) ;
#208 = CARTESIAN_POINT ( 'NONE',  ( 2.404163056034258616, -37.34375000000000000, -2.404163056034278600 ) ) ;
#209 = ADVANCED_FACE ( 'NONE', ( #555 ), #1503, .F. ) ;
#210 = CARTESIAN_POINT ( 'NONE',  ( -1.688575694911949698, -61.09375000170700076, 4.076582343749975301 ) ) ;
#211 = CARTESIAN_POINT ( 'NONE',  ( -1.408326112068523317, -62.89062500000000711, 3.399999999999975042 ) ) ;
#212 = CARTESIAN_POINT ( 'NONE',  ( -1.408326112068521319, -49.60937500000001421, -3.400000000000015898 ) ) ;
#213 = CARTESIAN_POINT ( 'NONE',  ( -4.076582343749995729, -48.82812500170699366, -2.045227899661720714E-14 ) ) ;
#214 = CARTESIAN_POINT ( 'NONE',  ( -2.882579019330970826, -51.48437500170699366, -2.882579019330991699 ) ) ;
#215 = CARTESIAN_POINT ( 'NONE',  ( -6.245698675651493936E-16, -49.06250000000000000, 3.399999999999975930 ) ) ;
#216 = CARTESIAN_POINT ( 'NONE',  ( -1.688575694911946590, -41.71875000170700076, -4.076582343750016157 ) ) ;
#217 = CARTESIAN_POINT ( 'NONE',  ( 2.882579019330971715, -35.70312500170699366, -2.882579019330991699 ) ) ;
#218 = CARTESIAN_POINT ( 'NONE',  ( 2.404163056034258616, -52.34375000000000000, -2.404163056034278600 ) ) ;
#219 = VERTEX_POINT ( 'NONE', #49 ) ;
#220 = ORIENTED_EDGE ( 'NONE', *, *, #3268, .F. ) ;
#221 = DIRECTION ( 'NONE',  ( 0.000000000000000000, 0.000000000000000000, -1.000000000000000000 ) ) ;
#222 = CARTESIAN_POINT ( 'NONE',  ( 3.399999999999995470, -45.23437500341398021, -1.408326112068541525 ) ) ;
#223 = CARTESIAN_POINT ( 'NONE',  ( -3.399999999999995914, -45.93750000341398021, -2.036942155645390229E-14 ) ) ;
#224 = CARTESIAN_POINT ( 'NONE',  ( -2.404163056034258172, -64.53125000000000000, -2.404163056034278600 ) ) ;
#225 = CARTESIAN_POINT ( 'NONE',  ( 1.408326112068545299, -36.79687500341398732, 3.399999999999952394 ) ) ;
#226 = CARTESIAN_POINT ( 'NONE',  ( -1.408326112068521319, -35.85937500000000000, -3.400000000000015898 ) ) ;
#227 = CARTESIAN_POINT ( 'NONE',  ( 4.076582343749995729, -64.37500000170699366, -1.688575694911967018 ) ) ;
#228 = CARTESIAN_POINT ( 'NONE',  ( -4.076582343749995729, -49.06250000170698655, -1.688575694911967240 ) ) ;
#229 = CARTESIAN_POINT ( 'NONE',  ( 2.882579019330970382, -58.51562500170699366, 2.882579019330952175 ) ) ;
#230 = CARTESIAN_POINT ( 'NONE',  ( -2.404163056034258172, -59.84375000341398732, -2.404163056034278600 ) ) ;
#231 = CARTESIAN_POINT ( 'NONE',  ( -2.404163056034258172, -63.59375000341398021, -2.404163056034278600 ) ) ;
#232 = CARTESIAN_POINT ( 'NONE',  ( -1.688575694911946590, -59.06250000170699366, -4.076582343750016157 ) ) ;
#233 = CARTESIAN_POINT ( 'NONE',  ( -4.076582343749995729, -35.15625000170698655, -1.688575694911967240 ) ) ;
#234 = CARTESIAN_POINT ( 'NONE',  ( -3.399999999999995470, -46.95312500000000000, -1.408326112068541747 ) ) ;
#235 = EDGE_CURVE ( 'NONE', #4867, #5708, #2812, .T. ) ;
#236 = CARTESIAN_POINT ( 'NONE',  ( -6.245698675651493936E-16, -54.06250000000000000, 3.399999999999975930 ) ) ;
#237 = ORIENTED_EDGE ( 'NONE', *, *, #965, .T. ) ;
#238 = CARTESIAN_POINT ( 'NONE',  ( 4.076582343749995729, -46.95312500170699366, -1.995304164474380342E-14 ) ) ;
#239 = CARTESIAN_POINT ( 'NONE',  ( -4.076582343749995729, -51.56250000170698655, -1.688575694911967240 ) ) ;
#240 = CARTESIAN_POINT ( 'NONE',  ( 3.399999999999995914, -40.23437500341398021, -1.408326112068541525 ) ) ;
#241 = CARTESIAN_POINT ( 'NONE',  ( -2.404163056034258172, -38.28125000000000000, -2.404163056034278600 ) ) ;
#242 = CARTESIAN_POINT ( 'NONE',  ( 3.399999999999995026, -46.64062500341397310, 1.408326112068504221 ) ) ;
#243 = CARTESIAN_POINT ( 'NONE',  ( 3.399999999999995914, -55.31250000341398732, -1.995304164474380342E-14 ) ) ;
#244 = CARTESIAN_POINT ( 'NONE',  ( 4.076582343749995729, -61.87500000170700076, -1.688575694911966796 ) ) ;
#245 = DIRECTION ( 'NONE',  ( -0.000000000000000000, -1.000000000000000000, -0.000000000000000000 ) ) ;
#246 = CARTESIAN_POINT ( 'NONE',  ( -3.399999999999996358, -61.79687500000000000, 1.408326112068500890 ) ) ;
#247 = CARTESIAN_POINT ( 'NONE',  ( 2.404163056034258616, -49.84375000000000711, -2.404163056034278600 ) ) ;
#248 = CARTESIAN_POINT ( 'NONE',  ( -1.688575694911950142, -47.34375000170700076, 4.076582343749975301 ) ) ;
#249 = CARTESIAN_POINT ( 'NONE',  ( -2.882579019330972159, -48.67187500170700076, 2.882579019330950842 ) ) ;
#250 = DIRECTION ( 'NONE',  ( 0.000000000000000000, 0.000000000000000000, -1.000000000000000000 ) ) ;
#251 = CARTESIAN_POINT ( 'NONE',  ( 4.076582343749995729, -43.28125000170698655, -1.688575694911967018 ) ) ;
#252 = CARTESIAN_POINT ( 'NONE',  ( -2.882579019330970826, -36.64062500170699366, -2.882579019330991699 ) ) ;
#253 = CARTESIAN_POINT ( 'NONE',  ( -6.245698675651493936E-16, -62.81250000000000711, 3.399999999999975930 ) ) ;
#254 = ORIENTED_EDGE ( 'NONE', *, *, #1611, .T. ) ;
#255 = DIRECTION ( 'NONE',  ( -0.000000000000000000, -1.000000000000000000, -0.000000000000000000 ) ) ;
#256 = CARTESIAN_POINT ( 'NONE',  ( 3.399999999999995914, -44.06250000341398021, -1.995304164474380342E-14 ) ) ;
#257 = CARTESIAN_POINT ( 'NONE',  ( 2.404163056034257728, -46.71875000341398021, 2.404163056034239077 ) ) ;
#258 = CARTESIAN_POINT ( 'NONE',  ( 2.404163056034257728, -36.71875000341398732, 2.404163056034239077 ) ) ;
#259 = CARTESIAN_POINT ( 'NONE',  ( 2.081899558550498061E-16, -45.00000000341398732, -3.400000000000015898 ) ) ;
#260 = LINE ( 'NONE', #4331, #1757 ) ;
#261 = CARTESIAN_POINT ( 'NONE',  ( -1.688575694911949698, -52.50000000170699366, 4.076582343749975301 ) ) ;
#262 = CARTESIAN_POINT ( 'NONE',  ( 1.688575694911947922, -62.34375000170699366, 4.076582343749975301 ) ) ;
#263 = CARTESIAN_POINT ( 'NONE',  ( 2.404163056034258616, -55.15625000341398021, -2.404163056034278600 ) ) ;
#264 = CARTESIAN_POINT ( 'NONE',  ( 3.399999999999995914, -60.31250000341398021, -1.995304164474380342E-14 ) ) ;
#265 = CARTESIAN_POINT ( 'NONE',  ( -4.076582343749995729, -56.40625000170699366, -1.688575694911967684 ) ) ;
#266 = CARTESIAN_POINT ( 'NONE',  ( 1.688575694911947922, -34.68750000170698655, 4.076582343749975301 ) ) ;
#267 = CARTESIAN_POINT ( 'NONE',  ( -1.408326112068523317, -46.64062500000000711, 3.399999999999975042 ) ) ;
#268 = CARTESIAN_POINT ( 'NONE',  ( 2.081899558550498061E-16, -53.43750000000000000, -3.400000000000015898 ) ) ;
#269 = ORIENTED_EDGE ( 'NONE', *, *, #1347, .F. ) ;
#270 = CARTESIAN_POINT ( 'NONE',  ( 4.076582343749995729, -49.37500000170700787, -1.688575694911966796 ) ) ;
#271 = CARTESIAN_POINT ( 'NONE',  ( -1.688575694911946590, -52.96875000170698655, -4.076582343750016157 ) ) ;
#272 = PERSON_AND_ORGANIZATION_ROLE ( 'creator' ) ;
#273 = CARTESIAN_POINT ( 'NONE',  ( 3.399999999999995026, -40.07812500000000711, 1.408326112068504221 ) ) ;
#274 = DIRECTION ( 'NONE',  ( 0.000000000000000000, 0.000000000000000000, -1.000000000000000000 ) ) ;
#275 = CARTESIAN_POINT ( 'NONE',  ( -7.488560278101070689E-16, -62.26562500170699366, 4.076582343749976189 ) ) ;
#276 = CARTESIAN_POINT ( 'NONE',  ( -2.404163056034258172, -45.78125000000000000, -2.404163056034278600 ) ) ;
#277 = CARTESIAN_POINT ( 'NONE',  ( 2.404163056034257728, -63.90625000000000000, 2.404163056034239077 ) ) ;
#278 = CARTESIAN_POINT ( 'NONE',  ( -3.399999999999996358, -49.29687500000000711, 1.408326112068500890 ) ) ;
#279 = CARTESIAN_POINT ( 'NONE',  ( 1.688575694911947256, -39.21875000170700076, -4.076582343750016157 ) ) ;
#280 = CARTESIAN_POINT ( 'NONE',  ( 2.882579019330971715, -46.79687500170700076, -2.882579019330991699 ) ) ;
#281 = CARTESIAN_POINT ( 'NONE',  ( 3.399999999999995914, -62.50000000000000000, -1.995304164474380342E-14 ) ) ;
#282 = EDGE_CURVE ( 'NONE', #2054, #4016, #200, .T. ) ;
#283 = CARTESIAN_POINT ( 'NONE',  ( -1.688575694911950142, -42.50000000170699366, 4.076582343749975301 ) ) ;
#284 = CARTESIAN_POINT ( 'NONE',  ( -1.408326112068498670, -40.85937500000000711, -3.400000000000039435 ) ) ;
#285 = CARTESIAN_POINT ( 'NONE',  ( 2.081899558550498061E-16, -53.75000000341398021, -3.400000000000015898 ) ) ;
#286 = VECTOR ( 'NONE', #5161, 1000.000000000000000 ) ;
#287 = ORIENTED_EDGE ( 'NONE', *, *, #1446, .F. ) ;
#288 = CARTESIAN_POINT ( 'NONE',  ( 2.081899558550498061E-16, -40.00000000341398732, -3.400000000000015898 ) ) ;
#289 = CARTESIAN_POINT ( 'NONE',  ( 1.408326112068521985, -45.07812500341398732, -3.400000000000015898 ) ) ;
#290 = CARTESIAN_POINT ( 'NONE',  ( 2.404163056034257728, -63.90625000000000000, 2.404163056034239077 ) ) ;
#291 = CARTESIAN_POINT ( 'NONE',  ( 4.076582343749995729, -59.45312500170700076, -1.995304164474380342E-14 ) ) ;
#292 = EDGE_CURVE ( 'NONE', #5481, #5726, #719, .T. ) ;
#293 =( BOUNDED_CURVE ( )  B_SPLINE_CURVE ( 2, ( #2148, #6240, #5293, #1755, #3257, #2249, #208, #3753, #2182 ),
 .UNSPECIFIED., .F., .F. ) 
 B_SPLINE_CURVE_WITH_KNOTS ( ( 3, 2, 2, 2, 3 ),
 ( 0.9062500000000001110, 0.9114583333333334814, 0.9166666666666667407, 0.9218750000000001110, 0.9270833333333334814 ),
 .UNSPECIFIED. ) 
 CURVE ( )  GEOMETRIC_REPRESENTATION_ITEM ( )  RATIONAL_B_SPLINE_CURVE ( ( 0.9999999999999983347, 0.9238795325112884038, 1.000000000000000000, 0.9238795325112867385, 1.000000000000000000, 0.9238795325112867385, 1.000000000000000000, 0.9238795325112850731, 1.000000000000001554 ) ) 
 REPRESENTATION_ITEM ( '' )  );
#294 = CARTESIAN_POINT ( 'NONE',  ( 2.081899558550498061E-16, -55.93750000000000000, -3.400000000000015898 ) ) ;
#295 = CARTESIAN_POINT ( 'NONE',  ( 2.081899558550498061E-16, -38.75000000341398732, -3.400000000000015898 ) ) ;
#296 = CARTESIAN_POINT ( 'NONE',  ( -1.688575694911946590, -51.71875000170698655, -4.076582343750016157 ) ) ;
#297 = ORIENTED_EDGE ( 'NONE', *, *, #3482, .T. ) ;
#298 = CARTESIAN_POINT ( 'NONE',  ( -7.488560278101070689E-16, -62.42187500170699366, 4.076582343749976189 ) ) ;
#299 = CARTESIAN_POINT ( 'NONE',  ( -2.404163056034259061, -55.78125000341398021, 2.404163056034238188 ) ) ;
#300 = CARTESIAN_POINT ( 'NONE',  ( 3.399999999999995470, -60.23437500341398021, -1.408326112068541525 ) ) ;
#301 = CARTESIAN_POINT ( 'NONE',  ( -1.688575694911950142, -54.84375000170699366, 4.076582343749975301 ) ) ;
#302 = CARTESIAN_POINT ( 'NONE',  ( -2.404163056034258172, -47.03125000000000000, -2.404163056034278600 ) ) ;
#303 = CARTESIAN_POINT ( 'NONE',  ( 3.399999999999995026, -46.32812500000000711, 1.408326112068504221 ) ) ;
#304 = VERTEX_POINT ( 'NONE', #4758 ) ;
#305 =( BOUNDED_CURVE ( )  B_SPLINE_CURVE ( 2, ( #3599, #2525, #5962, #4522, #4090, #4495, #1038, #19, #3533 ),
 .UNSPECIFIED., .F., .T. ) 
 B_SPLINE_CURVE_WITH_KNOTS ( ( 3, 2, 2, 2, 3 ),
 ( 0.07291666666666672680, 0.07812500000000005551, 0.08333333333333339810, 0.08854166666666674068, 0.09375000000000006939 ),
 .UNSPECIFIED. ) 
 CURVE ( )  GEOMETRIC_REPRESENTATION_ITEM ( )  RATIONAL_B_SPLINE_CURVE ( ( 0.9999999999999992228, 0.9238795325112875156, 1.000000000000000000, 0.9238795325112867385, 1.000000000000000000, 0.9238795325112867385, 1.000000000000000000, 0.9238795325112857393, 1.000000000000001110 ) ) 
 REPRESENTATION_ITEM ( '' )  );
#306 = CARTESIAN_POINT ( 'NONE',  ( 2.882579019330970382, -48.35937500170699366, 2.882579019330952175 ) ) ;
#307 = CARTESIAN_POINT ( 'NONE',  ( -2.882579019330972159, -47.57812500170699366, 2.882579019330950842 ) ) ;
#308 = CARTESIAN_POINT ( 'NONE',  ( 0.000000000000000000, 0.000000000000000000, 0.000000000000000000 ) ) ;
#309 = CARTESIAN_POINT ( 'NONE',  ( -2.404163056034258172, -48.28125000000000000, -2.404163056034278600 ) ) ;
#310 = DIRECTION ( 'NONE',  ( -0.000000000000000000, -1.000000000000000000, -0.000000000000000000 ) ) ;
#311 = CARTESIAN_POINT ( 'NONE',  ( -4.076582343749995729, -63.82812500170699366, -2.045227899661720714E-14 ) ) ;
#312 = CARTESIAN_POINT ( 'NONE',  ( 3.399999999999995026, -56.32812500000000000, 1.408326112068503777 ) ) ;
#313 = CARTESIAN_POINT ( 'NONE',  ( 2.496186759367024056E-16, -40.39062500170699366, -4.076582343750016157 ) ) ;
#314 = CARTESIAN_POINT ( 'NONE',  ( 1.688575694911947256, -46.71875000170700787, -4.076582343750016157 ) ) ;
#315 = FACE_OUTER_BOUND ( 'NONE', #6070, .T. ) ;
#316 = CARTESIAN_POINT ( 'NONE',  ( 4.076582343749994841, -42.18750000170699366, 1.688575694911929936 ) ) ;
#317 = CARTESIAN_POINT ( 'NONE',  ( 1.688575694911947922, -37.34375000170698655, 4.076582343749975301 ) ) ;
#318 = CARTESIAN_POINT ( 'NONE',  ( 3.399999999999995914, -37.81250000341398732, -1.995304164474380342E-14 ) ) ;
#319 = VERTEX_POINT ( 'NONE', #4123 ) ;
#320 = CARTESIAN_POINT ( 'NONE',  ( 2.404163056034258616, -41.40625000341398021, -2.404163056034278600 ) ) ;
#321 = CARTESIAN_POINT ( 'NONE',  ( -2.404163056034258172, -48.59375000341398021, -2.404163056034278600 ) ) ;
#322 = CARTESIAN_POINT ( 'NONE',  ( 2.081899558550498061E-16, -62.18750000000000000, -3.400000000000015898 ) ) ;
#323 = CARTESIAN_POINT ( 'NONE',  ( -1.688575694911949698, -62.34375000170700076, 4.076582343749975301 ) ) ;
#324 = CARTESIAN_POINT ( 'NONE',  ( 3.399999999999995914, -56.17187500000000000, -1.408326112068541525 ) ) ;
#325 = CARTESIAN_POINT ( 'NONE',  ( 1.408326112068499780, -60.23437500000000711, 3.399999999999999467 ) ) ;
#326 = CARTESIAN_POINT ( 'NONE',  ( -4.076582343749995729, -51.56250000170698655, -1.688575694911967240 ) ) ;
#327 = VERTEX_POINT ( 'NONE', #5212 ) ;
#328 = EDGE_CURVE ( 'NONE', #304, #3951, #3271, .T. ) ;
#329 = CARTESIAN_POINT ( 'NONE',  ( 4.076582343749995729, -63.28125000170699366, -1.688575694911967018 ) ) ;
#330 =( BOUNDED_CURVE ( )  B_SPLINE_CURVE ( 2, ( #285, #5796, #2775, #2261, #4294, #5725, #712, #4192, #1695 ),
 .UNSPECIFIED., .F., .F. ) 
 B_SPLINE_CURVE_WITH_KNOTS ( ( 3, 2, 2, 2, 3 ),
 ( 0.3437500000000000555, 0.3489583333333333703, 0.3541666666666667407, 0.3593750000000000555, 0.3645833333333333703 ),
 .UNSPECIFIED. ) 
 CURVE ( )  GEOMETRIC_REPRESENTATION_ITEM ( )  RATIONAL_B_SPLINE_CURVE ( ( 0.9999999999999992228, 0.9238795325112875156, 1.000000000000000000, 0.9238795325112867385, 1.000000000000000000, 0.9238795325112867385, 1.000000000000000000, 0.9238795325112859613, 1.000000000000000888 ) ) 
 REPRESENTATION_ITEM ( '' )  );
#331 = CARTESIAN_POINT ( 'NONE',  ( 1.408326112068522651, -58.04687500341398732, 3.399999999999975486 ) ) ;
#332 = CARTESIAN_POINT ( 'NONE',  ( -1.408326112068521319, -62.42187500341399442, -3.400000000000015898 ) ) ;
#333 = CARTESIAN_POINT ( 'NONE',  ( 2.882579019330971715, -54.29687500170699366, -2.882579019330991699 ) ) ;
#334 = ORIENTED_EDGE ( 'NONE', *, *, #5888, .F. ) ;
#335 = CARTESIAN_POINT ( 'NONE',  ( -6.245698675651493936E-16, -49.06250000000000000, 3.399999999999975930 ) ) ;
#336 = CARTESIAN_POINT ( 'NONE',  ( 4.929203366568097207E-16, -65.00000000000000000, 4.024999999999980815 ) ) ;
#337 = ORIENTED_EDGE ( 'NONE', *, *, #4737, .T. ) ;
#338 = CC_DESIGN_DATE_AND_TIME_ASSIGNMENT ( #3504, #4771, ( #4312 ) ) ;
#339 = CARTESIAN_POINT ( 'NONE',  ( 4.076582343749995729, -45.70312500170699366, -1.995304164474380342E-14 ) ) ;
#340 = CARTESIAN_POINT ( 'NONE',  ( -2.882579019330972159, -46.32812500170699366, 2.882579019330950842 ) ) ;
#341 = PERSON_AND_ORGANIZATION_ROLE ( 'design_owner' ) ;
#342 = CARTESIAN_POINT ( 'NONE',  ( -3.399999999999995914, -48.43750000341398732, -2.036942155645390229E-14 ) ) ;
#343 =( BOUNDED_CURVE ( )  B_SPLINE_CURVE ( 2, ( #3852, #5819, #241, #3882, #5260, #2798, #5354, #5849, #5787 ),
 .UNSPECIFIED., .F., .F. ) 
 B_SPLINE_CURVE_WITH_KNOTS ( ( 3, 2, 2, 2, 3 ),
 ( 0.8854166666666667407, 0.8906250000000001110, 0.8958333333333334814, 0.9010416666666667407, 0.9062500000000001110 ),
 .UNSPECIFIED. ) 
 CURVE ( )  GEOMETRIC_REPRESENTATION_ITEM ( )  RATIONAL_B_SPLINE_CURVE ( ( 0.9999999999999983347, 0.9238795325112884038, 1.000000000000000000, 0.9238795325112867385, 1.000000000000000000, 0.9238795325112867385, 1.000000000000000000, 0.9238795325112850731, 1.000000000000001554 ) ) 
 REPRESENTATION_ITEM ( '' )  );
#344 = CARTESIAN_POINT ( 'NONE',  ( -4.076582343749996618, -55.00000000170699366, 1.688575694911926828 ) ) ;
#345 = CARTESIAN_POINT ( 'NONE',  ( -3.399999999999995470, -60.70312500000001421, -1.408326112068541747 ) ) ;
#346 = CARTESIAN_POINT ( 'NONE',  ( 1.688575694911947256, -42.96875000170699366, -4.076582343750016157 ) ) ;
#347 = CARTESIAN_POINT ( 'NONE',  ( -1.688575694911946590, -47.81250000170698655, -4.076582343750016157 ) ) ;
#348 = CARTESIAN_POINT ( 'NONE',  ( -3.399999999999995914, -38.43750000341398732, -2.036942155645390229E-14 ) ) ;
#349 = CARTESIAN_POINT ( 'NONE',  ( -4.076582343749996618, -45.15625000170700076, 1.688575694911926828 ) ) ;
#350 = CYLINDRICAL_SURFACE ( 'NONE', #58, 3.399999999999995914 ) ;
#351 = VERTEX_POINT ( 'NONE', #3136 ) ;
#352 = CARTESIAN_POINT ( 'NONE',  ( -2.404163056034259061, -42.03125000341398021, 2.404163056034238188 ) ) ;
#353 = CARTESIAN_POINT ( 'NONE',  ( 1.408326112068522651, -43.04687500341400153, 3.399999999999975486 ) ) ;
#354 = CARTESIAN_POINT ( 'NONE',  ( -3.399999999999996358, -63.04687500000000711, 1.408326112068500890 ) ) ;
#355 = CARTESIAN_POINT ( 'NONE',  ( 4.076582343749995729, -61.95312500170699366, -1.995304164474380342E-14 ) ) ;
#356 = CARTESIAN_POINT ( 'NONE',  ( -1.408326112068523317, -46.95312500341398732, 3.399999999999975042 ) ) ;
#357 = CARTESIAN_POINT ( 'NONE',  ( 2.081899558550498061E-16, -55.00000000341398732, -3.400000000000015898 ) ) ;
#358 = CARTESIAN_POINT ( 'NONE',  ( 2.882579019330970382, -44.76562500170699366, 2.882579019330952175 ) ) ;
#359 = ORIENTED_EDGE ( 'NONE', *, *, #3023, .F. ) ;
#360 = CARTESIAN_POINT ( 'NONE',  ( 4.076582343749994841, -60.93750000170699366, 1.688575694911929936 ) ) ;
#361 = CARTESIAN_POINT ( 'NONE',  ( 1.408326112068521985, -56.32812500341398021, -3.400000000000015898 ) ) ;
#362 = CARTESIAN_POINT ( 'NONE',  ( 2.081899558550498061E-16, -55.00000000341398732, -3.400000000000015898 ) ) ;
#363 = AXIS2_PLACEMENT_3D ( 'NONE', #701, #6205, #2319 ) ;
#364 = CARTESIAN_POINT ( 'NONE',  ( -4.076582343749996618, -51.25000000170700076, 1.688575694911926828 ) ) ;
#365 = DIRECTION ( 'NONE',  ( -0.000000000000000000, -1.000000000000000000, -0.000000000000000000 ) ) ;
#366 = CARTESIAN_POINT ( 'NONE',  ( -3.399999999999996358, -49.29687500000000711, 1.408326112068500890 ) ) ;
#367 = DIRECTION ( 'NONE',  ( 0.000000000000000000, 0.000000000000000000, -1.000000000000000000 ) ) ;
#368 = EDGE_CURVE ( 'NONE', #455, #3899, #2142, .T. ) ;
#369 = ORIENTED_EDGE ( 'NONE', *, *, #5327, .T. ) ;
#370 = CARTESIAN_POINT ( 'NONE',  ( 1.688575694911947256, -41.71875000170700076, -4.076582343750016157 ) ) ;
#371 = CARTESIAN_POINT ( 'NONE',  ( -4.076582343749995729, -47.81250000170698655, -1.688575694911967240 ) ) ;
#372 = PERSON_AND_ORGANIZATION ( #5315, #4416 ) ;
#373 = CARTESIAN_POINT ( 'NONE',  ( 0.000000000000000000, -65.00000000000000000, -1.995304164474380342E-14 ) ) ;
#374 = B_SPLINE_CURVE_WITH_KNOTS ( 'NONE', 3,
 ( #6020, #5590, #1474, #1531, #3566, #5465, #495, #1564, #2946, #2494, #5559, #2093, #6484, #5991, #6086, #5527, #3037, #5047 ),
 .UNSPECIFIED., .F., .F.,
 ( 4, 2, 2, 2, 2, 2, 2, 2, 4 ),
 ( 0.005478525738380557800, 0.006201611037199844002, 0.006924696336019130205, 0.007647781634838415540, 0.008370866933657700876, 0.009093952232476987946, 0.009817037531296273281, 0.01054012283011555862, 0.01126320812893484569 ),
 .UNSPECIFIED. ) ;
#375 = CARTESIAN_POINT ( 'NONE',  ( 2.404163056034257728, -35.15625000000000000, 2.404163056034239077 ) ) ;
#376 = CARTESIAN_POINT ( 'NONE',  ( 1.688575694911947922, -55.93750000170699366, 4.076582343749975301 ) ) ;
#377 = CARTESIAN_POINT ( 'NONE',  ( 3.399999999999995470, -58.67187500000000000, -1.408326112068541525 ) ) ;
#378 = CARTESIAN_POINT ( 'NONE',  ( -4.076582343749995729, -40.07812500170699366, -2.045227899661720714E-14 ) ) ;
#379 = CARTESIAN_POINT ( 'NONE',  ( 2.882579019330970382, -47.10937500170699366, 2.882579019330952175 ) ) ;
#380 = CARTESIAN_POINT ( 'NONE',  ( -3.399999999999995914, -52.26562500341398732, -1.408326112068541747 ) ) ;
#381 = CARTESIAN_POINT ( 'NONE',  ( -1.688575694911950142, -55.00000000170698655, 4.076582343749975301 ) ) ;
#382 = LINE ( 'NONE', #4881, #3854 ) ;
#383 = ORIENTED_EDGE ( 'NONE', *, *, #4609, .F. ) ;
#384 = CARTESIAN_POINT ( 'NONE',  ( 4.076582343749995729, -63.12500000170700076, -1.688575694911967018 ) ) ;
#385 = CARTESIAN_POINT ( 'NONE',  ( 2.404163056034257728, -44.21875000341398732, 2.404163056034239077 ) ) ;
#386 = CARTESIAN_POINT ( 'NONE',  ( -3.399999999999995470, -42.26562500341399442, -1.408326112068541747 ) ) ;
#387 = CARTESIAN_POINT ( 'NONE',  ( -2.404163056034258172, -57.03125000000000711, -2.404163056034278600 ) ) ;
#388 = CARTESIAN_POINT ( 'NONE',  ( -1.688575694911949698, -61.09375000170700076, 4.076582343749975301 ) ) ;
#389 = CARTESIAN_POINT ( 'NONE',  ( -6.245698675651493936E-16, -50.31250000000000000, 3.399999999999975930 ) ) ;
#390 = CARTESIAN_POINT ( 'NONE',  ( 2.882579019330970382, -47.26562500170698655, 2.882579019330952175 ) ) ;
#391 = CARTESIAN_POINT ( 'NONE',  ( 3.399999999999995026, -43.82812500000001421, 1.408326112068504221 ) ) ;
#392 = AXIS2_PLACEMENT_3D ( 'NONE', #1656, #4223, #1270 ) ;
#393 = ORIENTED_EDGE ( 'NONE', *, *, #5256, .F. ) ;
#394 = CARTESIAN_POINT ( 'NONE',  ( -6.245698675651493936E-16, -55.62500000341398732, 3.399999999999975930 ) ) ;
#395 = CARTESIAN_POINT ( 'NONE',  ( -1.408326112068523317, -58.20312500341399442, 3.399999999999975042 ) ) ;
#396 = CARTESIAN_POINT ( 'NONE',  ( -4.076582343749995729, -64.06250000170699366, -1.688575694911967240 ) ) ;
#397 = CARTESIAN_POINT ( 'NONE',  ( -2.882579019330972159, -53.67187500170699366, 2.882579019330950842 ) ) ;
#398 = CARTESIAN_POINT ( 'NONE',  ( 2.404163056034258616, -44.84375000000000000, -2.404163056034278600 ) ) ;
#399 = CARTESIAN_POINT ( 'NONE',  ( 2.496186759367024056E-16, -61.79687500170698655, -4.076582343750016157 ) ) ;
#400 = ORIENTED_EDGE ( 'NONE', *, *, #4569, .F. ) ;
#401 = CARTESIAN_POINT ( 'NONE',  ( 1.688575694911947922, -39.68750000170699366, 4.076582343749975301 ) ) ;
#402 = CARTESIAN_POINT ( 'NONE',  ( 2.882579019330971715, -46.95312500170699366, -2.882579019330991699 ) ) ;
#403 = PERSON_AND_ORGANIZATION ( #5315, #4416 ) ;
#404 = CARTESIAN_POINT ( 'NONE',  ( 1.408326112068521985, -49.76562500000000711, -3.400000000000015898 ) ) ;
#405 = FACE_OUTER_BOUND ( 'NONE', #2578, .T. ) ;
#406 = CARTESIAN_POINT ( 'NONE',  ( -1.408326112068569280, -44.45312500341400863, 3.399999999999929301 ) ) ;
#407 = ADVANCED_FACE ( 'NONE', ( #5697 ), #2749, .F. ) ;
#408 = CARTESIAN_POINT ( 'NONE',  ( -4.076582343749995729, -57.65625000170699366, -1.688575694911967240 ) ) ;
#409 = CARTESIAN_POINT ( 'NONE',  ( -1.408326112068523317, -56.64062500000000000, 3.399999999999975042 ) ) ;
#410 = CARTESIAN_POINT ( 'NONE',  ( -4.076582343749996618, -43.75000000170699366, 1.688575694911926828 ) ) ;
#411 = CARTESIAN_POINT ( 'NONE',  ( 1.688575694911947256, -40.46875000170698655, -4.076582343750016157 ) ) ;
#412 = EDGE_CURVE ( 'NONE', #3489, #5432, #3907, .T. ) ;
#413 = CARTESIAN_POINT ( 'NONE',  ( 2.081899558550498061E-16, -52.50000000341398021, -3.400000000000015898 ) ) ;
#414 = CARTESIAN_POINT ( 'NONE',  ( -7.488560278101070689E-16, -53.67187500170698655, 4.076582343749976189 ) ) ;
#415 = AXIS2_PLACEMENT_3D ( 'NONE', #3550, #6141, #3684 ) ;
#416 = VERTEX_POINT ( 'NONE', #1204 ) ;
#417 = CARTESIAN_POINT ( 'NONE',  ( 2.882579019330970382, -63.35937500170699366, 2.882579019330952175 ) ) ;
#418 = CARTESIAN_POINT ( 'NONE',  ( -3.399999999999996358, -37.10937500341398732, 1.408326112068500890 ) ) ;
#419 = CARTESIAN_POINT ( 'NONE',  ( 1.408326112068522651, -40.54687500341399442, 3.399999999999975486 ) ) ;
#420 = CARTESIAN_POINT ( 'NONE',  ( -3.399999999999995470, -58.20312500000000711, -1.408326112068541747 ) ) ;
#421 = CARTESIAN_POINT ( 'NONE',  ( -4.076582343749996618, -61.25000000170700076, 1.688575694911926828 ) ) ;
#422 = CARTESIAN_POINT ( 'NONE',  ( -1.408326112068498670, -50.85937500000000000, -3.400000000000039435 ) ) ;
#423 = CARTESIAN_POINT ( 'NONE',  ( 2.496186759367024056E-16, -45.54687500170699366, -4.076582343750016157 ) ) ;
#424 = CARTESIAN_POINT ( 'NONE',  ( -2.404163056034259061, -42.03125000341398021, 2.404163056034238188 ) ) ;
#425 = ORIENTED_EDGE ( 'NONE', *, *, #771, .F. ) ;
#426 = CARTESIAN_POINT ( 'NONE',  ( 4.076582343749994841, -38.43750000170699366, 1.688575694911929936 ) ) ;
#427 = CARTESIAN_POINT ( 'NONE',  ( -1.408326112068521319, -49.92187500341399442, -3.400000000000015898 ) ) ;
#428 = CARTESIAN_POINT ( 'NONE',  ( 2.404163056034257728, -57.96875000341398732, 2.404163056034239077 ) ) ;
#429 = CARTESIAN_POINT ( 'NONE',  ( 1.408326112068522651, -36.48437500000000000, 3.399999999999975486 ) ) ;
#430 = CARTESIAN_POINT ( 'NONE',  ( -1.688575694911950142, -49.84375000170699366, 4.076582343749975301 ) ) ;
#431 = CARTESIAN_POINT ( 'NONE',  ( -1.408326112068565727, -64.14062500000000000, 3.399999999999932410 ) ) ;
#432 =( GEOMETRIC_REPRESENTATION_CONTEXT ( 3 ) GLOBAL_UNCERTAINTY_ASSIGNED_CONTEXT ( ( #3980 ) ) GLOBAL_UNIT_ASSIGNED_CONTEXT ( ( #768, #1642, #3614 ) ) REPRESENTATION_CONTEXT ( 'NONE', 'WORKASPACE' ) );
#433 = CARTESIAN_POINT ( 'NONE',  ( 2.404163056034257728, -42.65625000000000711, 2.404163056034239077 ) ) ;
#434 = CARTESIAN_POINT ( 'NONE',  ( 4.076582343749995729, -64.60937500170699366, -1.995304164474380342E-14 ) ) ;
#435 = DIRECTION ( 'NONE',  ( -0.000000000000000000, -1.000000000000000000, -0.000000000000000000 ) ) ;
#436 = CARTESIAN_POINT ( 'NONE',  ( 1.688575694911947922, -43.43750000170700787, 4.076582343749975301 ) ) ;
#437 = CARTESIAN_POINT ( 'NONE',  ( 2.496186759367024056E-16, -48.04687500170699366, -4.076582343750016157 ) ) ;
#438 = CARTESIAN_POINT ( 'NONE',  ( -2.404163056034259061, -44.21875000000000000, 2.404163056034238188 ) ) ;
#439 = CARTESIAN_POINT ( 'NONE',  ( -2.404163056034259061, -35.78125000341398732, 2.404163056034238188 ) ) ;
#440 = CARTESIAN_POINT ( 'NONE',  ( 2.882579019330971715, -59.29687500170699366, -2.882579019330991699 ) ) ;
#441 = CARTESIAN_POINT ( 'NONE',  ( 3.399999999999995914, -60.00000000000000711, -1.995304164474380342E-14 ) ) ;
#442 = CARTESIAN_POINT ( 'NONE',  ( -4.076582343749995729, -37.65625000170700076, -1.688575694911967684 ) ) ;
#443 = CARTESIAN_POINT ( 'NONE',  ( 2.882579019330971715, -40.54687500170699366, -2.882579019330991699 ) ) ;
#444 = CARTESIAN_POINT ( 'NONE',  ( -6.245698675651493936E-16, -61.56250000000000000, 3.399999999999975930 ) ) ;
#445 = CARTESIAN_POINT ( 'NONE',  ( 2.882579019330971715, -56.95312500170698655, -2.882579019330991699 ) ) ;
#446 = ORIENTED_EDGE ( 'NONE', *, *, #5599, .F. ) ;
#447 = CARTESIAN_POINT ( 'NONE',  ( 4.076582343749995729, -63.20312500170699366, -1.995304164474380342E-14 ) ) ;
#448 = CARTESIAN_POINT ( 'NONE',  ( 3.399999999999995914, -36.56250000341398732, -1.995304164474380342E-14 ) ) ;
#449 = CARTESIAN_POINT ( 'NONE',  ( 2.081899558550498061E-16, -42.50000000341398732, -3.400000000000015898 ) ) ;
#450 = CARTESIAN_POINT ( 'NONE',  ( 2.404163056034258616, -58.59375000000000000, -2.404163056034278600 ) ) ;
#451 = CARTESIAN_POINT ( 'NONE',  ( 4.076582343749994841, -55.78125000170698655, 1.688575694911929936 ) ) ;
#452 = CARTESIAN_POINT ( 'NONE',  ( -3.399999999999995914, -47.18750000341398732, -2.036942155645390229E-14 ) ) ;
#453 = CARTESIAN_POINT ( 'NONE',  ( -2.882579019330972159, -46.32812500170699366, 2.882579019330950842 ) ) ;
#454 = CARTESIAN_POINT ( 'NONE',  ( 1.408326112068544633, -41.01562500000000000, -3.399999999999992806 ) ) ;
#455 = VERTEX_POINT ( 'NONE', #2234 ) ;
#456 = CARTESIAN_POINT ( 'NONE',  ( 1.688575694911947256, -38.12500000170698655, -4.076582343750016157 ) ) ;
#457 = CARTESIAN_POINT ( 'NONE',  ( -1.408326112068523317, -49.45312500341398021, 3.399999999999975042 ) ) ;
#458 = CARTESIAN_POINT ( 'NONE',  ( -3.399999999999995914, -55.93750000341398732, -2.036942155645390229E-14 ) ) ;
#459 = CARTESIAN_POINT ( 'NONE',  ( 2.404163056034258616, -36.09375000000000000, -2.404163056034278600 ) ) ;
#460 = CARTESIAN_POINT ( 'NONE',  ( -7.488560278101070689E-16, -51.01562500170700076, 4.076582343749976189 ) ) ;
#461 = CARTESIAN_POINT ( 'NONE',  ( -6.245698675651493936E-16, -56.87500000341398732, 3.399999999999975930 ) ) ;
#462 = CARTESIAN_POINT ( 'NONE',  ( 1.408326112068521985, -42.26562500000000000, -3.400000000000015898 ) ) ;
#463 = DIRECTION ( 'NONE',  ( 0.000000000000000000, -1.000000000000000000, 0.000000000000000000 ) ) ;
#464 = ADVANCED_FACE ( 'NONE', ( #120 ), #2166, .F. ) ;
#465 = VECTOR ( 'NONE', #3144, 1000.000000000000000 ) ;
#466 = DIRECTION ( 'NONE',  ( -0.000000000000000000, -1.000000000000000000, -0.000000000000000000 ) ) ;
#467 = CARTESIAN_POINT ( 'NONE',  ( 2.882579019330970382, -43.35937500170699366, 2.882579019330952175 ) ) ;
#468 = CARTESIAN_POINT ( 'NONE',  ( 2.882579019330971715, -44.45312500170699366, -2.882579019330991699 ) ) ;
#469 = CARTESIAN_POINT ( 'NONE',  ( 1.408326112068522651, -43.98437500000000711, 3.399999999999975486 ) ) ;
#470 = CARTESIAN_POINT ( 'NONE',  ( 0.000000000000000000, -65.00000000000000000, -3.400000000000015898 ) ) ;
#471 = CARTESIAN_POINT ( 'NONE',  ( 4.076582343749995729, -59.53125000170699366, -1.688575694911966796 ) ) ;
#472 = CARTESIAN_POINT ( 'NONE',  ( -3.399999999999995914, -54.37500000000000000, -2.036942155645390229E-14 ) ) ;
#473 = CARTESIAN_POINT ( 'NONE',  ( 4.076582343749994841, -35.78125000170700076, 1.688575694911929936 ) ) ;
#474 = CARTESIAN_POINT ( 'NONE',  ( 2.882579019330971715, -39.29687500170699366, -2.882579019330991699 ) ) ;
#475 = CARTESIAN_POINT ( 'NONE',  ( -3.399999999999995914, -35.70312500000000000, -1.408326112068541747 ) ) ;
#476 = CARTESIAN_POINT ( 'NONE',  ( 4.076582343749995729, -54.53125000170700076, -1.688575694911967018 ) ) ;
#477 = ADVANCED_FACE ( 'NONE', ( #4162 ), #2325, .T. ) ;
#478 = ORIENTED_EDGE ( 'NONE', *, *, #846, .T. ) ;
#479 = CARTESIAN_POINT ( 'NONE',  ( -4.076582343749995729, -63.90625000170699366, -1.688575694911967684 ) ) ;
#480 = EDGE_CURVE ( 'NONE', #683, #649, #5948, .T. ) ;
#481 = CARTESIAN_POINT ( 'NONE',  ( -2.404163056034258172, -34.84375000341398732, -2.404163056034278600 ) ) ;
#482 = CARTESIAN_POINT ( 'NONE',  ( 1.408326112068521985, -38.82812500341398021, -3.400000000000015898 ) ) ;
#483 = CARTESIAN_POINT ( 'NONE',  ( -3.399999999999996358, -56.79687500000000000, 1.408326112068500890 ) ) ;
#484 = CARTESIAN_POINT ( 'NONE',  ( -1.688575694911949698, -54.84375000170698655, 4.076582343749975301 ) ) ;
#485 = CARTESIAN_POINT ( 'NONE',  ( -3.399999999999996803, -47.10937500341398732, 1.408326112068501335 ) ) ;
#486 = CARTESIAN_POINT ( 'NONE',  ( 1.688575694911947256, -45.62500000170699366, -4.076582343750016157 ) ) ;
#487 = CARTESIAN_POINT ( 'NONE',  ( 3.399999999999995914, -43.75000000000000000, -1.995304164474380342E-14 ) ) ;
#488 = ORIENTED_EDGE ( 'NONE', *, *, #2885, .T. ) ;
#489 = ADVANCED_FACE ( 'NONE', ( #1686 ), #1786, .F. ) ;
#490 = CARTESIAN_POINT ( 'NONE',  ( 4.076582343749995729, -39.53125000170698655, -1.688575694911966796 ) ) ;
#491 = CARTESIAN_POINT ( 'NONE',  ( -2.404163056034258172, -52.34375000341398732, -2.404163056034278600 ) ) ;
#492 = CARTESIAN_POINT ( 'NONE',  ( -1.408326112068523317, -55.70312500341399442, 3.399999999999975042 ) ) ;
#493 = VECTOR ( 'NONE', #5994, 1000.000000000000000 ) ;
#494 = CARTESIAN_POINT ( 'NONE',  ( 1.408326112068522651, -38.98437500000000000, 3.399999999999975486 ) ) ;
#495 = CARTESIAN_POINT ( 'NONE',  ( 1.867443239578062686, -64.64083376782973289, -3.163680191339223402 ) ) ;
#496 = CARTESIAN_POINT ( 'NONE',  ( -3.399999999999995470, -41.95312500000000711, -1.408326112068541747 ) ) ;
#497 = CARTESIAN_POINT ( 'NONE',  ( 4.076582343749995729, -62.03125000170700787, -1.688575694911966796 ) ) ;
#498 = AXIS2_PLACEMENT_3D ( 'NONE', #5654, #1159, #678 ) ;
#499 = CARTESIAN_POINT ( 'NONE',  ( -2.882579019330972159, -41.17187500170699366, 2.882579019330950842 ) ) ;
#500 = CARTESIAN_POINT ( 'NONE',  ( 4.076582343749995729, -44.53125000170698655, -1.688575694911966796 ) ) ;
#501 = CARTESIAN_POINT ( 'NONE',  ( -1.408326112068523317, -45.39062500000001421, 3.399999999999975042 ) ) ;
#502 = CARTESIAN_POINT ( 'NONE',  ( -2.404163056034258172, -52.03125000000000000, -2.404163056034278600 ) ) ;
#503 = CARTESIAN_POINT ( 'NONE',  ( 2.882579019330970382, -59.76562500170699366, 2.882579019330952175 ) ) ;
#504 = CARTESIAN_POINT ( 'NONE',  ( -2.882579019330970826, -36.48437500170699366, -2.882579019330991699 ) ) ;
#505 = CARTESIAN_POINT ( 'NONE',  ( 2.882579019330971715, -43.04687500170699366, -2.882579019330991699 ) ) ;
#506 = CARTESIAN_POINT ( 'NONE',  ( -2.404163056034259061, -44.21875000000000000, 2.404163056034238188 ) ) ;
#507 = CARTESIAN_POINT ( 'NONE',  ( -1.688575694911946590, -52.96875000170699366, -4.076582343750016157 ) ) ;
#508 = ORIENTED_EDGE ( 'NONE', *, *, #2979, .F. ) ;
#509 = DESIGN_CONTEXT ( 'detailed design', #4965, 'design' ) ;
#510 = CARTESIAN_POINT ( 'NONE',  ( 2.882579019330970382, -59.60937500170699366, 2.882579019330952175 ) ) ;
#511 = AXIS2_PLACEMENT_3D ( 'NONE', #6219, #3199, #715 ) ;
#512 = EDGE_CURVE ( 'NONE', #2480, #3237, #1581, .T. ) ;
#513 = CARTESIAN_POINT ( 'NONE',  ( -3.399999999999996358, -35.85937500341398732, 1.408326112068500890 ) ) ;
#514 = CARTESIAN_POINT ( 'NONE',  ( 3.399999999999995914, -39.06250000341398732, -1.995304164474380342E-14 ) ) ;
#515 = CARTESIAN_POINT ( 'NONE',  ( -1.408326112068523317, -57.89062500000000000, 3.399999999999975042 ) ) ;
#516 = CARTESIAN_POINT ( 'NONE',  ( 2.882579019330970382, -55.85937500170700076, 2.882579019330952175 ) ) ;
#517 = DIRECTION ( 'NONE',  ( -0.000000000000000000, -1.000000000000000000, -0.000000000000000000 ) ) ;
#518 = CARTESIAN_POINT ( 'NONE',  ( -1.688575694911949698, -43.75000000170698655, 4.076582343749975301 ) ) ;
#519 = CARTESIAN_POINT ( 'NONE',  ( -2.404163056034258172, -42.34375000341398732, -2.404163056034278600 ) ) ;
#520 = ORIENTED_EDGE ( 'NONE', *, *, #5123, .F. ) ;
#521 = ORIENTED_EDGE ( 'NONE', *, *, #2533, .T. ) ;
#522 = CARTESIAN_POINT ( 'NONE',  ( -4.076582343749995729, -35.23437500170699366, -2.045227899661720714E-14 ) ) ;
#523 = CARTESIAN_POINT ( 'NONE',  ( 2.081899558550498061E-16, -52.50000000341398021, -3.400000000000015898 ) ) ;
#524 = CARTESIAN_POINT ( 'NONE',  ( -3.399999999999996358, -50.85937500341398732, 1.408326112068500890 ) ) ;
#525 = CARTESIAN_POINT ( 'NONE',  ( 4.076582343749995729, -64.60937500170699366, -1.995304164474380342E-14 ) ) ;
#526 = CARTESIAN_POINT ( 'NONE',  ( -6.245698675651493936E-16, -36.56250000000000000, 3.399999999999975930 ) ) ;
#527 = CARTESIAN_POINT ( 'NONE',  ( 2.404163056034258616, -42.34375000000000000, -2.404163056034278600 ) ) ;
#528 = CARTESIAN_POINT ( 'NONE',  ( -4.076582343749995729, -60.23437500170698655, -2.045227899661720714E-14 ) ) ;
#529 = CARTESIAN_POINT ( 'NONE',  ( 2.081899558550498061E-16, -62.50000000341399442, -3.400000000000015898 ) ) ;
#530 = CARTESIAN_POINT ( 'NONE',  ( 2.496186759367024056E-16, -37.89062500170699366, -4.076582343750016157 ) ) ;
#531 = CARTESIAN_POINT ( 'NONE',  ( -2.882579019330972159, -43.82812500170699366, 2.882579019330950842 ) ) ;
#532 = CARTESIAN_POINT ( 'NONE',  ( 3.399999999999995914, -43.75000000000000000, -1.995304164474380342E-14 ) ) ;
#533 = CARTESIAN_POINT ( 'NONE',  ( -6.245698675651493936E-16, -49.06250000000000000, 3.399999999999975930 ) ) ;
#534 = APPROVAL ( #2316, 'æœª' ) ;
#535 = CARTESIAN_POINT ( 'NONE',  ( -2.882579019330972159, -60.07812500170699366, 2.882579019330950842 ) ) ;
#536 = CARTESIAN_POINT ( 'NONE',  ( 4.076582343749995729, -38.12500000170699366, -1.688575694911967018 ) ) ;
#537 = CARTESIAN_POINT ( 'NONE',  ( 2.496186759367024056E-16, -40.39062500170699366, -4.076582343750016157 ) ) ;
#538 = CARTESIAN_POINT ( 'NONE',  ( -2.404163056034258172, -39.53125000000000711, -2.404163056034278600 ) ) ;
#539 = CARTESIAN_POINT ( 'NONE',  ( -2.882579019330972159, -51.32812500170699366, 2.882579019330950842 ) ) ;
#540 = EDGE_LOOP ( 'NONE', ( #2822, #1882, #3219, #3629 ) ) ;
#541 = CARTESIAN_POINT ( 'NONE',  ( -4.076582343749995729, -60.15625000170699366, -1.688575694911967684 ) ) ;
#542 = CARTESIAN_POINT ( 'NONE',  ( -6.245698675651493936E-16, -35.62500000341398021, 3.399999999999975930 ) ) ;
#543 = CARTESIAN_POINT ( 'NONE',  ( -2.404163056034259061, -39.53125000341398021, 2.404163056034238188 ) ) ;
#544 = CARTESIAN_POINT ( 'NONE',  ( 3.399999999999995026, -55.07812500000000711, 1.408326112068503777 ) ) ;
#545 = CARTESIAN_POINT ( 'NONE',  ( -2.882579019330972159, -54.92187500170700076, 2.882579019330950842 ) ) ;
#546 = LINE ( 'NONE', #2019, #2176 ) ;
#547 = CARTESIAN_POINT ( 'NONE',  ( -1.688575694911949698, -41.25000000170698655, 4.076582343749975301 ) ) ;
#548 = CARTESIAN_POINT ( 'NONE',  ( 2.404163056034258616, -48.90625000341398732, -2.404163056034278600 ) ) ;
#549 = ORIENTED_EDGE ( 'NONE', *, *, #2729, .F. ) ;
#550 = ORIENTED_EDGE ( 'NONE', *, *, #3893, .T. ) ;
#551 =( BOUNDED_CURVE ( )  B_SPLINE_CURVE ( 2, ( #5369, #422, #3371, #4916, #1432, #5863, #2937, #4948, #389 ),
 .UNSPECIFIED., .F., .F. ) 
 B_SPLINE_CURVE_WITH_KNOTS ( ( 3, 2, 2, 2, 3 ),
 ( 0.4687499999999998890, 0.4739583333333332038, 0.4791666666666666297, 0.4843749999999999445, 0.4895833333333332593 ),
 .UNSPECIFIED. ) 
 CURVE ( )  GEOMETRIC_REPRESENTATION_ITEM ( )  RATIONAL_B_SPLINE_CURVE ( ( 1.000000000000001554, 0.9238795325112850731, 1.000000000000000000, 0.9238795325112867385, 1.000000000000000000, 0.9238795325112867385, 1.000000000000000000, 0.9238795325112875156, 0.9999999999999992228 ) ) 
 REPRESENTATION_ITEM ( '' )  );
#552 = CARTESIAN_POINT ( 'NONE',  ( 2.404163056034257728, -51.71875000341398732, 2.404163056034239077 ) ) ;
#553 = CARTESIAN_POINT ( 'NONE',  ( -3.399999999999996358, -52.10937500341398021, 1.408326112068500890 ) ) ;
#554 = CARTESIAN_POINT ( 'NONE',  ( 4.076582343749995729, -59.53125000170699366, -1.688575694911966796 ) ) ;
#555 = FACE_OUTER_BOUND ( 'NONE', #6296, .T. ) ;
#556 = CARTESIAN_POINT ( 'NONE',  ( 3.399999999999995026, -36.32812500000000000, 1.408326112068503777 ) ) ;
#557 = CARTESIAN_POINT ( 'NONE',  ( -2.882579019330970826, -57.89062500170698655, -2.882579019330991699 ) ) ;
#558 = CARTESIAN_POINT ( 'NONE',  ( 3.399999999999995914, -34.06250000341398732, -1.995304164474380342E-14 ) ) ;
#559 = CARTESIAN_POINT ( 'NONE',  ( -4.076582343749996618, -37.50000000170700076, 1.688575694911926828 ) ) ;
#560 = CARTESIAN_POINT ( 'NONE',  ( -4.076582343749995729, -40.31250000170699366, -1.688575694911967240 ) ) ;
#561 = EDGE_CURVE ( 'NONE', #150, #33, #4922, .T. ) ;
#562 = CARTESIAN_POINT ( 'NONE',  ( -6.245698675651493936E-16, -41.56250000000000000, 3.399999999999975930 ) ) ;
#563 = CARTESIAN_POINT ( 'NONE',  ( 2.081899558550498061E-16, -47.18750000000000000, -3.400000000000015898 ) ) ;
#564 = CARTESIAN_POINT ( 'NONE',  ( 2.882579019330971715, -51.79687500170699366, -2.882579019330991699 ) ) ;
#565 = CARTESIAN_POINT ( 'NONE',  ( 4.076582343749995729, -57.03125000170699366, -1.688575694911966796 ) ) ;
#566 = CARTESIAN_POINT ( 'NONE',  ( 4.076582343749994841, -34.53125000170699366, 1.688575694911929936 ) ) ;
#567 = CARTESIAN_POINT ( 'NONE',  ( -3.399999999999995914, -46.87500000000000000, -2.036942155645390229E-14 ) ) ;
#568 = CARTESIAN_POINT ( 'NONE',  ( 4.076582343749995729, -50.85937500170699366, -1.995304164474380342E-14 ) ) ;
#569 = ORIENTED_EDGE ( 'NONE', *, *, #4142, .F. ) ;
#570 = CARTESIAN_POINT ( 'NONE',  ( 2.882579019330970382, -62.10937500170699366, 2.882579019330952175 ) ) ;
#571 =( BOUNDED_CURVE ( )  B_SPLINE_CURVE ( 2, ( #6372, #5820, #375, #1888, #866 ),
 .UNSPECIFIED., .F., .F. ) 
 B_SPLINE_CURVE_WITH_KNOTS ( ( 3, 2, 3 ),
 ( 0.9895833333333334814, 0.9947916666666667407, 1.000000000000000000 ),
 .UNSPECIFIED. ) 
 CURVE ( )  GEOMETRIC_REPRESENTATION_ITEM ( )  RATIONAL_B_SPLINE_CURVE ( ( 0.9999999999999983347, 0.9238795325112884038, 1.000000000000000000, 0.9238795325112867385, 1.000000000000000000 ) ) 
 REPRESENTATION_ITEM ( '' )  );
#572 = CARTESIAN_POINT ( 'NONE',  ( -3.399999999999995914, -60.93750000341398021, -2.036942155645390229E-14 ) ) ;
#573 = CARTESIAN_POINT ( 'NONE',  ( -3.399999999999995914, -39.68750000341398732, -2.036942155645390229E-14 ) ) ;
#574 = CARTESIAN_POINT ( 'NONE',  ( -3.399999999999995470, -53.20312500000000000, -1.408326112068541747 ) ) ;
#575 = CARTESIAN_POINT ( 'NONE',  ( -1.688575694911946590, -50.31250000170700076, -4.076582343750016157 ) ) ;
#576 = CARTESIAN_POINT ( 'NONE',  ( 4.076582343749994841, -58.28125000170700076, 1.688575694911929936 ) ) ;
#577 = CARTESIAN_POINT ( 'NONE',  ( -3.399999999999996803, -63.35937500341398732, 1.408326112068501335 ) ) ;
#578 = CARTESIAN_POINT ( 'NONE',  ( -7.488560278101070689E-16, -49.92187500170699366, 4.076582343749976189 ) ) ;
#579 = CARTESIAN_POINT ( 'NONE',  ( -2.882579019330970826, -42.89062500170699366, -2.882579019330991699 ) ) ;
#580 = CARTESIAN_POINT ( 'NONE',  ( -3.399999999999995914, -58.43750000341398732, -2.036942155645390229E-14 ) ) ;
#581 = ORIENTED_EDGE ( 'NONE', *, *, #1883, .F. ) ;
#582 = ORIENTED_EDGE ( 'NONE', *, *, #1821, .T. ) ;
#583 = CARTESIAN_POINT ( 'NONE',  ( -1.408326112068523317, -46.95312500341398732, 3.399999999999975042 ) ) ;
#584 = CARTESIAN_POINT ( 'NONE',  ( -6.245698675651493936E-16, -53.12500000341398021, 3.399999999999975930 ) ) ;
#585 = CARTESIAN_POINT ( 'NONE',  ( 4.076582343749995729, -62.10937500170699366, -1.995304164474380342E-14 ) ) ;
#586 = CARTESIAN_POINT ( 'NONE',  ( 3.399999999999995914, -56.48437500341398732, -1.408326112068541525 ) ) ;
#587 = CARTESIAN_POINT ( 'NONE',  ( 3.399999999999995470, -36.17187500000002132, -1.408326112068541525 ) ) ;
#588 = PLANE ( 'NONE',  #5941 ) ;
#589 = CARTESIAN_POINT ( 'NONE',  ( -1.688575694911946590, -57.96875000170699366, -4.076582343750016157 ) ) ;
#590 =( BOUNDED_CURVE ( )  B_SPLINE_CURVE ( 2, ( #873, #2869, #2391, #4356, #1896, #3889, #4341, #1646, #3287 ),
 .UNSPECIFIED., .F., .F. ) 
 B_SPLINE_CURVE_WITH_KNOTS ( ( 3, 2, 2, 2, 3 ),
 ( 0.05208333333333314830, 0.05729166666666653945, 0.06249999999999993061, 0.06770833333333331483, 0.07291666666666672680 ),
 .UNSPECIFIED. ) 
 CURVE ( )  GEOMETRIC_REPRESENTATION_ITEM ( )  RATIONAL_B_SPLINE_CURVE ( ( 1.000000000000002665, 0.9238795325112839629, 1.000000000000000000, 0.9238795325112867385, 1.000000000000000000, 0.9238795325112867385, 1.000000000000000000, 0.9238795325112859613, 1.000000000000000888 ) ) 
 REPRESENTATION_ITEM ( '' )  );
#591 = CARTESIAN_POINT ( 'NONE',  ( -1.408326112068509994, -56.17187500341398732, -3.400000000000027445 ) ) ;
#592 = CARTESIAN_POINT ( 'NONE',  ( 2.882579019330970382, -39.60937500170700076, 2.882579019330952175 ) ) ;
#593 = CARTESIAN_POINT ( 'NONE',  ( -4.076582343749995729, -40.23437500170699366, -2.045227899661720714E-14 ) ) ;
#594 = CARTESIAN_POINT ( 'NONE',  ( 3.399999999999995914, -53.75000000000000711, -1.995304164474380342E-14 ) ) ;
#595 = CARTESIAN_POINT ( 'NONE',  ( -1.408326112068523317, -40.39062500000001421, 3.399999999999975042 ) ) ;
#596 = DIRECTION ( 'NONE',  ( 0.000000000000000000, 0.000000000000000000, -1.000000000000000000 ) ) ;
#597 = AXIS2_PLACEMENT_3D ( 'NONE', #797, #2147, #4804 ) ;
#598 = CARTESIAN_POINT ( 'NONE',  ( -1.688575694911946590, -52.81250000170699366, -4.076582343750016157 ) ) ;
#599 = CARTESIAN_POINT ( 'NONE',  ( 1.688575694911947256, -55.62500000170699366, -4.076582343750016157 ) ) ;
#600 = CARTESIAN_POINT ( 'NONE',  ( 2.081899558550498061E-16, -59.68750000000000711, -3.400000000000015898 ) ) ;
#601 = CARTESIAN_POINT ( 'NONE',  ( -6.245698675651493936E-16, -44.06250000000000711, 3.399999999999975930 ) ) ;
#602 = CARTESIAN_POINT ( 'NONE',  ( 2.882579019330970382, -52.26562500170699366, 2.882579019330952175 ) ) ;
#603 = EDGE_CURVE ( 'NONE', #5692, #3033, #5748, .T. ) ;
#604 = ORIENTED_EDGE ( 'NONE', *, *, #771, .T. ) ;
#605 = CARTESIAN_POINT ( 'NONE',  ( -1.688575694911946590, -61.56250000170699366, -4.076582343750016157 ) ) ;
#606 = CARTESIAN_POINT ( 'NONE',  ( 2.081899558550498061E-16, -61.25000000341398021, -3.400000000000015898 ) ) ;
#607 = CARTESIAN_POINT ( 'NONE',  ( -2.404163056034259061, -35.78125000341398732, 2.404163056034238188 ) ) ;
#608 = CARTESIAN_POINT ( 'NONE',  ( -1.408326112068523317, -52.89062500000000711, 3.399999999999975042 ) ) ;
#609 = CARTESIAN_POINT ( 'NONE',  ( -2.882579019330970826, -47.73437500170699366, -2.882579019330991699 ) ) ;
#610 = CARTESIAN_POINT ( 'NONE',  ( 1.688575694911947256, -49.21875000170699366, -4.076582343750016157 ) ) ;
#611 = DIRECTION ( 'NONE',  ( -0.000000000000000000, -1.000000000000000000, -0.000000000000000000 ) ) ;
#612 = CARTESIAN_POINT ( 'NONE',  ( 2.882579019330971715, -36.95312500170699366, -2.882579019330991699 ) ) ;
#613 = CARTESIAN_POINT ( 'NONE',  ( -7.488560278101070689E-16, -48.67187500170699366, 4.076582343749976189 ) ) ;
#614 = CARTESIAN_POINT ( 'NONE',  ( 2.496186759367024056E-16, -40.54687500170699366, -4.076582343750016157 ) ) ;
#615 = CARTESIAN_POINT ( 'NONE',  ( 2.081899558550498061E-16, -60.93750000000000711, -3.400000000000015898 ) ) ;
#616 = ORIENTED_EDGE ( 'NONE', *, *, #2454, .F. ) ;
#617 = ORIENTED_EDGE ( 'NONE', *, *, #2298, .F. ) ;
#618 = CARTESIAN_POINT ( 'NONE',  ( 2.404163056034258616, -46.40625000341398732, -2.404163056034278600 ) ) ;
#619 = CARTESIAN_POINT ( 'NONE',  ( 3.399999999999995914, -50.31250000341398732, -1.995304164474380342E-14 ) ) ;
#620 = CARTESIAN_POINT ( 'NONE',  ( -1.688575694911946590, -62.96875000170699366, -4.076582343750016157 ) ) ;
#621 = CARTESIAN_POINT ( 'NONE',  ( -2.404163056034259061, -43.28125000341398732, 2.404163056034238188 ) ) ;
#622 = CARTESIAN_POINT ( 'NONE',  ( -2.404163056034258172, -37.03125000000000000, -2.404163056034278600 ) ) ;
#623 = CARTESIAN_POINT ( 'NONE',  ( -6.245698675651493936E-16, -39.06250000000000000, 3.399999999999975930 ) ) ;
#624 = CARTESIAN_POINT ( 'NONE',  ( -4.076582343749996618, -55.15625000170699366, 1.688575694911926828 ) ) ;
#625 = CARTESIAN_POINT ( 'NONE',  ( -7.488560278101070689E-16, -63.67187500170700076, 4.076582343749976189 ) ) ;
#626 = CARTESIAN_POINT ( 'NONE',  ( 1.688575694911947256, -39.21875000170700076, -4.076582343750016157 ) ) ;
#627 = CARTESIAN_POINT ( 'NONE',  ( 3.399999999999995914, -55.00000000000000000, -1.995304164474380342E-14 ) ) ;
#628 = CARTESIAN_POINT ( 'NONE',  ( 1.408326112068521985, -39.76562500000000000, -3.400000000000015898 ) ) ;
#629 = CARTESIAN_POINT ( 'NONE',  ( 1.688575694911947922, -36.09375000170698655, 4.076582343749975301 ) ) ;
#630 = CARTESIAN_POINT ( 'NONE',  ( -3.399999999999995914, -61.87500000000000000, -2.036942155645390229E-14 ) ) ;
#631 = CARTESIAN_POINT ( 'NONE',  ( -4.076582343749996618, -51.25000000170699366, 1.688575694911926828 ) ) ;
#632 = CARTESIAN_POINT ( 'NONE',  ( -7.488560278101070689E-16, -53.67187500170698655, 4.076582343749976189 ) ) ;
#633 = CARTESIAN_POINT ( 'NONE',  ( 2.081899558550498061E-16, -63.75000000341399442, -3.400000000000015898 ) ) ;
#634 = CARTESIAN_POINT ( 'NONE',  ( 2.081899558550498061E-16, -50.00000000341398732, -3.400000000000015898 ) ) ;
#635 = CARTESIAN_POINT ( 'NONE',  ( -1.408326112068521763, -39.60937500000001421, -3.400000000000015898 ) ) ;
#636 = FACE_OUTER_BOUND ( 'NONE', #2842, .T. ) ;
#637 = CARTESIAN_POINT ( 'NONE',  ( -1.688575694911949698, -37.50000000170698655, 4.076582343749975301 ) ) ;
#638 = CARTESIAN_POINT ( 'NONE',  ( -3.399999999999996803, -60.85937500341399442, 1.408326112068501335 ) ) ;
#639 = CARTESIAN_POINT ( 'NONE',  ( -3.399999999999996358, -34.60937500341400153, 1.408326112068500890 ) ) ;
#640 = CARTESIAN_POINT ( 'NONE',  ( -3.399999999999996358, -55.54687500000001421, 1.408326112068500890 ) ) ;
#641 = CARTESIAN_POINT ( 'NONE',  ( 4.076582343749995729, -46.95312500170699366, -1.995304164474380342E-14 ) ) ;
#642 = CARTESIAN_POINT ( 'NONE',  ( -7.488560278101070689E-16, -51.01562500170700076, 4.076582343749976189 ) ) ;
#643 = CARTESIAN_POINT ( 'NONE',  ( 2.081899558550498061E-16, -37.50000000341398021, -3.400000000000015898 ) ) ;
#644 = ADVANCED_FACE ( 'NONE', ( #3053 ), #3153, .F. ) ;
#645 = CARTESIAN_POINT ( 'NONE',  ( 4.076582343749995729, -39.60937500170699366, -1.995304164474380342E-14 ) ) ;
#646 = CARTESIAN_POINT ( 'NONE',  ( -1.688575694911946590, -46.71875000170699366, -4.076582343750016157 ) ) ;
#647 = CARTESIAN_POINT ( 'NONE',  ( -4.076582343749996618, -43.90625000170698655, 1.688575694911926828 ) ) ;
#648 = CARTESIAN_POINT ( 'NONE',  ( -2.404163056034259061, -52.96875000000000000, 2.404163056034238188 ) ) ;
#649 = VERTEX_POINT ( 'NONE', #4539 ) ;
#650 = ORIENTED_EDGE ( 'NONE', *, *, #6479, .T. ) ;
#651 = CARTESIAN_POINT ( 'NONE',  ( 1.408326112068522651, -46.79687500341398021, 3.399999999999975486 ) ) ;
#652 = CARTESIAN_POINT ( 'NONE',  ( -3.399999999999996358, -54.60937500341398732, 1.408326112068500890 ) ) ;
#653 = CARTESIAN_POINT ( 'NONE',  ( -2.882579019330970826, -60.39062500170699366, -2.882579019330991699 ) ) ;
#654 = CARTESIAN_POINT ( 'NONE',  ( 1.408326112068533531, -58.51562500000000711, -3.400000000000004796 ) ) ;
#655 = CARTESIAN_POINT ( 'NONE',  ( -2.404163056034258172, -39.53125000000000711, -2.404163056034278600 ) ) ;
#656 = CARTESIAN_POINT ( 'NONE',  ( 1.688575694911947256, -35.62500000170699366, -4.076582343750016157 ) ) ;
#657 = CARTESIAN_POINT ( 'NONE',  ( 2.496186759367024056E-16, -55.54687500170699366, -4.076582343750016157 ) ) ;
#658 = FACE_OUTER_BOUND ( 'NONE', #2962, .T. ) ;
#659 = CARTESIAN_POINT ( 'NONE',  ( -4.076582343749995729, -38.90625000170699366, -1.688575694911967240 ) ) ;
#660 = CARTESIAN_POINT ( 'NONE',  ( 4.076582343749994841, -34.53125000170699366, 1.688575694911929936 ) ) ;
#661 = CARTESIAN_POINT ( 'NONE',  ( 3.399999999999995470, -54.92187500000000000, -1.408326112068541525 ) ) ;
#662 = CARTESIAN_POINT ( 'NONE',  ( 4.076582343749995729, -35.85937500170699366, -1.995304164474380342E-14 ) ) ;
#663 = CARTESIAN_POINT ( 'NONE',  ( 2.081899558550498061E-16, -56.25000000341398732, -3.400000000000015898 ) ) ;
#664 = ADVANCED_FACE ( 'NONE', ( #1121 ), #34, .F. ) ;
#665 = CARTESIAN_POINT ( 'NONE',  ( -1.688575694911949698, -53.59375000170700076, 4.076582343749975301 ) ) ;
#666 = CARTESIAN_POINT ( 'NONE',  ( -2.882579019330972159, -55.07812500170699366, 2.882579019330950842 ) ) ;
#667 = DIRECTION ( 'NONE',  ( -0.000000000000000000, -1.000000000000000000, -0.000000000000000000 ) ) ;
#668 = CARTESIAN_POINT ( 'NONE',  ( -4.076582343749995729, -37.65625000170699366, -1.688575694911967240 ) ) ;
#669 = FACE_OUTER_BOUND ( 'NONE', #3021, .T. ) ;
#670 = CARTESIAN_POINT ( 'NONE',  ( -1.408326112068509994, -57.42187500341398732, -3.400000000000027445 ) ) ;
#671 = AXIS2_PLACEMENT_3D ( 'NONE', #2984, #2953, #596 ) ;
#672 = CARTESIAN_POINT ( 'NONE',  ( -4.076582343749995729, -62.57812500170699366, -2.045227899661720714E-14 ) ) ;
#673 = CARTESIAN_POINT ( 'NONE',  ( -3.399999999999995914, -49.37500000000000000, -2.036942155645390229E-14 ) ) ;
#674 = CARTESIAN_POINT ( 'NONE',  ( 1.408326112068522651, -34.29687500341398021, 3.399999999999975486 ) ) ;
#675 = CARTESIAN_POINT ( 'NONE',  ( 3.399999999999995026, -53.82812500000001421, 1.408326112068503777 ) ) ;
#676 = CARTESIAN_POINT ( 'NONE',  ( 2.882579019330970382, -48.35937500170699366, 2.882579019330952175 ) ) ;
#677 = CARTESIAN_POINT ( 'NONE',  ( -4.076582343749995729, -51.32812500170700076, -2.045227899661720714E-14 ) ) ;
#678 = DIRECTION ( 'NONE',  ( 0.000000000000000000, 0.000000000000000000, -1.000000000000000000 ) ) ;
#679 = CARTESIAN_POINT ( 'NONE',  ( -7.488560278101070689E-16, -47.42187500170699366, 4.076582343749976189 ) ) ;
#680 = CARTESIAN_POINT ( 'NONE',  ( -2.882579019330972159, -35.07812500170699366, 2.882579019330950842 ) ) ;
#681 = CARTESIAN_POINT ( 'NONE',  ( 2.404163056034257728, -50.15625000000000000, 2.404163056034239077 ) ) ;
#682 = ORIENTED_EDGE ( 'NONE', *, *, #2104, .F. ) ;
#683 = VERTEX_POINT ( 'NONE', #3651 ) ;
#684 = CARTESIAN_POINT ( 'NONE',  ( 3.399999999999995914, -63.67187500000000000, -1.408326112068541525 ) ) ;
#685 = CARTESIAN_POINT ( 'NONE',  ( -3.399999999999995914, -45.93750000341398021, -2.036942155645390229E-14 ) ) ;
#686 = CARTESIAN_POINT ( 'NONE',  ( 2.404163056034257728, -49.21875000341398021, 2.404163056034239077 ) ) ;
#687 = CARTESIAN_POINT ( 'NONE',  ( 1.688575694911947922, -62.34375000170699366, 4.076582343749975301 ) ) ;
#688 = CARTESIAN_POINT ( 'NONE',  ( 1.408326112068499336, -36.32812500341398021, -3.400000000000039435 ) ) ;
#689 = CARTESIAN_POINT ( 'NONE',  ( -2.404163056034259061, -42.96875000000000000, 2.404163056034238188 ) ) ;
#690 = CARTESIAN_POINT ( 'NONE',  ( 4.076582343749995729, -57.10937500170699366, -1.995304164474380342E-14 ) ) ;
#691 = CARTESIAN_POINT ( 'NONE',  ( 2.081899558550498061E-16, -56.25000000341398732, -3.400000000000015898 ) ) ;
#692 = CARTESIAN_POINT ( 'NONE',  ( -3.399999999999996358, -62.10937500341398021, 1.408326112068500890 ) ) ;
#693 = CARTESIAN_POINT ( 'NONE',  ( -1.408326112068523317, -61.95312500341398732, 3.399999999999975042 ) ) ;
#694 = ADVANCED_FACE ( 'NONE', ( #5649 ), #3584, .T. ) ;
#695 = CARTESIAN_POINT ( 'NONE',  ( -1.408326112068523317, -54.14062499999999289, 3.399999999999975042 ) ) ;
#696 = CARTESIAN_POINT ( 'NONE',  ( -3.257881853117336135, -64.41707671307055705, -1.134310504910826412 ) ) ;
#697 = CARTESIAN_POINT ( 'NONE',  ( 1.688575694911947922, -50.93750000170699366, 4.076582343749975301 ) ) ;
#698 = CARTESIAN_POINT ( 'NONE',  ( -2.882579019330970826, -54.14062500170699366, -2.882579019330991699 ) ) ;
#699 = CARTESIAN_POINT ( 'NONE',  ( 1.408326112068522651, -40.54687500341399442, 3.399999999999975486 ) ) ;
#700 = CARTESIAN_POINT ( 'NONE',  ( 2.404163056034258616, -42.65625000341398732, -2.404163056034278600 ) ) ;
#701 = CARTESIAN_POINT ( 'NONE',  ( 0.000000000000000000, -35.00000000000000000, -1.995304164474380342E-14 ) ) ;
#702 = VECTOR ( 'NONE', #3106, 1000.000000000000000 ) ;
#703 = CARTESIAN_POINT ( 'NONE',  ( 2.882579019330971715, -61.79687500170699366, -2.882579019330991699 ) ) ;
#704 = CARTESIAN_POINT ( 'NONE',  ( -3.399999999999995914, -45.62500000000000000, -2.036942155645390229E-14 ) ) ;
#705 = CARTESIAN_POINT ( 'NONE',  ( -3.399999999999996358, -63.04687500000000711, 1.408326112068500890 ) ) ;
#706 = CARTESIAN_POINT ( 'NONE',  ( 1.408326112068521985, -48.51562500000000711, -3.400000000000015898 ) ) ;
#707 = CARTESIAN_POINT ( 'NONE',  ( 4.076582343749994841, -45.78125000170699366, 1.688575694911929936 ) ) ;
#708 = CARTESIAN_POINT ( 'NONE',  ( 4.076582343749994841, -53.28125000170699366, 1.688575694911929936 ) ) ;
#709 = CARTESIAN_POINT ( 'NONE',  ( 0.000000000000000000, -65.00000000000000000, -1.995304164474380342E-14 ) ) ;
#710 = CARTESIAN_POINT ( 'NONE',  ( -1.688575694911946590, -45.46875000170699366, -4.076582343750016157 ) ) ;
#711 = CARTESIAN_POINT ( 'NONE',  ( -2.882579019330970826, -35.39062500170699366, -2.882579019330991699 ) ) ;
#712 = CARTESIAN_POINT ( 'NONE',  ( -2.404163056034259061, -53.28125000341398732, 2.404163056034238188 ) ) ;
#713 = ORIENTED_EDGE ( 'NONE', *, *, #5605, .T. ) ;
#714 = ORIENTED_EDGE ( 'NONE', *, *, #4782, .F. ) ;
#715 = DIRECTION ( 'NONE',  ( 0.000000000000000000, 0.000000000000000000, -1.000000000000000000 ) ) ;
#716 = CARTESIAN_POINT ( 'NONE',  ( 1.408326112068522651, -45.54687500341398732, 3.399999999999975486 ) ) ;
#717 = CARTESIAN_POINT ( 'NONE',  ( 3.399999999999995026, -46.64062500341398021, 1.408326112068503777 ) ) ;
#718 = CARTESIAN_POINT ( 'NONE',  ( -2.404163056034259061, -62.96875000000000711, 2.404163056034238188 ) ) ;
#719 = LINE ( 'NONE', #3099, #2922 ) ;
#720 = CARTESIAN_POINT ( 'NONE',  ( -3.399999999999995914, -43.20312500000000000, -1.408326112068541747 ) ) ;
#721 = CARTESIAN_POINT ( 'NONE',  ( 4.076582343749995729, -34.53125000170699366, -1.995304164474380342E-14 ) ) ;
#722 = CARTESIAN_POINT ( 'NONE',  ( 1.688575694911947922, -49.84375000170698655, 4.076582343749975301 ) ) ;
#723 = CARTESIAN_POINT ( 'NONE',  ( -2.882579019330972159, -61.32812500170699366, 2.882579019330950842 ) ) ;
#724 = CARTESIAN_POINT ( 'NONE',  ( -3.399999999999995914, -62.18750000341398732, -2.036942155645390229E-14 ) ) ;
#725 = CARTESIAN_POINT ( 'NONE',  ( 2.882579019330971715, -55.54687500170699366, -2.882579019330991699 ) ) ;
#726 = CARTESIAN_POINT ( 'NONE',  ( 3.399999999999995914, -61.56250000341398021, -1.995304164474380342E-14 ) ) ;
#727 = CARTESIAN_POINT ( 'NONE',  ( 2.404163056034257728, -48.90625000000000000, 2.404163056034239077 ) ) ;
#728 = CARTESIAN_POINT ( 'NONE',  ( 4.163799117100996122E-16, -65.00000000000000000, 3.399999999999975930 ) ) ;
#729 = ORIENTED_EDGE ( 'NONE', *, *, #65, .F. ) ;
#730 = CARTESIAN_POINT ( 'NONE',  ( 4.076582343749995729, -46.87500000170699366, -1.688575694911966796 ) ) ;
#731 = CARTESIAN_POINT ( 'NONE',  ( 2.496186759367024056E-16, -51.79687500170698655, -4.076582343750016157 ) ) ;
#732 = FACE_OUTER_BOUND ( 'NONE', #5957, .T. ) ;
#733 = CARTESIAN_POINT ( 'NONE',  ( -3.399999999999995914, -63.12500000000000000, -2.036942155645390229E-14 ) ) ;
#734 = CARTESIAN_POINT ( 'NONE',  ( 0.000000000000000000, -65.00000000000000000, -1.995304164474380342E-14 ) ) ;
#735 = CARTESIAN_POINT ( 'NONE',  ( 2.081899558550498061E-16, -43.75000000341398732, -3.400000000000015898 ) ) ;
#736 = CARTESIAN_POINT ( 'NONE',  ( 1.688575694911947256, -64.21875000170700787, -4.076582343750016157 ) ) ;
#737 = LOCAL_TIME ( 18, 39, 47.00000000000000000, #864 ) ;
#738 = DIRECTION ( 'NONE',  ( -0.000000000000000000, -1.000000000000000000, -0.000000000000000000 ) ) ;
#739 = CARTESIAN_POINT ( 'NONE',  ( -3.399999999999995470, -61.95312500000000711, -1.408326112068541747 ) ) ;
#740 = CARTESIAN_POINT ( 'NONE',  ( 1.408326112068521985, -47.26562500000000711, -3.400000000000015898 ) ) ;
#741 = CARTESIAN_POINT ( 'NONE',  ( 1.688575694911947256, -44.21875000170700076, -4.076582343750016157 ) ) ;
#742 = CARTESIAN_POINT ( 'NONE',  ( 2.496186759367024056E-16, -50.39062500170699366, -4.076582343750016157 ) ) ;
#743 = LINE ( 'NONE', #1764, #2060 ) ;
#744 = CARTESIAN_POINT ( 'NONE',  ( -2.882579019330972159, -41.32812500170698655, 2.882579019330950842 ) ) ;
#745 = CARTESIAN_POINT ( 'NONE',  ( 2.882579019330970382, -38.51562500170699366, 2.882579019330952175 ) ) ;
#746 = DIRECTION ( 'NONE',  ( 0.000000000000000000, 0.000000000000000000, -1.000000000000000000 ) ) ;
#747 = ORIENTED_EDGE ( 'NONE', *, *, #5686, .F. ) ;
#748 = VERTEX_POINT ( 'NONE', #4675 ) ;
#749 = CARTESIAN_POINT ( 'NONE',  ( -1.408326112068521319, -42.42187500341398732, -3.400000000000015898 ) ) ;
#750 = CARTESIAN_POINT ( 'NONE',  ( 1.408326112068521985, -47.57812500341398732, -3.400000000000015898 ) ) ;
#751 = CARTESIAN_POINT ( 'NONE',  ( -1.408326112068498670, -49.92187500341398732, -3.400000000000039435 ) ) ;
#752 = CARTESIAN_POINT ( 'NONE',  ( -3.399999999999995914, -43.43750000341398021, -2.036942155645390229E-14 ) ) ;
#753 =( BOUNDED_CURVE ( )  B_SPLINE_CURVE ( 2, ( #2415, #4415, #3327, #6402, #1418, #2352, #2444, #5416, #2924 ),
 .UNSPECIFIED., .F., .F. ) 
 B_SPLINE_CURVE_WITH_KNOTS ( ( 3, 2, 2, 2, 3 ),
 ( 0.5937500000000000000, 0.5989583333333332593, 0.6041666666666665186, 0.6093749999999997780, 0.6145833333333331483 ),
 .UNSPECIFIED. ) 
 CURVE ( )  GEOMETRIC_REPRESENTATION_ITEM ( )  RATIONAL_B_SPLINE_CURVE ( ( 1.000000000000000000, 0.9238795325112867385, 1.000000000000000000, 0.9238795325112867385, 1.000000000000000000, 0.9238795325112867385, 1.000000000000000000, 0.9238795325112899581, 0.9999999999999967804 ) ) 
 REPRESENTATION_ITEM ( '' )  );
#754 = FACE_OUTER_BOUND ( 'NONE', #3497, .T. ) ;
#755 = CARTESIAN_POINT ( 'NONE',  ( 3.399999999999995026, -38.82812500000000711, 1.408326112068504221 ) ) ;
#756 = CARTESIAN_POINT ( 'NONE',  ( 2.882579019330971715, -49.45312500170699366, -2.882579019330991699 ) ) ;
#757 = CARTESIAN_POINT ( 'NONE',  ( 1.688575694911947922, -58.59375000170700076, 4.076582343749975301 ) ) ;
#758 = CARTESIAN_POINT ( 'NONE',  ( -1.408326112068521319, -56.17187500341398732, -3.400000000000015898 ) ) ;
#759 = CARTESIAN_POINT ( 'NONE',  ( -3.399999999999995914, -60.93750000341398021, -2.036942155645390229E-14 ) ) ;
#760 = CARTESIAN_POINT ( 'NONE',  ( -7.488560278101070689E-16, -56.01562500170699366, 4.076582343749976189 ) ) ;
#761 = CARTESIAN_POINT ( 'NONE',  ( 2.882579019330971715, -35.54687500170699366, -2.882579019330991699 ) ) ;
#762 = CARTESIAN_POINT ( 'NONE',  ( -3.399999999999996358, -48.04687500000001421, 1.408326112068500890 ) ) ;
#763 = CARTESIAN_POINT ( 'NONE',  ( -3.094494764777287799, -64.43427434395923115, -1.563087818806256468 ) ) ;
#764 = ORIENTED_EDGE ( 'NONE', *, *, #5256, .T. ) ;
#765 =( BOUNDED_SURFACE ( )  B_SPLINE_SURFACE ( 1, 2, ( 
 ( #4697, #6330, #3247, #2206, #4203, #4730, #231, #6263, #4238, #3708, #4273, #2826, #6230, #1745, #5703, #6194, #4337, #3175, #1781, #3743, #1210, #332, #1816, #1286, #724, #692, #2341, #5742, #1709, #1249, #1318, #5250, #1848, #3778, #2309, #2790, #793, #3812, #5218, #4800, #759, #3210, #2755, #3844, #5840, #4764, #5185, #5777, #264, #300, #4308, #3318, #826, #2689, #6423, #1408, #1379, #2463, #3377, #3875, #3406, #5403, #885, #2881, #1350, #1877, #3350, #4403, #4465, #4892, #5373, #3962, #1971, #6452, #2943, #395, #4925, #916, #428, #3992, #4369, #1909, #5960, #2913, #5870, #2404, #6365, #1472, #6391, #4434, #3470, #3902, #2435, #5900, #1941, #3932, #5929, #3435, #5435, #1441, #977, #946, #5463, #4954, #458, #2974, #4985, #492, #2492, #4493, #6482, #1999, #5347, #856, #2853, #4862, #362, #2374, #6117, #5148, #3134, #652, #6084, #5045, #5076, #2552, #2651, #2164, #4121, #3564, #17, #1135, #2127, #3502, #4654, #5525, #5989, #6051, #1593, #3597, #584, #1626, #1501, #5588, #2581, #4583, #4520, #1099, #1036, #4088, #3035, #3004, #2620, #553, #5014, #153, #3632, #3097, #5113, #5493, #2057, #1562, #83, #1006, #4549, #1066, #118, #47, #4053, #524, #5627, #5557, #1529, #2523, #2024, #3065, #619, #4020, #2091, #4617, #6018, #3531, #3240, #5662, #2232, #3803, #6222, #3168, #5732, #4298, #686, #6255, #5801, #2199, #1168, #6289, #3665, #5767, #321, #4263, #5242, #5695, #4197, #1276, #3700, #5177, #785, #1310, #6155, #2682, #4756, #750, #5210, #4690, #2747, #3309, #1202, #3201, #187, #6187, #5307, #4160, #257, #717, #1701, #818, #2779, #2265, #2714, #1666, #2814, #4722, #223, #4232, #2300, #1737, #4824, #1771, #3273, #3769, #5274, #4789, #3734, #289, #1239, #1807, #2874, #3953, #5951, #3865, #1462, #4913, #4360, #5860, #2844, #2934, #1370, #2453, #907, #2395, #2364, #3427, #6353, #4853, #4394, #6384, #1868, #3368, #2331, #353, #4327, #5366, #5426, #877, #4884, #4945, #449, #936, #3922, #386, #5890, #1901, #1399, #4975, #5338, #3892, #4455, #6321, #4425, #2964, #3398, #5394, #6443, #1961, #1340, #5454, #3458, #3834, #969, #2904, #1839, #419, #2426, #5831, #6412, #1929, #5920, #1429, #3339, #848, #6472, #2992, #573, #5978, #543, #5035, #2542, #4540, #4041, #4109, #514, #5545, #1550, #482, #6104, #994, #3025, #1089, #5064, #2016, #2078, #35, #1989, #3620, #2045, #1491, #3491, #4010, #8, #5483, #6008, #5099, #6039, #2114, #3551, #6072, #69, #2570, #3086, #2513, #4074, #1054, #5003, #1026, #1614, #5613, #1520, #1122, #3054, #4512, #3521, #5514, #607, #4571, #2606, #1582, #3585, #5576, #4603, #106, #3122, #2482, #4484, #3982, #174, #5135, #5650, #639, #1687, #1760, #2186, #674, #1266, #5757, #6243 ),
 ( #5790, #2669, #4676, #3757, #4777, #4146, #1796, #6278, #141, #3792, #3188, #3260, #5196, #3154, #277, #1724, #5166, #3227, #4184, #1300, #2702, #4642, #1155, #5231, #6142, #705, #4711, #211, #2220, #4219, #2288, #6174, #3721, #6208, #2638, #4287, #3685, #1189, #5263, #739, #5681, #246, #5718, #2152, #1652, #1227, #3652, #2736, #4746, #2253, #4252, #774, #2767, #4385, #2927, #345, #2354, #3826, #4319, #4446, #3299, #6376, #4846, #1331, #441, #6404, #1391, #839, #806, #4937, #3858, #3945, #868, #2802, #5823, #3390, #2322, #3360, #1361, #5357, #2865, #377, #2446, #3330, #1891, #3884, #5297, #6435, #5329, #5852, #3914, #5387, #4351, #4906, #4876, #4813, #1953, #2386, #6313, #1829, #6344, #2835, #5881, #1858, #899, #2896, #5943, #409, #2419, #4418, #1922, #312, #5913, #1421, #3419, #5419, #928, #4666, #6126, #5565, #5448, #1177, #2101, #2475, #1075, #6164, #1602, #3177, #627, #661, #1143, #1635, #2173, #3573, #3143, #3607, #472, #4097, #5187, #695, #3075, #2692, #4131, #5085, #594, #2068, #4172, #2592, #1676, #129, #5598, #1572, #2659, #4591, #4061, #1108, #3109, #92, #6093, #1454, #6060, #3450, #5120, #163, #2629, #4626, #3674, #5671, #4700, #5156, #2138, #3641, #5636, #199, #4206, #4557, #2209, #961, #2955, #4967, #55, #3746, #5746, #4835, #5842, #5221, #2855, #859, #1214, #4865, #4276, #4340, #6266, #4241, #1352, #2793, #6233, #4310, #1748, #3711, #1819, #366, #1252, #3250, #335, #3353, #727, #2376, #6197, #3214, #1712, #1784, #6334, #3781, #5253, #5349, #4803, #762, #6303, #2758, #5706, #5780, #2725, #2242, #3815, #4733, #1289, #3285, #5287, #796, #302, #234, #4767, #2311, #5813, #267, #2276, #1321, #3321, #2344, #5320, #829, #2828, #1850, #3846, #1010, #4438, #3380, #5376, #5904, #3905, #950, #5407, #4896, #5438, #3995, #1412, #3410, #398, #888, #5497, #4372, #2947, #920, #2407, #1504, #980, #2467, #1912, #1880, #5992, #4928, #2883, #2917, #2495, #6426, #3505, #3439, #3473, #3965, #4469, #4987, #6394, #5963, #1945, #4406, #433, #3007, #5017, #2438, #527, #462, #3935, #5932, #1444, #496, #4958, #4496, #6455, #1974, #1475, #5466, #2976, #6485, #2002, #6367, #3877, #5872, #1381, #3038, #4523, #5560, #5630, #6054, #4552, #5151, #3137, #3635, #4124, #50, #6087, #2586, #1595, #5180, #5528, #3068, #655, #2653, #1670, #6158, #3668, #2623, #1565, #3600, #1069, #5665, #2526, #4657, #86, #5048, #4164, #156, #20, #1171, #2061, #2027, #4586, #4620, #121, #5591, #2167, #4023, #2131, #1102, #3101, #1039, #6120, #4056, #622, #3567, #6021, #1138, #5078, #1533, #3171, #3534, #1629, #556, #2555, #587, #2094, #5116, #4091, #226, #2268, #1313, #1740, #4234, #5834, #5310, #2235, #2717, #2334, #4693, #6225 ) ),
 .UNSPECIFIED., .F., .F., .F. ) 
 B_SPLINE_SURFACE_WITH_KNOTS ( ( 2, 2 ),
 ( 3, 2, 2, 2, 2, 2, 2, 2, 2, 2, 2, 2, 2, 2, 2, 2, 2, 2, 2, 2, 2, 2, 2, 2, 2, 2, 2, 2, 2, 2, 2, 2, 2, 2, 2, 2, 2, 2, 2, 2, 2, 2, 2, 2, 2, 2, 2, 2, 2, 2, 2, 2, 2, 2, 2, 2, 2, 2, 2, 2, 2, 2, 2, 2, 2, 2, 2, 2, 2, 2, 2, 2, 2, 2, 2, 2, 2, 2, 2, 2, 2, 2, 2, 2, 2, 2, 2, 2, 2, 2, 2, 2, 2, 2, 2, 2, 2, 2, 2, 2, 2, 2, 2, 2, 2, 2, 2, 2, 2, 2, 2, 2, 2, 2, 2, 2, 2, 2, 2, 2, 2, 2, 2, 2, 2, 2, 2, 2, 2, 2, 2, 2, 2, 2, 2, 2, 2, 2, 2, 2, 2, 2, 2, 2, 2, 2, 2, 2, 2, 2, 2, 2, 2, 2, 2, 2, 2, 2, 2, 2, 2, 2, 2, 2, 2, 2, 2, 2, 2, 2, 2, 2, 2, 2, 2, 2, 2, 2, 2, 2, 2, 2, 2, 2, 2, 2, 2, 2, 2, 2, 2, 2, 3 ),
 ( 0.000000000000000000, 1.000000000000000000 ),
 ( 0.000000000000000000, 0.005208333333333333044, 0.01041666666666666609, 0.01562500000000000000, 0.02083333333333333218, 0.02604166666666666782, 0.03125000000000000000, 0.03645833333333333565, 0.04166666666666666435, 0.04687500000000000000, 0.05208333333333333565, 0.05729166666666666435, 0.06250000000000000000, 0.06770833333333332871, 0.07291666666666667129, 0.07812500000000000000, 0.08333333333333332871, 0.08854166666666667129, 0.09375000000000000000, 0.09895833333333332871, 0.1041666666666666713, 0.1093750000000000000, 0.1145833333333333287, 0.1197916666666666713, 0.1250000000000000000, 0.1302083333333333426, 0.1354166666666666574, 0.1406250000000000000, 0.1458333333333333426, 0.1510416666666666574, 0.1562500000000000000, 0.1614583333333333426, 0.1666666666666666574, 0.1718750000000000000, 0.1770833333333333426, 0.1822916666666666574, 0.1875000000000000000, 0.1927083333333333426, 0.1979166666666666574, 0.2031250000000000000, 0.2083333333333333426, 0.2135416666666666574, 0.2187500000000000000, 0.2239583333333333426, 0.2291666666666666574, 0.2343750000000000000, 0.2395833333333333426, 0.2447916666666666574, 0.2500000000000000000, 0.2552083333333333148, 0.2604166666666666852, 0.2656250000000000000, 0.2708333333333333148, 0.2760416666666666852, 0.2812500000000000000, 0.2864583333333333148, 0.2916666666666666852, 0.2968750000000000000, 0.3020833333333333148, 0.3072916666666666852, 0.3125000000000000000, 0.3177083333333333148, 0.3229166666666666852, 0.3281250000000000000, 0.3333333333333333148, 0.3385416666666666852, 0.3437500000000000000, 0.3489583333333333148, 0.3541666666666666852, 0.3593750000000000000, 0.3645833333333333148, 0.3697916666666666852, 0.3750000000000000000, 0.3802083333333333148, 0.3854166666666666852, 0.3906250000000000000, 0.3958333333333333148, 0.4010416666666666852, 0.4062500000000000000, 0.4114583333333333148, 0.4166666666666666852, 0.4218750000000000000, 0.4270833333333333148, 0.4322916666666666852, 0.4375000000000000000, 0.4427083333333333148, 0.4479166666666666852, 0.4531250000000000000, 0.4583333333333333148, 0.4635416666666666852, 0.4687500000000000000, 0.4739583333333333148, 0.4791666666666666852, 0.4843750000000000000, 0.4895833333333333148, 0.4947916666666666852, 0.5000000000000000000, 0.5052083333333333703, 0.5104166666666666297, 0.5156250000000000000, 0.5208333333333333703, 0.5260416666666666297, 0.5312500000000000000, 0.5364583333333333703, 0.5416666666666666297, 0.5468750000000000000, 0.5520833333333333703, 0.5572916666666666297, 0.5625000000000000000, 0.5677083333333333703, 0.5729166666666666297, 0.5781250000000000000, 0.5833333333333333703, 0.5885416666666666297, 0.5937500000000000000, 0.5989583333333333703, 0.6041666666666666297, 0.6093750000000000000, 0.6145833333333333703, 0.6197916666666666297, 0.6250000000000000000, 0.6302083333333333703, 0.6354166666666666297, 0.6406250000000000000, 0.6458333333333333703, 0.6510416666666666297, 0.6562500000000000000, 0.6614583333333333703, 0.6666666666666666297, 0.6718750000000000000, 0.6770833333333333703, 0.6822916666666666297, 0.6875000000000000000, 0.6927083333333333703, 0.6979166666666666297, 0.7031250000000000000, 0.7083333333333333703, 0.7135416666666666297, 0.7187500000000000000, 0.7239583333333333703, 0.7291666666666666297, 0.7343750000000000000, 0.7395833333333333703, 0.7447916666666666297, 0.7500000000000000000, 0.7552083333333333703, 0.7604166666666666297, 0.7656250000000000000, 0.7708333333333333703, 0.7760416666666666297, 0.7812500000000000000, 0.7864583333333333703, 0.7916666666666666297, 0.7968750000000000000, 0.8020833333333333703, 0.8072916666666666297, 0.8125000000000000000, 0.8177083333333333703, 0.8229166666666666297, 0.8281250000000000000, 0.8333333333333333703, 0.8385416666666666297, 0.8437500000000000000, 0.8489583333333333703, 0.8541666666666666297, 0.8593750000000000000, 0.8645833333333333703, 0.8697916666666666297, 0.8750000000000000000, 0.8802083333333333703, 0.8854166666666666297, 0.8906250000000000000, 0.8958333333333333703, 0.9010416666666666297, 0.9062500000000000000, 0.9114583333333333703, 0.9166666666666666297, 0.9218750000000000000, 0.9270833333333333703, 0.9322916666666666297, 0.9375000000000000000, 0.9427083333333333703, 0.9479166666666666297, 0.9531250000000000000, 0.9583333333333333703, 0.9635416666666666297, 0.9687500000000000000, 0.9739583333333333703, 0.9791666666666666297, 0.9843750000000000000, 0.9895833333333333703, 0.9947916666666666297, 1.000000000000000000 ),
 .UNSPECIFIED. ) 
 GEOMETRIC_REPRESENTATION_ITEM ( )  RATIONAL_B_SPLINE_SURFACE ( (
 ( 1.000000000000000000, 0.9238795325112867385, 1.000000000000000000, 0.9238795325112867385, 1.000000000000000000, 0.9238795325112867385, 1.000000000000000000, 0.9238795325112867385, 1.000000000000000000, 0.9238795325112867385, 1.000000000000000000, 0.9238795325112867385, 1.000000000000000000, 0.9238795325112867385, 1.000000000000000000, 0.9238795325112867385, 1.000000000000000000, 0.9238795325112867385, 1.000000000000000000, 0.9238795325112867385, 1.000000000000000000, 0.9238795325112867385, 1.000000000000000000, 0.9238795325112867385, 1.000000000000000000, 0.9238795325112867385, 1.000000000000000000, 0.9238795325112867385, 1.000000000000000000, 0.9238795325112867385, 1.000000000000000000, 0.9238795325112867385, 1.000000000000000000, 0.9238795325112867385, 1.000000000000000000, 0.9238795325112867385, 1.000000000000000000, 0.9238795325112867385, 1.000000000000000000, 0.9238795325112867385, 1.000000000000000000, 0.9238795325112867385, 1.000000000000000000, 0.9238795325112867385, 1.000000000000000000, 0.9238795325112867385, 1.000000000000000000, 0.9238795325112867385, 1.000000000000000000, 0.9238795325112867385, 1.000000000000000000, 0.9238795325112867385, 1.000000000000000000, 0.9238795325112867385, 1.000000000000000000, 0.9238795325112867385, 1.000000000000000000, 0.9238795325112867385, 1.000000000000000000, 0.9238795325112867385, 1.000000000000000000, 0.9238795325112867385, 1.000000000000000000, 0.9238795325112867385, 1.000000000000000000, 0.9238795325112867385, 1.000000000000000000, 0.9238795325112867385, 1.000000000000000000, 0.9238795325112867385, 1.000000000000000000, 0.9238795325112867385, 1.000000000000000000, 0.9238795325112867385, 1.000000000000000000, 0.9238795325112867385, 1.000000000000000000, 0.9238795325112867385, 1.000000000000000000, 0.9238795325112867385, 1.000000000000000000, 0.9238795325112867385, 1.000000000000000000, 0.9238795325112867385, 1.000000000000000000, 0.9238795325112867385, 1.000000000000000000, 0.9238795325112867385, 1.000000000000000000, 0.9238795325112867385, 1.000000000000000000, 0.9238795325112867385, 1.000000000000000000, 0.9238795325112867385, 1.000000000000000000, 0.9238795325112867385, 1.000000000000000000, 0.9238795325112867385, 1.000000000000000000, 0.9238795325112867385, 1.000000000000000000, 0.9238795325112867385, 1.000000000000000000, 0.9238795325112867385, 1.000000000000000000, 0.9238795325112867385, 1.000000000000000000, 0.9238795325112867385, 1.000000000000000000, 0.9238795325112867385, 1.000000000000000000, 0.9238795325112867385, 1.000000000000000000, 0.9238795325112867385, 1.000000000000000000, 0.9238795325112867385, 1.000000000000000000, 0.9238795325112867385, 1.000000000000000000, 0.9238795325112867385, 1.000000000000000000, 0.9238795325112867385, 1.000000000000000000, 0.9238795325112867385, 1.000000000000000000, 0.9238795325112867385, 1.000000000000000000, 0.9238795325112867385, 1.000000000000000000, 0.9238795325112867385, 1.000000000000000000, 0.9238795325112867385, 1.000000000000000000, 0.9238795325112867385, 1.000000000000000000, 0.9238795325112867385, 1.000000000000000000, 0.9238795325112867385, 1.000000000000000000, 0.9238795325112867385, 1.000000000000000000, 0.9238795325112867385, 1.000000000000000000, 0.9238795325112867385, 1.000000000000000000, 0.9238795325112867385, 1.000000000000000000, 0.9238795325112867385, 1.000000000000000000, 0.9238795325112867385, 1.000000000000000000, 0.9238795325112867385, 1.000000000000000000, 0.9238795325112867385, 1.000000000000000000, 0.9238795325112867385, 1.000000000000000000, 0.9238795325112867385, 1.000000000000000000, 0.9238795325112867385, 1.000000000000000000, 0.9238795325112867385, 1.000000000000000000, 0.9238795325112867385, 1.000000000000000000, 0.9238795325112867385, 1.000000000000000000, 0.9238795325112867385, 1.000000000000000000, 0.9238795325112867385, 1.000000000000000000, 0.9238795325112867385, 1.000000000000000000, 0.9238795325112867385, 1.000000000000000000, 0.9238795325112867385, 1.000000000000000000, 0.9238795325112867385, 1.000000000000000000, 0.9238795325112867385, 1.000000000000000000, 0.9238795325112867385, 1.000000000000000000, 0.9238795325112867385, 1.000000000000000000, 0.9238795325112867385, 1.000000000000000000, 0.9238795325112867385, 1.000000000000000000, 0.9238795325112867385, 1.000000000000000000, 0.9238795325112867385, 1.000000000000000000, 0.9238795325112867385, 1.000000000000000000, 0.9238795325112867385, 1.000000000000000000, 0.9238795325112867385, 1.000000000000000000, 0.9238795325112867385, 1.000000000000000000, 0.9238795325112867385, 1.000000000000000000, 0.9238795325112867385, 1.000000000000000000, 0.9238795325112867385, 1.000000000000000000, 0.9238795325112867385, 1.000000000000000000, 0.9238795325112867385, 1.000000000000000000, 0.9238795325112867385, 1.000000000000000000, 0.9238795325112867385, 1.000000000000000000, 0.9238795325112867385, 1.000000000000000000, 0.9238795325112867385, 1.000000000000000000, 0.9238795325112867385, 1.000000000000000000, 0.9238795325112867385, 1.000000000000000000, 0.9238795325112867385, 1.000000000000000000, 0.9238795325112867385, 1.000000000000000000, 0.9238795325112867385, 1.000000000000000000, 0.9238795325112867385, 1.000000000000000000, 0.9238795325112867385, 1.000000000000000000, 0.9238795325112867385, 1.000000000000000000, 0.9238795325112867385, 1.000000000000000000, 0.9238795325112867385, 1.000000000000000000, 0.9238795325112867385, 1.000000000000000000, 0.9238795325112867385, 1.000000000000000000, 0.9238795325112867385, 1.000000000000000000, 0.9238795325112867385, 1.000000000000000000, 0.9238795325112867385, 1.000000000000000000, 0.9238795325112867385, 1.000000000000000000, 0.9238795325112867385, 1.000000000000000000, 0.9238795325112867385, 1.000000000000000000, 0.9238795325112867385, 1.000000000000000000, 0.9238795325112867385, 1.000000000000000000, 0.9238795325112867385, 1.000000000000000000, 0.9238795325112867385, 1.000000000000000000, 0.9238795325112867385, 1.000000000000000000, 0.9238795325112867385, 1.000000000000000000, 0.9238795325112867385, 1.000000000000000000, 0.9238795325112867385, 1.000000000000000000, 0.9238795325112867385, 1.000000000000000000, 0.9238795325112867385, 1.000000000000000000, 0.9238795325112867385, 1.000000000000000000, 0.9238795325112867385, 1.000000000000000000, 0.9238795325112867385, 1.000000000000000000, 0.9238795325112867385, 1.000000000000000000, 0.9238795325112867385, 1.000000000000000000, 0.9238795325112867385, 1.000000000000000000, 0.9238795325112867385, 1.000000000000000000, 0.9238795325112867385, 1.000000000000000000, 0.9238795325112867385, 1.000000000000000000, 0.9238795325112867385, 1.000000000000000000, 0.9238795325112867385, 1.000000000000000000, 0.9238795325112867385, 1.000000000000000000, 0.9238795325112867385, 1.000000000000000000, 0.9238795325112867385, 1.000000000000000000, 0.9238795325112867385, 1.000000000000000000, 0.9238795325112867385, 1.000000000000000000, 0.9238795325112867385, 1.000000000000000000, 0.9238795325112867385, 1.000000000000000000, 0.9238795325112867385, 1.000000000000000000, 0.9238795325112867385, 1.000000000000000000, 0.9238795325112867385, 1.000000000000000000, 0.9238795325112867385, 1.000000000000000000, 0.9238795325112867385, 1.000000000000000000, 0.9238795325112867385, 1.000000000000000000, 0.9238795325112867385, 1.000000000000000000, 0.9238795325112867385, 1.000000000000000000, 0.9238795325112867385, 1.000000000000000000, 0.9238795325112867385, 1.000000000000000000, 0.9238795325112867385, 1.000000000000000000, 0.9238795325112867385, 1.000000000000000000, 0.9238795325112867385, 1.000000000000000000, 0.9238795325112867385, 1.000000000000000000, 0.9238795325112867385, 1.000000000000000000, 0.9238795325112867385, 1.000000000000000000, 0.9238795325112867385, 1.000000000000000000, 0.9238795325112867385, 1.000000000000000000, 0.9238795325112867385, 1.000000000000000000, 0.9238795325112867385, 1.000000000000000000, 0.9238795325112867385, 1.000000000000000000, 0.9238795325112867385, 1.000000000000000000, 0.9238795325112867385, 1.000000000000000000, 0.9238795325112867385, 1.000000000000000000, 0.9238795325112867385, 1.000000000000000000, 0.9238795325112867385, 1.000000000000000000, 0.9238795325112867385, 1.000000000000000000, 0.9238795325112867385, 1.000000000000000000, 0.9238795325112867385, 1.000000000000000000, 0.9238795325112867385, 1.000000000000000000, 0.9238795325112867385, 1.000000000000000000, 0.9238795325112867385, 1.000000000000000000, 0.9238795325112867385, 1.000000000000000000, 0.9238795325112867385, 1.000000000000000000, 0.9238795325112867385, 1.000000000000000000, 0.9238795325112867385, 1.000000000000000000, 0.9238795325112867385, 1.000000000000000000),
 ( 1.000000000000000000, 0.9238795325112867385, 1.000000000000000000, 0.9238795325112867385, 1.000000000000000000, 0.9238795325112867385, 1.000000000000000000, 0.9238795325112867385, 1.000000000000000000, 0.9238795325112867385, 1.000000000000000000, 0.9238795325112867385, 1.000000000000000000, 0.9238795325112867385, 1.000000000000000000, 0.9238795325112867385, 1.000000000000000000, 0.9238795325112867385, 1.000000000000000000, 0.9238795325112867385, 1.000000000000000000, 0.9238795325112867385, 1.000000000000000000, 0.9238795325112867385, 1.000000000000000000, 0.9238795325112867385, 1.000000000000000000, 0.9238795325112867385, 1.000000000000000000, 0.9238795325112867385, 1.000000000000000000, 0.9238795325112867385, 1.000000000000000000, 0.9238795325112867385, 1.000000000000000000, 0.9238795325112867385, 1.000000000000000000, 0.9238795325112867385, 1.000000000000000000, 0.9238795325112867385, 1.000000000000000000, 0.9238795325112867385, 1.000000000000000000, 0.9238795325112867385, 1.000000000000000000, 0.9238795325112867385, 1.000000000000000000, 0.9238795325112867385, 1.000000000000000000, 0.9238795325112867385, 1.000000000000000000, 0.9238795325112867385, 1.000000000000000000, 0.9238795325112867385, 1.000000000000000000, 0.9238795325112867385, 1.000000000000000000, 0.9238795325112867385, 1.000000000000000000, 0.9238795325112867385, 1.000000000000000000, 0.9238795325112867385, 1.000000000000000000, 0.9238795325112867385, 1.000000000000000000, 0.9238795325112867385, 1.000000000000000000, 0.9238795325112867385, 1.000000000000000000, 0.9238795325112867385, 1.000000000000000000, 0.9238795325112867385, 1.000000000000000000, 0.9238795325112867385, 1.000000000000000000, 0.9238795325112867385, 1.000000000000000000, 0.9238795325112867385, 1.000000000000000000, 0.9238795325112867385, 1.000000000000000000, 0.9238795325112867385, 1.000000000000000000, 0.9238795325112867385, 1.000000000000000000, 0.9238795325112867385, 1.000000000000000000, 0.9238795325112867385, 1.000000000000000000, 0.9238795325112867385, 1.000000000000000000, 0.9238795325112867385, 1.000000000000000000, 0.9238795325112867385, 1.000000000000000000, 0.9238795325112867385, 1.000000000000000000, 0.9238795325112867385, 1.000000000000000000, 0.9238795325112867385, 1.000000000000000000, 0.9238795325112867385, 1.000000000000000000, 0.9238795325112867385, 1.000000000000000000, 0.9238795325112867385, 1.000000000000000000, 0.9238795325112867385, 1.000000000000000000, 0.9238795325112867385, 1.000000000000000000, 0.9238795325112867385, 1.000000000000000000, 0.9238795325112867385, 1.000000000000000000, 0.9238795325112867385, 1.000000000000000000, 0.9238795325112867385, 1.000000000000000000, 0.9238795325112867385, 1.000000000000000000, 0.9238795325112867385, 1.000000000000000000, 0.9238795325112867385, 1.000000000000000000, 0.9238795325112867385, 1.000000000000000000, 0.9238795325112867385, 1.000000000000000000, 0.9238795325112867385, 1.000000000000000000, 0.9238795325112867385, 1.000000000000000000, 0.9238795325112867385, 1.000000000000000000, 0.9238795325112867385, 1.000000000000000000, 0.9238795325112867385, 1.000000000000000000, 0.9238795325112867385, 1.000000000000000000, 0.9238795325112867385, 1.000000000000000000, 0.9238795325112867385, 1.000000000000000000, 0.9238795325112867385, 1.000000000000000000, 0.9238795325112867385, 1.000000000000000000, 0.9238795325112867385, 1.000000000000000000, 0.9238795325112867385, 1.000000000000000000, 0.9238795325112867385, 1.000000000000000000, 0.9238795325112867385, 1.000000000000000000, 0.9238795325112867385, 1.000000000000000000, 0.9238795325112867385, 1.000000000000000000, 0.9238795325112867385, 1.000000000000000000, 0.9238795325112867385, 1.000000000000000000, 0.9238795325112867385, 1.000000000000000000, 0.9238795325112867385, 1.000000000000000000, 0.9238795325112867385, 1.000000000000000000, 0.9238795325112867385, 1.000000000000000000, 0.9238795325112867385, 1.000000000000000000, 0.9238795325112867385, 1.000000000000000000, 0.9238795325112867385, 1.000000000000000000, 0.9238795325112867385, 1.000000000000000000, 0.9238795325112867385, 1.000000000000000000, 0.9238795325112867385, 1.000000000000000000, 0.9238795325112867385, 1.000000000000000000, 0.9238795325112867385, 1.000000000000000000, 0.9238795325112867385, 1.000000000000000000, 0.9238795325112867385, 1.000000000000000000, 0.9238795325112867385, 1.000000000000000000, 0.9238795325112867385, 1.000000000000000000, 0.9238795325112867385, 1.000000000000000000, 0.9238795325112867385, 1.000000000000000000, 0.9238795325112867385, 1.000000000000000000, 0.9238795325112867385, 1.000000000000000000, 0.9238795325112867385, 1.000000000000000000, 0.9238795325112867385, 1.000000000000000000, 0.9238795325112867385, 1.000000000000000000, 0.9238795325112867385, 1.000000000000000000, 0.9238795325112867385, 1.000000000000000000, 0.9238795325112867385, 1.000000000000000000, 0.9238795325112867385, 1.000000000000000000, 0.9238795325112867385, 1.000000000000000000, 0.9238795325112867385, 1.000000000000000000, 0.9238795325112867385, 1.000000000000000000, 0.9238795325112867385, 1.000000000000000000, 0.9238795325112867385, 1.000000000000000000, 0.9238795325112867385, 1.000000000000000000, 0.9238795325112867385, 1.000000000000000000, 0.9238795325112867385, 1.000000000000000000, 0.9238795325112867385, 1.000000000000000000, 0.9238795325112867385, 1.000000000000000000, 0.9238795325112867385, 1.000000000000000000, 0.9238795325112867385, 1.000000000000000000, 0.9238795325112867385, 1.000000000000000000, 0.9238795325112867385, 1.000000000000000000, 0.9238795325112867385, 1.000000000000000000, 0.9238795325112867385, 1.000000000000000000, 0.9238795325112867385, 1.000000000000000000, 0.9238795325112867385, 1.000000000000000000, 0.9238795325112867385, 1.000000000000000000, 0.9238795325112867385, 1.000000000000000000, 0.9238795325112867385, 1.000000000000000000, 0.9238795325112867385, 1.000000000000000000, 0.9238795325112867385, 1.000000000000000000, 0.9238795325112867385, 1.000000000000000000, 0.9238795325112867385, 1.000000000000000000, 0.9238795325112867385, 1.000000000000000000, 0.9238795325112867385, 1.000000000000000000, 0.9238795325112867385, 1.000000000000000000, 0.9238795325112867385, 1.000000000000000000, 0.9238795325112867385, 1.000000000000000000, 0.9238795325112867385, 1.000000000000000000, 0.9238795325112867385, 1.000000000000000000, 0.9238795325112867385, 1.000000000000000000, 0.9238795325112867385, 1.000000000000000000, 0.9238795325112867385, 1.000000000000000000, 0.9238795325112867385, 1.000000000000000000, 0.9238795325112867385, 1.000000000000000000, 0.9238795325112867385, 1.000000000000000000, 0.9238795325112867385, 1.000000000000000000, 0.9238795325112867385, 1.000000000000000000, 0.9238795325112867385, 1.000000000000000000, 0.9238795325112867385, 1.000000000000000000, 0.9238795325112867385, 1.000000000000000000, 0.9238795325112867385, 1.000000000000000000, 0.9238795325112867385, 1.000000000000000000, 0.9238795325112867385, 1.000000000000000000, 0.9238795325112867385, 1.000000000000000000, 0.9238795325112867385, 1.000000000000000000, 0.9238795325112867385, 1.000000000000000000, 0.9238795325112867385, 1.000000000000000000, 0.9238795325112867385, 1.000000000000000000, 0.9238795325112867385, 1.000000000000000000, 0.9238795325112867385, 1.000000000000000000, 0.9238795325112867385, 1.000000000000000000, 0.9238795325112867385, 1.000000000000000000, 0.9238795325112867385, 1.000000000000000000, 0.9238795325112867385, 1.000000000000000000, 0.9238795325112867385, 1.000000000000000000, 0.9238795325112867385, 1.000000000000000000, 0.9238795325112867385, 1.000000000000000000, 0.9238795325112867385, 1.000000000000000000, 0.9238795325112867385, 1.000000000000000000, 0.9238795325112867385, 1.000000000000000000, 0.9238795325112867385, 1.000000000000000000, 0.9238795325112867385, 1.000000000000000000, 0.9238795325112867385, 1.000000000000000000, 0.9238795325112867385, 1.000000000000000000, 0.9238795325112867385, 1.000000000000000000, 0.9238795325112867385, 1.000000000000000000, 0.9238795325112867385, 1.000000000000000000, 0.9238795325112867385, 1.000000000000000000, 0.9238795325112867385, 1.000000000000000000, 0.9238795325112867385, 1.000000000000000000, 0.9238795325112867385, 1.000000000000000000, 0.9238795325112867385, 1.000000000000000000, 0.9238795325112867385, 1.000000000000000000, 0.9238795325112867385, 1.000000000000000000, 0.9238795325112867385, 1.000000000000000000, 0.9238795325112867385, 1.000000000000000000, 0.9238795325112867385, 1.000000000000000000, 0.9238795325112867385, 1.000000000000000000, 0.9238795325112867385, 1.000000000000000000, 0.9238795325112867385, 1.000000000000000000) ) ) 
 REPRESENTATION_ITEM ( '' )  SURFACE ( )  );
#766 = CARTESIAN_POINT ( 'NONE',  ( -1.688575694911946590, -46.56250000170699366, -4.076582343750016157 ) ) ;
#767 = CARTESIAN_POINT ( 'NONE',  ( -1.688575694911949698, -51.25000000170698655, 4.076582343749975301 ) ) ;
#768 =( LENGTH_UNIT ( ) NAMED_UNIT ( * ) SI_UNIT ( .MILLI., .METRE. ) );
#769 = CARTESIAN_POINT ( 'NONE',  ( 2.081899558550498061E-16, -42.18750000000000000, -3.400000000000015898 ) ) ;
#770 = CARTESIAN_POINT ( 'NONE',  ( -3.399999999999996803, -41.79687500000000000, 1.408326112068501335 ) ) ;
#771 = EDGE_CURVE ( 'NONE', #2870, #5554, #3940, .T. ) ;
#772 = CARTESIAN_POINT ( 'NONE',  ( 4.076582343749995729, -63.20312500170699366, -1.995304164474380342E-14 ) ) ;
#773 = CARTESIAN_POINT ( 'NONE',  ( -1.408326112068523317, -55.39062500000000000, 3.399999999999975042 ) ) ;
#774 = CARTESIAN_POINT ( 'NONE',  ( 1.408326112068521985, -61.01562500000000000, -3.400000000000015898 ) ) ;
#775 = CARTESIAN_POINT ( 'NONE',  ( 1.408326112068522651, -47.73437500000000711, 3.399999999999975486 ) ) ;
#776 = CARTESIAN_POINT ( 'NONE',  ( -4.076582343749996618, -40.00000000170700076, 1.688575694911926828 ) ) ;
#777 = CARTESIAN_POINT ( 'NONE',  ( 4.076582343749994841, -48.28125000170699366, 1.688575694911929936 ) ) ;
#778 = CYLINDRICAL_SURFACE ( 'NONE', #392, 3.399999999999995914 ) ;
#779 = CARTESIAN_POINT ( 'NONE',  ( 4.076582343749995729, -40.78125000170698655, -1.688575694911967018 ) ) ;
#780 = CARTESIAN_POINT ( 'NONE',  ( 4.076582343749995729, -34.60937500170699366, -1.995304164474380342E-14 ) ) ;
#781 = CARTESIAN_POINT ( 'NONE',  ( 1.408326112068544633, -51.01562500000000000, -3.399999999999992806 ) ) ;
#782 = ORIENTED_EDGE ( 'NONE', *, *, #2104, .T. ) ;
#783 = CARTESIAN_POINT ( 'NONE',  ( 1.408326112068480018, -63.98437500000000711, 3.400000000000018563 ) ) ;
#784 = CARTESIAN_POINT ( 'NONE',  ( 2.404163056034257728, -42.96875000341398732, 2.404163056034239077 ) ) ;
#785 = CARTESIAN_POINT ( 'NONE',  ( 2.404163056034257728, -47.96875000341398021, 2.404163056034239077 ) ) ;
#786 = CARTESIAN_POINT ( 'NONE',  ( -3.399999999999995470, -63.20312500000000000, -1.408326112068541747 ) ) ;
#787 = CARTESIAN_POINT ( 'NONE',  ( 2.882579019330971715, -61.79687500170699366, -2.882579019330991699 ) ) ;
#788 = CARTESIAN_POINT ( 'NONE',  ( 1.408326112068499336, -36.01562500000000000, -3.400000000000039435 ) ) ;
#789 = CARTESIAN_POINT ( 'NONE',  ( 4.076582343749994841, -50.93750000170699366, 1.688575694911929936 ) ) ;
#790 = ORIENTED_EDGE ( 'NONE', *, *, #158, .F. ) ;
#791 = CARTESIAN_POINT ( 'NONE',  ( 4.076582343749995729, -63.35937500170699366, -1.995304164474380342E-14 ) ) ;
#792 =( BOUNDED_CURVE ( )  B_SPLINE_CURVE ( 2, ( #413, #4879, #2930, #380, #5946, #3918, #2422, #4421, #6407 ),
 .UNSPECIFIED., .F., .F. ) 
 B_SPLINE_CURVE_WITH_KNOTS ( ( 3, 2, 2, 2, 3 ),
 ( 0.3854166666666667407, 0.3906250000000000555, 0.3958333333333333703, 0.4010416666666667962, 0.4062500000000001110 ),
 .UNSPECIFIED. ) 
 CURVE ( )  GEOMETRIC_REPRESENTATION_ITEM ( )  RATIONAL_B_SPLINE_CURVE ( ( 0.9999999999999992228, 0.9238795325112875156, 1.000000000000000000, 0.9238795325112867385, 1.000000000000000000, 0.9238795325112867385, 1.000000000000000000, 0.9238795325112850731, 1.000000000000001554 ) ) 
 REPRESENTATION_ITEM ( '' )  );
#793 = CARTESIAN_POINT ( 'NONE',  ( 2.081899558550498061E-16, -61.25000000341398021, -3.400000000000015898 ) ) ;
#794 = CARTESIAN_POINT ( 'NONE',  ( 2.496186759367024056E-16, -59.14062500170700076, -4.076582343750016157 ) ) ;
#795 = CARTESIAN_POINT ( 'NONE',  ( -1.688575694911949698, -34.84375000170699366, 4.076582343749975301 ) ) ;
#796 = CARTESIAN_POINT ( 'NONE',  ( -1.408326112068521319, -47.10937500000001421, -3.400000000000015898 ) ) ;
#797 = CARTESIAN_POINT ( 'NONE',  ( 0.000000000000000000, -65.00000000000000000, -1.995304164474380342E-14 ) ) ;
#798 = ORIENTED_EDGE ( 'NONE', *, *, #1451, .T. ) ;
#799 = CARTESIAN_POINT ( 'NONE',  ( -4.076582343749995729, -48.90625000170698655, -1.688575694911967240 ) ) ;
#800 = CARTESIAN_POINT ( 'NONE',  ( -7.488560278101070689E-16, -46.17187500170699366, 4.076582343749976189 ) ) ;
#801 = APPROVAL_DATE_TIME ( #2381, #534 ) ;
#802 = CARTESIAN_POINT ( 'NONE',  ( -1.408326112068523317, -48.20312500341398732, 3.399999999999975042 ) ) ;
#803 =( BOUNDED_CURVE ( )  B_SPLINE_CURVE ( 2, ( #4249, #3754, #4743, #2284, #243, #3118, #2250, #1793, #5131 ),
 .UNSPECIFIED., .F., .T. ) 
 B_SPLINE_CURVE_WITH_KNOTS ( ( 3, 2, 2, 2, 3 ),
 ( 0.2812500000000000000, 0.2864583333333333148, 0.2916666666666667407, 0.2968750000000000555, 0.3020833333333333703 ),
 .UNSPECIFIED. ) 
 CURVE ( )  GEOMETRIC_REPRESENTATION_ITEM ( )  RATIONAL_B_SPLINE_CURVE ( ( 1.000000000000000000, 0.9238795325112867385, 1.000000000000000000, 0.9238795325112867385, 1.000000000000000000, 0.9238795325112867385, 1.000000000000000000, 0.9238795325112859613, 1.000000000000000888 ) ) 
 REPRESENTATION_ITEM ( '' )  );
#804 = DIRECTION ( 'NONE',  ( -0.000000000000000000, -1.000000000000000000, -0.000000000000000000 ) ) ;
#805 = CARTESIAN_POINT ( 'NONE',  ( -4.076582343749995729, -60.07812500170699366, -2.045227899661720714E-14 ) ) ;
#806 = CARTESIAN_POINT ( 'NONE',  ( 2.081899558550498061E-16, -59.68750000000000711, -3.400000000000015898 ) ) ;
#807 = CARTESIAN_POINT ( 'NONE',  ( -4.076582343749995729, -41.40625000170699366, -1.688575694911967684 ) ) ;
#808 = CARTESIAN_POINT ( 'NONE',  ( 2.496186759367024056E-16, -46.64062500170699366, -4.076582343750016157 ) ) ;
#809 = LINE ( 'NONE', #2805, #6251 ) ;
#810 = ADVANCED_FACE ( 'NONE', ( #5544 ), #3720, .F. ) ;
#811 = CARTESIAN_POINT ( 'NONE',  ( 4.076582343749994841, -40.93750000170700076, 1.688575694911929936 ) ) ;
#812 = CARTESIAN_POINT ( 'NONE',  ( 2.496186759367024056E-16, -35.54687500170698655, -4.076582343750016157 ) ) ;
#813 = CYLINDRICAL_SURFACE ( 'NONE', #5475, 3.399999999999995914 ) ;
#814 = VECTOR ( 'NONE', #2398, 1000.000000000000000 ) ;
#815 = ORIENTED_EDGE ( 'NONE', *, *, #1976, .T. ) ;
#816 = DIRECTION ( 'NONE',  ( -0.000000000000000000, -1.000000000000000000, -0.000000000000000000 ) ) ;
#817 = CARTESIAN_POINT ( 'NONE',  ( 1.408326112068522651, -44.29687500341398021, 3.399999999999975486 ) ) ;
#818 = CARTESIAN_POINT ( 'NONE',  ( 3.399999999999995470, -46.48437500341399442, -1.408326112068541525 ) ) ;
#819 = CARTESIAN_POINT ( 'NONE',  ( -1.408326112068523317, -62.89062500000000711, 3.399999999999975042 ) ) ;
#820 = CARTESIAN_POINT ( 'NONE',  ( -4.076582343749995729, -60.15625000170700076, -1.688575694911967240 ) ) ;
#821 = CARTESIAN_POINT ( 'NONE',  ( 3.399999999999995914, -60.00000000000000711, -1.995304164474380342E-14 ) ) ;
#822 = CARTESIAN_POINT ( 'NONE',  ( -2.882579019330972159, -52.57812500170699366, 2.882579019330950842 ) ) ;
#823 = VERTEX_POINT ( 'NONE', #5195 ) ;
#824 = CARTESIAN_POINT ( 'NONE',  ( -1.688575694911946590, -59.21875000170698655, -4.076582343750016157 ) ) ;
#825 = CARTESIAN_POINT ( 'NONE',  ( -1.408326112068523317, -56.95312500341398021, 3.399999999999975042 ) ) ;
#826 = CARTESIAN_POINT ( 'NONE',  ( 2.081899558550498061E-16, -60.00000000341398732, -3.400000000000015898 ) ) ;
#827 = CARTESIAN_POINT ( 'NONE',  ( -1.688575694911950142, -58.59375000170700076, 4.076582343749975301 ) ) ;
#828 = ORIENTED_EDGE ( 'NONE', *, *, #116, .F. ) ;
#829 = CARTESIAN_POINT ( 'NONE',  ( 3.399999999999995470, -46.17187500000000711, -1.408326112068541525 ) ) ;
#830 = DIRECTION ( 'NONE',  ( 8.659560562354951347E-17, -0.7071067811865460184, 0.7071067811865489050 ) ) ;
#831 = ORIENTED_EDGE ( 'NONE', *, *, #1377, .T. ) ;
#832 = CIRCLE ( 'NONE', #1662, 6.499999999999999112 ) ;
#833 = CARTESIAN_POINT ( 'NONE',  ( -2.882579019330970826, -45.23437500170699366, -2.882579019330991699 ) ) ;
#834 = CARTESIAN_POINT ( 'NONE',  ( -1.688575694911949698, -48.75000000170698655, 4.076582343749975301 ) ) ;
#835 = SHAPE_DEFINITION_REPRESENTATION ( #5617, #2821 ) ;
#836 = CARTESIAN_POINT ( 'NONE',  ( -6.245698675651493936E-16, -57.81250000000000000, 3.399999999999975930 ) ) ;
#837 = CARTESIAN_POINT ( 'NONE',  ( 1.408326112068499780, -59.29687500341398732, 3.399999999999999467 ) ) ;
#838 = CARTESIAN_POINT ( 'NONE',  ( 2.496186759367024056E-16, -57.89062500170699366, -4.076582343750016157 ) ) ;
#839 = CARTESIAN_POINT ( 'NONE',  ( 1.408326112068521985, -59.76562500000001421, -3.400000000000015898 ) ) ;
#840 = CARTESIAN_POINT ( 'NONE',  ( 4.076582343749994841, -39.53125000170700076, 1.688575694911929936 ) ) ;
#841 = CARTESIAN_POINT ( 'NONE',  ( -4.076582343749995729, -46.40625000170698655, -1.688575694911967240 ) ) ;
#842 = CARTESIAN_POINT ( 'NONE',  ( -3.399999999999995914, -38.51562500341398732, -1.408326112068541747 ) ) ;
#843 = CARTESIAN_POINT ( 'NONE',  ( 2.496186759367024056E-16, -41.79687500170699366, -4.076582343750016157 ) ) ;
#844 = CARTESIAN_POINT ( 'NONE',  ( 0.000000000000000000, -65.00000000000000000, -1.995304164474380342E-14 ) ) ;
#845 = ORIENTED_EDGE ( 'NONE', *, *, #2007, .F. ) ;
#846 = EDGE_CURVE ( 'NONE', #5949, #2370, #3648, .T. ) ;
#847 = CARTESIAN_POINT ( 'NONE',  ( -2.404163056034259061, -43.28125000341398732, 2.404163056034238188 ) ) ;
#848 = CARTESIAN_POINT ( 'NONE',  ( -1.408326112068521319, -39.92187500341398021, -3.400000000000015898 ) ) ;
#849 = CARTESIAN_POINT ( 'NONE',  ( -1.408326112068521319, -62.10937500000000000, -3.400000000000015898 ) ) ;
#850 = CARTESIAN_POINT ( 'NONE',  ( -7.488560278101070689E-16, -63.51562500170700076, 4.076582343749976189 ) ) ;
#851 = CARTESIAN_POINT ( 'NONE',  ( 4.163799117100996122E-16, -65.00000000000000000, 3.399999999999975930 ) ) ;
#852 = FACE_OUTER_BOUND ( 'NONE', #2161, .T. ) ;
#853 = CARTESIAN_POINT ( 'NONE',  ( 4.076582343749995729, -44.60937500170698655, -1.995304164474380342E-14 ) ) ;
#854 = ORIENTED_EDGE ( 'NONE', *, *, #4207, .F. ) ;
#855 = CARTESIAN_POINT ( 'NONE',  ( -1.688575694911946590, -60.46875000170700076, -4.076582343750016157 ) ) ;
#856 = CARTESIAN_POINT ( 'NONE',  ( 3.399999999999995470, -55.23437500341398021, -1.408326112068541525 ) ) ;
#857 = CARTESIAN_POINT ( 'NONE',  ( -2.882579019330970826, -52.73437500170699366, -2.882579019330991699 ) ) ;
#858 = CARTESIAN_POINT ( 'NONE',  ( -3.399999999999804068, -64.29687499999998579, 1.408326112068693625 ) ) ;
#859 = CARTESIAN_POINT ( 'NONE',  ( -1.408326112068523317, -50.39062500000000711, 3.399999999999975042 ) ) ;
#860 = CARTESIAN_POINT ( 'NONE',  ( 4.163799117100996122E-16, -65.00000000000000000, 3.399999999999975930 ) ) ;
#861 = ORIENTED_EDGE ( 'NONE', *, *, #5278, .F. ) ;
#862 = CARTESIAN_POINT ( 'NONE',  ( -4.076582343749995729, -46.40625000170698655, -1.688575694911967240 ) ) ;
#863 = CARTESIAN_POINT ( 'NONE',  ( -4.076582343749996618, -46.40625000170698655, 1.688575694911926828 ) ) ;
#864 = COORDINATED_UNIVERSAL_TIME_OFFSET ( 8, 0, .AHEAD. ) ;
#865 = CARTESIAN_POINT ( 'NONE',  ( -3.399999999999995914, -48.51562500341398732, -1.408326112068541747 ) ) ;
#866 = CARTESIAN_POINT ( 'NONE',  ( 3.399999999999995914, -35.00000000000000000, -1.995304164474380342E-14 ) ) ;
#867 = CARTESIAN_POINT ( 'NONE',  ( -4.076582343749996618, -56.25000000170700076, 1.688575694911926828 ) ) ;
#868 = CARTESIAN_POINT ( 'NONE',  ( -3.399999999999995914, -59.37500000000000711, -2.036942155645390229E-14 ) ) ;
#869 = CARTESIAN_POINT ( 'NONE',  ( 2.882579019330970382, -42.10937500170700076, 2.882579019330952175 ) ) ;
#870 = CARTESIAN_POINT ( 'NONE',  ( 4.076582343749995729, -48.20312500170699366, -1.995304164474380342E-14 ) ) ;
#871 = CARTESIAN_POINT ( 'NONE',  ( -6.245698675651493936E-16, -61.56250000000000000, 3.399999999999975930 ) ) ;
#872 = CARTESIAN_POINT ( 'NONE',  ( -1.688575694911950142, -45.00000000170699366, 4.076582343749975301 ) ) ;
#873 = CARTESIAN_POINT ( 'NONE',  ( 2.081899558550498061E-16, -62.50000000341399442, -3.400000000000015898 ) ) ;
#874 = ORIENTED_EDGE ( 'NONE', *, *, #4388, .F. ) ;
#875 = CARTESIAN_POINT ( 'NONE',  ( -7.488560278101070689E-16, -63.51562500170700076, 4.076582343749976189 ) ) ;
#876 = CARTESIAN_POINT ( 'NONE',  ( 3.399999999999995026, -44.14062500341397310, 1.408326112068503777 ) ) ;
#877 = CARTESIAN_POINT ( 'NONE',  ( 3.399999999999995470, -42.73437500341398021, -1.408326112068541525 ) ) ;
#878 = CARTESIAN_POINT ( 'NONE',  ( 1.408326112068522651, -60.23437500000000000, 3.399999999999975486 ) ) ;
#879 = CARTESIAN_POINT ( 'NONE',  ( -2.882579019330972159, -61.17187500170699366, 2.882579019330950842 ) ) ;
#880 = LINE ( 'NONE', #5429, #4376 ) ;
#881 = CARTESIAN_POINT ( 'NONE',  ( -7.488560278101070689E-16, -44.92187500170699366, 4.076582343749976189 ) ) ;
#882 = CARTESIAN_POINT ( 'NONE',  ( -3.399999999999996803, -40.85937500341398021, 1.408326112068501335 ) ) ;
#883 = ORIENTED_EDGE ( 'NONE', *, *, #2489, .T. ) ;
#884 = CARTESIAN_POINT ( 'NONE',  ( 2.081899558550498061E-16, -57.50000000341398732, -3.400000000000015898 ) ) ;
#885 = CARTESIAN_POINT ( 'NONE',  ( 2.404163056034257728, -59.21875000341398732, 2.404163056034239077 ) ) ;
#886 = VECTOR ( 'NONE', #4706, 1000.000000000000000 ) ;
#887 = CARTESIAN_POINT ( 'NONE',  ( 4.076582343749995729, -51.87500000170700076, -1.688575694911967018 ) ) ;
#888 = CARTESIAN_POINT ( 'NONE',  ( 1.408326112068521985, -44.76562500000000000, -3.400000000000015898 ) ) ;
#889 = CARTESIAN_POINT ( 'NONE',  ( -1.688575694911946590, -62.96875000170699366, -4.076582343750016157 ) ) ;
#890 = ADVANCED_FACE ( 'NONE', ( #4251 ), #2735, .F. ) ;
#891 = VERTEX_POINT ( 'NONE', #4776 ) ;
#892 = EDGE_CURVE ( 'NONE', #2990, #3979, #832, .T. ) ;
#893 = CARTESIAN_POINT ( 'NONE',  ( 2.496186759367024056E-16, -44.14062500170700076, -4.076582343750016157 ) ) ;
#894 = CARTESIAN_POINT ( 'NONE',  ( -2.882579019330972159, -48.82812500170699366, 2.882579019330950842 ) ) ;
#895 = CARTESIAN_POINT ( 'NONE',  ( -1.408326112068523317, -50.39062500000000711, 3.399999999999975042 ) ) ;
#896 = CARTESIAN_POINT ( 'NONE',  ( -2.404163056034259061, -48.28125000341398732, 2.404163056034238188 ) ) ;
#897 = CARTESIAN_POINT ( 'NONE',  ( -2.404163056034259061, -44.53125000341398732, 2.404163056034238188 ) ) ;
#898 = CARTESIAN_POINT ( 'NONE',  ( 1.688575694911947256, -57.96875000170699366, -4.076582343750016157 ) ) ;
#899 = CARTESIAN_POINT ( 'NONE',  ( -3.399999999999995914, -56.87500000000000000, -2.036942155645390229E-14 ) ) ;
#900 = CARTESIAN_POINT ( 'NONE',  ( -2.882579019330972159, -42.42187500170699366, 2.882579019330950842 ) ) ;
#901 = CARTESIAN_POINT ( 'NONE',  ( 2.496186759367024056E-16, -45.39062500170700076, -4.076582343750016157 ) ) ;
#902 = CARTESIAN_POINT ( 'NONE',  ( -2.404163056034258172, -35.78125000000000000, -2.404163056034278600 ) ) ;
#903 = CARTESIAN_POINT ( 'NONE',  ( -7.488560278101070689E-16, -56.17187500170699366, 4.076582343749976189 ) ) ;
#904 = ORIENTED_EDGE ( 'NONE', *, *, #5594, .T. ) ;
#905 = CARTESIAN_POINT ( 'NONE',  ( 2.496186759367024056E-16, -62.89062500170700076, -4.076582343750016157 ) ) ;
#906 = CARTESIAN_POINT ( 'NONE',  ( 2.404163056034257728, -35.46875000341398732, 2.404163056034239077 ) ) ;
#907 = CARTESIAN_POINT ( 'NONE',  ( 2.404163056034258616, -43.90625000341398732, -2.404163056034278600 ) ) ;
#908 = CARTESIAN_POINT ( 'NONE',  ( -1.408326112068521319, -60.85937500000000000, -3.400000000000015898 ) ) ;
#909 = CARTESIAN_POINT ( 'NONE',  ( -7.488560278101070689E-16, -61.01562500170699366, 4.076582343749976189 ) ) ;
#910 = DIRECTION ( 'NONE',  ( 0.000000000000000000, -0.7071067811865460184, -0.7071067811865489050 ) ) ;
#911 = CARTESIAN_POINT ( 'NONE',  ( -1.688575694911949698, -47.50000000170699366, 4.076582343749975301 ) ) ;
#912 = CARTESIAN_POINT ( 'NONE',  ( -3.399999999999996803, -54.29687500000000000, 1.408326112068501335 ) ) ;
#913 = VERTEX_POINT ( 'NONE', #6242 ) ;
#914 = CARTESIAN_POINT ( 'NONE',  ( -1.688575694911949698, -38.75000000170698655, 4.076582343749975301 ) ) ;
#915 = CARTESIAN_POINT ( 'NONE',  ( 3.399999999999995026, -50.39062500341398732, 1.408326112068503777 ) ) ;
#916 = CARTESIAN_POINT ( 'NONE',  ( 1.408326112068522651, -58.04687500341398732, 3.399999999999975486 ) ) ;
#917 = CARTESIAN_POINT ( 'NONE',  ( 1.408326112068522651, -35.23437500000000000, 3.399999999999975486 ) ) ;
#918 = CARTESIAN_POINT ( 'NONE',  ( -4.076582343749995729, -53.90625000170700076, -1.688575694911967684 ) ) ;
#919 = FACE_OUTER_BOUND ( 'NONE', #2228, .T. ) ;
#920 = CARTESIAN_POINT ( 'NONE',  ( -3.399999999999995470, -44.45312500000000711, -1.408326112068541747 ) ) ;
#921 = CARTESIAN_POINT ( 'NONE',  ( -4.076582343749995729, -61.48437500170698655, -2.045227899661720714E-14 ) ) ;
#922 = CARTESIAN_POINT ( 'NONE',  ( -6.245698675651493936E-16, -38.12500000341398021, 3.399999999999975930 ) ) ;
#923 = CARTESIAN_POINT ( 'NONE',  ( -1.688575694911949698, -41.09375000170698655, 4.076582343749975301 ) ) ;
#924 = CARTESIAN_POINT ( 'NONE',  ( -1.688575694911946590, -47.96875000170698655, -4.076582343750016157 ) ) ;
#925 = CARTESIAN_POINT ( 'NONE',  ( 3.399999999999995470, -49.92187500000000000, -1.408326112068541525 ) ) ;
#926 = CARTESIAN_POINT ( 'NONE',  ( -2.404163056034258172, -44.84375000341398732, -2.404163056034278600 ) ) ;
#927 = CARTESIAN_POINT ( 'NONE',  ( -4.076582343749995729, -55.07812500170699366, -2.045227899661720714E-14 ) ) ;
#928 = CARTESIAN_POINT ( 'NONE',  ( 2.081899558550498061E-16, -55.93750000000000000, -3.400000000000015898 ) ) ;
#929 = CARTESIAN_POINT ( 'NONE',  ( 1.688575694911947256, -37.96875000170699366, -4.076582343750016157 ) ) ;
#930 = CARTESIAN_POINT ( 'NONE',  ( -1.688575694911949698, -41.09375000170698655, 4.076582343749975301 ) ) ;
#931 = CARTESIAN_POINT ( 'NONE',  ( 2.404163056034258616, -61.09375000000000000, -2.404163056034278600 ) ) ;
#932 = CARTESIAN_POINT ( 'NONE',  ( -1.688575694911950142, -53.75000000170699366, 4.076582343749975301 ) ) ;
#933 = AXIS2_PLACEMENT_3D ( 'NONE', #2916, #365, #4339 ) ;
#934 = ORIENTED_EDGE ( 'NONE', *, *, #5216, .F. ) ;
#935 = CARTESIAN_POINT ( 'NONE',  ( 2.404163056034257728, -36.71875000341398732, 2.404163056034239077 ) ) ;
#936 = CARTESIAN_POINT ( 'NONE',  ( -1.408326112068521319, -42.42187500341398732, -3.400000000000015898 ) ) ;
#937 = CARTESIAN_POINT ( 'NONE',  ( -3.399999999999995914, -59.37500000000000711, -2.036942155645390229E-14 ) ) ;
#938 = CARTESIAN_POINT ( 'NONE',  ( -4.076582343749995729, -56.40625000170699366, -1.688575694911967240 ) ) ;
#939 = CARTESIAN_POINT ( 'NONE',  ( -2.404163056034259061, -39.53125000341398021, 2.404163056034238188 ) ) ;
#940 = EDGE_CURVE ( 'NONE', #1460, #6285, #1262, .T. ) ;
#941 = CARTESIAN_POINT ( 'NONE',  ( -4.076582343749995729, -47.81250000170698655, -1.688575694911967240 ) ) ;
#942 = EDGE_CURVE ( 'NONE', #3979, #2990, #5332, .T. ) ;
#943 = ORIENTED_EDGE ( 'NONE', *, *, #4942, .T. ) ;
#944 = CARTESIAN_POINT ( 'NONE',  ( -4.076582343749995729, -38.98437500170699366, -2.045227899661720714E-14 ) ) ;
#945 = CARTESIAN_POINT ( 'NONE',  ( 3.399999999999995026, -54.14062500341399442, 1.408326112068503777 ) ) ;
#946 = CARTESIAN_POINT ( 'NONE',  ( -1.408326112068521319, -56.17187500341398732, -3.400000000000015898 ) ) ;
#947 = CARTESIAN_POINT ( 'NONE',  ( 3.399999999999995470, -37.42187500000000000, -1.408326112068541525 ) ) ;
#948 = CARTESIAN_POINT ( 'NONE',  ( 2.496186759367024056E-16, -54.14062500170699366, -4.076582343750016157 ) ) ;
#949 = LOCAL_TIME ( 18, 39, 47.00000000000000000, #1357 ) ;
#950 = CARTESIAN_POINT ( 'NONE',  ( -1.408326112068523317, -45.39062500000001421, 3.399999999999975042 ) ) ;
#951 = CARTESIAN_POINT ( 'NONE',  ( -1.688575694911949698, -62.50000000170700076, 4.076582343749975301 ) ) ;
#952 = DIRECTION ( 'NONE',  ( -0.000000000000000000, -1.000000000000000000, -0.000000000000000000 ) ) ;
#953 = CARTESIAN_POINT ( 'NONE',  ( -4.076582343749995729, -40.15625000170699366, -1.688575694911967240 ) ) ;
#954 = CARTESIAN_POINT ( 'NONE',  ( 1.688575694911947256, -40.62500000170698655, -4.076582343750016157 ) ) ;
#955 = ADVANCED_FACE ( 'NONE', ( #1166 ), #4230, .F. ) ;
#956 = CARTESIAN_POINT ( 'NONE',  ( 2.404163056034258616, -46.09375000000000000, -2.404163056034278600 ) ) ;
#957 = CARTESIAN_POINT ( 'NONE',  ( -2.404163056034259061, -51.71875000000000000, 2.404163056034238188 ) ) ;
#958 =( BOUNDED_CURVE ( )  B_SPLINE_CURVE ( 2, ( #4444, #6311, #926, #6433, #1951, #3942, #897, #406, #3912 ),
 .UNSPECIFIED., .F., .F. ) 
 B_SPLINE_CURVE_WITH_KNOTS ( ( 3, 2, 2, 2, 3 ),
 ( 0.6354166666666665186, 0.6406249999999998890, 0.6458333333333332593, 0.6510416666666664076, 0.6562499999999997780 ),
 .UNSPECIFIED. ) 
 CURVE ( )  GEOMETRIC_REPRESENTATION_ITEM ( )  RATIONAL_B_SPLINE_CURVE ( ( 1.000000000000001554, 0.9238795325112850731, 1.000000000000000000, 0.9238795325112867385, 1.000000000000000000, 0.9238795325112867385, 1.000000000000000000, 0.9238795325112899581, 0.9999999999999967804 ) ) 
 REPRESENTATION_ITEM ( '' )  );
#959 = EDGE_CURVE ( 'NONE', #2618, #2393, #4821, .T. ) ;
#960 = CARTESIAN_POINT ( 'NONE',  ( -1.688575694911949698, -56.09375000170700076, 4.076582343749975301 ) ) ;
#961 = CARTESIAN_POINT ( 'NONE',  ( 3.399999999999995470, -51.17187500000000711, -1.408326112068541525 ) ) ;
#962 = CARTESIAN_POINT ( 'NONE',  ( 2.496186759367024056E-16, -36.64062500170699366, -4.076582343750016157 ) ) ;
#963 = CARTESIAN_POINT ( 'NONE',  ( -4.076582343749995729, -41.40625000170699366, -1.688575694911967240 ) ) ;
#964 = CARTESIAN_POINT ( 'NONE',  ( 1.688575694911947922, -54.84375000170699366, 4.076582343749975301 ) ) ;
#965 = EDGE_CURVE ( 'NONE', #3095, #6327, #2560, .T. ) ;
#966 = ORIENTED_EDGE ( 'NONE', *, *, #3997, .T. ) ;
#967 =( BOUNDED_CURVE ( )  B_SPLINE_CURVE ( 2, ( #215, #4750, #2224, #4188, #6247, #1303, #3725, #5235, #5685 ),
 .UNSPECIFIED., .F., .F. ) 
 B_SPLINE_CURVE_WITH_KNOTS ( ( 3, 2, 2, 2, 3 ),
 ( 0.5312500000000000000, 0.5364583333333333703, 0.5416666666666665186, 0.5468749999999998890, 0.5520833333333332593 ),
 .UNSPECIFIED. ) 
 CURVE ( )  GEOMETRIC_REPRESENTATION_ITEM ( )  RATIONAL_B_SPLINE_CURVE ( ( 1.000000000000000000, 0.9238795325112867385, 1.000000000000000000, 0.9238795325112867385, 1.000000000000000000, 0.9238795325112867385, 1.000000000000000000, 0.9238795325112884038, 0.9999999999999983347 ) ) 
 REPRESENTATION_ITEM ( '' )  );
#968 = CARTESIAN_POINT ( 'NONE',  ( -3.399999999999995470, -37.26562500341399442, -1.408326112068541747 ) ) ;
#969 = CARTESIAN_POINT ( 'NONE',  ( -2.404163056034259061, -40.78125000341398021, 2.404163056034238188 ) ) ;
#970 = CARTESIAN_POINT ( 'NONE',  ( 3.399999999999995470, -61.17187500000000000, -1.408326112068541525 ) ) ;
#971 = CARTESIAN_POINT ( 'NONE',  ( 2.882579019330970382, -57.10937500170699366, 2.882579019330952175 ) ) ;
#972 = CARTESIAN_POINT ( 'NONE',  ( 2.882579019330971715, -44.45312500170699366, -2.882579019330991699 ) ) ;
#973 = CARTESIAN_POINT ( 'NONE',  ( 1.408326112068499780, -43.98437500000001421, 3.399999999999999467 ) ) ;
#974 = ORIENTED_EDGE ( 'NONE', *, *, #2925, .F. ) ;
#975 = CARTESIAN_POINT ( 'NONE',  ( 1.688575694911947256, -35.62500000170699366, -4.076582343750016157 ) ) ;
#976 = CARTESIAN_POINT ( 'NONE',  ( -1.408326112068521319, -53.67187500341398021, -3.400000000000015898 ) ) ;
#977 = CARTESIAN_POINT ( 'NONE',  ( 2.081899558550498061E-16, -56.25000000341398732, -3.400000000000015898 ) ) ;
#978 = CARTESIAN_POINT ( 'NONE',  ( -1.408326112068523317, -35.39062500000001421, 3.399999999999975042 ) ) ;
#979 = CARTESIAN_POINT ( 'NONE',  ( -6.245698675651493936E-16, -36.87500000341398021, 3.399999999999975930 ) ) ;
#980 = CARTESIAN_POINT ( 'NONE',  ( -2.404163056034259061, -44.21875000000000000, 2.404163056034238188 ) ) ;
#981 = VECTOR ( 'NONE', #3374, 1000.000000000000000 ) ;
#982 = FACE_OUTER_BOUND ( 'NONE', #3890, .T. ) ;
#983 = CARTESIAN_POINT ( 'NONE',  ( -1.688575694911946590, -44.06250000170700076, -4.076582343750016157 ) ) ;
#984 = CARTESIAN_POINT ( 'NONE',  ( -7.488560278101070689E-16, -43.67187500170699366, 4.076582343749976189 ) ) ;
#985 = CARTESIAN_POINT ( 'NONE',  ( 2.081899558550498061E-16, -43.43750000000000711, -3.400000000000015898 ) ) ;
#986 = CARTESIAN_POINT ( 'NONE',  ( 3.399999999999995914, -47.50000000000000000, -1.995304164474380342E-14 ) ) ;
#987 = CARTESIAN_POINT ( 'NONE',  ( 1.688575694911947256, -59.37500000170700076, -4.076582343750016157 ) ) ;
#988 = CARTESIAN_POINT ( 'NONE',  ( -4.076582343749995729, -38.90625000170700076, -1.688575694911967684 ) ) ;
#989 = CARTESIAN_POINT ( 'NONE',  ( -1.688575694911946590, -39.06250000170699366, -4.076582343750016157 ) ) ;
#990 = CARTESIAN_POINT ( 'NONE',  ( 3.808651545348268472E-15, 1.329783579673954269E-29, 0.000000000000000000 ) ) ;
#991 = CARTESIAN_POINT ( 'NONE',  ( 4.076582343749995729, -57.03125000170699366, -1.688575694911967018 ) ) ;
#992 = ORIENTED_EDGE ( 'NONE', *, *, #480, .T. ) ;
#993 = CARTESIAN_POINT ( 'NONE',  ( 3.399999999999995470, -37.73437500341398732, -1.408326112068541525 ) ) ;
#994 = CARTESIAN_POINT ( 'NONE',  ( -1.408326112068521319, -38.67187500341398732, -3.400000000000015898 ) ) ;
#995 = EDGE_CURVE ( 'NONE', #5986, #5692, #4687, .T. ) ;
#996 = CARTESIAN_POINT ( 'NONE',  ( -1.408326112068523317, -60.39062500000000711, 3.399999999999975042 ) ) ;
#997 = CARTESIAN_POINT ( 'NONE',  ( 2.882579019330971715, -55.54687500170699366, -2.882579019330991699 ) ) ;
#998 = CARTESIAN_POINT ( 'NONE',  ( 4.163799117100996122E-16, -65.00000000000000000, 3.399999999999975930 ) ) ;
#999 = CARTESIAN_POINT ( 'NONE',  ( -2.882579019330972159, -43.82812500170699366, 2.882579019330950842 ) ) ;
#1000 = CARTESIAN_POINT ( 'NONE',  ( 3.399999999999995914, -43.67187500000000000, -1.408326112068541525 ) ) ;
#1001 = VERTEX_POINT ( 'NONE', #1699 ) ;
#1002 = ORIENTED_EDGE ( 'NONE', *, *, #2043, .F. ) ;
#1003 =( BOUNDED_SURFACE ( )  B_SPLINE_SURFACE ( 1, 2, ( 
 ( #2266, #1311, #4264, #4723, #4328, #6256, #224, #4854, #3835, #3310, #5308, #3866, #5768, #1277, #290, #2715, #1772, #2780, #1840, #3274, #5275, #6354, #1341, #786, #4790, #354, #718, #819, #3735, #2301, #4299, #6290, #2233, #2815, #4825, #4233, #322, #849, #2332, #6322, #1240, #3340, #5339, #2365, #4361, #1869, #6223, #1203, #3202, #970, #2017, #5952, #4946, #908, #3894, #2965, #5395, #2875, #2483, #996, #1371, #878, #6444, #5921, #6385, #5891, #2396, #4485, #2905, #2455, #1990, #1400, #937, #3399, #5427, #1962, #1902, #1463, #3459, #4914, #5484, #1430, #450, #2427, #3492, #2993, #5004, #420, #4456, #3954, #5861, #515, #4426, #1930, #6473, #5455, #6414, #4977, #2935, #4885, #2514, #3428, #387, #4395, #3923, #483, #3983, #5979, #1492, #4513, #9, #3369, #5367, #4541, #5036, #5167, #4011, #5100, #5546, #2046, #1156, #640, #2115, #1551, #1521, #3653, #4572, #544, #3552, #2153, #4075, #5651, #3087, #3123, #3621, #4110, #4643, #6040, #5614, #6073, #3026, #70, #3155, #675, #1055, #2670, #107, #3055, #5065, #36, #142, #574, #4147, #2607, #6105, #608, #175, #4677, #4042, #1583, #3586, #2571, #2079, #6009, #5577, #3522, #1090, #4604, #5515, #1615, #6143, #1653, #5136, #1123, #2639, #1027, #2543, #1267, #4933, #5197, #2737, #2891, #6175, #4288, #2923, #6209, #1725, #895, #1918, #1190, #5414, #3415, #3686, #925, #247, #404, #2254, #212, #3911, #5264, #2221, #278, #4220, #2187, #6244, #1688, #4712, #2289, #3189, #4253, #5909, #706, #4185, #5682, #2703, #3722, #1761, #2413, #3758, #5719, #1417, #775, #1228, #6279, #3228, #5232, #5758, #740, #4747, #1797, #3261, #2768, #4778, #3793, #6400, #5877, #1387, #3386, #5383, #4902, #4413, #4062, #956, #2983, #1044, #5023, #1980, #2033, #6490, #1950, #3574, #501, #5939, #1450, #3971, #6461, #3510, #1480, #2952, #1509, #56, #5969, #3480, #4963, #3447, #1573, #438, #5503, #5471, #469, #6061, #3539, #532, #4474, #4443, #2069, #985, #5443, #4993, #5053, #2500, #5566, #5997, #6026, #26, #2531, #3043, #2472, #4028, #4502, #2008, #4001, #1076, #3076, #1017, #2443, #3013, #4530, #1539, #5533, #562, #2561, #4558, #6432, #3941, #5121, #1144, #5637, #93, #5600, #1109, #4098, #6094, #5086, #2102, #595, #3110, #2630, #2593, #1603, #3642, #4592, #3608, #628, #1637, #4627, #130, #2139, #4132, #6127, #5436, #5494, #2405, #494, #5526, #2436, #4435, #3503, #3471, #3407, #6483, #6424, #2975, #1942, #1910, #1502, #3933, #3903, #2025, #1007, #4986, #2493, #1037, #947, #4955, #3963, #6392, #5930, #6453, #3005, #1442, #3436, #3532, #5015, #2944, #429, #18, #4404, #5464, #5404, #459, #2464, #4466, #5901, #5961, #1473, #1409, #1972, #4521, #978, #4494, #917, #2000, #3993, #5990 ),
 ( #525, #4893, #2524, #4021, #6019, #1530, #2914, #396, #4926, #4550, #6188, #1100, #1169, #3098, #1067, #4691, #6118, #3066, #1136, #5077, #3701, #620, #2553, #5558, #3135, #2058, #5114, #4122, #6085, #687, #2683, #188, #585, #1627, #3633, #3036, #2200, #3565, #5589, #3666, #5149, #4584, #4655, #2621, #48, #1702, #4618, #4054, #6052, #84, #2582, #5628, #4089, #2092, #653, #4198, #1594, #3598, #119, #1563, #5696, #5046, #2652, #2128, #154, #554, #6156, #2165, #4161, #1667, #5663, #3169, #5178, #3569, #4621, #5049, #88, #2095, #5529, #3602, #5593, #6022, #2588, #4166, #4092, #589, #557, #1567, #5080, #123, #6159, #2556, #1534, #157, #4024, #6121, #690, #2133, #1104, #6056, #4553, #1630, #4057, #3535, #1139, #1671, #21, #1040, #5117, #4587, #51, #2063, #3039, #3138, #5561, #3103, #657, #1071, #6088, #3071, #1597, #624, #2625, #4126, #3636, #5631, #3669, #5152, #2655, #4660, #5666, #2169, #1172, #3172, #5182, #4524, #2028, #2270, #3774, #5215, #4201, #5311, #6326, #1706, #2820, #1844, #3840, #5836, #2784, #1742, #1776, #5738, #1345, #5343, #822, #261, #3206, #4332, #4829, #192, #3344, #2237, #2686, #2752, #4794, #296, #5772, #326, #4695, #2305, #1281, #3278, #1207, #4303, #4236, #789, #6227, #6192, #5806, #3739, #3705, #2204, #2336, #6294, #1812, #5700, #5246, #4761, #5280, #722, #1244, #4269, #3314, #3244, #756, #2719, #4726, #3808, #1314, #228, #6260, #2938, #3926, #5924, #5865, #2458, #2399, #5430, #4398, #4365, #3957, #6388, #6358, #4488, #3463, #941, #4949, #3495, #3401, #911, #6418, #2369, #390, #2430, #1466, #1905, #3897, #5983, #5458, #5894, #2878, #2486, #4858, #1403, #453, #1374, #2908, #4918, #1873, #1933, #1433, #3870, #5398, #486, #423, #4429, #3373, #3430, #4459, #6447, #6476, #5370, #881, #2968, #358, #1965, #853, #5955, #972, #4980, #4888, #1993, #3986, #1495, #2849, #647, #999, #518, #6079, #5552, #6013, #3526, #2020, #4116, #5040, #2085, #1620, #5519, #579, #1030, #5071, #1588, #1524, #1095, #3093, #3030, #5142, #1061, #3627, #1556, #2645, #4081, #5621, #5106, #4649, #1129, #5583, #2576, #76, #547, #2517, #3129, #148, #4516, #2159, #4154, #6149, #1658, #614, #4544, #4577, #2052, #5487, #2996, #5007, #3060, #2547, #12, #4014, #41, #4048, #6046, #3557, #3592, #2614, #4612, #112, #2121, #6111, #6284, #4293, #4784, #5269, #1196, #745, #3727, #2742, #6318, #181, #4225, #1802, #1161, #5762, #4324, #3195, #5203, #2294, #3304, #2676, #317, #4818, #5171, #2328, #1731, #3798, #5724, #1694, #5302, #252, #3693, #1766, #5689, #3658, #1233, #3162, #6181, #3763, #4683, #3234, #4752, #217, #1305, #812, #2808, #711, #2260, #4258, #5656, #680, #4191, #6215, #5795, #1272, #2708, #780 ) ),
 .UNSPECIFIED., .F., .F., .F. ) 
 B_SPLINE_SURFACE_WITH_KNOTS ( ( 2, 2 ),
 ( 3, 2, 2, 2, 2, 2, 2, 2, 2, 2, 2, 2, 2, 2, 2, 2, 2, 2, 2, 2, 2, 2, 2, 2, 2, 2, 2, 2, 2, 2, 2, 2, 2, 2, 2, 2, 2, 2, 2, 2, 2, 2, 2, 2, 2, 2, 2, 2, 2, 2, 2, 2, 2, 2, 2, 2, 2, 2, 2, 2, 2, 2, 2, 2, 2, 2, 2, 2, 2, 2, 2, 2, 2, 2, 2, 2, 2, 2, 2, 2, 2, 2, 2, 2, 2, 2, 2, 2, 2, 2, 2, 2, 2, 2, 2, 2, 2, 2, 2, 2, 2, 2, 2, 2, 2, 2, 2, 2, 2, 2, 2, 2, 2, 2, 2, 2, 2, 2, 2, 2, 2, 2, 2, 2, 2, 2, 2, 2, 2, 2, 2, 2, 2, 2, 2, 2, 2, 2, 2, 2, 2, 2, 2, 2, 2, 2, 2, 2, 2, 2, 2, 2, 2, 2, 2, 2, 2, 2, 2, 2, 2, 2, 2, 2, 2, 2, 2, 2, 2, 2, 2, 2, 2, 2, 2, 2, 2, 2, 2, 2, 2, 2, 2, 2, 2, 2, 2, 2, 2, 2, 2, 2, 3 ),
 ( 0.000000000000000000, 1.000000000000000000 ),
 ( 0.000000000000000000, 0.005208333333333333044, 0.01041666666666666609, 0.01562500000000000000, 0.02083333333333333218, 0.02604166666666666782, 0.03125000000000000000, 0.03645833333333333565, 0.04166666666666666435, 0.04687500000000000000, 0.05208333333333333565, 0.05729166666666666435, 0.06250000000000000000, 0.06770833333333332871, 0.07291666666666667129, 0.07812500000000000000, 0.08333333333333332871, 0.08854166666666667129, 0.09375000000000000000, 0.09895833333333332871, 0.1041666666666666713, 0.1093750000000000000, 0.1145833333333333287, 0.1197916666666666713, 0.1250000000000000000, 0.1302083333333333426, 0.1354166666666666574, 0.1406250000000000000, 0.1458333333333333426, 0.1510416666666666574, 0.1562500000000000000, 0.1614583333333333426, 0.1666666666666666574, 0.1718750000000000000, 0.1770833333333333426, 0.1822916666666666574, 0.1875000000000000000, 0.1927083333333333426, 0.1979166666666666574, 0.2031250000000000000, 0.2083333333333333426, 0.2135416666666666574, 0.2187500000000000000, 0.2239583333333333426, 0.2291666666666666574, 0.2343750000000000000, 0.2395833333333333426, 0.2447916666666666574, 0.2500000000000000000, 0.2552083333333333148, 0.2604166666666666852, 0.2656250000000000000, 0.2708333333333333148, 0.2760416666666666852, 0.2812500000000000000, 0.2864583333333333148, 0.2916666666666666852, 0.2968750000000000000, 0.3020833333333333148, 0.3072916666666666852, 0.3125000000000000000, 0.3177083333333333148, 0.3229166666666666852, 0.3281250000000000000, 0.3333333333333333148, 0.3385416666666666852, 0.3437500000000000000, 0.3489583333333333148, 0.3541666666666666852, 0.3593750000000000000, 0.3645833333333333148, 0.3697916666666666852, 0.3750000000000000000, 0.3802083333333333148, 0.3854166666666666852, 0.3906250000000000000, 0.3958333333333333148, 0.4010416666666666852, 0.4062500000000000000, 0.4114583333333333148, 0.4166666666666666852, 0.4218750000000000000, 0.4270833333333333148, 0.4322916666666666852, 0.4375000000000000000, 0.4427083333333333148, 0.4479166666666666852, 0.4531250000000000000, 0.4583333333333333148, 0.4635416666666666852, 0.4687500000000000000, 0.4739583333333333148, 0.4791666666666666852, 0.4843750000000000000, 0.4895833333333333148, 0.4947916666666666852, 0.5000000000000000000, 0.5052083333333333703, 0.5104166666666666297, 0.5156250000000000000, 0.5208333333333333703, 0.5260416666666666297, 0.5312500000000000000, 0.5364583333333333703, 0.5416666666666666297, 0.5468750000000000000, 0.5520833333333333703, 0.5572916666666666297, 0.5625000000000000000, 0.5677083333333333703, 0.5729166666666666297, 0.5781250000000000000, 0.5833333333333333703, 0.5885416666666666297, 0.5937500000000000000, 0.5989583333333333703, 0.6041666666666666297, 0.6093750000000000000, 0.6145833333333333703, 0.6197916666666666297, 0.6250000000000000000, 0.6302083333333333703, 0.6354166666666666297, 0.6406250000000000000, 0.6458333333333333703, 0.6510416666666666297, 0.6562500000000000000, 0.6614583333333333703, 0.6666666666666666297, 0.6718750000000000000, 0.6770833333333333703, 0.6822916666666666297, 0.6875000000000000000, 0.6927083333333333703, 0.6979166666666666297, 0.7031250000000000000, 0.7083333333333333703, 0.7135416666666666297, 0.7187500000000000000, 0.7239583333333333703, 0.7291666666666666297, 0.7343750000000000000, 0.7395833333333333703, 0.7447916666666666297, 0.7500000000000000000, 0.7552083333333333703, 0.7604166666666666297, 0.7656250000000000000, 0.7708333333333333703, 0.7760416666666666297, 0.7812500000000000000, 0.7864583333333333703, 0.7916666666666666297, 0.7968750000000000000, 0.8020833333333333703, 0.8072916666666666297, 0.8125000000000000000, 0.8177083333333333703, 0.8229166666666666297, 0.8281250000000000000, 0.8333333333333333703, 0.8385416666666666297, 0.8437500000000000000, 0.8489583333333333703, 0.8541666666666666297, 0.8593750000000000000, 0.8645833333333333703, 0.8697916666666666297, 0.8750000000000000000, 0.8802083333333333703, 0.8854166666666666297, 0.8906250000000000000, 0.8958333333333333703, 0.9010416666666666297, 0.9062500000000000000, 0.9114583333333333703, 0.9166666666666666297, 0.9218750000000000000, 0.9270833333333333703, 0.9322916666666666297, 0.9375000000000000000, 0.9427083333333333703, 0.9479166666666666297, 0.9531250000000000000, 0.9583333333333333703, 0.9635416666666666297, 0.9687500000000000000, 0.9739583333333333703, 0.9791666666666666297, 0.9843750000000000000, 0.9895833333333333703, 0.9947916666666666297, 1.000000000000000000 ),
 .UNSPECIFIED. ) 
 GEOMETRIC_REPRESENTATION_ITEM ( )  RATIONAL_B_SPLINE_SURFACE ( (
 ( 1.000000000000000000, 0.9238795325112867385, 1.000000000000000000, 0.9238795325112867385, 1.000000000000000000, 0.9238795325112867385, 1.000000000000000000, 0.9238795325112867385, 1.000000000000000000, 0.9238795325112867385, 1.000000000000000000, 0.9238795325112867385, 1.000000000000000000, 0.9238795325112867385, 1.000000000000000000, 0.9238795325112867385, 1.000000000000000000, 0.9238795325112867385, 1.000000000000000000, 0.9238795325112867385, 1.000000000000000000, 0.9238795325112867385, 1.000000000000000000, 0.9238795325112867385, 1.000000000000000000, 0.9238795325112867385, 1.000000000000000000, 0.9238795325112867385, 1.000000000000000000, 0.9238795325112867385, 1.000000000000000000, 0.9238795325112867385, 1.000000000000000000, 0.9238795325112867385, 1.000000000000000000, 0.9238795325112867385, 1.000000000000000000, 0.9238795325112867385, 1.000000000000000000, 0.9238795325112867385, 1.000000000000000000, 0.9238795325112867385, 1.000000000000000000, 0.9238795325112867385, 1.000000000000000000, 0.9238795325112867385, 1.000000000000000000, 0.9238795325112867385, 1.000000000000000000, 0.9238795325112867385, 1.000000000000000000, 0.9238795325112867385, 1.000000000000000000, 0.9238795325112867385, 1.000000000000000000, 0.9238795325112867385, 1.000000000000000000, 0.9238795325112867385, 1.000000000000000000, 0.9238795325112867385, 1.000000000000000000, 0.9238795325112867385, 1.000000000000000000, 0.9238795325112867385, 1.000000000000000000, 0.9238795325112867385, 1.000000000000000000, 0.9238795325112867385, 1.000000000000000000, 0.9238795325112867385, 1.000000000000000000, 0.9238795325112867385, 1.000000000000000000, 0.9238795325112867385, 1.000000000000000000, 0.9238795325112867385, 1.000000000000000000, 0.9238795325112867385, 1.000000000000000000, 0.9238795325112867385, 1.000000000000000000, 0.9238795325112867385, 1.000000000000000000, 0.9238795325112867385, 1.000000000000000000, 0.9238795325112867385, 1.000000000000000000, 0.9238795325112867385, 1.000000000000000000, 0.9238795325112867385, 1.000000000000000000, 0.9238795325112867385, 1.000000000000000000, 0.9238795325112867385, 1.000000000000000000, 0.9238795325112867385, 1.000000000000000000, 0.9238795325112867385, 1.000000000000000000, 0.9238795325112867385, 1.000000000000000000, 0.9238795325112867385, 1.000000000000000000, 0.9238795325112867385, 1.000000000000000000, 0.9238795325112867385, 1.000000000000000000, 0.9238795325112867385, 1.000000000000000000, 0.9238795325112867385, 1.000000000000000000, 0.9238795325112867385, 1.000000000000000000, 0.9238795325112867385, 1.000000000000000000, 0.9238795325112867385, 1.000000000000000000, 0.9238795325112867385, 1.000000000000000000, 0.9238795325112867385, 1.000000000000000000, 0.9238795325112867385, 1.000000000000000000, 0.9238795325112867385, 1.000000000000000000, 0.9238795325112867385, 1.000000000000000000, 0.9238795325112867385, 1.000000000000000000, 0.9238795325112867385, 1.000000000000000000, 0.9238795325112867385, 1.000000000000000000, 0.9238795325112867385, 1.000000000000000000, 0.9238795325112867385, 1.000000000000000000, 0.9238795325112867385, 1.000000000000000000, 0.9238795325112867385, 1.000000000000000000, 0.9238795325112867385, 1.000000000000000000, 0.9238795325112867385, 1.000000000000000000, 0.9238795325112867385, 1.000000000000000000, 0.9238795325112867385, 1.000000000000000000, 0.9238795325112867385, 1.000000000000000000, 0.9238795325112867385, 1.000000000000000000, 0.9238795325112867385, 1.000000000000000000, 0.9238795325112867385, 1.000000000000000000, 0.9238795325112867385, 1.000000000000000000, 0.9238795325112867385, 1.000000000000000000, 0.9238795325112867385, 1.000000000000000000, 0.9238795325112867385, 1.000000000000000000, 0.9238795325112867385, 1.000000000000000000, 0.9238795325112867385, 1.000000000000000000, 0.9238795325112867385, 1.000000000000000000, 0.9238795325112867385, 1.000000000000000000, 0.9238795325112867385, 1.000000000000000000, 0.9238795325112867385, 1.000000000000000000, 0.9238795325112867385, 1.000000000000000000, 0.9238795325112867385, 1.000000000000000000, 0.9238795325112867385, 1.000000000000000000, 0.9238795325112867385, 1.000000000000000000, 0.9238795325112867385, 1.000000000000000000, 0.9238795325112867385, 1.000000000000000000, 0.9238795325112867385, 1.000000000000000000, 0.9238795325112867385, 1.000000000000000000, 0.9238795325112867385, 1.000000000000000000, 0.9238795325112867385, 1.000000000000000000, 0.9238795325112867385, 1.000000000000000000, 0.9238795325112867385, 1.000000000000000000, 0.9238795325112867385, 1.000000000000000000, 0.9238795325112867385, 1.000000000000000000, 0.9238795325112867385, 1.000000000000000000, 0.9238795325112867385, 1.000000000000000000, 0.9238795325112867385, 1.000000000000000000, 0.9238795325112867385, 1.000000000000000000, 0.9238795325112867385, 1.000000000000000000, 0.9238795325112867385, 1.000000000000000000, 0.9238795325112867385, 1.000000000000000000, 0.9238795325112867385, 1.000000000000000000, 0.9238795325112867385, 1.000000000000000000, 0.9238795325112867385, 1.000000000000000000, 0.9238795325112867385, 1.000000000000000000, 0.9238795325112867385, 1.000000000000000000, 0.9238795325112867385, 1.000000000000000000, 0.9238795325112867385, 1.000000000000000000, 0.9238795325112867385, 1.000000000000000000, 0.9238795325112867385, 1.000000000000000000, 0.9238795325112867385, 1.000000000000000000, 0.9238795325112867385, 1.000000000000000000, 0.9238795325112867385, 1.000000000000000000, 0.9238795325112867385, 1.000000000000000000, 0.9238795325112867385, 1.000000000000000000, 0.9238795325112867385, 1.000000000000000000, 0.9238795325112867385, 1.000000000000000000, 0.9238795325112867385, 1.000000000000000000, 0.9238795325112867385, 1.000000000000000000, 0.9238795325112867385, 1.000000000000000000, 0.9238795325112867385, 1.000000000000000000, 0.9238795325112867385, 1.000000000000000000, 0.9238795325112867385, 1.000000000000000000, 0.9238795325112867385, 1.000000000000000000, 0.9238795325112867385, 1.000000000000000000, 0.9238795325112867385, 1.000000000000000000, 0.9238795325112867385, 1.000000000000000000, 0.9238795325112867385, 1.000000000000000000, 0.9238795325112867385, 1.000000000000000000, 0.9238795325112867385, 1.000000000000000000, 0.9238795325112867385, 1.000000000000000000, 0.9238795325112867385, 1.000000000000000000, 0.9238795325112867385, 1.000000000000000000, 0.9238795325112867385, 1.000000000000000000, 0.9238795325112867385, 1.000000000000000000, 0.9238795325112867385, 1.000000000000000000, 0.9238795325112867385, 1.000000000000000000, 0.9238795325112867385, 1.000000000000000000, 0.9238795325112867385, 1.000000000000000000, 0.9238795325112867385, 1.000000000000000000, 0.9238795325112867385, 1.000000000000000000, 0.9238795325112867385, 1.000000000000000000, 0.9238795325112867385, 1.000000000000000000, 0.9238795325112867385, 1.000000000000000000, 0.9238795325112867385, 1.000000000000000000, 0.9238795325112867385, 1.000000000000000000, 0.9238795325112867385, 1.000000000000000000, 0.9238795325112867385, 1.000000000000000000, 0.9238795325112867385, 1.000000000000000000, 0.9238795325112867385, 1.000000000000000000, 0.9238795325112867385, 1.000000000000000000, 0.9238795325112867385, 1.000000000000000000, 0.9238795325112867385, 1.000000000000000000, 0.9238795325112867385, 1.000000000000000000, 0.9238795325112867385, 1.000000000000000000, 0.9238795325112867385, 1.000000000000000000, 0.9238795325112867385, 1.000000000000000000, 0.9238795325112867385, 1.000000000000000000, 0.9238795325112867385, 1.000000000000000000, 0.9238795325112867385, 1.000000000000000000, 0.9238795325112867385, 1.000000000000000000, 0.9238795325112867385, 1.000000000000000000, 0.9238795325112867385, 1.000000000000000000, 0.9238795325112867385, 1.000000000000000000, 0.9238795325112867385, 1.000000000000000000, 0.9238795325112867385, 1.000000000000000000, 0.9238795325112867385, 1.000000000000000000, 0.9238795325112867385, 1.000000000000000000, 0.9238795325112867385, 1.000000000000000000, 0.9238795325112867385, 1.000000000000000000, 0.9238795325112867385, 1.000000000000000000, 0.9238795325112867385, 1.000000000000000000, 0.9238795325112867385, 1.000000000000000000, 0.9238795325112867385, 1.000000000000000000, 0.9238795325112867385, 1.000000000000000000, 0.9238795325112867385, 1.000000000000000000, 0.9238795325112867385, 1.000000000000000000, 0.9238795325112867385, 1.000000000000000000, 0.9238795325112867385, 1.000000000000000000, 0.9238795325112867385, 1.000000000000000000, 0.9238795325112867385, 1.000000000000000000, 0.9238795325112867385, 1.000000000000000000, 0.9238795325112867385, 1.000000000000000000, 0.9238795325112867385, 1.000000000000000000),
 ( 1.000000000000000000, 0.9238795325112867385, 1.000000000000000000, 0.9238795325112867385, 1.000000000000000000, 0.9238795325112867385, 1.000000000000000000, 0.9238795325112867385, 1.000000000000000000, 0.9238795325112867385, 1.000000000000000000, 0.9238795325112867385, 1.000000000000000000, 0.9238795325112867385, 1.000000000000000000, 0.9238795325112867385, 1.000000000000000000, 0.9238795325112867385, 1.000000000000000000, 0.9238795325112867385, 1.000000000000000000, 0.9238795325112867385, 1.000000000000000000, 0.9238795325112867385, 1.000000000000000000, 0.9238795325112867385, 1.000000000000000000, 0.9238795325112867385, 1.000000000000000000, 0.9238795325112867385, 1.000000000000000000, 0.9238795325112867385, 1.000000000000000000, 0.9238795325112867385, 1.000000000000000000, 0.9238795325112867385, 1.000000000000000000, 0.9238795325112867385, 1.000000000000000000, 0.9238795325112867385, 1.000000000000000000, 0.9238795325112867385, 1.000000000000000000, 0.9238795325112867385, 1.000000000000000000, 0.9238795325112867385, 1.000000000000000000, 0.9238795325112867385, 1.000000000000000000, 0.9238795325112867385, 1.000000000000000000, 0.9238795325112867385, 1.000000000000000000, 0.9238795325112867385, 1.000000000000000000, 0.9238795325112867385, 1.000000000000000000, 0.9238795325112867385, 1.000000000000000000, 0.9238795325112867385, 1.000000000000000000, 0.9238795325112867385, 1.000000000000000000, 0.9238795325112867385, 1.000000000000000000, 0.9238795325112867385, 1.000000000000000000, 0.9238795325112867385, 1.000000000000000000, 0.9238795325112867385, 1.000000000000000000, 0.9238795325112867385, 1.000000000000000000, 0.9238795325112867385, 1.000000000000000000, 0.9238795325112867385, 1.000000000000000000, 0.9238795325112867385, 1.000000000000000000, 0.9238795325112867385, 1.000000000000000000, 0.9238795325112867385, 1.000000000000000000, 0.9238795325112867385, 1.000000000000000000, 0.9238795325112867385, 1.000000000000000000, 0.9238795325112867385, 1.000000000000000000, 0.9238795325112867385, 1.000000000000000000, 0.9238795325112867385, 1.000000000000000000, 0.9238795325112867385, 1.000000000000000000, 0.9238795325112867385, 1.000000000000000000, 0.9238795325112867385, 1.000000000000000000, 0.9238795325112867385, 1.000000000000000000, 0.9238795325112867385, 1.000000000000000000, 0.9238795325112867385, 1.000000000000000000, 0.9238795325112867385, 1.000000000000000000, 0.9238795325112867385, 1.000000000000000000, 0.9238795325112867385, 1.000000000000000000, 0.9238795325112867385, 1.000000000000000000, 0.9238795325112867385, 1.000000000000000000, 0.9238795325112867385, 1.000000000000000000, 0.9238795325112867385, 1.000000000000000000, 0.9238795325112867385, 1.000000000000000000, 0.9238795325112867385, 1.000000000000000000, 0.9238795325112867385, 1.000000000000000000, 0.9238795325112867385, 1.000000000000000000, 0.9238795325112867385, 1.000000000000000000, 0.9238795325112867385, 1.000000000000000000, 0.9238795325112867385, 1.000000000000000000, 0.9238795325112867385, 1.000000000000000000, 0.9238795325112867385, 1.000000000000000000, 0.9238795325112867385, 1.000000000000000000, 0.9238795325112867385, 1.000000000000000000, 0.9238795325112867385, 1.000000000000000000, 0.9238795325112867385, 1.000000000000000000, 0.9238795325112867385, 1.000000000000000000, 0.9238795325112867385, 1.000000000000000000, 0.9238795325112867385, 1.000000000000000000, 0.9238795325112867385, 1.000000000000000000, 0.9238795325112867385, 1.000000000000000000, 0.9238795325112867385, 1.000000000000000000, 0.9238795325112867385, 1.000000000000000000, 0.9238795325112867385, 1.000000000000000000, 0.9238795325112867385, 1.000000000000000000, 0.9238795325112867385, 1.000000000000000000, 0.9238795325112867385, 1.000000000000000000, 0.9238795325112867385, 1.000000000000000000, 0.9238795325112867385, 1.000000000000000000, 0.9238795325112867385, 1.000000000000000000, 0.9238795325112867385, 1.000000000000000000, 0.9238795325112867385, 1.000000000000000000, 0.9238795325112867385, 1.000000000000000000, 0.9238795325112867385, 1.000000000000000000, 0.9238795325112867385, 1.000000000000000000, 0.9238795325112867385, 1.000000000000000000, 0.9238795325112867385, 1.000000000000000000, 0.9238795325112867385, 1.000000000000000000, 0.9238795325112867385, 1.000000000000000000, 0.9238795325112867385, 1.000000000000000000, 0.9238795325112867385, 1.000000000000000000, 0.9238795325112867385, 1.000000000000000000, 0.9238795325112867385, 1.000000000000000000, 0.9238795325112867385, 1.000000000000000000, 0.9238795325112867385, 1.000000000000000000, 0.9238795325112867385, 1.000000000000000000, 0.9238795325112867385, 1.000000000000000000, 0.9238795325112867385, 1.000000000000000000, 0.9238795325112867385, 1.000000000000000000, 0.9238795325112867385, 1.000000000000000000, 0.9238795325112867385, 1.000000000000000000, 0.9238795325112867385, 1.000000000000000000, 0.9238795325112867385, 1.000000000000000000, 0.9238795325112867385, 1.000000000000000000, 0.9238795325112867385, 1.000000000000000000, 0.9238795325112867385, 1.000000000000000000, 0.9238795325112867385, 1.000000000000000000, 0.9238795325112867385, 1.000000000000000000, 0.9238795325112867385, 1.000000000000000000, 0.9238795325112867385, 1.000000000000000000, 0.9238795325112867385, 1.000000000000000000, 0.9238795325112867385, 1.000000000000000000, 0.9238795325112867385, 1.000000000000000000, 0.9238795325112867385, 1.000000000000000000, 0.9238795325112867385, 1.000000000000000000, 0.9238795325112867385, 1.000000000000000000, 0.9238795325112867385, 1.000000000000000000, 0.9238795325112867385, 1.000000000000000000, 0.9238795325112867385, 1.000000000000000000, 0.9238795325112867385, 1.000000000000000000, 0.9238795325112867385, 1.000000000000000000, 0.9238795325112867385, 1.000000000000000000, 0.9238795325112867385, 1.000000000000000000, 0.9238795325112867385, 1.000000000000000000, 0.9238795325112867385, 1.000000000000000000, 0.9238795325112867385, 1.000000000000000000, 0.9238795325112867385, 1.000000000000000000, 0.9238795325112867385, 1.000000000000000000, 0.9238795325112867385, 1.000000000000000000, 0.9238795325112867385, 1.000000000000000000, 0.9238795325112867385, 1.000000000000000000, 0.9238795325112867385, 1.000000000000000000, 0.9238795325112867385, 1.000000000000000000, 0.9238795325112867385, 1.000000000000000000, 0.9238795325112867385, 1.000000000000000000, 0.9238795325112867385, 1.000000000000000000, 0.9238795325112867385, 1.000000000000000000, 0.9238795325112867385, 1.000000000000000000, 0.9238795325112867385, 1.000000000000000000, 0.9238795325112867385, 1.000000000000000000, 0.9238795325112867385, 1.000000000000000000, 0.9238795325112867385, 1.000000000000000000, 0.9238795325112867385, 1.000000000000000000, 0.9238795325112867385, 1.000000000000000000, 0.9238795325112867385, 1.000000000000000000, 0.9238795325112867385, 1.000000000000000000, 0.9238795325112867385, 1.000000000000000000, 0.9238795325112867385, 1.000000000000000000, 0.9238795325112867385, 1.000000000000000000, 0.9238795325112867385, 1.000000000000000000, 0.9238795325112867385, 1.000000000000000000, 0.9238795325112867385, 1.000000000000000000, 0.9238795325112867385, 1.000000000000000000, 0.9238795325112867385, 1.000000000000000000, 0.9238795325112867385, 1.000000000000000000, 0.9238795325112867385, 1.000000000000000000, 0.9238795325112867385, 1.000000000000000000, 0.9238795325112867385, 1.000000000000000000, 0.9238795325112867385, 1.000000000000000000, 0.9238795325112867385, 1.000000000000000000, 0.9238795325112867385, 1.000000000000000000, 0.9238795325112867385, 1.000000000000000000, 0.9238795325112867385, 1.000000000000000000, 0.9238795325112867385, 1.000000000000000000, 0.9238795325112867385, 1.000000000000000000, 0.9238795325112867385, 1.000000000000000000, 0.9238795325112867385, 1.000000000000000000, 0.9238795325112867385, 1.000000000000000000, 0.9238795325112867385, 1.000000000000000000, 0.9238795325112867385, 1.000000000000000000, 0.9238795325112867385, 1.000000000000000000, 0.9238795325112867385, 1.000000000000000000, 0.9238795325112867385, 1.000000000000000000, 0.9238795325112867385, 1.000000000000000000, 0.9238795325112867385, 1.000000000000000000, 0.9238795325112867385, 1.000000000000000000, 0.9238795325112867385, 1.000000000000000000, 0.9238795325112867385, 1.000000000000000000, 0.9238795325112867385, 1.000000000000000000, 0.9238795325112867385, 1.000000000000000000, 0.9238795325112867385, 1.000000000000000000, 0.9238795325112867385, 1.000000000000000000, 0.9238795325112867385, 1.000000000000000000, 0.9238795325112867385, 1.000000000000000000, 0.9238795325112867385, 1.000000000000000000, 0.9238795325112867385, 1.000000000000000000) ) ) 
 REPRESENTATION_ITEM ( '' )  SURFACE ( )  );
#1004 = CARTESIAN_POINT ( 'NONE',  ( -4.076582343749996618, -38.90625000170698655, 1.688575694911926828 ) ) ;
#1005 = CARTESIAN_POINT ( 'NONE',  ( -3.399999999999996358, -53.35937500341398732, 1.408326112068500890 ) ) ;
#1006 = CARTESIAN_POINT ( 'NONE',  ( 1.408326112068521985, -51.32812500341398732, -3.400000000000015898 ) ) ;
#1007 = CARTESIAN_POINT ( 'NONE',  ( 1.408326112068522651, -37.73437500000000711, 3.399999999999975486 ) ) ;
#1008 = DATE_AND_TIME ( #6309, #3785 ) ;
#1009 = CARTESIAN_POINT ( 'NONE',  ( -2.404163056034259061, -36.71875000000000000, 2.404163056034238188 ) ) ;
#1010 = CARTESIAN_POINT ( 'NONE',  ( -1.408326112068521319, -45.85937500000000000, -3.400000000000015898 ) ) ;
#1011 = CARTESIAN_POINT ( 'NONE',  ( 2.882579019330971715, -61.95312500170699366, -2.882579019330991699 ) ) ;
#1012 = CC_DESIGN_PERSON_AND_ORGANIZATION_ASSIGNMENT ( #403, #4841, ( #1211 ) ) ;
#1013 = AXIS2_PLACEMENT_3D ( 'NONE', #2193, #2226, #3266 ) ;
#1014 = CARTESIAN_POINT ( 'NONE',  ( 0.000000000000000000, -65.00000000000000000, -4.025000000000020783 ) ) ;
#1015 = CARTESIAN_POINT ( 'NONE',  ( 4.076582343749995729, -40.62500000170698655, -1.688575694911966796 ) ) ;
#1016 = CARTESIAN_POINT ( 'NONE',  ( -7.488560278101070689E-16, -41.17187500170699366, 4.076582343749976189 ) ) ;
#1017 = CARTESIAN_POINT ( 'NONE',  ( -2.404163056034258172, -42.03125000000000711, -2.404163056034278600 ) ) ;
#1018 = CARTESIAN_POINT ( 'NONE',  ( -6.245698675651493936E-16, -47.81250000000000000, 3.399999999999975930 ) ) ;
#1019 = CARTESIAN_POINT ( 'NONE',  ( -1.688575694911946590, -56.71875000170699366, -4.076582343750016157 ) ) ;
#1020 = CARTESIAN_POINT ( 'NONE',  ( -1.688575694911946590, -36.56250000170699366, -4.076582343750016157 ) ) ;
#1021 = CARTESIAN_POINT ( 'NONE',  ( -7.488560278101070689E-16, -41.01562500170699366, 4.076582343749976189 ) ) ;
#1022 = CARTESIAN_POINT ( 'NONE',  ( -1.408326112068546188, -39.14062499999999289, 3.399999999999951950 ) ) ;
#1023 = CARTESIAN_POINT ( 'NONE',  ( -4.076582343749995729, -52.81250000170699366, -1.688575694911967684 ) ) ;
#1024 = ORIENTED_EDGE ( 'NONE', *, *, #5010, .T. ) ;
#1025 = CARTESIAN_POINT ( 'NONE',  ( 3.399999999999995026, -36.64062500341398732, 1.408326112068503777 ) ) ;
#1026 = CARTESIAN_POINT ( 'NONE',  ( 3.399999999999995470, -36.48437500341398732, -1.408326112068541525 ) ) ;
#1027 = CARTESIAN_POINT ( 'NONE',  ( 3.399999999999995026, -51.32812500000001421, 1.408326112068503777 ) ) ;
#1028 = CARTESIAN_POINT ( 'NONE',  ( -4.076582343749996618, -57.50000000170699366, 1.688575694911926828 ) ) ;
#1029 = CARTESIAN_POINT ( 'NONE',  ( 2.081899558550498061E-16, -47.50000000341398732, -3.400000000000015898 ) ) ;
#1030 = CARTESIAN_POINT ( 'NONE',  ( -4.076582343749995729, -42.81250000170698655, -1.688575694911967240 ) ) ;
#1031 = CARTESIAN_POINT ( 'NONE',  ( -6.245698675651493936E-16, -50.31250000000000000, 3.399999999999975930 ) ) ;
#1032 = ORIENTED_EDGE ( 'NONE', *, *, #5680, .F. ) ;
#1033 = ORIENTED_EDGE ( 'NONE', *, *, #4388, .T. ) ;
#1034 = EDGE_CURVE ( 'NONE', #3817, #1907, #3732, .T. ) ;
#1035 = CARTESIAN_POINT ( 'NONE',  ( 1.408326112068521985, -50.07812500341398021, -3.400000000000015898 ) ) ;
#1036 = CARTESIAN_POINT ( 'NONE',  ( 2.081899558550498061E-16, -52.50000000341398021, -3.400000000000015898 ) ) ;
#1037 = CARTESIAN_POINT ( 'NONE',  ( 3.399999999999995914, -37.50000000000000711, -1.995304164474380342E-14 ) ) ;
#1038 = CARTESIAN_POINT ( 'NONE',  ( 2.404163056034258616, -61.40625000341398732, -2.404163056034278600 ) ) ;
#1039 = CARTESIAN_POINT ( 'NONE',  ( 1.408326112068521985, -37.26562499999999289, -3.400000000000015898 ) ) ;
#1040 = CARTESIAN_POINT ( 'NONE',  ( -1.688575694911949698, -56.25000000170700076, 4.076582343749975301 ) ) ;
#1041 = CARTESIAN_POINT ( 'NONE',  ( 0.000000000000000000, -60.97500000000001563, -1.995304164474380342E-14 ) ) ;
#1042 = CARTESIAN_POINT ( 'NONE',  ( 2.496186759367024056E-16, -36.64062500170699366, -4.076582343750016157 ) ) ;
#1043 = CARTESIAN_POINT ( 'NONE',  ( 4.076582343749995729, -40.78125000170698655, -1.688575694911966796 ) ) ;
#1044 = CARTESIAN_POINT ( 'NONE',  ( 2.081899558550498061E-16, -45.93750000000000711, -3.400000000000015898 ) ) ;
#1045 = CARTESIAN_POINT ( 'NONE',  ( -3.399999999999995914, -48.12500000000000000, -2.036942155645390229E-14 ) ) ;
#1046 = CARTESIAN_POINT ( 'NONE',  ( -2.882579019330972159, -49.92187500170699366, 2.882579019330950842 ) ) ;
#1047 = CARTESIAN_POINT ( 'NONE',  ( 2.496186759367024056E-16, -58.04687500170699366, -4.076582343750016157 ) ) ;
#1048 = CARTESIAN_POINT ( 'NONE',  ( 1.688575694911947922, -34.68750000170699366, 4.076582343749975301 ) ) ;
#1049 = CARTESIAN_POINT ( 'NONE',  ( -4.076582343749995729, -40.07812500170699366, -2.045227899661720714E-14 ) ) ;
#1050 = CARTESIAN_POINT ( 'NONE',  ( 2.882579019330970382, -51.01562500170699366, 2.882579019330952175 ) ) ;
#1051 = ORIENTED_EDGE ( 'NONE', *, *, #368, .F. ) ;
#1052 = CARTESIAN_POINT ( 'NONE',  ( 1.688575694911947922, -62.18750000170699366, 4.076582343749975301 ) ) ;
#1053 = CARTESIAN_POINT ( 'NONE',  ( 3.399999999999995914, -35.23437500341398732, -1.408326112068541525 ) ) ;
#1054 = CARTESIAN_POINT ( 'NONE',  ( 3.399999999999995026, -36.64062500341398732, 1.408326112068503777 ) ) ;
#1055 = CARTESIAN_POINT ( 'NONE',  ( 3.399999999999995914, -53.75000000000000711, -1.995304164474380342E-14 ) ) ;
#1056 = CARTESIAN_POINT ( 'NONE',  ( 2.882579019330971715, -53.04687500170699366, -2.882579019330991699 ) ) ;
#1057 = CARTESIAN_POINT ( 'NONE',  ( -1.688575694911949698, -58.59375000170700076, 4.076582343749975301 ) ) ;
#1058 = DIRECTION ( 'NONE',  ( -0.8660254037844389297, 0.4999999999999994449, 0.000000000000000000 ) ) ;
#1059 = CARTESIAN_POINT ( 'NONE',  ( -7.488560278101070689E-16, -37.42187500170698655, 4.076582343749976189 ) ) ;
#1060 = CARTESIAN_POINT ( 'NONE',  ( 1.688575694911947922, -49.84375000170698655, 4.076582343749975301 ) ) ;
#1061 = CARTESIAN_POINT ( 'NONE',  ( 4.076582343749994841, -42.18750000170698655, 1.688575694911929936 ) ) ;
#1062 = CARTESIAN_POINT ( 'NONE',  ( 2.081899558550498061E-16, -58.75000000341398732, -3.400000000000015898 ) ) ;
#1063 = ORIENTED_EDGE ( 'NONE', *, *, #4567, .F. ) ;
#1064 = VERTEX_POINT ( 'NONE', #3238 ) ;
#1065 = CARTESIAN_POINT ( 'NONE',  ( -2.404163056034259061, -48.28125000341398732, 2.404163056034238188 ) ) ;
#1066 = CARTESIAN_POINT ( 'NONE',  ( -1.408326112068521319, -51.17187500341398021, -3.400000000000015898 ) ) ;
#1067 = CARTESIAN_POINT ( 'NONE',  ( 2.882579019330970382, -63.51562500170698655, 2.882579019330952175 ) ) ;
#1068 = CARTESIAN_POINT ( 'NONE',  ( 3.399999999999998579, -64.37500000000000000, -1.995304164474380342E-14 ) ) ;
#1069 = CARTESIAN_POINT ( 'NONE',  ( 2.404163056034257728, -38.90625000000000000, 2.404163056034239077 ) ) ;
#1070 = CARTESIAN_POINT ( 'NONE',  ( -2.882579019330970826, -35.39062500170699366, -2.882579019330991699 ) ) ;
#1071 = CARTESIAN_POINT ( 'NONE',  ( -1.688575694911946590, -55.46875000170699366, -4.076582343750016157 ) ) ;
#1072 = CARTESIAN_POINT ( 'NONE',  ( 3.399999999999995914, -52.81250000341398732, -1.995304164474380342E-14 ) ) ;
#1073 = CARTESIAN_POINT ( 'NONE',  ( -2.882579019330970826, -35.23437500170699366, -2.882579019330991699 ) ) ;
#1074 = CARTESIAN_POINT ( 'NONE',  ( 2.496186759367024056E-16, -41.79687500170699366, -4.076582343750016157 ) ) ;
#1075 = CARTESIAN_POINT ( 'NONE',  ( -6.245698675651493936E-16, -55.31250000000000000, 3.399999999999975930 ) ) ;
#1076 = CARTESIAN_POINT ( 'NONE',  ( 2.081899558550498061E-16, -42.18750000000000000, -3.400000000000015898 ) ) ;
#1077 = ADVANCED_FACE ( 'NONE', ( #2811 ), #3662, .F. ) ;
#1078 = CARTESIAN_POINT ( 'NONE',  ( 3.399999999999995914, -35.00000000000000000, -1.995304164474380342E-14 ) ) ;
#1079 = AXIS2_PLACEMENT_3D ( 'NONE', #4564, #6068, #1578 ) ;
#1080 = CARTESIAN_POINT ( 'NONE',  ( 2.882579019330970382, -54.60937500170700076, 2.882579019330952175 ) ) ;
#1081 = CARTESIAN_POINT ( 'NONE',  ( -1.688575694911946590, -59.21875000170699366, -4.076582343750016157 ) ) ;
#1082 = CARTESIAN_POINT ( 'NONE',  ( 3.399999999999995026, -42.89062500341398732, 1.408326112068504221 ) ) ;
#1083 = CARTESIAN_POINT ( 'NONE',  ( -4.076582343749995729, -38.90625000170699366, -1.688575694911967240 ) ) ;
#1084 = CARTESIAN_POINT ( 'NONE',  ( 2.081899558550498061E-16, -44.68750000000000711, -3.400000000000015898 ) ) ;
#1085 = CARTESIAN_POINT ( 'NONE',  ( -1.688575694911950142, -52.50000000170699366, 4.076582343749975301 ) ) ;
#1086 = EDGE_LOOP ( 'NONE', ( #2830, #1096, #883, #6389 ) ) ;
#1087 = CARTESIAN_POINT ( 'NONE',  ( -2.882579019330970826, -61.48437500170699366, -2.882579019330991699 ) ) ;
#1088 = CARTESIAN_POINT ( 'NONE',  ( -2.404163056034258172, -49.53125000000000000, -2.404163056034278600 ) ) ;
#1089 = CARTESIAN_POINT ( 'NONE',  ( -3.399999999999995470, -38.51562500341398732, -1.408326112068541747 ) ) ;
#1090 = CARTESIAN_POINT ( 'NONE',  ( -2.404163056034258172, -52.03125000000000000, -2.404163056034278600 ) ) ;
#1091 = CARTESIAN_POINT ( 'NONE',  ( 1.688575694911947256, -45.46875000170700076, -4.076582343750016157 ) ) ;
#1092 = CARTESIAN_POINT ( 'NONE',  ( -4.076582343749995729, -50.15625000170700076, -1.688575694911967240 ) ) ;
#1093 = CARTESIAN_POINT ( 'NONE',  ( -2.404163056034258172, -63.59375000341398021, -2.404163056034278600 ) ) ;
#1094 = CARTESIAN_POINT ( 'NONE',  ( 4.076582343749995729, -49.53125000170699366, -1.688575694911967018 ) ) ;
#1095 = CARTESIAN_POINT ( 'NONE',  ( -1.688575694911949698, -42.50000000170699366, 4.076582343749975301 ) ) ;
#1096 = ORIENTED_EDGE ( 'NONE', *, *, #3117, .T. ) ;
#1097 = ORIENTED_EDGE ( 'NONE', *, *, #3286, .F. ) ;
#1098 = CARTESIAN_POINT ( 'NONE',  ( -3.399999999999995914, -47.18750000341398732, -2.036942155645390229E-14 ) ) ;
#1099 = CARTESIAN_POINT ( 'NONE',  ( 1.408326112068521985, -52.57812500341398021, -3.400000000000015898 ) ) ;
#1100 = CARTESIAN_POINT ( 'NONE',  ( -1.688575694911949698, -63.75000000170700076, 4.076582343749975301 ) ) ;
#1101 = CARTESIAN_POINT ( 'NONE',  ( 3.399999999999995914, -36.56250000341398732, -1.995304164474380342E-14 ) ) ;
#1102 = CARTESIAN_POINT ( 'NONE',  ( 3.399999999999995470, -37.42187500000000000, -1.408326112068541525 ) ) ;
#1103 = DIRECTION ( 'NONE',  ( 0.000000000000000000, -2.935685882422288853E-16, 1.000000000000000000 ) ) ;
#1104 = CARTESIAN_POINT ( 'NONE',  ( 2.882579019330971715, -56.95312500170698655, -2.882579019330991699 ) ) ;
#1105 = LINE ( 'NONE', #5183, #2392 ) ;
#1106 = CARTESIAN_POINT ( 'NONE',  ( 1.688575694911947256, -36.71875000170700076, -4.076582343750016157 ) ) ;
#1107 = CARTESIAN_POINT ( 'NONE',  ( -1.688575694911949698, -40.00000000170698655, 4.076582343749975301 ) ) ;
#1108 = CARTESIAN_POINT ( 'NONE',  ( -1.408326112068523317, -52.89062500000000711, 3.399999999999975042 ) ) ;
#1109 = CARTESIAN_POINT ( 'NONE',  ( -2.404163056034258172, -40.78125000000000711, -2.404163056034278600 ) ) ;
#1110 = DIRECTION ( 'NONE',  ( 0.000000000000000000, 0.000000000000000000, -1.000000000000000000 ) ) ;
#1111 = ADVANCED_FACE ( 'NONE', ( #5660 ), #3270, .F. ) ;
#1112 = CARTESIAN_POINT ( 'NONE',  ( -1.688575694911946590, -54.06250000170699366, -4.076582343750016157 ) ) ;
#1113 = CARTESIAN_POINT ( 'NONE',  ( -2.882579019330972159, -56.32812500170698655, 2.882579019330950842 ) ) ;
#1114 = DIRECTION ( 'NONE',  ( -0.000000000000000000, -1.000000000000000000, -0.000000000000000000 ) ) ;
#1115 = AXIS2_PLACEMENT_3D ( 'NONE', #6397, #466, #2469 ) ;
#1116 = LINE ( 'NONE', #2634, #2887 ) ;
#1117 = CARTESIAN_POINT ( 'NONE',  ( 7.960204194457794491E-16, 0.000000000000000000, -6.499999999999999112 ) ) ;
#1118 = CARTESIAN_POINT ( 'NONE',  ( -3.399999999999996803, -38.35937500341398732, 1.408326112068501335 ) ) ;
#1119 = CARTESIAN_POINT ( 'NONE',  ( -4.076582343749996618, -61.25000000170699366, 1.688575694911926828 ) ) ;
#1120 = CARTESIAN_POINT ( 'NONE',  ( -1.688575694911946590, -36.71875000170700076, -4.076582343750016157 ) ) ;
#1121 = FACE_OUTER_BOUND ( 'NONE', #4830, .T. ) ;
#1122 = CARTESIAN_POINT ( 'NONE',  ( -1.408326112068521319, -36.17187500341398732, -3.400000000000015898 ) ) ;
#1123 = CARTESIAN_POINT ( 'NONE',  ( 1.408326112068522651, -51.48437500000000711, 3.399999999999975486 ) ) ;
#1124 = CARTESIAN_POINT ( 'NONE',  ( 2.882579019330970382, -44.60937500170699366, 2.882579019330952175 ) ) ;
#1125 = CARTESIAN_POINT ( 'NONE',  ( -1.688575694911946590, -49.06250000170699366, -4.076582343750016157 ) ) ;
#1126 = CARTESIAN_POINT ( 'NONE',  ( 2.404163056034258616, -44.84375000000000000, -2.404163056034278600 ) ) ;
#1127 = CARTESIAN_POINT ( 'NONE',  ( 2.882579019330970382, -38.51562500170699366, 2.882579019330952175 ) ) ;
#1128 = CARTESIAN_POINT ( 'NONE',  ( -4.076582343749995729, -50.23437500170699366, -2.045227899661720714E-14 ) ) ;
#1129 = CARTESIAN_POINT ( 'NONE',  ( -4.076582343749995729, -41.56250000170698655, -1.688575694911967240 ) ) ;
#1130 = CARTESIAN_POINT ( 'NONE',  ( -3.399999999999996803, -60.54687500000000000, 1.408326112068501335 ) ) ;
#1131 = ORIENTED_EDGE ( 'NONE', *, *, #116, .T. ) ;
#1132 = VERTEX_POINT ( 'NONE', #3166 ) ;
#1133 = EDGE_CURVE ( 'NONE', #1064, #2618, #4607, .T. ) ;
#1134 = CARTESIAN_POINT ( 'NONE',  ( -6.245698675651493936E-16, -48.12500000341398732, 3.399999999999975930 ) ) ;
#1135 = CARTESIAN_POINT ( 'NONE',  ( 1.408326112068521985, -53.82812500341398021, -3.400000000000015898 ) ) ;
#1136 = CARTESIAN_POINT ( 'NONE',  ( 2.882579019330971715, -63.20312500170699366, -2.882579019330991699 ) ) ;
#1137 = CARTESIAN_POINT ( 'NONE',  ( -6.245698675651493936E-16, -43.12500000341398732, 3.399999999999975930 ) ) ;
#1138 = CARTESIAN_POINT ( 'NONE',  ( -3.399999999999996358, -36.79687500000000711, 1.408326112068500890 ) ) ;
#1139 = CARTESIAN_POINT ( 'NONE',  ( -4.076582343749995729, -56.48437500170699366, -2.045227899661720714E-14 ) ) ;
#1140 = CARTESIAN_POINT ( 'NONE',  ( 2.404163056034257728, -34.21875000341398021, 2.404163056034239077 ) ) ;
#1141 = CARTESIAN_POINT ( 'NONE',  ( 2.882579019330970382, -37.10937500170699366, 2.882579019330952175 ) ) ;
#1142 = CARTESIAN_POINT ( 'NONE',  ( 3.399999999999995470, -63.98437500341398732, -1.408326112068541525 ) ) ;
#1143 = CARTESIAN_POINT ( 'NONE',  ( 2.404163056034258616, -54.84375000000000711, -2.404163056034278600 ) ) ;
#1144 = CARTESIAN_POINT ( 'NONE',  ( 2.404163056034258616, -41.09375000000000000, -2.404163056034278600 ) ) ;
#1145 = DIRECTION ( 'NONE',  ( -0.000000000000000000, -1.000000000000000000, -0.000000000000000000 ) ) ;
#1146 = CARTESIAN_POINT ( 'NONE',  ( -7.488560278101070689E-16, -52.26562500170699366, 4.076582343749976189 ) ) ;
#1147 = CARTESIAN_POINT ( 'NONE',  ( -1.688575694911946590, -54.21875000170698655, -4.076582343750016157 ) ) ;
#1148 = CYLINDRICAL_SURFACE ( 'NONE', #2097, 3.399999999999995914 ) ;
#1149 = CARTESIAN_POINT ( 'NONE',  ( 1.408326112068499780, -42.73437500000002132, 3.399999999999999467 ) ) ;
#1150 = CYLINDRICAL_SURFACE ( 'NONE', #5811, 3.399999999999995914 ) ;
#1151 = EDGE_CURVE ( 'NONE', #748, #304, #124, .T. ) ;
#1152 = CARTESIAN_POINT ( 'NONE',  ( -4.076582343749996618, -60.00000000170699366, 1.688575694911926828 ) ) ;
#1153 = CARTESIAN_POINT ( 'NONE',  ( 4.076582343749994841, -63.28125000170699366, 1.688575694911929936 ) ) ;
#1154 = CARTESIAN_POINT ( 'NONE',  ( 2.404163056034258616, -35.15625000341398732, -2.404163056034278600 ) ) ;
#1155 = CARTESIAN_POINT ( 'NONE',  ( -2.404163056034258172, -63.28125000000000000, -2.404163056034278600 ) ) ;
#1156 = CARTESIAN_POINT ( 'NONE',  ( -3.399999999999995914, -55.62500000000000000, -2.036942155645390229E-14 ) ) ;
#1157 = CARTESIAN_POINT ( 'NONE',  ( 1.688575694911947922, -48.43750000170700076, 4.076582343749975301 ) ) ;
#1158 = CARTESIAN_POINT ( 'NONE',  ( 4.076582343749995729, -51.95312500170700076, -1.995304164474380342E-14 ) ) ;
#1159 = DIRECTION ( 'NONE',  ( -0.000000000000000000, -1.000000000000000000, -0.000000000000000000 ) ) ;
#1160 = CARTESIAN_POINT ( 'NONE',  ( -1.688575694911946590, -49.21875000170699366, -4.076582343750016157 ) ) ;
#1161 = CARTESIAN_POINT ( 'NONE',  ( -1.688575694911946590, -37.96875000170698655, -4.076582343750016157 ) ) ;
#1162 = DIRECTION ( 'NONE',  ( -0.000000000000000000, 1.000000000000000000, 2.935685882422288853E-16 ) ) ;
#1163 =( BOUNDED_CURVE ( )  B_SPLINE_CURVE ( 2, ( #2660, #3712, #5638, #3216, #630, #4667, #2726, #2140, #4734 ),
 .UNSPECIFIED., .F., .F. ) 
 B_SPLINE_CURVE_WITH_KNOTS ( ( 3, 2, 2, 2, 3 ),
 ( 0.09375000000000006939, 0.09895833333333339810, 0.1041666666666667546, 0.1093750000000000833, 0.1145833333333334259 ),
 .UNSPECIFIED. ) 
 CURVE ( )  GEOMETRIC_REPRESENTATION_ITEM ( )  RATIONAL_B_SPLINE_CURVE ( ( 0.9999999999999990008, 0.9238795325112877377, 1.000000000000000000, 0.9238795325112867385, 1.000000000000000000, 0.9238795325112867385, 1.000000000000000000, 0.9238795325112852952, 1.000000000000001332 ) ) 
 REPRESENTATION_ITEM ( '' )  );
#1164 = ORIENTED_EDGE ( 'NONE', *, *, #5739, .T. ) ;
#1165 = ORIENTED_EDGE ( 'NONE', *, *, #5816, .F. ) ;
#1166 = FACE_OUTER_BOUND ( 'NONE', #5659, .T. ) ;
#1167 = CARTESIAN_POINT ( 'NONE',  ( 3.399999999999995470, -48.98437500341399442, -1.408326112068541525 ) ) ;
#1168 = CARTESIAN_POINT ( 'NONE',  ( 2.404163056034258616, -48.90625000341398732, -2.404163056034278600 ) ) ;
#1169 = CARTESIAN_POINT ( 'NONE',  ( -7.488560278101070689E-16, -63.67187500170700076, 4.076582343749976189 ) ) ;
#1170 = CARTESIAN_POINT ( 'NONE',  ( 4.076582343749995729, -64.37500000170700787, -1.688575694911966796 ) ) ;
#1171 = CARTESIAN_POINT ( 'NONE',  ( -3.399999999999995470, -38.20312500000000711, -1.408326112068541747 ) ) ;
#1172 = CARTESIAN_POINT ( 'NONE',  ( 2.496186759367024056E-16, -54.29687500170699366, -4.076582343750016157 ) ) ;
#1173 = CARTESIAN_POINT ( 'NONE',  ( -2.882579019330970826, -64.14062500170699366, -2.882579019330991699 ) ) ;
#1174 = CARTESIAN_POINT ( 'NONE',  ( 1.408326112068521985, -60.07812500341398732, -3.400000000000015898 ) ) ;
#1175 = CARTESIAN_POINT ( 'NONE',  ( -2.882579019330972159, -38.67187500170699366, 2.882579019330950842 ) ) ;
#1176 = CARTESIAN_POINT ( 'NONE',  ( 4.076582343749995729, -35.62500000170700076, -1.688575694911966796 ) ) ;
#1177 = CARTESIAN_POINT ( 'NONE',  ( -3.399999999999996358, -55.54687500000001421, 1.408326112068500890 ) ) ;
#1178 = CARTESIAN_POINT ( 'NONE',  ( -3.318490092446495066, -64.40836123588954365, -0.9097286870085173893 ) ) ;
#1179 = CARTESIAN_POINT ( 'NONE',  ( -1.688575694911949698, -51.09375000170699366, 4.076582343749975301 ) ) ;
#1180 = CARTESIAN_POINT ( 'NONE',  ( -4.076582343749996618, -52.65625000170698655, 1.688575694911926828 ) ) ;
#1181 = LINE ( 'NONE', #4213, #4084 ) ;
#1182 = CARTESIAN_POINT ( 'NONE',  ( 1.408326112068521985, -42.57812500341398732, -3.400000000000015898 ) ) ;
#1183 = CARTESIAN_POINT ( 'NONE',  ( -4.076582343749995729, -37.57812500170700076, -2.045227899661720714E-14 ) ) ;
#1184 = CARTESIAN_POINT ( 'NONE',  ( -3.399999999999995914, -57.18750000341398732, -2.036942155645390229E-14 ) ) ;
#1185 = EDGE_CURVE ( 'NONE', #3438, #1995, #803, .T. ) ;
#1186 = CONICAL_SURFACE ( 'NONE', #3069, 4.025000000000000355, 0.7853981633974503884 ) ;
#1187 = CARTESIAN_POINT ( 'NONE',  ( 4.076582343749994841, -34.68750000170698655, 1.688575694911929936 ) ) ;
#1188 = CARTESIAN_POINT ( 'NONE',  ( -2.404163056034258172, -61.09375000341398732, -2.404163056034278600 ) ) ;
#1189 = CARTESIAN_POINT ( 'NONE',  ( -1.408326112068521319, -62.10937500000000000, -3.400000000000015898 ) ) ;
#1190 = CARTESIAN_POINT ( 'NONE',  ( 1.408326112068522651, -50.23437500000000000, 3.399999999999975486 ) ) ;
#1191 = CARTESIAN_POINT ( 'NONE',  ( 4.076582343749994841, -48.28125000170699366, 1.688575694911929936 ) ) ;
#1192 = CARTESIAN_POINT ( 'NONE',  ( -1.688575694911946590, -51.56250000170698655, -4.076582343750016157 ) ) ;
#1193 = CARTESIAN_POINT ( 'NONE',  ( -6.245698675651493936E-16, -58.12500000341398732, 3.399999999999975930 ) ) ;
#1194 = CARTESIAN_POINT ( 'NONE',  ( -4.076582343749995729, -36.48437500170699366, -2.045227899661720714E-14 ) ) ;
#1195 = CARTESIAN_POINT ( 'NONE',  ( 2.882579019330970382, -49.76562500170698655, 2.882579019330952175 ) ) ;
#1196 = CARTESIAN_POINT ( 'NONE',  ( 1.688575694911947922, -38.59375000170698655, 4.076582343749975301 ) ) ;
#1197 = CARTESIAN_POINT ( 'NONE',  ( 3.399999999999995026, -52.57812500000000000, 1.408326112068504221 ) ) ;
#1198 = EDGE_LOOP ( 'NONE', ( #3594, #1804, #5798, #1216 ) ) ;
#1199 = ORIENTED_EDGE ( 'NONE', *, *, #2489, .F. ) ;
#1200 = CARTESIAN_POINT ( 'NONE',  ( 3.399999999999995914, -38.98437500341399442, -1.408326112068541525 ) ) ;
#1201 = CARTESIAN_POINT ( 'NONE',  ( -2.404163056034259061, -45.78125000341398732, 2.404163056034238188 ) ) ;
#1202 = CARTESIAN_POINT ( 'NONE',  ( -3.399999999999995914, -47.18750000341398732, -2.036942155645390229E-14 ) ) ;
#1203 = CARTESIAN_POINT ( 'NONE',  ( 3.399999999999995026, -61.32812500000000711, 1.408326112068503777 ) ) ;
#1204 = CARTESIAN_POINT ( 'NONE',  ( 2.081899558550498061E-16, -42.18750000000000000, -3.400000000000015898 ) ) ;
#1205 = CARTESIAN_POINT ( 'NONE',  ( 2.081899558550498061E-16, -50.93750000000000711, -3.400000000000015898 ) ) ;
#1206 = FACE_OUTER_BOUND ( 'NONE', #6268, .T. ) ;
#1207 = CARTESIAN_POINT ( 'NONE',  ( -7.488560278101070689E-16, -51.17187500170699366, 4.076582343749976189 ) ) ;
#1208 = CARTESIAN_POINT ( 'NONE',  ( 1.688575694911947256, -59.37500000170700076, -4.076582343750016157 ) ) ;
#1209 = CARTESIAN_POINT ( 'NONE',  ( -1.408326112068523317, -59.45312500341398021, 3.399999999999975042 ) ) ;
#1210 = CARTESIAN_POINT ( 'NONE',  ( 2.081899558550498061E-16, -62.50000000341399442, -3.400000000000015898 ) ) ;
#1212 = CARTESIAN_POINT ( 'NONE',  ( 1.688575694911947922, -54.68750000170700076, 4.076582343749975301 ) ) ;
#1211 = PRODUCT_DEFINITION ( 'æœ', '', #2627, #509 ) ;
#1213 = CARTESIAN_POINT ( 'NONE',  ( 3.399999999999995470, -61.48437500341398732, -1.408326112068541525 ) ) ;
#1214 = CARTESIAN_POINT ( 'NONE',  ( -6.245698675651493936E-16, -50.31250000000000000, 3.399999999999975930 ) ) ;
#1215 = CARTESIAN_POINT ( 'NONE',  ( 3.399999999999995914, -54.06250000341398732, -1.995304164474380342E-14 ) ) ;
#1216 = ORIENTED_EDGE ( 'NONE', *, *, #171, .F. ) ;
#1217 =( BOUNDED_CURVE ( )  B_SPLINE_CURVE ( 2, ( #3994, #5016, #3964, #2026, #4022, #4468, #1009, #2583, #526 ),
 .UNSPECIFIED., .F., .T. ) 
 B_SPLINE_CURVE_WITH_KNOTS ( ( 3, 2, 2, 2, 3 ),
 ( 0.9270833333333334814, 0.9322916666666667407, 0.9375000000000001110, 0.9427083333333334814, 0.9479166666666667407 ),
 .UNSPECIFIED. ) 
 CURVE ( )  GEOMETRIC_REPRESENTATION_ITEM ( )  RATIONAL_B_SPLINE_CURVE ( ( 0.9999999999999983347, 0.9238795325112884038, 1.000000000000000000, 0.9238795325112867385, 1.000000000000000000, 0.9238795325112867385, 1.000000000000000000, 0.9238795325112850731, 1.000000000000001554 ) ) 
 REPRESENTATION_ITEM ( '' )  );
#1218 = CARTESIAN_POINT ( 'NONE',  ( 4.076582343749994841, -49.53125000170698655, 1.688575694911929936 ) ) ;
#1219 = CARTESIAN_POINT ( 'NONE',  ( -4.076582343749996618, -55.15625000170699366, 1.688575694911926828 ) ) ;
#1220 = CARTESIAN_POINT ( 'NONE',  ( -2.404163056034259061, -59.21875000000000000, 2.404163056034238188 ) ) ;
#1221 = ADVANCED_FACE ( 'NONE', ( #636 ), #138, .F. ) ;
#1222 = CARTESIAN_POINT ( 'NONE',  ( 1.408326112068522651, -48.04687500341398732, 3.399999999999975486 ) ) ;
#1223 = CARTESIAN_POINT ( 'NONE',  ( -6.245698675651493936E-16, -41.56250000000000000, 3.399999999999975930 ) ) ;
#1224 = VECTOR ( 'NONE', #1058, 1000.000000000000227 ) ;
#1225 = CARTESIAN_POINT ( 'NONE',  ( 4.076582343749995729, -60.62500000170699366, -1.688575694911966796 ) ) ;
#1226 = CARTESIAN_POINT ( 'NONE',  ( 0.000000000000000000, -1.908195823574487409E-15, -5.601863540164795783E-31 ) ) ;
#1227 = CARTESIAN_POINT ( 'NONE',  ( 1.408326112068522651, -61.48437500000001421, 3.399999999999975486 ) ) ;
#1228 = CARTESIAN_POINT ( 'NONE',  ( 2.404163056034257728, -47.65625000000000000, 2.404163056034239077 ) ) ;
#1229 = CARTESIAN_POINT ( 'NONE',  ( 4.076582343749995729, -48.12500000170699366, -1.688575694911967018 ) ) ;
#1230 = CARTESIAN_POINT ( 'NONE',  ( 4.076582343749994841, -50.78125000170699366, 1.688575694911929936 ) ) ;
#1231 = CARTESIAN_POINT ( 'NONE',  ( 1.408326112068533531, -57.57812500341400153, -3.400000000000004796 ) ) ;
#1232 = CARTESIAN_POINT ( 'NONE',  ( 1.688575694911947256, -41.87500000170700076, -4.076582343750016157 ) ) ;
#1233 = CARTESIAN_POINT ( 'NONE',  ( -1.688575694911949698, -36.25000000170698655, 4.076582343749975301 ) ) ;
#1234 = CARTESIAN_POINT ( 'NONE',  ( 1.408326112068499780, -51.48437500000000711, 3.399999999999999467 ) ) ;
#1235 = ORIENTED_EDGE ( 'NONE', *, *, #4266, .F. ) ;
#1236 = ORIENTED_EDGE ( 'NONE', *, *, #6297, .F. ) ;
#1237 = CARTESIAN_POINT ( 'NONE',  ( 1.408326112068521985, -38.82812500341398021, -3.400000000000015898 ) ) ;
#1238 = CARTESIAN_POINT ( 'NONE',  ( 3.399999999999995026, -40.39062500341398732, 1.408326112068503777 ) ) ;
#1239 = CARTESIAN_POINT ( 'NONE',  ( 2.081899558550498061E-16, -45.00000000341398732, -3.400000000000015898 ) ) ;
#1240 = CARTESIAN_POINT ( 'NONE',  ( -3.399999999999995914, -61.87500000000000000, -2.036942155645390229E-14 ) ) ;
#1241 = CARTESIAN_POINT ( 'NONE',  ( 1.688575694911947256, -64.21875000170700787, -4.076582343750016157 ) ) ;
#1242 = CARTESIAN_POINT ( 'NONE',  ( 2.081899558550498061E-16, -57.50000000341398732, -3.400000000000015898 ) ) ;
#1243 = CARTESIAN_POINT ( 'NONE',  ( 4.163799117100996122E-16, -65.00000000000000000, 3.399999999999975930 ) ) ;
#1244 = CARTESIAN_POINT ( 'NONE',  ( 2.882579019330970382, -49.76562500170698655, 2.882579019330952175 ) ) ;
#1245 = EDGE_CURVE ( 'NONE', #1064, #33, #4499, .T. ) ;
#1246 = CARTESIAN_POINT ( 'NONE',  ( -7.488560278101070689E-16, -59.92187500170699366, 4.076582343749976189 ) ) ;
#1247 =( BOUNDED_CURVE ( )  B_SPLINE_CURVE ( 2, ( #2518, #5895, #1659, #1557, #5657, #5520, #548, #2548, #4545 ),
 .UNSPECIFIED., .F., .F. ) 
 B_SPLINE_CURVE_WITH_KNOTS ( ( 3, 2, 2, 2, 3 ),
 ( 0.4895833333333332593, 0.4947916666666666297, 0.5000000000000000000, 0.5052083333333333703, 0.5104166666666666297 ),
 .UNSPECIFIED. ) 
 CURVE ( )  GEOMETRIC_REPRESENTATION_ITEM ( )  RATIONAL_B_SPLINE_CURVE ( ( 1.000000000000000888, 0.9238795325112859613, 1.000000000000000000, 0.9238795325112867385, 1.000000000000000000, 0.9238795325112867385, 1.000000000000000000, 0.9238795325112867385, 1.000000000000000000 ) ) 
 REPRESENTATION_ITEM ( '' )  );
#1248 = CARTESIAN_POINT ( 'NONE',  ( -3.399999999999995470, -59.76562500341398732, -1.408326112068541747 ) ) ;
#1249 = CARTESIAN_POINT ( 'NONE',  ( 1.408326112068522651, -61.79687500341398732, 3.399999999999975486 ) ) ;
#1250 = CARTESIAN_POINT ( 'NONE',  ( -2.882579019330970826, -55.23437500170700076, -2.882579019330991699 ) ) ;
#1251 = CARTESIAN_POINT ( 'NONE',  ( 2.404163056034258616, -62.65625000341398732, -2.404163056034278600 ) ) ;
#1252 = CARTESIAN_POINT ( 'NONE',  ( -2.404163056034259061, -49.21875000000000711, 2.404163056034238188 ) ) ;
#1253 = CARTESIAN_POINT ( 'NONE',  ( 4.076582343749995729, -64.60937500170699366, -1.995304164474380342E-14 ) ) ;
#1254 = AXIS2_PLACEMENT_3D ( 'NONE', #4641, #2668, #5098 ) ;
#1255 = ORIENTED_EDGE ( 'NONE', *, *, #6287, .T. ) ;
#1256 = CARTESIAN_POINT ( 'NONE',  ( 2.882579019330970382, -47.10937500170699366, 2.882579019330952175 ) ) ;
#1257 = CARTESIAN_POINT ( 'NONE',  ( 4.076582343749995729, -53.28125000170698655, -1.688575694911966796 ) ) ;
#1258 = CARTESIAN_POINT ( 'NONE',  ( -6.245698675651493936E-16, -40.62500000341398732, 3.399999999999975930 ) ) ;
#1259 = CYLINDRICAL_SURFACE ( 'NONE', #2285, 3.399999999999995914 ) ;
#1260 = CARTESIAN_POINT ( 'NONE',  ( -1.408326112068523317, -41.64062500000000000, 3.399999999999975042 ) ) ;
#1261 = VECTOR ( 'NONE', #804, 1000.000000000000000 ) ;
#1262 =( BOUNDED_CURVE ( )  B_SPLINE_CURVE ( 2, ( #3756, #3259, #276, #6277, #704, #2219, #3226, #5230, #5208 ),
 .UNSPECIFIED., .F., .T. ) 
 B_SPLINE_CURVE_WITH_KNOTS ( ( 3, 2, 2, 2, 3 ),
 ( 0.6354166666666665186, 0.6406249999999998890, 0.6458333333333332593, 0.6510416666666664076, 0.6562499999999997780 ),
 .UNSPECIFIED. ) 
 CURVE ( )  GEOMETRIC_REPRESENTATION_ITEM ( )  RATIONAL_B_SPLINE_CURVE ( ( 1.000000000000001554, 0.9238795325112850731, 1.000000000000000000, 0.9238795325112867385, 1.000000000000000000, 0.9238795325112867385, 1.000000000000000000, 0.9238795325112899581, 0.9999999999999967804 ) ) 
 REPRESENTATION_ITEM ( '' )  );
#1263 = CARTESIAN_POINT ( 'NONE',  ( 1.688575694911947922, -63.43750000170699366, 4.076582343749975301 ) ) ;
#1264 = APPROVAL_PERSON_ORGANIZATION ( #5848, #2858, #4871 ) ;
#1265 = CARTESIAN_POINT ( 'NONE',  ( -3.399999999999996803, -55.54687500000000711, 1.408326112068501335 ) ) ;
#1266 = CARTESIAN_POINT ( 'NONE',  ( 2.404163056034257728, -34.21875000341398021, 2.404163056034239077 ) ) ;
#1267 = CARTESIAN_POINT ( 'NONE',  ( 3.399999999999995470, -51.17187500000000711, -1.408326112068541525 ) ) ;
#1268 = CARTESIAN_POINT ( 'NONE',  ( -4.076582343749995729, -43.82812500170699366, -2.045227899661720714E-14 ) ) ;
#1269 = CARTESIAN_POINT ( 'NONE',  ( -4.076582343749995729, -48.82812500170699366, -2.045227899661720714E-14 ) ) ;
#1270 = DIRECTION ( 'NONE',  ( 0.000000000000000000, 0.000000000000000000, -1.000000000000000000 ) ) ;
#1271 = CARTESIAN_POINT ( 'NONE',  ( 2.882579019330970382, -41.01562500170699366, 2.882579019330952175 ) ) ;
#1272 = CARTESIAN_POINT ( 'NONE',  ( 2.882579019330970382, -34.76562500170699366, 2.882579019330952175 ) ) ;
#1273 = EDGE_LOOP ( 'NONE', ( #2211, #5867, #5815, #3800 ) ) ;
#1274 = CARTESIAN_POINT ( 'NONE',  ( 2.081899558550498061E-16, -63.43750000000000711, -3.400000000000015898 ) ) ;
#1275 = CARTESIAN_POINT ( 'NONE',  ( -6.245698675651493936E-16, -41.87500000341398732, 3.399999999999975930 ) ) ;
#1276 = CARTESIAN_POINT ( 'NONE',  ( -1.408326112068523317, -48.20312500341399442, 3.399999999999975042 ) ) ;
#1277 = CARTESIAN_POINT ( 'NONE',  ( 1.408326112068522651, -63.98437500000000000, 3.399999999999975486 ) ) ;
#1278 = CARTESIAN_POINT ( 'NONE',  ( -2.882579019330970826, -61.48437500170699366, -2.882579019330991699 ) ) ;
#1279 = LINE ( 'NONE', #2303, #6360 ) ;
#1280 = CARTESIAN_POINT ( 'NONE',  ( 2.404163056034258616, -36.09375000000000000, -2.404163056034278600 ) ) ;
#1281 = CARTESIAN_POINT ( 'NONE',  ( -2.882579019330972159, -51.32812500170699366, 2.882579019330950842 ) ) ;
#1282 = ORIENTED_EDGE ( 'NONE', *, *, #2134, .T. ) ;
#1283 = APPLICATION_CONTEXT ( 'configuration controlled 3d designs of mechanical parts and assemblies' ) ;
#1284 = CARTESIAN_POINT ( 'NONE',  ( 2.882579019330971715, -59.45312500170699366, -2.882579019330991699 ) ) ;
#1285 = CARTESIAN_POINT ( 'NONE',  ( 2.404163056034257728, -57.96875000341398732, 2.404163056034239077 ) ) ;
#1286 = CARTESIAN_POINT ( 'NONE',  ( -3.399999999999995470, -62.26562500341398021, -1.408326112068541747 ) ) ;
#1287 = CARTESIAN_POINT ( 'NONE',  ( 2.882579019330971715, -56.79687500170699366, -2.882579019330991699 ) ) ;
#1288 = CARTESIAN_POINT ( 'NONE',  ( -2.882579019330970826, -35.23437500170699366, -2.882579019330991699 ) ) ;
#1289 = CARTESIAN_POINT ( 'NONE',  ( 2.404163056034258616, -47.34375000000000711, -2.404163056034278600 ) ) ;
#1290 = CARTESIAN_POINT ( 'NONE',  ( -6.245698675651493936E-16, -36.56250000000000000, 3.399999999999975930 ) ) ;
#1291 = VERTEX_POINT ( 'NONE', #6487 ) ;
#1292 = ADVANCED_FACE ( 'NONE', ( #982 ), #2320, .F. ) ;
#1293 = CARTESIAN_POINT ( 'NONE',  ( 2.882579019330970382, -45.85937500170699366, 2.882579019330952175 ) ) ;
#1294 = CARTESIAN_POINT ( 'NONE',  ( 2.882579019330970382, -51.01562500170699366, 2.882579019330952175 ) ) ;
#1295 = CALENDAR_DATE ( 2026, 20, 5 ) ;
#1296 = CARTESIAN_POINT ( 'NONE',  ( 2.081899558550498061E-16, -51.25000000341398021, -3.400000000000015898 ) ) ;
#1297 = CARTESIAN_POINT ( 'NONE',  ( 3.399999999999995914, -54.92187500000000000, -1.408326112068541525 ) ) ;
#1298 = DIRECTION ( 'NONE',  ( -0.000000000000000000, -1.000000000000000000, -0.000000000000000000 ) ) ;
#1299 = CARTESIAN_POINT ( 'NONE',  ( 2.882579019330970382, -60.85937500170699366, 2.882579019330952175 ) ) ;
#1300 = CARTESIAN_POINT ( 'NONE',  ( 1.408326112068521985, -63.51562500000000711, -3.400000000000015898 ) ) ;
#1301 = CARTESIAN_POINT ( 'NONE',  ( 2.882579019330970382, -40.85937500170700076, 2.882579019330952175 ) ) ;
#1302 = CARTESIAN_POINT ( 'NONE',  ( -4.076582343749996618, -46.25000000170698655, 1.688575694911926828 ) ) ;
#1303 = CARTESIAN_POINT ( 'NONE',  ( 3.399999999999995914, -48.67187500000000000, -1.408326112068541525 ) ) ;
#1304 = CARTESIAN_POINT ( 'NONE',  ( 4.076582343749995729, -43.35937500170698655, -1.995304164474380342E-14 ) ) ;
#1305 = CARTESIAN_POINT ( 'NONE',  ( 1.688575694911947256, -35.62500000170699366, -4.076582343750016157 ) ) ;
#1306 = CARTESIAN_POINT ( 'NONE',  ( -6.245698675651493936E-16, -52.81250000000000000, 3.399999999999975930 ) ) ;
#1307 = ORIENTED_EDGE ( 'NONE', *, *, #2338, .F. ) ;
#1308 = AXIS2_PLACEMENT_3D ( 'NONE', #990, #5029, #3617 ) ;
#1309 = CARTESIAN_POINT ( 'NONE',  ( 1.408326112068521985, -41.32812500341398732, -3.400000000000015898 ) ) ;
#1310 = CARTESIAN_POINT ( 'NONE',  ( 3.399999999999995026, -47.89062500341398021, 1.408326112068503777 ) ) ;
#1311 = CARTESIAN_POINT ( 'NONE',  ( 3.399999999999995470, -64.92187500000001421, -1.408326112068541525 ) ) ;
#1312 = CARTESIAN_POINT ( 'NONE',  ( 2.882579019330971715, -60.54687500170699366, -2.882579019330991699 ) ) ;
#1313 = CARTESIAN_POINT ( 'NONE',  ( -3.399999999999995470, -35.70312500000000000, -1.408326112068541747 ) ) ;
#1314 = CARTESIAN_POINT ( 'NONE',  ( -2.882579019330970826, -49.14062500170698655, -2.882579019330991699 ) ) ;
#1315 = VERTEX_POINT ( 'NONE', #3297 ) ;
#1316 = CARTESIAN_POINT ( 'NONE',  ( -4.076582343749995729, -59.06250000170699366, -1.688575694911967684 ) ) ;
#1317 = CARTESIAN_POINT ( 'NONE',  ( -1.408326112068521319, -57.42187500341399442, -3.400000000000015898 ) ) ;
#1318 = CARTESIAN_POINT ( 'NONE',  ( 2.404163056034257728, -61.71875000341398732, 2.404163056034239077 ) ) ;
#1319 = CARTESIAN_POINT ( 'NONE',  ( 2.882579019330970382, -54.60937500170700076, 2.882579019330952175 ) ) ;
#1320 = CARTESIAN_POINT ( 'NONE',  ( 0.000000000000000000, -65.00000000000000000, -1.995304164474380342E-14 ) ) ;
#1321 = CARTESIAN_POINT ( 'NONE',  ( 1.408326112068522651, -46.48437500000000000, 3.399999999999975486 ) ) ;
#1322 = CARTESIAN_POINT ( 'NONE',  ( 3.399999999999995914, -50.31250000341398732, -1.995304164474380342E-14 ) ) ;
#1323 = VERTEX_POINT ( 'NONE', #1014 ) ;
#1324 = CARTESIAN_POINT ( 'NONE',  ( 2.496186759367024056E-16, -45.39062500170700076, -4.076582343750016157 ) ) ;
#1325 = CARTESIAN_POINT ( 'NONE',  ( 1.688575694911947922, -49.84375000170698655, 4.076582343749975301 ) ) ;
#1326 = COORDINATED_UNIVERSAL_TIME_OFFSET ( 8, 0, .AHEAD. ) ;
#1327 = CARTESIAN_POINT ( 'NONE',  ( -2.404163056034258172, -36.09375000341398732, -2.404163056034278600 ) ) ;
#1328 = AXIS2_PLACEMENT_3D ( 'NONE', #4754, #816, #221 ) ;
#1329 = EDGE_CURVE ( 'NONE', #3095, #3432, #2030, .T. ) ;
#1330 = CARTESIAN_POINT ( 'NONE',  ( -7.488560278101070689E-16, -57.26562500170699366, 4.076582343749976189 ) ) ;
#1331 = CARTESIAN_POINT ( 'NONE',  ( 3.399999999999995026, -60.07812500000000000, 1.408326112068503777 ) ) ;
#1332 = CARTESIAN_POINT ( 'NONE',  ( 2.882579019330971715, -41.79687500170699366, -2.882579019330991699 ) ) ;
#1333 = CARTESIAN_POINT ( 'NONE',  ( 1.688575694911947922, -44.68750000170698655, 4.076582343749975301 ) ) ;
#1334 = CARTESIAN_POINT ( 'NONE',  ( -1.408326112068521763, -38.67187500341398732, -3.400000000000015898 ) ) ;
#1335 = CARTESIAN_POINT ( 'NONE',  ( 1.688575694911947256, -44.37500000170699366, -4.076582343750016157 ) ) ;
#1336 = CYLINDRICAL_SURFACE ( 'NONE', #1865, 3.399999999999995914 ) ;
#1337 = VECTOR ( 'NONE', #3393, 1000.000000000000000 ) ;
#1338 = ORIENTED_EDGE ( 'NONE', *, *, #4086, .F. ) ;
#1339 = CARTESIAN_POINT ( 'NONE',  ( -2.404163056034258172, -39.84375000341398732, -2.404163056034278600 ) ) ;
#1340 = CARTESIAN_POINT ( 'NONE',  ( -2.404163056034258172, -41.09375000341398732, -2.404163056034278600 ) ) ;
#1341 = CARTESIAN_POINT ( 'NONE',  ( -2.404163056034258172, -63.28125000000000000, -2.404163056034278600 ) ) ;
#1342 = CARTESIAN_POINT ( 'NONE',  ( -4.076582343749996618, -62.50000000170700076, 1.688575694911926828 ) ) ;
#1343 = CARTESIAN_POINT ( 'NONE',  ( -6.245698675651493936E-16, -56.56250000000000000, 3.399999999999975930 ) ) ;
#1344 = CARTESIAN_POINT ( 'NONE',  ( 2.081899558550498061E-16, -38.43750000000000000, -3.400000000000015898 ) ) ;
#1345 = CARTESIAN_POINT ( 'NONE',  ( -4.076582343749995729, -52.73437500170699366, -2.045227899661720714E-14 ) ) ;
#1346 = ORIENTED_EDGE ( 'NONE', *, *, #3562, .F. ) ;
#1347 = EDGE_CURVE ( 'NONE', #2424, #3832, #2980, .T. ) ;
#1348 = CARTESIAN_POINT ( 'NONE',  ( 4.076582343749995729, -62.03125000170700076, -1.688575694911967018 ) ) ;
#1349 = CARTESIAN_POINT ( 'NONE',  ( -3.399999999999995470, -56.01562500341398021, -1.408326112068541747 ) ) ;
#1350 = CARTESIAN_POINT ( 'NONE',  ( 3.399999999999995914, -59.06250000341398732, -1.995304164474380342E-14 ) ) ;
#1351 = CARTESIAN_POINT ( 'NONE',  ( 1.688575694911947922, -55.93750000170699366, 4.076582343749975301 ) ) ;
#1352 = CARTESIAN_POINT ( 'NONE',  ( 2.404163056034258616, -49.84375000000000711, -2.404163056034278600 ) ) ;
#1353 = CARTESIAN_POINT ( 'NONE',  ( -6.245698675651493936E-16, -59.37500000341398732, 3.399999999999975930 ) ) ;
#1354 = ORIENTED_EDGE ( 'NONE', *, *, #5645, .F. ) ;
#1355 = CARTESIAN_POINT ( 'NONE',  ( -2.882579019330972159, -48.67187500170700076, 2.882579019330950842 ) ) ;
#1356 = CARTESIAN_POINT ( 'NONE',  ( -2.882579019330970826, -45.39062500170699366, -2.882579019330991699 ) ) ;
#1357 = COORDINATED_UNIVERSAL_TIME_OFFSET ( 8, 0, .AHEAD. ) ;
#1358 = CARTESIAN_POINT ( 'NONE',  ( 1.408326112068487346, -51.32812500341399442, -3.400000000000050981 ) ) ;
#1359 = CARTESIAN_POINT ( 'NONE',  ( 0.000000000000000000, -65.00000000000000000, -3.400000000000015898 ) ) ;
#1360 = CARTESIAN_POINT ( 'NONE',  ( -1.688575694911949698, -57.34375000170699366, 4.076582343749975301 ) ) ;
#1361 = CARTESIAN_POINT ( 'NONE',  ( 2.404163056034257728, -58.90625000000000000, 2.404163056034239077 ) ) ;
#1362 = CARTESIAN_POINT ( 'NONE',  ( 2.882579019330971715, -43.04687500170699366, -2.882579019330991699 ) ) ;
#1363 = CARTESIAN_POINT ( 'NONE',  ( 4.076582343749995729, -46.87500000170699366, -1.688575694911966796 ) ) ;
#1364 = CARTESIAN_POINT ( 'NONE',  ( -1.408326112068544189, -35.85937499999999289, -3.399999999999992806 ) ) ;
#1365 = CARTESIAN_POINT ( 'NONE',  ( -4.076582343749995729, -44.06250000170699366, -1.688575694911967684 ) ) ;
#1366 = DIRECTION ( 'NONE',  ( -0.000000000000000000, -1.000000000000000000, -0.000000000000000000 ) ) ;
#1367 = EDGE_LOOP ( 'NONE', ( #747, #3355, #854, #4546 ) ) ;
#1368 = CARTESIAN_POINT ( 'NONE',  ( -4.076582343749996618, -63.75000000170699366, 1.688575694911926828 ) ) ;
#1369 = CARTESIAN_POINT ( 'NONE',  ( -3.399999999999995914, -40.93750000341398732, -2.036942155645390229E-14 ) ) ;
#1370 = CARTESIAN_POINT ( 'NONE',  ( 3.399999999999995914, -44.06250000341398021, -1.995304164474380342E-14 ) ) ;
#1371 = CARTESIAN_POINT ( 'NONE',  ( -6.245698675651493936E-16, -60.31250000000000711, 3.399999999999975930 ) ) ;
#1372 = CARTESIAN_POINT ( 'NONE',  ( 4.076582343749995729, -63.12500000170700076, -1.688575694911966796 ) ) ;
#1373 = CARTESIAN_POINT ( 'NONE',  ( 4.076582343749995729, -64.45312500170699366, -1.995304164474380342E-14 ) ) ;
#1374 = CARTESIAN_POINT ( 'NONE',  ( -1.688575694911949698, -46.25000000170698655, 4.076582343749975301 ) ) ;
#1375 = CARTESIAN_POINT ( 'NONE',  ( 2.404163056034258616, -43.59375000000000000, -2.404163056034278600 ) ) ;
#1376 = VERTEX_POINT ( 'NONE', #4989 ) ;
#1377 = EDGE_CURVE ( 'NONE', #1376, #5095, #3689, .T. ) ;
#1378 = CARTESIAN_POINT ( 'NONE',  ( -1.408326112068523317, -58.20312500341399442, 3.399999999999975042 ) ) ;
#1379 = CARTESIAN_POINT ( 'NONE',  ( -3.399999999999995914, -59.68750000341398021, -2.036942155645390229E-14 ) ) ;
#1380 = CARTESIAN_POINT ( 'NONE',  ( 2.882579019330970382, -53.35937500170699366, 2.882579019330952175 ) ) ;
#1381 = CARTESIAN_POINT ( 'NONE',  ( 2.081899558550498061E-16, -40.93750000000000000, -3.400000000000015898 ) ) ;
#1382 = CARTESIAN_POINT ( 'NONE',  ( 2.496186759367024056E-16, -64.29687500170699366, -4.076582343750016157 ) ) ;
#1383 = VERTEX_POINT ( 'NONE', #3442 ) ;
#1384 = CARTESIAN_POINT ( 'NONE',  ( -4.076582343749995729, -40.07812500170699366, -2.045227899661720714E-14 ) ) ;
#1385 = CARTESIAN_POINT ( 'NONE',  ( 2.496186759367024056E-16, -45.54687500170699366, -4.076582343750016157 ) ) ;
#1386 = CALENDAR_DATE ( 2026, 20, 5 ) ;
#1387 = CARTESIAN_POINT ( 'NONE',  ( -6.245698675651493936E-16, -46.56250000000000711, 3.399999999999975930 ) ) ;
#1388 = CARTESIAN_POINT ( 'NONE',  ( 1.408326112068521985, -42.26562500000000000, -3.400000000000015898 ) ) ;
#1389 = CARTESIAN_POINT ( 'NONE',  ( 3.399999999999995914, -58.98437500341398021, -1.408326112068541525 ) ) ;
#1390 = CARTESIAN_POINT ( 'NONE',  ( 2.882579019330970382, -59.60937500170699366, 2.882579019330952175 ) ) ;
#1391 = CARTESIAN_POINT ( 'NONE',  ( 2.404163056034258616, -59.84375000000000000, -2.404163056034278600 ) ) ;
#1392 = CARTESIAN_POINT ( 'NONE',  ( 2.882579019330971715, -39.29687500170699366, -2.882579019330991699 ) ) ;
#1393 = CARTESIAN_POINT ( 'NONE',  ( -4.076582343749995729, -45.07812500170699366, -2.045227899661720714E-14 ) ) ;
#1394 = CARTESIAN_POINT ( 'NONE',  ( -2.404163056034259061, -35.46875000000000000, 2.404163056034238188 ) ) ;
#1395 = EDGE_CURVE ( 'NONE', #1315, #4051, #4930, .T. ) ;
#1396 = CARTESIAN_POINT ( 'NONE',  ( 4.076582343749995729, -54.60937500170699366, -1.995304164474380342E-14 ) ) ;
#1397 = VERTEX_POINT ( 'NONE', #5468 ) ;
#1398 = CARTESIAN_POINT ( 'NONE',  ( -1.408326112068521319, -38.67187500341398732, -3.400000000000015898 ) ) ;
#1399 = CARTESIAN_POINT ( 'NONE',  ( -2.404163056034259061, -42.03125000341398021, 2.404163056034238188 ) ) ;
#1400 = CARTESIAN_POINT ( 'NONE',  ( -3.399999999999995470, -59.45312500000000000, -1.408326112068541747 ) ) ;
#1401 = CARTESIAN_POINT ( 'NONE',  ( 1.688575694911947256, -62.96875000170700076, -4.076582343750016157 ) ) ;
#1402 = CARTESIAN_POINT ( 'NONE',  ( 1.408326112068476244, -45.54687500341398732, 3.400000000000022116 ) ) ;
#1403 = CARTESIAN_POINT ( 'NONE',  ( -4.076582343749996618, -46.40625000170698655, 1.688575694911926828 ) ) ;
#1404 = CARTESIAN_POINT ( 'NONE',  ( -3.399999999999995914, -40.93750000341398732, -2.036942155645390229E-14 ) ) ;
#1405 = ORIENTED_EDGE ( 'NONE', *, *, #3698, .T. ) ;
#1406 = CARTESIAN_POINT ( 'NONE',  ( -7.488560278101070689E-16, -37.42187500170698655, 4.076582343749976189 ) ) ;
#1407 = CARTESIAN_POINT ( 'NONE',  ( -6.245698675651493936E-16, -53.12500000341398021, 3.399999999999975930 ) ) ;
#1408 = CARTESIAN_POINT ( 'NONE',  ( -3.399999999999995470, -59.76562500341398732, -1.408326112068541747 ) ) ;
#1409 = CARTESIAN_POINT ( 'NONE',  ( -3.399999999999995914, -35.62500000000000711, -2.036942155645390229E-14 ) ) ;
#1410 = CARTESIAN_POINT ( 'NONE',  ( 1.688575694911947256, -51.71875000170699366, -4.076582343750016157 ) ) ;
#1411 = CARTESIAN_POINT ( 'NONE',  ( -6.245698675651493936E-16, -64.06250000000001421, 3.399999999999975930 ) ) ;
#1412 = CARTESIAN_POINT ( 'NONE',  ( 3.399999999999995914, -45.00000000000000000, -1.995304164474380342E-14 ) ) ;
#1413 = CARTESIAN_POINT ( 'NONE',  ( -1.688575694911949698, -63.75000000170700076, 4.076582343749975301 ) ) ;
#1414 = CARTESIAN_POINT ( 'NONE',  ( 3.399999999999995026, -62.89062500341398021, 1.408326112068504221 ) ) ;
#1415 = CARTESIAN_POINT ( 'NONE',  ( -2.882579019330972159, -42.42187500170699366, 2.882579019330950842 ) ) ;
#1416 = CARTESIAN_POINT ( 'NONE',  ( 2.882579019330970382, -48.51562500170698655, 2.882579019330952175 ) ) ;
#1417 = CARTESIAN_POINT ( 'NONE',  ( -6.245698675651493936E-16, -47.81250000000000000, 3.399999999999975930 ) ) ;
#1418 = CARTESIAN_POINT ( 'NONE',  ( -3.399999999999995914, -45.93750000341398021, -2.036942155645390229E-14 ) ) ;
#1419 =( BOUNDED_CURVE ( )  B_SPLINE_CURVE ( 2, ( #4082, #42, #3659, #2646, #6014, #3163, #6080, #1525, #2615 ),
 .UNSPECIFIED., .F., .F. ) 
 B_SPLINE_CURVE_WITH_KNOTS ( ( 3, 2, 2, 2, 3 ),
 ( 0.3020833333333333703, 0.3072916666666667407, 0.3125000000000000000, 0.3177083333333333148, 0.3229166666666666852 ),
 .UNSPECIFIED. ) 
 CURVE ( )  GEOMETRIC_REPRESENTATION_ITEM ( )  RATIONAL_B_SPLINE_CURVE ( ( 0.9999999999999992228, 0.9238795325112875156, 1.000000000000000000, 0.9238795325112867385, 1.000000000000000000, 0.9238795325112867385, 1.000000000000000000, 0.9238795325112867385, 1.000000000000000000 ) ) 
 REPRESENTATION_ITEM ( '' )  );
#1420 = CARTESIAN_POINT ( 'NONE',  ( 2.882579019330971715, -55.54687500170699366, -2.882579019330991699 ) ) ;
#1421 = CARTESIAN_POINT ( 'NONE',  ( 3.399999999999995470, -56.17187500000000711, -1.408326112068541525 ) ) ;
#1422 = LINE ( 'NONE', #5420, #1439 ) ;
#1423 = CARTESIAN_POINT ( 'NONE',  ( -4.076582343749995729, -41.32812500170699366, -2.045227899661720714E-14 ) ) ;
#1424 = CARTESIAN_POINT ( 'NONE',  ( 2.081899558550498061E-16, -60.00000000341398732, -3.400000000000015898 ) ) ;
#1425 = CARTESIAN_POINT ( 'NONE',  ( 4.076582343749995729, -55.78125000170699366, -1.688575694911967018 ) ) ;
#1426 = ORIENTED_EDGE ( 'NONE', *, *, #1446, .T. ) ;
#1427 =( BOUNDED_CURVE ( )  B_SPLINE_CURVE ( 2, ( #5244, #4267, #6324, #720, #5770, #1774, #689, #1842, #3204 ),
 .UNSPECIFIED., .F., .F. ) 
 B_SPLINE_CURVE_WITH_KNOTS ( ( 3, 2, 2, 2, 3 ),
 ( 0.7187500000000000000, 0.7239583333333333703, 0.7291666666666665186, 0.7343749999999998890, 0.7395833333333332593 ),
 .UNSPECIFIED. ) 
 CURVE ( )  GEOMETRIC_REPRESENTATION_ITEM ( )  RATIONAL_B_SPLINE_CURVE ( ( 1.000000000000000000, 0.9238795325112867385, 1.000000000000000000, 0.9238795325112867385, 1.000000000000000000, 0.9238795325112867385, 1.000000000000000000, 0.9238795325112884038, 0.9999999999999983347 ) ) 
 REPRESENTATION_ITEM ( '' )  );
#1428 = CARTESIAN_POINT ( 'NONE',  ( 2.081899558550498061E-16, -35.00000000341398021, -3.400000000000015898 ) ) ;
#1429 = CARTESIAN_POINT ( 'NONE',  ( 1.408326112068521985, -40.07812500341398021, -3.400000000000015898 ) ) ;
#1430 = CARTESIAN_POINT ( 'NONE',  ( 3.399999999999995470, -58.67187500000000000, -1.408326112068541525 ) ) ;
#1431 = CARTESIAN_POINT ( 'NONE',  ( -2.882579019330970826, -55.23437500170700076, -2.882579019330991699 ) ) ;
#1432 = CARTESIAN_POINT ( 'NONE',  ( -3.399999999999995914, -50.62500000000000000, -2.036942155645390229E-14 ) ) ;
#1433 = CARTESIAN_POINT ( 'NONE',  ( 4.076582343749995729, -45.85937500170698655, -1.995304164474380342E-14 ) ) ;
#1434 = CARTESIAN_POINT ( 'NONE',  ( -2.404163056034258172, -41.09375000341398732, -2.404163056034278600 ) ) ;
#1435 = AXIS2_PLACEMENT_3D ( 'NONE', #1609, #5128, #3616 ) ;
#1436 = ORIENTED_EDGE ( 'NONE', *, *, #1643, .F. ) ;
#1437 = ADVANCED_FACE ( 'NONE', ( #3908 ), #23, .F. ) ;
#1438 = CARTESIAN_POINT ( 'NONE',  ( 4.076582343749994841, -37.18750000170699366, 1.688575694911929936 ) ) ;
#1439 = VECTOR ( 'NONE', #2928, 1000.000000000000000 ) ;
#1440 = CARTESIAN_POINT ( 'NONE',  ( 2.404163056034258616, -53.90625000341398732, -2.404163056034278600 ) ) ;
#1441 = CARTESIAN_POINT ( 'NONE',  ( 1.408326112068521985, -56.32812500341398021, -3.400000000000015898 ) ) ;
#1442 = CARTESIAN_POINT ( 'NONE',  ( -3.399999999999995914, -36.87500000000000711, -2.036942155645390229E-14 ) ) ;
#1443 = CARTESIAN_POINT ( 'NONE',  ( 2.882579019330970382, -49.60937500170699366, 2.882579019330952175 ) ) ;
#1444 = CARTESIAN_POINT ( 'NONE',  ( -2.404163056034258172, -42.03125000000000711, -2.404163056034278600 ) ) ;
#1445 = CARTESIAN_POINT ( 'NONE',  ( 4.076582343749994841, -60.93750000170700076, 1.688575694911929936 ) ) ;
#1446 = EDGE_CURVE ( 'NONE', #2617, #5173, #2800, .T. ) ;
#1447 = CARTESIAN_POINT ( 'NONE',  ( 1.408326112068480018, -63.04687500341398021, 3.400000000000018563 ) ) ;
#1448 = CARTESIAN_POINT ( 'NONE',  ( -2.882579019330970826, -41.48437500170700076, -2.882579019330991699 ) ) ;
#1449 = CARTESIAN_POINT ( 'NONE',  ( -2.882579019330972159, -42.57812500170699366, 2.882579019330950842 ) ) ;
#1450 = CARTESIAN_POINT ( 'NONE',  ( 1.408326112068522651, -45.23437500000000000, 3.399999999999975486 ) ) ;
#1451 = EDGE_CURVE ( 'NONE', #1323, #5146, #5417, .T. ) ;
#1452 = DIRECTION ( 'NONE',  ( -0.000000000000000000, -1.000000000000000000, -0.000000000000000000 ) ) ;
#1453 = CARTESIAN_POINT ( 'NONE',  ( 4.076582343749994841, -55.78125000170698655, 1.688575694911929936 ) ) ;
#1454 = CARTESIAN_POINT ( 'NONE',  ( 3.399999999999995026, -52.57812500000000000, 1.408326112068503777 ) ) ;
#1455 = CARTESIAN_POINT ( 'NONE',  ( 4.076582343749994841, -38.28125000170700076, 1.688575694911929936 ) ) ;
#1456 = CARTESIAN_POINT ( 'NONE',  ( 4.076582343749994841, -39.53125000170699366, 1.688575694911929936 ) ) ;
#1457 = CARTESIAN_POINT ( 'NONE',  ( 3.399999999999995026, -60.39062500341398732, 1.408326112068504221 ) ) ;
#1458 = CARTESIAN_POINT ( 'NONE',  ( 1.688575694911947922, -53.59375000170700076, 4.076582343749975301 ) ) ;
#1459 = AXIS2_PLACEMENT_3D ( 'NONE', #1722, #738, #4710 ) ;
#1460 = VERTEX_POINT ( 'NONE', #2004 ) ;
#1461 = CARTESIAN_POINT ( 'NONE',  ( -3.399999999999995914, -34.68750000341398732, -2.036942155645390229E-14 ) ) ;
#1462 = CARTESIAN_POINT ( 'NONE',  ( -2.404163056034259061, -44.53125000341398732, 2.404163056034238188 ) ) ;
#1463 = CARTESIAN_POINT ( 'NONE',  ( 1.408326112068522651, -58.98437500000001421, 3.399999999999975486 ) ) ;
#1464 = CARTESIAN_POINT ( 'NONE',  ( 2.882579019330971715, -56.79687500170699366, -2.882579019330991699 ) ) ;
#1465 = CARTESIAN_POINT ( 'NONE',  ( 1.408326112068544633, -45.07812500341398732, -3.399999999999992806 ) ) ;
#1466 = CARTESIAN_POINT ( 'NONE',  ( 4.076582343749995729, -47.10937500170699366, -1.995304164474380342E-14 ) ) ;
#1467 = CARTESIAN_POINT ( 'NONE',  ( -1.408326112068521763, -41.17187500341398732, -3.400000000000015898 ) ) ;
#1468 = VERTEX_POINT ( 'NONE', #4409 ) ;
#1469 =( BOUNDED_CURVE ( )  B_SPLINE_CURVE ( 2, ( #691, #591, #3638, #4093, #125, #89, #5632, #3173, #6057 ),
 .UNSPECIFIED., .F., .T. ) 
 B_SPLINE_CURVE_WITH_KNOTS ( ( 3, 2, 2, 2, 3 ),
 ( 0.2604166666666666297, 0.2656249999999999445, 0.2708333333333332593, 0.2760416666666666852, 0.2812500000000000000 ),
 .UNSPECIFIED. ) 
 CURVE ( )  GEOMETRIC_REPRESENTATION_ITEM ( )  RATIONAL_B_SPLINE_CURVE ( ( 1.000000000000000888, 0.9238795325112859613, 1.000000000000000000, 0.9238795325112867385, 1.000000000000000000, 0.9238795325112867385, 1.000000000000000000, 0.9238795325112867385, 1.000000000000000000 ) ) 
 REPRESENTATION_ITEM ( '' )  );
#1470 = CARTESIAN_POINT ( 'NONE',  ( -2.882579019330972159, -36.32812500170699366, 2.882579019330950842 ) ) ;
#1471 = CARTESIAN_POINT ( 'NONE',  ( 2.404163056034257728, -52.96875000341398732, 2.404163056034239077 ) ) ;
#1472 = CARTESIAN_POINT ( 'NONE',  ( -3.399999999999995470, -57.26562500341398732, -1.408326112068541747 ) ) ;
#1473 = CARTESIAN_POINT ( 'NONE',  ( -3.399999999999995470, -35.70312500000000000, -1.408326112068541747 ) ) ;
#1474 = CARTESIAN_POINT ( 'NONE',  ( 0.4868072105384485537, -64.58958099923434304, -3.589766488362179597 ) ) ;
#1475 = CARTESIAN_POINT ( 'NONE',  ( -6.245698675651493936E-16, -41.56250000000000000, 3.399999999999975930 ) ) ;
#1476 = CARTESIAN_POINT ( 'NONE',  ( -4.076582343749995729, -64.06250000170699366, -1.688575694911967240 ) ) ;
#1477 = CARTESIAN_POINT ( 'NONE',  ( -3.399999999999996803, -34.60937500341399442, 1.408326112068501335 ) ) ;
#1478 = CARTESIAN_POINT ( 'NONE',  ( -4.076582343749996618, -40.00000000170700076, 1.688575694911926828 ) ) ;
#1479 = CARTESIAN_POINT ( 'NONE',  ( 4.076582343749995729, -40.85937500170699366, -1.995304164474380342E-14 ) ) ;
#1480 = CARTESIAN_POINT ( 'NONE',  ( 3.399999999999995470, -44.92187500000000000, -1.408326112068541525 ) ) ;
#1481 = LINE ( 'NONE', #4063, #3295 ) ;
#1482 = ADVANCED_FACE ( 'NONE', ( #5440 ), #2949, .F. ) ;
#1483 = CARTESIAN_POINT ( 'NONE',  ( 2.882579019330970382, -58.51562500170699366, 2.882579019330952175 ) ) ;
#1484 = CARTESIAN_POINT ( 'NONE',  ( 4.076582343749994841, -37.03125000170700076, 1.688575694911929936 ) ) ;
#1485 = CARTESIAN_POINT ( 'NONE',  ( 1.688575694911947256, -42.96875000170699366, -4.076582343750016157 ) ) ;
#1486 = CARTESIAN_POINT ( 'NONE',  ( -1.408326112068546188, -44.14062500000000000, 3.399999999999951950 ) ) ;
#1487 = CARTESIAN_POINT ( 'NONE',  ( -4.076582343749995729, -53.98437500170698655, -2.045227899661720714E-14 ) ) ;
#1488 = ORIENTED_EDGE ( 'NONE', *, *, #3445, .F. ) ;
#1489 = CARTESIAN_POINT ( 'NONE',  ( -4.076582343749995729, -63.82812500170699366, -2.045227899661720714E-14 ) ) ;
#1490 = CARTESIAN_POINT ( 'NONE',  ( -2.404163056034259061, -35.78125000341398732, 2.404163056034238188 ) ) ;
#1491 = CARTESIAN_POINT ( 'NONE',  ( 3.399999999999995026, -37.89062500341398732, 1.408326112068503777 ) ) ;
#1492 = CARTESIAN_POINT ( 'NONE',  ( -6.245698675651493936E-16, -56.56250000000000000, 3.399999999999975930 ) ) ;
#1493 = CARTESIAN_POINT ( 'NONE',  ( -2.882579019330972159, -56.17187500170699366, 2.882579019330950842 ) ) ;
#1494 = CARTESIAN_POINT ( 'NONE',  ( -1.408326112068498670, -39.92187500341399442, -3.400000000000039435 ) ) ;
#1495 = CARTESIAN_POINT ( 'NONE',  ( -4.076582343749995729, -44.06250000170699366, -1.688575694911967240 ) ) ;
#1496 = CARTESIAN_POINT ( 'NONE',  ( 0.000000000000000000, -65.00000000000000000, -1.995304164474380342E-14 ) ) ;
#1497 = VERTEX_POINT ( 'NONE', #922 ) ;
#1498 = EDGE_LOOP ( 'NONE', ( #359, #3403, #6336, #3165, #44, #798 ) ) ;
#1499 = CARTESIAN_POINT ( 'NONE',  ( 4.076582343749994841, -35.93750000170699366, 1.688575694911929936 ) ) ;
#1500 = CARTESIAN_POINT ( 'NONE',  ( 1.408326112068522651, -53.04687500341398732, 3.399999999999975486 ) ) ;
#1501 = CARTESIAN_POINT ( 'NONE',  ( 2.404163056034257728, -52.96875000341398732, 2.404163056034239077 ) ) ;
#1502 = CARTESIAN_POINT ( 'NONE',  ( -3.399999999999996358, -38.04687500000000000, 1.408326112068500890 ) ) ;
#1503 = CYLINDRICAL_SURFACE ( 'NONE', #4181, 3.399999999999995914 ) ;
#1504 = CARTESIAN_POINT ( 'NONE',  ( -3.399999999999996358, -44.29687500000000000, 1.408326112068500890 ) ) ;
#1505 = CARTESIAN_POINT ( 'NONE',  ( 2.882579019330971715, -64.45312500170699366, -2.882579019330991699 ) ) ;
#1506 = CARTESIAN_POINT ( 'NONE',  ( 0.000000000000000000, -65.00000000000000000, -3.400000000000015898 ) ) ;
#1507 = CARTESIAN_POINT ( 'NONE',  ( 4.076582343749994841, -42.03125000170698655, 1.688575694911929936 ) ) ;
#1508 = CARTESIAN_POINT ( 'NONE',  ( -4.076582343749996618, -43.90625000170698655, 1.688575694911926828 ) ) ;
#1509 = CARTESIAN_POINT ( 'NONE',  ( 1.408326112068521985, -44.76562500000000000, -3.400000000000015898 ) ) ;
#1510 = CARTESIAN_POINT ( 'NONE',  ( -3.399999999999996803, -58.04687500000001421, 1.408326112068501335 ) ) ;
#1511 = CARTESIAN_POINT ( 'NONE',  ( 2.882579019330971715, -58.20312500170699366, -2.882579019330991699 ) ) ;
#1512 = CARTESIAN_POINT ( 'NONE',  ( 1.688575694911947256, -36.71875000170700076, -4.076582343750016157 ) ) ;
#1513 = CARTESIAN_POINT ( 'NONE',  ( 2.882579019330971715, -41.79687500170699366, -2.882579019330991699 ) ) ;
#1514 = CARTESIAN_POINT ( 'NONE',  ( -6.245698675651493936E-16, -46.56250000000000711, 3.399999999999975930 ) ) ;
#1515 = CARTESIAN_POINT ( 'NONE',  ( -4.076582343749995729, -56.48437500170699366, -2.045227899661720714E-14 ) ) ;
#1516 = ADVANCED_FACE ( 'NONE', ( #5936 ), #5500, .F. ) ;
#1517 = ORIENTED_EDGE ( 'NONE', *, *, #846, .F. ) ;
#1518 = CARTESIAN_POINT ( 'NONE',  ( 4.076582343749995729, -60.62500000170699366, -1.688575694911967018 ) ) ;
#1519 = CARTESIAN_POINT ( 'NONE',  ( -2.404163056034259061, -37.03125000341398732, 2.404163056034238188 ) ) ;
#1520 = CARTESIAN_POINT ( 'NONE',  ( 2.081899558550498061E-16, -36.25000000341398021, -3.400000000000015898 ) ) ;
#1521 = CARTESIAN_POINT ( 'NONE',  ( -6.245698675651493936E-16, -55.31250000000000000, 3.399999999999975930 ) ) ;
#1522 = CARTESIAN_POINT ( 'NONE',  ( 4.076582343749995729, -58.12500000170699366, -1.688575694911966796 ) ) ;
#1523 = CARTESIAN_POINT ( 'NONE',  ( 0.000000000000000000, 0.000000000000000000, 0.000000000000000000 ) ) ;
#1524 = CARTESIAN_POINT ( 'NONE',  ( -2.882579019330972159, -42.57812500170699366, 2.882579019330950842 ) ) ;
#1525 = CARTESIAN_POINT ( 'NONE',  ( -1.408326112068523317, -54.45312500341398021, 3.399999999999975042 ) ) ;
#1526 = ORIENTED_EDGE ( 'NONE', *, *, #603, .T. ) ;
#1527 = ORIENTED_EDGE ( 'NONE', *, *, #3644, .T. ) ;
#1528 = CARTESIAN_POINT ( 'NONE',  ( -3.399999999999995470, -51.01562500341398021, -1.408326112068541747 ) ) ;
#1529 = CARTESIAN_POINT ( 'NONE',  ( -6.245698675651493936E-16, -50.62500000341398732, 3.399999999999975930 ) ) ;
#1530 = CARTESIAN_POINT ( 'NONE',  ( -1.688575694911946590, -64.21875000170699366, -4.076582343750016157 ) ) ;
#1531 = CARTESIAN_POINT ( 'NONE',  ( 0.9629668905409659585, -64.60650414213581882, -3.509804268509284952 ) ) ;
#1533 = CARTESIAN_POINT ( 'NONE',  ( -1.408326112068523317, -36.64062500000000711, 3.399999999999975042 ) ) ;
#1532 = VECTOR ( 'NONE', #2190, 1000.000000000000000 ) ;
#1534 = CARTESIAN_POINT ( 'NONE',  ( -7.488560278101070689E-16, -57.42187500170699366, 4.076582343749976189 ) ) ;
#1535 = AXIS2_PLACEMENT_3D ( 'NONE', #5079, #1705, #3704 ) ;
#1536 = CARTESIAN_POINT ( 'NONE',  ( 2.404163056034257728, -52.96875000341398732, 2.404163056034239077 ) ) ;
#1537 = CARTESIAN_POINT ( 'NONE',  ( 2.882579019330971715, -39.29687500170699366, -2.882579019330991699 ) ) ;
#1538 = CARTESIAN_POINT ( 'NONE',  ( -1.688575694911946590, -44.21875000170700076, -4.076582343750016157 ) ) ;
#1539 = CARTESIAN_POINT ( 'NONE',  ( -2.404163056034259061, -41.71875000000000000, 2.404163056034238188 ) ) ;
#1540 = LINE ( 'NONE', #3111, #4349 ) ;
#1541 = CARTESIAN_POINT ( 'NONE',  ( -1.688575694911946590, -51.56250000170698655, -4.076582343750016157 ) ) ;
#1542 = CARTESIAN_POINT ( 'NONE',  ( 4.076582343749995729, -59.60937500170699366, -1.995304164474380342E-14 ) ) ;
#1543 = CARTESIAN_POINT ( 'NONE',  ( 2.882579019330971715, -38.04687500170699366, -2.882579019330991699 ) ) ;
#1544 = CARTESIAN_POINT ( 'NONE',  ( 1.688575694911947922, -43.43750000170700787, 4.076582343749975301 ) ) ;
#1545 = CARTESIAN_POINT ( 'NONE',  ( -1.408326112068521763, -47.10937500000000711, -3.400000000000015898 ) ) ;
#1546 = CARTESIAN_POINT ( 'NONE',  ( -4.076582343749995729, -51.48437500170699366, -2.045227899661720714E-14 ) ) ;
#1547 = ORIENTED_EDGE ( 'NONE', *, *, #3972, .F. ) ;
#1548 = CARTESIAN_POINT ( 'NONE',  ( 2.496186759367024056E-16, -60.39062500170700076, -4.076582343750016157 ) ) ;
#1549 = CARTESIAN_POINT ( 'NONE',  ( -6.245698675651493936E-16, -34.37500000341398021, 3.399999999999975930 ) ) ;
#1550 = CARTESIAN_POINT ( 'NONE',  ( 2.404163056034258616, -38.90625000341398021, -2.404163056034278600 ) ) ;
#1551 = CARTESIAN_POINT ( 'NONE',  ( -1.408326112068523317, -55.39062500000000000, 3.399999999999975042 ) ) ;
#1552 = CARTESIAN_POINT ( 'NONE',  ( -7.488560278101070689E-16, -53.51562500170699366, 4.076582343749976189 ) ) ;
#1553 = CARTESIAN_POINT ( 'NONE',  ( 1.688575694911947922, -54.68750000170698655, 4.076582343749975301 ) ) ;
#1554 = CARTESIAN_POINT ( 'NONE',  ( -7.488560278101070689E-16, -39.92187500170699366, 4.076582343749976189 ) ) ;
#1555 = CARTESIAN_POINT ( 'NONE',  ( -4.076582343749996618, -47.65625000170700076, 1.688575694911926828 ) ) ;
#1556 = CARTESIAN_POINT ( 'NONE',  ( 4.076582343749995729, -42.03125000170697945, -1.688575694911966796 ) ) ;
#1557 = CARTESIAN_POINT ( 'NONE',  ( 3.399999999999995026, -49.14062500341399442, 1.408326112068504221 ) ) ;
#1558 = ORIENTED_EDGE ( 'NONE', *, *, #2417, .F. ) ;
#1559 = ORIENTED_EDGE ( 'NONE', *, *, #1245, .T. ) ;
#1560 = EDGE_CURVE ( 'NONE', #649, #5378, #81, .T. ) ;
#1561 = CARTESIAN_POINT ( 'NONE',  ( -1.408326112068521319, -44.92187500341398732, -3.400000000000015898 ) ) ;
#1562 = CARTESIAN_POINT ( 'NONE',  ( 3.399999999999995470, -51.48437500341399442, -1.408326112068541525 ) ) ;
#1563 = CARTESIAN_POINT ( 'NONE',  ( -1.688575694911949698, -60.00000000170699366, 4.076582343749975301 ) ) ;
#1564 = CARTESIAN_POINT ( 'NONE',  ( 2.274248318445114325, -64.65742475863056882, -2.906187551033485139 ) ) ;
#1565 = CARTESIAN_POINT ( 'NONE',  ( -6.245698675651493936E-16, -39.06250000000000000, 3.399999999999975930 ) ) ;
#1566 = CARTESIAN_POINT ( 'NONE',  ( 2.882579019330970382, -34.76562500170699366, 2.882579019330952175 ) ) ;
#1567 = CARTESIAN_POINT ( 'NONE',  ( -4.076582343749995729, -57.81250000170700076, -1.688575694911967240 ) ) ;
#1568 = CARTESIAN_POINT ( 'NONE',  ( -6.245698675651493936E-16, -34.37500000341398021, 3.399999999999975930 ) ) ;
#1569 = CC_DESIGN_APPROVAL ( #5379, ( #2627 ) ) ;
#1570 = CARTESIAN_POINT ( 'NONE',  ( 1.688575694911947922, -35.93750000170699366, 4.076582343749975301 ) ) ;
#1571 = CARTESIAN_POINT ( 'NONE',  ( 1.688575694911947256, -43.12500000170698655, -4.076582343750016157 ) ) ;
#1572 = CARTESIAN_POINT ( 'NONE',  ( -3.399999999999995470, -53.20312500000000000, -1.408326112068541747 ) ) ;
#1573 = CARTESIAN_POINT ( 'NONE',  ( -3.399999999999996358, -44.29687500000000000, 1.408326112068500890 ) ) ;
#1574 = DIRECTION ( 'NONE',  ( -0.000000000000000000, -1.000000000000000000, -0.000000000000000000 ) ) ;
#1575 = CARTESIAN_POINT ( 'NONE',  ( 2.496186759367024056E-16, -54.14062500170699366, -4.076582343750016157 ) ) ;
#1576 = CARTESIAN_POINT ( 'NONE',  ( 4.076582343749995729, -55.78125000170698655, -1.688575694911966796 ) ) ;
#1577 = CARTESIAN_POINT ( 'NONE',  ( 2.404163056034257728, -47.96875000341398021, 2.404163056034239077 ) ) ;
#1578 = DIRECTION ( 'NONE',  ( 0.000000000000000000, 0.000000000000000000, -1.000000000000000000 ) ) ;
#1579 = CARTESIAN_POINT ( 'NONE',  ( -1.688575694911946590, -50.46875000170698655, -4.076582343750016157 ) ) ;
#1580 = ORIENTED_EDGE ( 'NONE', *, *, #5499, .T. ) ;
#1581 = LINE ( 'NONE', #5679, #4064 ) ;
#1582 = CARTESIAN_POINT ( 'NONE',  ( 1.408326112068522651, -35.54687500341399442, 3.399999999999975486 ) ) ;
#1583 = CARTESIAN_POINT ( 'NONE',  ( 3.399999999999995026, -52.57812500000000000, 1.408326112068503777 ) ) ;
#1584 = CARTESIAN_POINT ( 'NONE',  ( -2.882579019330972159, -49.92187500170699366, 2.882579019330950842 ) ) ;
#1585 = CARTESIAN_POINT ( 'NONE',  ( -2.882579019330970826, -50.23437500170699366, -2.882579019330991699 ) ) ;
#1586 = CARTESIAN_POINT ( 'NONE',  ( 2.859550276009069890E-15, 6.670297055599254656E-30, -7.750000000000000000 ) ) ;
#1587 = CARTESIAN_POINT ( 'NONE',  ( 2.496186759367024056E-16, -38.04687500170698655, -4.076582343750016157 ) ) ;
#1588 = CARTESIAN_POINT ( 'NONE',  ( -4.076582343749996618, -42.65625000170699366, 1.688575694911926828 ) ) ;
#1589 = CARTESIAN_POINT ( 'NONE',  ( -1.408326112068532865, -53.35937500000000000, -3.400000000000004796 ) ) ;
#1590 = ORIENTED_EDGE ( 'NONE', *, *, #1133, .F. ) ;
#1591 = EDGE_LOOP ( 'NONE', ( #5489, #3455, #1874, #269 ) ) ;
#1592 = CARTESIAN_POINT ( 'NONE',  ( 2.081899558550498061E-16, -46.25000000341398732, -3.400000000000015898 ) ) ;
#1593 = CARTESIAN_POINT ( 'NONE',  ( -2.404163056034259061, -53.28125000341398732, 2.404163056034238188 ) ) ;
#1594 = CARTESIAN_POINT ( 'NONE',  ( -4.076582343749995729, -60.23437500170698655, -2.045227899661720714E-14 ) ) ;
#1595 = CARTESIAN_POINT ( 'NONE',  ( 2.404163056034258616, -39.84375000000000000, -2.404163056034278600 ) ) ;
#1596 = CARTESIAN_POINT ( 'NONE',  ( 4.163799117100996122E-16, -65.00000000000000000, 3.399999999999975930 ) ) ;
#1597 = CARTESIAN_POINT ( 'NONE',  ( -4.076582343749995729, -55.23437500170699366, -2.045227899661720714E-14 ) ) ;
#1598 = CARTESIAN_POINT ( 'NONE',  ( 1.688575694911947256, -64.37500000170699366, -4.076582343750016157 ) ) ;
#1599 = CARTESIAN_POINT ( 'NONE',  ( -1.408326112068521319, -61.17187500341398021, -3.400000000000015898 ) ) ;
#1600 = CARTESIAN_POINT ( 'NONE',  ( 1.688575694911947922, -37.18750000170699366, 4.076582343749975301 ) ) ;
#1601 = CARTESIAN_POINT ( 'NONE',  ( 2.882579019330970382, -39.76562500170699366, 2.882579019330952175 ) ) ;
#1602 = CARTESIAN_POINT ( 'NONE',  ( 2.404163056034257728, -55.15625000000000711, 2.404163056034239077 ) ) ;
#1603 = CARTESIAN_POINT ( 'NONE',  ( 3.399999999999995026, -40.07812500000000711, 1.408326112068503777 ) ) ;
#1604 = VERTEX_POINT ( 'NONE', #2065 ) ;
#1605 = CARTESIAN_POINT ( 'NONE',  ( 4.076582343749994841, -53.28125000170699366, 1.688575694911929936 ) ) ;
#1606 = CARTESIAN_POINT ( 'NONE',  ( -2.882579019330972159, -57.57812500170698655, 2.882579019330950842 ) ) ;
#1607 = CARTESIAN_POINT ( 'NONE',  ( -6.245698675651493936E-16, -62.81250000000000711, 3.399999999999975930 ) ) ;
#1608 = CARTESIAN_POINT ( 'NONE',  ( 4.076582343749995729, -36.95312500170700076, -1.995304164474380342E-14 ) ) ;
#1609 = CARTESIAN_POINT ( 'NONE',  ( 0.000000000000000000, -65.00000000000000000, -1.995304164474380342E-14 ) ) ;
#1610 = CARTESIAN_POINT ( 'NONE',  ( -1.408326112068475577, -44.60937500000000711, -3.400000000000062528 ) ) ;
#1611 = EDGE_CURVE ( 'NONE', #1132, #1604, #6160, .T. ) ;
#1612 = CARTESIAN_POINT ( 'NONE',  ( -7.488560278101070689E-16, -34.92187500170698655, 4.076582343749976189 ) ) ;
#1613 = CARTESIAN_POINT ( 'NONE',  ( -3.399999999999995914, -49.45312500000000000, -1.408326112068541747 ) ) ;
#1614 = CARTESIAN_POINT ( 'NONE',  ( 2.404163056034258616, -36.40625000341398732, -2.404163056034278600 ) ) ;
#1615 = CARTESIAN_POINT ( 'NONE',  ( -3.399999999999996358, -51.79687500000000711, 1.408326112068500890 ) ) ;
#1616 = CARTESIAN_POINT ( 'NONE',  ( -1.688575694911946590, -47.81250000170700076, -4.076582343750016157 ) ) ;
#1617 = CARTESIAN_POINT ( 'NONE',  ( 4.076582343749995729, -53.20312500170700076, -1.995304164474380342E-14 ) ) ;
#1618 = CARTESIAN_POINT ( 'NONE',  ( 0.000000000000000000, -65.00000000000000000, -3.400000000000015898 ) ) ;
#1619 = CARTESIAN_POINT ( 'NONE',  ( -1.688575694911950142, -47.50000000170699366, 4.076582343749975301 ) ) ;
#1620 = CARTESIAN_POINT ( 'NONE',  ( 2.496186759367024056E-16, -43.04687500170699366, -4.076582343750016157 ) ) ;
#1621 = CARTESIAN_POINT ( 'NONE',  ( 2.081899558550498061E-16, -53.43750000000000000, -3.400000000000015898 ) ) ;
#1622 =( BOUNDED_CURVE ( )  B_SPLINE_CURVE ( 2, ( #2283, #5644, #5788, #3790, #4141, #1297, #4742, #3682, #3224 ),
 .UNSPECIFIED., .F., .F. ) 
 B_SPLINE_CURVE_WITH_KNOTS ( ( 3, 2, 2, 2, 3 ),
 ( 0.3229166666666666852, 0.3281250000000000000, 0.3333333333333333703, 0.3385416666666667407, 0.3437500000000000555 ),
 .UNSPECIFIED. ) 
 CURVE ( )  GEOMETRIC_REPRESENTATION_ITEM ( )  RATIONAL_B_SPLINE_CURVE ( ( 1.000000000000000000, 0.9238795325112867385, 1.000000000000000000, 0.9238795325112867385, 1.000000000000000000, 0.9238795325112867385, 1.000000000000000000, 0.9238795325112859613, 1.000000000000000888 ) ) 
 REPRESENTATION_ITEM ( '' )  );
#1623 = ORIENTED_EDGE ( 'NONE', *, *, #4806, .T. ) ;
#1624 = ORIENTED_EDGE ( 'NONE', *, *, #235, .F. ) ;
#1625 = CARTESIAN_POINT ( 'NONE',  ( -2.404163056034259061, -47.03125000341398732, 2.404163056034238188 ) ) ;
#1626 = CARTESIAN_POINT ( 'NONE',  ( 1.408326112068522651, -53.04687500341398732, 3.399999999999975486 ) ) ;
#1627 = CARTESIAN_POINT ( 'NONE',  ( 4.076582343749995729, -62.03125000170700787, -1.688575694911966796 ) ) ;
#1628 = CARTESIAN_POINT ( 'NONE',  ( 3.399999999999995026, -58.82812500000000000, 1.408326112068504221 ) ) ;
#1629 = CARTESIAN_POINT ( 'NONE',  ( 2.404163056034257728, -36.40625000000000000, 2.404163056034239077 ) ) ;
#1630 = CARTESIAN_POINT ( 'NONE',  ( -1.688575694911946590, -56.71875000170699366, -4.076582343750016157 ) ) ;
#1631 = EDGE_CURVE ( 'NONE', #6114, #5432, #3603, .T. ) ;
#1632 = CARTESIAN_POINT ( 'NONE',  ( 2.882579019330971715, -38.04687500170699366, -2.882579019330991699 ) ) ;
#1633 = CARTESIAN_POINT ( 'NONE',  ( 4.076582343749994841, -35.78125000170700076, 1.688575694911929936 ) ) ;
#1634 =( BOUNDED_CURVE ( )  B_SPLINE_CURVE ( 2, ( #5855, #4449, #1894, #1457, #5390, #5422, #6316, #2389, #1424 ),
 .UNSPECIFIED., .F., .F. ) 
 B_SPLINE_CURVE_WITH_KNOTS ( ( 3, 2, 2, 2, 3 ),
 ( 0.1145833333333334259, 0.1197916666666667129, 0.1250000000000000000, 0.1302083333333332871, 0.1354166666666665464 ),
 .UNSPECIFIED. ) 
 CURVE ( )  GEOMETRIC_REPRESENTATION_ITEM ( )  RATIONAL_B_SPLINE_CURVE ( ( 0.9999999999999985567, 0.9238795325112881818, 1.000000000000000000, 0.9238795325112867385, 1.000000000000000000, 0.9238795325112867385, 1.000000000000000000, 0.9238795325112884038, 0.9999999999999983347 ) ) 
 REPRESENTATION_ITEM ( '' )  );
#1635 = CARTESIAN_POINT ( 'NONE',  ( 1.408326112068521985, -54.76562500000000711, -3.400000000000015898 ) ) ;
#1636 = EDGE_CURVE ( 'NONE', #150, #5481, #5081, .T. ) ;
#1637 = CARTESIAN_POINT ( 'NONE',  ( 2.081899558550498061E-16, -39.68750000000000000, -3.400000000000015898 ) ) ;
#1638 = CARTESIAN_POINT ( 'NONE',  ( 3.399999999999995914, -53.98437500341399442, -1.408326112068541525 ) ) ;
#1639 = VECTOR ( 'NONE', #611, 1000.000000000000000 ) ;
#1640 = CARTESIAN_POINT ( 'NONE',  ( -4.076582343749995729, -50.07812500170699366, -2.045227899661720714E-14 ) ) ;
#1641 = CARTESIAN_POINT ( 'NONE',  ( -1.688575694911946590, -50.46875000170697945, -4.076582343750016157 ) ) ;
#1642 =( NAMED_UNIT ( * ) PLANE_ANGLE_UNIT ( ) SI_UNIT ( $, .RADIAN. ) );
#1643 = EDGE_CURVE ( 'NONE', #5708, #3438, #1469, .T. ) ;
#1644 = CARTESIAN_POINT ( 'NONE',  ( -6.245698675651493936E-16, -40.62500000341398732, 3.399999999999975930 ) ) ;
#1645 = CARTESIAN_POINT ( 'NONE',  ( -4.076582343749996618, -37.50000000170700076, 1.688575694911926828 ) ) ;
#1646 = CARTESIAN_POINT ( 'NONE',  ( -1.408326112068511993, -61.95312500341398021, 3.399999999999986589 ) ) ;
#1647 = CARTESIAN_POINT ( 'NONE',  ( -3.399999999999995914, -41.87500000000000000, -2.036942155645390229E-14 ) ) ;
#1648 = CARTESIAN_POINT ( 'NONE',  ( 0.000000000000000000, -65.00000000000000000, -1.995304164474380342E-14 ) ) ;
#1649 = CARTESIAN_POINT ( 'NONE',  ( -1.688575694911946590, -60.31250000170700076, -4.076582343750016157 ) ) ;
#1650 = CARTESIAN_POINT ( 'NONE',  ( 2.496186759367024056E-16, -64.14062500170700787, -4.076582343750016157 ) ) ;
#1651 = DIRECTION ( 'NONE',  ( 0.000000000000000000, 0.000000000000000000, -1.000000000000000000 ) ) ;
#1652 = CARTESIAN_POINT ( 'NONE',  ( -6.245698675651493936E-16, -61.56250000000000000, 3.399999999999975930 ) ) ;
#1653 = CARTESIAN_POINT ( 'NONE',  ( -1.408326112068523317, -51.64062500000000000, 3.399999999999975042 ) ) ;
#1654 = CARTESIAN_POINT ( 'NONE',  ( -1.688575694911946590, -45.31250000170699366, -4.076582343750016157 ) ) ;
#1655 = CARTESIAN_POINT ( 'NONE',  ( -2.882579019330970826, -52.73437500170699366, -2.882579019330991699 ) ) ;
#1656 = CARTESIAN_POINT ( 'NONE',  ( 0.000000000000000000, -65.00000000000000000, -1.995304164474380342E-14 ) ) ;
#1657 = CARTESIAN_POINT ( 'NONE',  ( -4.076582343749996618, -48.90625000170699366, 1.688575694911926828 ) ) ;
#1658 = CARTESIAN_POINT ( 'NONE',  ( 1.688575694911947256, -40.62500000170698655, -4.076582343750016157 ) ) ;
#1659 = CARTESIAN_POINT ( 'NONE',  ( 2.404163056034257728, -49.21875000341398021, 2.404163056034239077 ) ) ;
#1660 = ORIENTED_EDGE ( 'NONE', *, *, #1560, .T. ) ;
#1661 = ORIENTED_EDGE ( 'NONE', *, *, #3698, .F. ) ;
#1662 = AXIS2_PLACEMENT_3D ( 'NONE', #1226, #6207, #2252 ) ;
#1663 = CARTESIAN_POINT ( 'NONE',  ( 3.399999999999995026, -39.14062500341398732, 1.408326112068504221 ) ) ;
#1664 = VECTOR ( 'NONE', #435, 1000.000000000000000 ) ;
#1665 = CARTESIAN_POINT ( 'NONE',  ( -1.408326112068521319, -48.67187500341398732, -3.400000000000015898 ) ) ;
#1666 = CARTESIAN_POINT ( 'NONE',  ( -1.408326112068521319, -46.17187500341398732, -3.400000000000015898 ) ) ;
#1667 = CARTESIAN_POINT ( 'NONE',  ( -1.688575694911946590, -59.21875000170699366, -4.076582343750016157 ) ) ;
#1668 = CARTESIAN_POINT ( 'NONE',  ( 1.408326112068505109, -58.98437500000000000, 3.399999999999992362 ) ) ;
#1669 =( BOUNDED_CURVE ( )  B_SPLINE_CURVE ( 2, ( #236, #164, #5254, #2243, #2175, #1749, #4768, #6359, #268 ),
 .UNSPECIFIED., .F., .F. ) 
 B_SPLINE_CURVE_WITH_KNOTS ( ( 3, 2, 2, 2, 3 ),
 ( 0.3645833333333333703, 0.3697916666666667407, 0.3750000000000000555, 0.3802083333333333703, 0.3854166666666667407 ),
 .UNSPECIFIED. ) 
 CURVE ( )  GEOMETRIC_REPRESENTATION_ITEM ( )  RATIONAL_B_SPLINE_CURVE ( ( 0.9999999999999992228, 0.9238795325112875156, 1.000000000000000000, 0.9238795325112867385, 1.000000000000000000, 0.9238795325112867385, 1.000000000000000000, 0.9238795325112859613, 1.000000000000000888 ) ) 
 REPRESENTATION_ITEM ( '' )  );
#1670 = CARTESIAN_POINT ( 'NONE',  ( -3.399999999999995914, -39.37500000000000000, -2.036942155645390229E-14 ) ) ;
#1671 = CARTESIAN_POINT ( 'NONE',  ( -4.076582343749996618, -56.40625000170699366, 1.688575694911926828 ) ) ;
#1672 = CARTESIAN_POINT ( 'NONE',  ( 2.882579019330971715, -64.45312500170699366, -2.882579019330991699 ) ) ;
#1673 = CARTESIAN_POINT ( 'NONE',  ( 3.399999999999995914, -60.31250000341398021, -1.995304164474380342E-14 ) ) ;
#1674 = CARTESIAN_POINT ( 'NONE',  ( -4.076582343749995729, -35.15625000170698655, -1.688575694911967240 ) ) ;
#1675 = CARTESIAN_POINT ( 'NONE',  ( -1.408326112068521319, -63.67187500341397310, -3.400000000000015898 ) ) ;
#1676 = CARTESIAN_POINT ( 'NONE',  ( 2.081899558550498061E-16, -53.43750000000000000, -3.400000000000015898 ) ) ;
#1677 = CARTESIAN_POINT ( 'NONE',  ( -3.408133602804145568, -64.38313360280410791, -0.2312726655249722763 ) ) ;
#1678 =( BOUNDED_CURVE ( )  B_SPLINE_CURVE ( 2, ( #4895, #858, #5903, #431, #1411 ),
 .UNSPECIFIED., .F., .T. ) 
 B_SPLINE_CURVE_WITH_KNOTS ( ( 3, 2, 3 ),
 ( 0.02083333333333426199, 0.02604166666666703212, 0.03124999999999979530 ),
 .UNSPECIFIED. ) 
 CURVE ( )  GEOMETRIC_REPRESENTATION_ITEM ( )  RATIONAL_B_SPLINE_CURVE ( ( 0.9999999999999864553, 0.9238795325113002832, 1.000000000000000000, 0.9238795325112897361, 0.9999999999999970024 ) ) 
 REPRESENTATION_ITEM ( '' )  );
#1679 = CARTESIAN_POINT ( 'NONE',  ( -1.688575694911949698, -52.34375000170699366, 4.076582343749975301 ) ) ;
#1680 = CARTESIAN_POINT ( 'NONE',  ( 1.688575694911947256, -53.12500000170698655, -4.076582343750016157 ) ) ;
#1681 = CARTESIAN_POINT ( 'NONE',  ( 2.081899558550498061E-16, -40.00000000341398732, -3.400000000000015898 ) ) ;
#1682 = CARTESIAN_POINT ( 'NONE',  ( 2.081899558550498061E-16, -42.50000000341398732, -3.400000000000015898 ) ) ;
#1683 = CARTESIAN_POINT ( 'NONE',  ( 4.076582343749995729, -38.12500000170699366, -1.688575694911966796 ) ) ;
#1684 = CARTESIAN_POINT ( 'NONE',  ( 2.081899558550498061E-16, -46.25000000341398732, -3.400000000000015898 ) ) ;
#1685 = CARTESIAN_POINT ( 'NONE',  ( -1.688575694911946590, -64.06250000170699366, -4.076582343750016157 ) ) ;
#1686 = FACE_OUTER_BOUND ( 'NONE', #1498, .T. ) ;
#1687 = CARTESIAN_POINT ( 'NONE',  ( -2.404163056034259061, -34.53125000341398732, 2.404163056034238188 ) ) ;
#1688 = CARTESIAN_POINT ( 'NONE',  ( 1.408326112068522651, -48.98437500000000000, 3.399999999999975486 ) ) ;
#1689 = CARTESIAN_POINT ( 'NONE',  ( -1.688575694911946590, -46.56250000170699366, -4.076582343750016157 ) ) ;
#1690 = CARTESIAN_POINT ( 'NONE',  ( -2.882579019330972159, -52.42187500170699366, 2.882579019330950842 ) ) ;
#1691 = CARTESIAN_POINT ( 'NONE',  ( 3.399999999999995914, -57.81250000341398732, -1.995304164474380342E-14 ) ) ;
#1692 = CARTESIAN_POINT ( 'NONE',  ( -4.076582343749995729, -36.56250000170699366, -1.688575694911967684 ) ) ;
#1693 = CARTESIAN_POINT ( 'NONE',  ( -4.076582343749995729, -48.98437500170699366, -2.045227899661720714E-14 ) ) ;
#1694 = CARTESIAN_POINT ( 'NONE',  ( 2.496186759367024056E-16, -36.79687500170698655, -4.076582343750016157 ) ) ;
#1695 = CARTESIAN_POINT ( 'NONE',  ( -6.245698675651493936E-16, -53.12500000341398021, 3.399999999999975930 ) ) ;
#1696 = ORIENTED_EDGE ( 'NONE', *, *, #5934, .T. ) ;
#1697 = ORIENTED_EDGE ( 'NONE', *, *, #3286, .T. ) ;
#1698 = CC_DESIGN_DATE_AND_TIME_ASSIGNMENT ( #1854, #4282, ( #1211 ) ) ;
#1699 = CARTESIAN_POINT ( 'NONE',  ( -6.245698675651493936E-16, -46.56250000000000711, 3.399999999999975930 ) ) ;
#1700 = CARTESIAN_POINT ( 'NONE',  ( 1.408326112068521985, -46.32812500341398732, -3.400000000000015898 ) ) ;
#1701 = CARTESIAN_POINT ( 'NONE',  ( 3.399999999999995914, -46.56250000341398732, -1.995304164474380342E-14 ) ) ;
#1702 = CARTESIAN_POINT ( 'NONE',  ( 1.688575694911947922, -61.09375000170700076, 4.076582343749975301 ) ) ;
#1703 = CARTESIAN_POINT ( 'NONE',  ( 3.808651545348268472E-15, 1.329783579673954269E-29, 0.000000000000000000 ) ) ;
#1704 = FACE_BOUND ( 'NONE', #6015, .T. ) ;
#1705 = DIRECTION ( 'NONE',  ( -0.000000000000000000, -1.000000000000000000, -0.000000000000000000 ) ) ;
#1706 = CARTESIAN_POINT ( 'NONE',  ( 4.076582343749994841, -53.43750000170699366, 1.688575694911929936 ) ) ;
#1707 = CARTESIAN_POINT ( 'NONE',  ( 1.688575694911947922, -61.09375000170700076, 4.076582343749975301 ) ) ;
#1708 = CARTESIAN_POINT ( 'NONE',  ( -3.399999999999996358, -59.60937500341398021, 1.408326112068500890 ) ) ;
#1709 = CARTESIAN_POINT ( 'NONE',  ( -6.245698675651493936E-16, -61.87500000341398732, 3.399999999999975930 ) ) ;
#1710 = CARTESIAN_POINT ( 'NONE',  ( -1.688575694911946590, -57.81250000170701497, -4.076582343750016157 ) ) ;
#1711 = CARTESIAN_POINT ( 'NONE',  ( -2.404163056034258172, -62.34375000341398732, -2.404163056034278600 ) ) ;
#1712 = CARTESIAN_POINT ( 'NONE',  ( 2.404163056034258616, -48.59375000000000711, -2.404163056034278600 ) ) ;
#1713 = CARTESIAN_POINT ( 'NONE',  ( -0.9029412743271523212, -64.54135396649145662, -3.457803628252032802 ) ) ;
#1714 = ORIENTED_EDGE ( 'NONE', *, *, #1185, .F. ) ;
#1715 = CARTESIAN_POINT ( 'NONE',  ( -7.488560278101070689E-16, -44.76562500170700076, 4.076582343749976189 ) ) ;
#1716 = CARTESIAN_POINT ( 'NONE',  ( 2.882579019330970382, -53.51562500170699366, 2.882579019330952175 ) ) ;
#1717 = CARTESIAN_POINT ( 'NONE',  ( -1.408326112068540414, -59.14062499999998579, 3.399999999999957723 ) ) ;
#1718 = CARTESIAN_POINT ( 'NONE',  ( 2.081899558550498061E-16, -47.50000000341398732, -3.400000000000015898 ) ) ;
#1719 = CARTESIAN_POINT ( 'NONE',  ( -6.245698675651493936E-16, -46.87500000341398732, 3.399999999999975930 ) ) ;
#1720 =( BOUNDED_CURVE ( )  B_SPLINE_CURVE ( 2, ( #444, #5360, #6438, #4909, #3887, #6347, #931, #1862, #3948 ),
 .UNSPECIFIED., .F., .F. ) 
 B_SPLINE_CURVE_WITH_KNOTS ( ( 3, 2, 2, 2, 3 ),
 ( 0.1145833333333334259, 0.1197916666666667129, 0.1250000000000000000, 0.1302083333333332871, 0.1354166666666665464 ),
 .UNSPECIFIED. ) 
 CURVE ( )  GEOMETRIC_REPRESENTATION_ITEM ( )  RATIONAL_B_SPLINE_CURVE ( ( 0.9999999999999985567, 0.9238795325112881818, 1.000000000000000000, 0.9238795325112867385, 1.000000000000000000, 0.9238795325112867385, 1.000000000000000000, 0.9238795325112884038, 0.9999999999999983347 ) ) 
 REPRESENTATION_ITEM ( '' )  );
#1721 = CARTESIAN_POINT ( 'NONE',  ( 1.688575694911947256, -60.46875000170700076, -4.076582343750016157 ) ) ;
#1722 = CARTESIAN_POINT ( 'NONE',  ( 0.000000000000000000, -65.00000000000000000, -1.995304164474380342E-14 ) ) ;
#1723 = ADVANCED_FACE ( 'NONE', ( #5667 ), #3570, .F. ) ;
#1724 = CARTESIAN_POINT ( 'NONE',  ( 3.399999999999995026, -63.82812500000000000, 1.408326112068503777 ) ) ;
#1725 = CARTESIAN_POINT ( 'NONE',  ( -2.404163056034259061, -50.46875000000000000, 2.404163056034238188 ) ) ;
#1726 = CARTESIAN_POINT ( 'NONE',  ( -4.076582343749995729, -47.65625000170700076, -1.688575694911967684 ) ) ;
#1727 = CARTESIAN_POINT ( 'NONE',  ( 2.882579019330971715, -49.29687500170700076, -2.882579019330991699 ) ) ;
#1728 = DIRECTION ( 'NONE',  ( 0.000000000000000000, 0.000000000000000000, -1.000000000000000000 ) ) ;
#1729 = ADVANCED_FACE ( 'NONE', ( #658 ), #4662, .F. ) ;
#1730 = CARTESIAN_POINT ( 'NONE',  ( 2.882579019330971715, -44.45312500170699366, -2.882579019330991699 ) ) ;
#1731 = CARTESIAN_POINT ( 'NONE',  ( 4.076582343749995729, -37.03125000170698655, -1.688575694911966796 ) ) ;
#1732 = CARTESIAN_POINT ( 'NONE',  ( 2.081899558550498061E-16, -52.18750000000000000, -3.400000000000015898 ) ) ;
#1733 = ORIENTED_EDGE ( 'NONE', *, *, #5111, .F. ) ;
#1734 = EDGE_LOOP ( 'NONE', ( #5783, #3775, #2679, #4890, #446 ) ) ;
#1735 = DIRECTION ( 'NONE',  ( -0.000000000000000000, -1.000000000000000000, -0.000000000000000000 ) ) ;
#1736 = CARTESIAN_POINT ( 'NONE',  ( 3.399999999999995026, -42.89062500341398732, 1.408326112068503777 ) ) ;
#1737 = CARTESIAN_POINT ( 'NONE',  ( -1.408326112068523317, -45.70312500341399442, 3.399999999999975042 ) ) ;
#1738 = CARTESIAN_POINT ( 'NONE',  ( -2.404163056034259061, -49.53125000341398021, 2.404163056034238188 ) ) ;
#1739 = CARTESIAN_POINT ( 'NONE',  ( 2.404163056034257728, -58.90625000000000000, 2.404163056034239077 ) ) ;
#1740 = CARTESIAN_POINT ( 'NONE',  ( -3.399999999999995914, -35.62500000000000711, -2.036942155645390229E-14 ) ) ;
#1741 = DIRECTION ( 'NONE',  ( -0.000000000000000000, -1.000000000000000000, -0.000000000000000000 ) ) ;
#1742 = CARTESIAN_POINT ( 'NONE',  ( -1.688575694911946590, -52.96875000170698655, -4.076582343750016157 ) ) ;
#1743 = CARTESIAN_POINT ( 'NONE',  ( 2.882579019330971715, -61.95312500170699366, -2.882579019330991699 ) ) ;
#1744 = CARTESIAN_POINT ( 'NONE',  ( 2.404163056034257728, -59.21875000341398732, 2.404163056034239077 ) ) ;
#1745 = CARTESIAN_POINT ( 'NONE',  ( 1.408326112068522651, -63.04687500341398021, 3.399999999999975486 ) ) ;
#1746 = CARTESIAN_POINT ( 'NONE',  ( -1.688575694911946590, -56.56250000170700076, -4.076582343750016157 ) ) ;
#1747 = CARTESIAN_POINT ( 'NONE',  ( 2.081899558550498061E-16, -63.75000000341399442, -3.400000000000015898 ) ) ;
#1748 = CARTESIAN_POINT ( 'NONE',  ( -2.404163056034258172, -49.53125000000000000, -2.404163056034278600 ) ) ;
#1749 = CARTESIAN_POINT ( 'NONE',  ( 3.399999999999995914, -53.67187500000000000, -1.408326112068541525 ) ) ;
#1750 = EDGE_LOOP ( 'NONE', ( #3094, #1623 ) ) ;
#1751 = CARTESIAN_POINT ( 'NONE',  ( -4.076582343749995729, -47.57812500170699366, -2.045227899661720714E-14 ) ) ;
#1752 = CARTESIAN_POINT ( 'NONE',  ( 4.076582343749994841, -50.93750000170699366, 1.688575694911929936 ) ) ;
#1753 = CARTESIAN_POINT ( 'NONE',  ( 2.081899558550498061E-16, -59.68750000000000711, -3.400000000000015898 ) ) ;
#1754 = CARTESIAN_POINT ( 'NONE',  ( -1.408326112068521763, -48.67187500341398732, -3.400000000000015898 ) ) ;
#1755 = CARTESIAN_POINT ( 'NONE',  ( 3.399999999999995026, -37.57812500000000711, 1.408326112068504221 ) ) ;
#1756 = AXIS2_PLACEMENT_3D ( 'NONE', #4725, #1810, #3772 ) ;
#1757 = VECTOR ( 'NONE', #5342, 1000.000000000000000 ) ;
#1758 = CARTESIAN_POINT ( 'NONE',  ( 2.496186759367024056E-16, -61.64062500170699366, -4.076582343750016157 ) ) ;
#1759 = CARTESIAN_POINT ( 'NONE',  ( -2.404163056034259061, -55.46875000000000711, 2.404163056034238188 ) ) ;
#1760 = CARTESIAN_POINT ( 'NONE',  ( -1.408326112068523317, -34.45312500341398732, 3.399999999999975042 ) ) ;
#1761 = CARTESIAN_POINT ( 'NONE',  ( -3.399999999999995914, -48.12500000000000000, -2.036942155645390229E-14 ) ) ;
#1762 = CARTESIAN_POINT ( 'NONE',  ( 4.076582343749995729, -45.70312500170699366, -1.995304164474380342E-14 ) ) ;
#1763 = CARTESIAN_POINT ( 'NONE',  ( -1.688575694911949698, -47.34375000170699366, 4.076582343749975301 ) ) ;
#1764 = CARTESIAN_POINT ( 'NONE',  ( 4.076582343749995729, -64.53125000170699366, -1.995304164474380342E-14 ) ) ;
#1765 = CARTESIAN_POINT ( 'NONE',  ( 2.882579019330970382, -44.76562500170699366, 2.882579019330952175 ) ) ;
#1766 = CARTESIAN_POINT ( 'NONE',  ( -4.076582343749995729, -36.48437500170699366, -2.045227899661720714E-14 ) ) ;
#1767 = CARTESIAN_POINT ( 'NONE',  ( 2.404163056034258616, -51.09375000000000000, -2.404163056034278600 ) ) ;
#1768 = ORIENTED_EDGE ( 'NONE', *, *, #5888, .T. ) ;
#1769 = CARTESIAN_POINT ( 'NONE',  ( 3.399999999999995026, -63.82812500000000000, 1.408326112068504221 ) ) ;
#1770 = CARTESIAN_POINT ( 'NONE',  ( -2.404163056034259061, -40.78125000341398021, 2.404163056034238188 ) ) ;
#1771 = CARTESIAN_POINT ( 'NONE',  ( 1.408326112068522651, -45.54687500341398732, 3.399999999999975486 ) ) ;
#1772 = CARTESIAN_POINT ( 'NONE',  ( 3.399999999999995914, -63.75000000000000000, -1.995304164474380342E-14 ) ) ;
#1773 = DIRECTION ( 'NONE',  ( 0.000000000000000000, 0.000000000000000000, 1.000000000000000000 ) ) ;
#1774 = CARTESIAN_POINT ( 'NONE',  ( -3.399999999999996803, -43.04687500000000711, 1.408326112068501335 ) ) ;
#1775 = CARTESIAN_POINT ( 'NONE',  ( 2.882579019330971715, -64.29687500170699366, -2.882579019330991699 ) ) ;
#1776 = CARTESIAN_POINT ( 'NONE',  ( -2.882579019330970826, -52.89062500170699366, -2.882579019330991699 ) ) ;
#1777 = ORIENTED_EDGE ( 'NONE', *, *, #1451, .F. ) ;
#1778 = EDGE_CURVE ( 'NONE', #2370, #3438, #1105, .T. ) ;
#1779 = CARTESIAN_POINT ( 'NONE',  ( -4.076582343749995729, -62.81250000170698655, -1.688575694911967684 ) ) ;
#1780 = CARTESIAN_POINT ( 'NONE',  ( -3.399999999999996358, -54.60937500341398732, 1.408326112068500890 ) ) ;
#1781 = CARTESIAN_POINT ( 'NONE',  ( 2.404163056034258616, -62.65625000341398732, -2.404163056034278600 ) ) ;
#1782 = CARTESIAN_POINT ( 'NONE',  ( 2.882579019330970382, -58.35937500170699366, 2.882579019330952175 ) ) ;
#1783 = CARTESIAN_POINT ( 'NONE',  ( -4.076582343749995729, -36.32812500170700076, -2.045227899661720714E-14 ) ) ;
#1784 = CARTESIAN_POINT ( 'NONE',  ( 1.408326112068521985, -48.51562500000000711, -3.400000000000015898 ) ) ;
#1785 = LINE ( 'NONE', #2635, #286 ) ;
#1786 = CONICAL_SURFACE ( 'NONE', #415, 4.025000000000000355, 0.7853981633974503884 ) ;
#1787 = ORIENTED_EDGE ( 'NONE', *, *, #4167, .T. ) ;
#1788 = CARTESIAN_POINT ( 'NONE',  ( 4.076582343749995729, -48.12500000170699366, -1.688575694911966796 ) ) ;
#1789 = CARTESIAN_POINT ( 'NONE',  ( 2.496186759367024056E-16, -50.54687500170699366, -4.076582343750016157 ) ) ;
#1790 = APPROVAL_DATE_TIME ( #1008, #5379 ) ;
#1791 = CARTESIAN_POINT ( 'NONE',  ( 3.399999999999995026, -57.57812500000000000, 1.408326112068504221 ) ) ;
#1792 = CARTESIAN_POINT ( 'NONE',  ( 3.399999999999995914, -46.48437500341399442, -1.408326112068541525 ) ) ;
#1793 = CARTESIAN_POINT ( 'NONE',  ( 1.408326112068510438, -55.07812500341397310, -3.400000000000027445 ) ) ;
#1794 = EDGE_CURVE ( 'NONE', #5726, #4333, #3231, .T. ) ;
#1795 = CARTESIAN_POINT ( 'NONE',  ( 4.076582343749994841, -60.78125000170700076, 1.688575694911929936 ) ) ;
#1796 = CARTESIAN_POINT ( 'NONE',  ( -2.404163056034258172, -64.53125000000000000, -2.404163056034278600 ) ) ;
#1797 = CARTESIAN_POINT ( 'NONE',  ( -1.408326112068521319, -47.10937500000001421, -3.400000000000015898 ) ) ;
#1798 = CARTESIAN_POINT ( 'NONE',  ( -1.688575694911950142, -41.09375000170699366, 4.076582343749975301 ) ) ;
#1799 = CARTESIAN_POINT ( 'NONE',  ( -7.488560278101070689E-16, -48.51562500170699366, 4.076582343749976189 ) ) ;
#1800 = DIRECTION ( 'NONE',  ( -0.000000000000000000, -1.000000000000000000, -0.000000000000000000 ) ) ;
#1801 = CARTESIAN_POINT ( 'NONE',  ( 2.882579019330970382, -42.26562500170699366, 2.882579019330952175 ) ) ;
#1802 = CARTESIAN_POINT ( 'NONE',  ( 2.496186759367024056E-16, -38.04687500170698655, -4.076582343750016157 ) ) ;
#1803 = CARTESIAN_POINT ( 'NONE',  ( 0.000000000000000000, -65.00000000000000000, -1.995304164474380342E-14 ) ) ;
#1804 = ORIENTED_EDGE ( 'NONE', *, *, #4529, .T. ) ;
#1805 = DIRECTION ( 'NONE',  ( 0.000000000000000000, 0.000000000000000000, -1.000000000000000000 ) ) ;
#1806 = CARTESIAN_POINT ( 'NONE',  ( 2.404163056034258616, -43.90625000341398732, -2.404163056034278600 ) ) ;
#1807 = CARTESIAN_POINT ( 'NONE',  ( -1.408326112068521319, -44.92187500341398732, -3.400000000000015898 ) ) ;
#1808 = CARTESIAN_POINT ( 'NONE',  ( -3.399999999999996803, -49.60937500341398732, 1.408326112068501335 ) ) ;
#1809 = CARTESIAN_POINT ( 'NONE',  ( 4.076582343749995729, -61.87500000170700076, -1.688575694911966796 ) ) ;
#1810 = DIRECTION ( 'NONE',  ( 6.982962677686266711E-15, -1.000000000000000000, 0.000000000000000000 ) ) ;
#1811 = LINE ( 'NONE', #1243, #4579 ) ;
#1812 = CARTESIAN_POINT ( 'NONE',  ( -4.076582343749995729, -50.23437500170699366, -2.045227899661720714E-14 ) ) ;
#1813 = ORIENTED_EDGE ( 'NONE', *, *, #2786, .T. ) ;
#1814 = CARTESIAN_POINT ( 'NONE',  ( 4.076582343749995729, -62.10937500170699366, -1.995304164474380342E-14 ) ) ;
#1815 = CARTESIAN_POINT ( 'NONE',  ( 3.399999999999995470, -55.23437500341398021, -1.408326112068541525 ) ) ;
#1816 = CARTESIAN_POINT ( 'NONE',  ( -2.404163056034258172, -62.34375000341398732, -2.404163056034278600 ) ) ;
#1817 = CARTESIAN_POINT ( 'NONE',  ( 4.076582343749994841, -58.28125000170699366, 1.688575694911929936 ) ) ;
#1818 = CARTESIAN_POINT ( 'NONE',  ( 3.399999999999995026, -41.64062500341398732, 1.408326112068504221 ) ) ;
#1819 = CARTESIAN_POINT ( 'NONE',  ( -3.399999999999995914, -49.37500000000000000, -2.036942155645390229E-14 ) ) ;
#1820 = DIRECTION ( 'NONE',  ( -0.000000000000000000, -1.000000000000000000, -0.000000000000000000 ) ) ;
#1821 = EDGE_CURVE ( 'NONE', #319, #3951, #191, .T. ) ;
#1822 = ORIENTED_EDGE ( 'NONE', *, *, #2212, .T. ) ;
#1823 = CARTESIAN_POINT ( 'NONE',  ( 4.076582343749995729, -45.62500000170699366, -1.688575694911966796 ) ) ;
#1824 = CARTESIAN_POINT ( 'NONE',  ( 4.076582343749995729, -45.85937500170698655, -1.995304164474380342E-14 ) ) ;
#1825 = APPROVAL_DATE_TIME ( #6340, #2858 ) ;
#1826 = CARTESIAN_POINT ( 'NONE',  ( 2.081899558550498061E-16, -54.68750000000000000, -3.400000000000015898 ) ) ;
#1827 = VECTOR ( 'NONE', #952, 1000.000000000000000 ) ;
#1828 = CARTESIAN_POINT ( 'NONE',  ( 4.076582343749995729, -56.87500000170700076, -1.688575694911966796 ) ) ;
#1829 = CARTESIAN_POINT ( 'NONE',  ( 1.408326112068521985, -57.26562500000001421, -3.400000000000015898 ) ) ;
#1830 = CARTESIAN_POINT ( 'NONE',  ( -2.882579019330972159, -39.92187500170699366, 2.882579019330950842 ) ) ;
#1831 = CARTESIAN_POINT ( 'NONE',  ( 1.688575694911947922, -47.18750000170699366, 4.076582343749975301 ) ) ;
#1832 = CARTESIAN_POINT ( 'NONE',  ( 1.408326112068568170, -63.82812500341400153, -3.399999999999969713 ) ) ;
#1833 = CARTESIAN_POINT ( 'NONE',  ( 4.076582343749995729, -44.60937500170698655, -1.995304164474380342E-14 ) ) ;
#1834 = CARTESIAN_POINT ( 'NONE',  ( -3.399999999999995914, -40.70312500000000711, -1.408326112068541747 ) ) ;
#1835 = ADVANCED_FACE ( 'NONE', ( #3070 ), #2064, .F. ) ;
#1836 = EDGE_LOOP ( 'NONE', ( #6235, #4509, #4735, #4753 ) ) ;
#1837 = AXIS2_PLACEMENT_3D ( 'NONE', #1496, #2431, #4889 ) ;
#1838 = CARTESIAN_POINT ( 'NONE',  ( 3.399999999999995914, -42.81250000341398021, -1.995304164474380342E-14 ) ) ;
#1839 = CARTESIAN_POINT ( 'NONE',  ( -6.245698675651493936E-16, -40.62500000341398732, 3.399999999999975930 ) ) ;
#1840 = CARTESIAN_POINT ( 'NONE',  ( 2.404163056034258616, -63.59375000000000711, -2.404163056034278600 ) ) ;
#1841 = CARTESIAN_POINT ( 'NONE',  ( 4.076582343749995729, -59.37500000170700076, -1.688575694911966796 ) ) ;
#1842 = CARTESIAN_POINT ( 'NONE',  ( -1.408326112068546188, -42.89062500000000000, 3.399999999999951950 ) ) ;
#1843 = CARTESIAN_POINT ( 'NONE',  ( 3.399999999999995914, -38.75000000000000711, -1.995304164474380342E-14 ) ) ;
#1844 = CARTESIAN_POINT ( 'NONE',  ( 4.076582343749995729, -53.28125000170698655, -1.688575694911966796 ) ) ;
#1845 = ORIENTED_EDGE ( 'NONE', *, *, #4822, .T. ) ;
#1846 = CARTESIAN_POINT ( 'NONE',  ( -2.882579019330970826, -59.14062500170699366, -2.882579019330991699 ) ) ;
#1847 = CARTESIAN_POINT ( 'NONE',  ( 3.399999999999995470, -56.48437500341398732, -1.408326112068541525 ) ) ;
#1848 = CARTESIAN_POINT ( 'NONE',  ( 3.399999999999995914, -61.56250000341398021, -1.995304164474380342E-14 ) ) ;
#1849 = CARTESIAN_POINT ( 'NONE',  ( -4.076582343749995729, -57.57812500170699366, -2.045227899661720714E-14 ) ) ;
#1850 = CARTESIAN_POINT ( 'NONE',  ( 1.408326112068521985, -46.01562500000000711, -3.400000000000015898 ) ) ;
#1851 = CARTESIAN_POINT ( 'NONE',  ( 2.404163056034257728, -46.40625000000000000, 2.404163056034239077 ) ) ;
#1852 = CARTESIAN_POINT ( 'NONE',  ( 1.688575694911947922, -47.18750000170699366, 4.076582343749975301 ) ) ;
#1853 = CARTESIAN_POINT ( 'NONE',  ( 4.076582343749994841, -45.93750000170698655, 1.688575694911929936 ) ) ;
#1854 = DATE_AND_TIME ( #2412, #737 ) ;
#1855 = CARTESIAN_POINT ( 'NONE',  ( 2.081899558550498061E-16, -57.18750000000000000, -3.400000000000015898 ) ) ;
#1856 = CYLINDRICAL_SURFACE ( 'NONE', #2971, 3.399999999999995914 ) ;
#1857 = CARTESIAN_POINT ( 'NONE',  ( -4.076582343749996618, -58.75000000170700076, 1.688575694911926828 ) ) ;
#1858 = CARTESIAN_POINT ( 'NONE',  ( -3.399999999999995470, -56.95312500000000000, -1.408326112068541747 ) ) ;
#1859 = CARTESIAN_POINT ( 'NONE',  ( -4.076582343749995729, -42.57812500170699366, -2.045227899661720714E-14 ) ) ;
#1860 = CARTESIAN_POINT ( 'NONE',  ( -1.688575694911949698, -48.59375000170699366, 4.076582343749975301 ) ) ;
#1861 = ADVANCED_FACE ( 'NONE', ( #5699, #1206 ), #588, .F. ) ;
#1862 = CARTESIAN_POINT ( 'NONE',  ( 1.408326112068544633, -61.01562500000000711, -3.399999999999992806 ) ) ;
#1863 = CARTESIAN_POINT ( 'NONE',  ( 4.076582343749994841, -43.43750000170700076, 1.688575694911929936 ) ) ;
#1864 = DIRECTION ( 'NONE',  ( -0.000000000000000000, -1.000000000000000000, -0.000000000000000000 ) ) ;
#1865 = AXIS2_PLACEMENT_3D ( 'NONE', #5828, #1366, #2841 ) ;
#1866 = ORIENTED_EDGE ( 'NONE', *, *, #2258, .F. ) ;
#1867 = CARTESIAN_POINT ( 'NONE',  ( -3.399999999999995914, -39.68750000341398732, -2.036942155645390229E-14 ) ) ;
#1868 = CARTESIAN_POINT ( 'NONE',  ( -2.404163056034259061, -43.28125000341398732, 2.404163056034238188 ) ) ;
#1869 = CARTESIAN_POINT ( 'NONE',  ( 1.408326112068522651, -61.48437500000001421, 3.399999999999975486 ) ) ;
#1870 = CARTESIAN_POINT ( 'NONE',  ( 4.076582343749994841, -63.28125000170699366, 1.688575694911929936 ) ) ;
#1871 = CARTESIAN_POINT ( 'NONE',  ( -2.404163056034258172, -39.84375000341398732, -2.404163056034278600 ) ) ;
#1872 = CARTESIAN_POINT ( 'NONE',  ( 2.404163056034257728, -60.15625000000000000, 2.404163056034239077 ) ) ;
#1873 = CARTESIAN_POINT ( 'NONE',  ( 2.882579019330970382, -46.01562500170699366, 2.882579019330952175 ) ) ;
#1874 = ORIENTED_EDGE ( 'NONE', *, *, #2960, .F. ) ;
#1875 = CARTESIAN_POINT ( 'NONE',  ( 2.496186759367024056E-16, -58.04687500170699366, -4.076582343750016157 ) ) ;
#1876 = CARTESIAN_POINT ( 'NONE',  ( -3.399999999999995914, -58.43750000341398732, -2.036942155645390229E-14 ) ) ;
#1877 = CARTESIAN_POINT ( 'NONE',  ( 3.399999999999995470, -58.98437500341398021, -1.408326112068541525 ) ) ;
#1878 = CARTESIAN_POINT ( 'NONE',  ( 2.882579019330971715, -50.54687500170699366, -2.882579019330991699 ) ) ;
#1879 = CARTESIAN_POINT ( 'NONE',  ( 4.163799117100996122E-16, -64.37500000000000000, 3.399999999999975930 ) ) ;
#1880 = CARTESIAN_POINT ( 'NONE',  ( 1.408326112068522651, -43.98437500000000711, 3.399999999999975486 ) ) ;
#1881 = CARTESIAN_POINT ( 'NONE',  ( 2.882579019330971715, -63.20312500170699366, -2.882579019330991699 ) ) ;
#1882 = ORIENTED_EDGE ( 'NONE', *, *, #5686, .T. ) ;
#1883 = EDGE_CURVE ( 'NONE', #6420, #2347, #1937, .T. ) ;
#1884 = CARTESIAN_POINT ( 'NONE',  ( -4.076582343749995729, -41.40625000170699366, -1.688575694911967240 ) ) ;
#1885 = CARTESIAN_POINT ( 'NONE',  ( 4.076582343749995729, -45.78125000170698655, -1.688575694911966796 ) ) ;
#1886 = COORDINATED_UNIVERSAL_TIME_OFFSET ( 8, 0, .AHEAD. ) ;
#1887 = CARTESIAN_POINT ( 'NONE',  ( -2.404163056034258172, -48.59375000341398021, -2.404163056034278600 ) ) ;
#1888 = CARTESIAN_POINT ( 'NONE',  ( 3.399999999999995026, -35.07812500000000000, 1.408326112068504221 ) ) ;
#1889 =( BOUNDED_CURVE ( )  B_SPLINE_CURVE ( 2, ( #5826, #1334, #5333, #842, #348, #1118, #4535, #3486, #5477 ),
 .UNSPECIFIED., .F., .F. ) 
 B_SPLINE_CURVE_WITH_KNOTS ( ( 3, 2, 2, 2, 3 ),
 ( 0.8437500000000000000, 0.8489583333333333703, 0.8541666666666665186, 0.8593749999999998890, 0.8645833333333332593 ),
 .UNSPECIFIED. ) 
 CURVE ( )  GEOMETRIC_REPRESENTATION_ITEM ( )  RATIONAL_B_SPLINE_CURVE ( ( 1.000000000000000000, 0.9238795325112867385, 1.000000000000000000, 0.9238795325112867385, 1.000000000000000000, 0.9238795325112867385, 1.000000000000000000, 0.9238795325112884038, 0.9999999999999983347 ) ) 
 REPRESENTATION_ITEM ( '' )  );
#1890 = CARTESIAN_POINT ( 'NONE',  ( 4.076582343749995729, -55.62500000170699366, -1.688575694911966796 ) ) ;
#1891 = CARTESIAN_POINT ( 'NONE',  ( 2.081899558550498061E-16, -58.43750000000000000, -3.400000000000015898 ) ) ;
#1892 = CARTESIAN_POINT ( 'NONE',  ( -2.882579019330972159, -41.17187500170699366, 2.882579019330950842 ) ) ;
#1893 = CARTESIAN_POINT ( 'NONE',  ( 4.076582343749994841, -45.78125000170698655, 1.688575694911929936 ) ) ;
#1894 = CARTESIAN_POINT ( 'NONE',  ( 2.404163056034257728, -60.46875000341398732, 2.404163056034239077 ) ) ;
#1895 = CARTESIAN_POINT ( 'NONE',  ( -2.882579019330970826, -57.89062500170698655, -2.882579019330991699 ) ) ;
#1896 = CARTESIAN_POINT ( 'NONE',  ( -3.399999999999995914, -62.18750000341398732, -2.036942155645390229E-14 ) ) ;
#1897 = ORIENTED_EDGE ( 'NONE', *, *, #2338, .T. ) ;
#1898 = LOCAL_TIME ( 18, 39, 47.00000000000000000, #1326 ) ;
#1899 =( BOUNDED_CURVE ( )  B_SPLINE_CURVE ( 2, ( #3081, #3680, #5642, #3615, #98, #3184, #5606, #5091, #5192 ),
 .UNSPECIFIED., .F., .F. ) 
 B_SPLINE_CURVE_WITH_KNOTS ( ( 3, 2, 2, 2, 3 ),
 ( 0.4270833333333334814, 0.4322916666666667962, 0.4375000000000000000, 0.4427083333333332593, 0.4479166666666665741 ),
 .UNSPECIFIED. ) 
 CURVE ( )  GEOMETRIC_REPRESENTATION_ITEM ( )  RATIONAL_B_SPLINE_CURVE ( ( 0.9999999999999975575, 0.9238795325112891810, 1.000000000000000000, 0.9238795325112867385, 1.000000000000000000, 0.9238795325112867385, 1.000000000000000000, 0.9238795325112884038, 0.9999999999999983347 ) ) 
 REPRESENTATION_ITEM ( '' )  );
#1900 = CARTESIAN_POINT ( 'NONE',  ( -6.245698675651493936E-16, -35.62500000341398021, 3.399999999999975930 ) ) ;
#1901 = CARTESIAN_POINT ( 'NONE',  ( -3.399999999999996358, -42.10937500341398021, 1.408326112068500890 ) ) ;
#1902 = CARTESIAN_POINT ( 'NONE',  ( -6.245698675651493936E-16, -59.06250000000000711, 3.399999999999975930 ) ) ;
#1903 = CARTESIAN_POINT ( 'NONE',  ( -2.882579019330972159, -63.67187500170700076, 2.882579019330950842 ) ) ;
#1904 = DIRECTION ( 'NONE',  ( 0.000000000000000000, 0.000000000000000000, -1.000000000000000000 ) ) ;
#1905 = CARTESIAN_POINT ( 'NONE',  ( 4.076582343749995729, -47.03125000170698655, -1.688575694911966796 ) ) ;
#1906 = CARTESIAN_POINT ( 'NONE',  ( 2.404163056034258616, -41.09375000000000000, -2.404163056034278600 ) ) ;
#1907 = VERTEX_POINT ( 'NONE', #295 ) ;
#1908 = CARTESIAN_POINT ( 'NONE',  ( -1.408326112068521319, -54.92187500341399442, -3.400000000000015898 ) ) ;
#1909 = CARTESIAN_POINT ( 'NONE',  ( 3.399999999999995470, -57.73437500341398021, -1.408326112068541525 ) ) ;
#1910 = CARTESIAN_POINT ( 'NONE',  ( -3.399999999999995914, -38.12500000000000711, -2.036942155645390229E-14 ) ) ;
#1911 = CARTESIAN_POINT ( 'NONE',  ( 2.882579019330971715, -51.79687500170699366, -2.882579019330991699 ) ) ;
#1912 = CARTESIAN_POINT ( 'NONE',  ( -6.245698675651493936E-16, -44.06250000000000711, 3.399999999999975930 ) ) ;
#1913 = CARTESIAN_POINT ( 'NONE',  ( 2.496186759367024056E-16, -63.04687500170700076, -4.076582343750016157 ) ) ;
#1914 = CARTESIAN_POINT ( 'NONE',  ( 0.000000000000000000, -65.00000000000000000, -3.400000000000015898 ) ) ;
#1915 = CARTESIAN_POINT ( 'NONE',  ( 4.076582343749994841, -44.53125000170698655, 1.688575694911929936 ) ) ;
#1916 = CARTESIAN_POINT ( 'NONE',  ( 4.076582343749994841, -49.68750000170698655, 1.688575694911929936 ) ) ;
#1917 = CALENDAR_DATE ( 2026, 20, 5 ) ;
#1918 = CARTESIAN_POINT ( 'NONE',  ( -6.245698675651493936E-16, -50.31250000000000000, 3.399999999999975930 ) ) ;
#1919 = CARTESIAN_POINT ( 'NONE',  ( 2.404163056034257728, -59.21875000341398732, 2.404163056034239077 ) ) ;
#1920 = CARTESIAN_POINT ( 'NONE',  ( 4.076582343749994841, -57.03125000170699366, 1.688575694911929936 ) ) ;
#1921 =( BOUNDED_CURVE ( )  B_SPLINE_CURVE ( 2, ( #1621, #1589, #3527, #5172, #77, #4578, #648, #5553, #3593 ),
 .UNSPECIFIED., .F., .T. ) 
 B_SPLINE_CURVE_WITH_KNOTS ( ( 3, 2, 2, 2, 3 ),
 ( 0.3854166666666667407, 0.3906250000000000555, 0.3958333333333333703, 0.4010416666666667962, 0.4062500000000001110 ),
 .UNSPECIFIED. ) 
 CURVE ( )  GEOMETRIC_REPRESENTATION_ITEM ( )  RATIONAL_B_SPLINE_CURVE ( ( 0.9999999999999992228, 0.9238795325112875156, 1.000000000000000000, 0.9238795325112867385, 1.000000000000000000, 0.9238795325112867385, 1.000000000000000000, 0.9238795325112850731, 1.000000000000001554 ) ) 
 REPRESENTATION_ITEM ( '' )  );
#1922 = CARTESIAN_POINT ( 'NONE',  ( 2.404163056034257728, -56.40625000000000711, 2.404163056034239077 ) ) ;
#1923 = CARTESIAN_POINT ( 'NONE',  ( 4.076582343749995729, -34.45312500170699366, -1.995304164474380342E-14 ) ) ;
#1924 = CARTESIAN_POINT ( 'NONE',  ( -4.076582343749995729, -43.90625000170699366, -1.688575694911967240 ) ) ;
#1925 = CARTESIAN_POINT ( 'NONE',  ( 0.000000000000000000, -35.00000000000000000, -3.400000000000013678 ) ) ;
#1926 = CARTESIAN_POINT ( 'NONE',  ( -7.488560278101070689E-16, -57.42187500170699366, 4.076582343749976189 ) ) ;
#1927 = ORIENTED_EDGE ( 'NONE', *, *, #1794, .F. ) ;
#1928 = CARTESIAN_POINT ( 'NONE',  ( 3.399999999999995026, -35.39062500341398732, 1.408326112068503777 ) ) ;
#1929 = CARTESIAN_POINT ( 'NONE',  ( 3.399999999999995470, -40.23437500341398021, -1.408326112068541525 ) ) ;
#1930 = CARTESIAN_POINT ( 'NONE',  ( 1.408326112068522651, -57.73437500000000711, 3.399999999999975486 ) ) ;
#1931 = CARTESIAN_POINT ( 'NONE',  ( 4.076582343749994841, -60.78125000170700076, 1.688575694911929936 ) ) ;
#1932 = CARTESIAN_POINT ( 'NONE',  ( -6.245698675651493936E-16, -49.37500000341398732, 3.399999999999975930 ) ) ;
#1933 = CARTESIAN_POINT ( 'NONE',  ( 4.076582343749994841, -45.93750000170698655, 1.688575694911929936 ) ) ;
#1934 = CARTESIAN_POINT ( 'NONE',  ( -6.245698675651493936E-16, -41.56250000000000000, 3.399999999999975930 ) ) ;
#1935 = ORIENTED_EDGE ( 'NONE', *, *, #5327, .F. ) ;
#1936 = CONICAL_SURFACE ( 'NONE', #4125, 3.399999999999993694, 1.029744258676652535 ) ;
#1937 =( BOUNDED_CURVE ( )  B_SPLINE_CURVE ( 2, ( #623, #2624, #122, #755, #1843, #3839, #5835, #3343, #1344 ),
 .UNSPECIFIED., .F., .T. ) 
 B_SPLINE_CURVE_WITH_KNOTS ( ( 3, 2, 2, 2, 3 ),
 ( 0.8645833333333332593, 0.8697916666666665186, 0.8750000000000000000, 0.8802083333333334814, 0.8854166666666667407 ),
 .UNSPECIFIED. ) 
 CURVE ( )  GEOMETRIC_REPRESENTATION_ITEM ( )  RATIONAL_B_SPLINE_CURVE ( ( 1.000000000000001554, 0.9238795325112850731, 1.000000000000000000, 0.9238795325112867385, 1.000000000000000000, 0.9238795325112867385, 1.000000000000000000, 0.9238795325112850731, 1.000000000000001554 ) ) 
 REPRESENTATION_ITEM ( '' )  );
#1938 = EDGE_CURVE ( 'NONE', #5749, #6004, #1811, .T. ) ;
#1939 = CARTESIAN_POINT ( 'NONE',  ( 2.496186759367024056E-16, -38.04687500170698655, -4.076582343750016157 ) ) ;
#1940 = CARTESIAN_POINT ( 'NONE',  ( -3.399999999999995470, -53.51562500341398732, -1.408326112068541747 ) ) ;
#1941 = CARTESIAN_POINT ( 'NONE',  ( 2.404163056034257728, -56.71875000341398021, 2.404163056034239077 ) ) ;
#1942 = CARTESIAN_POINT ( 'NONE',  ( -3.399999999999995470, -38.20312500000000711, -1.408326112068541747 ) ) ;
#1943 = CARTESIAN_POINT ( 'NONE',  ( 1.688575694911947922, -50.93750000170699366, 4.076582343749975301 ) ) ;
#1944 = CARTESIAN_POINT ( 'NONE',  ( 1.408326112068521985, -41.32812500341398732, -3.400000000000015898 ) ) ;
#1945 = CARTESIAN_POINT ( 'NONE',  ( -6.245698675651493936E-16, -42.81250000000000000, 3.399999999999975930 ) ) ;
#1946 = CARTESIAN_POINT ( 'NONE',  ( 4.076582343749995729, -60.85937500170698655, -1.995304164474380342E-14 ) ) ;
#1947 = CARTESIAN_POINT ( 'NONE',  ( 2.404163056034257728, -62.96875000341398021, 2.404163056034239077 ) ) ;
#1948 = CARTESIAN_POINT ( 'NONE',  ( -4.076582343749996618, -41.25000000170698655, 1.688575694911926828 ) ) ;
#1949 = CARTESIAN_POINT ( 'NONE',  ( 4.076582343749995729, -47.03125000170698655, -1.688575694911966796 ) ) ;
#1950 = CARTESIAN_POINT ( 'NONE',  ( -3.399999999999996358, -45.54687500000000711, 1.408326112068500890 ) ) ;
#1951 = CARTESIAN_POINT ( 'NONE',  ( -3.399999999999995914, -44.68750000341398021, -2.036942155645390229E-14 ) ) ;
#1952 = CARTESIAN_POINT ( 'NONE',  ( -2.882579019330972159, -54.92187500170700076, 2.882579019330950842 ) ) ;
#1953 = CARTESIAN_POINT ( 'NONE',  ( 3.399999999999995914, -57.50000000000000000, -1.995304164474380342E-14 ) ) ;
#1954 = CARTESIAN_POINT ( 'NONE',  ( -7.488560278101070689E-16, -37.26562500170699366, 4.076582343749976189 ) ) ;
#1955 = CARTESIAN_POINT ( 'NONE',  ( -4.076582343749996618, -40.00000000170700076, 1.688575694911926828 ) ) ;
#1956 = DIRECTION ( 'NONE',  ( -0.000000000000000000, -1.000000000000000000, -0.000000000000000000 ) ) ;
#1957 = CARTESIAN_POINT ( 'NONE',  ( 1.688575694911947922, -57.34375000170699366, 4.076582343749975301 ) ) ;
#1958 = ORIENTED_EDGE ( 'NONE', *, *, #3997, .F. ) ;
#1959 = CARTESIAN_POINT ( 'NONE',  ( -1.688575694911946590, -62.81250000170698655, -4.076582343750016157 ) ) ;
#1960 = CARTESIAN_POINT ( 'NONE',  ( 2.081899558550498061E-16, -38.75000000341398732, -3.400000000000015898 ) ) ;
#1961 = CARTESIAN_POINT ( 'NONE',  ( -1.408326112068521319, -41.17187500341398732, -3.400000000000015898 ) ) ;
#1962 = CARTESIAN_POINT ( 'NONE',  ( -1.408326112068523317, -59.14062500000000000, 3.399999999999975042 ) ) ;
#1963 = CARTESIAN_POINT ( 'NONE',  ( 1.688575694911947922, -57.18750000170700076, 4.076582343749975301 ) ) ;
#1964 = LINE ( 'NONE', #851, #814 ) ;
#1965 = CARTESIAN_POINT ( 'NONE',  ( 4.076582343749994841, -44.68750000170697945, 1.688575694911929936 ) ) ;
#1966 = CARTESIAN_POINT ( 'NONE',  ( -1.408326112068511993, -54.14062500000000000, 3.399999999999986589 ) ) ;
#1967 = VECTOR ( 'NONE', #3090, 1000.000000000000000 ) ;
#1968 = ORIENTED_EDGE ( 'NONE', *, *, #940, .T. ) ;
#1969 = CARTESIAN_POINT ( 'NONE',  ( -1.688575694911946590, -39.21875000170700076, -4.076582343750016157 ) ) ;
#1970 = CARTESIAN_POINT ( 'NONE',  ( 1.408326112068522651, -50.54687500341398021, 3.399999999999975486 ) ) ;
#1971 = CARTESIAN_POINT ( 'NONE',  ( -3.399999999999995914, -58.43750000341398732, -2.036942155645390229E-14 ) ) ;
#1972 = CARTESIAN_POINT ( 'NONE',  ( -3.399999999999996358, -35.54687500000000711, 1.408326112068500890 ) ) ;
#1973 = CARTESIAN_POINT ( 'NONE',  ( -3.399999999999995914, -37.18750000341398732, -2.036942155645390229E-14 ) ) ;
#1974 = CARTESIAN_POINT ( 'NONE',  ( -1.408326112068523317, -41.64062500000000000, 3.399999999999975042 ) ) ;
#1975 = CARTESIAN_POINT ( 'NONE',  ( 4.076582343749995729, -64.53125000170699366, -1.688575694911966796 ) ) ;
#1976 = EDGE_CURVE ( 'NONE', #3084, #6114, #4374, .T. ) ;
#1977 = CARTESIAN_POINT ( 'NONE',  ( -2.404163056034258172, -34.84375000341398732, -2.404163056034278600 ) ) ;
#1978 = CARTESIAN_POINT ( 'NONE',  ( -4.076582343749995729, -42.65625000170699366, -1.688575694911967240 ) ) ;
#1979 = CARTESIAN_POINT ( 'NONE',  ( -4.076582343749995729, -41.48437500170699366, -2.045227899661720714E-14 ) ) ;
#1980 = CARTESIAN_POINT ( 'NONE',  ( -2.404163056034258172, -45.78125000000000000, -2.404163056034278600 ) ) ;
#1981 = CARTESIAN_POINT ( 'NONE',  ( 0.000000000000000000, -64.37500000000000000, -1.995304164474380342E-14 ) ) ;
#1982 = CARTESIAN_POINT ( 'NONE',  ( -2.882579019330972159, -58.82812500170699366, 2.882579019330950842 ) ) ;
#1983 = CARTESIAN_POINT ( 'NONE',  ( -2.882579019330970826, -38.98437500170700076, -2.882579019330991699 ) ) ;
#1984 = CARTESIAN_POINT ( 'NONE',  ( 4.076582343749995729, -43.12500000170698655, -1.688575694911966796 ) ) ;
#1985 = FACE_OUTER_BOUND ( 'NONE', #2744, .T. ) ;
#1986 = CARTESIAN_POINT ( 'NONE',  ( 2.882579019330970382, -53.51562500170699366, 2.882579019330952175 ) ) ;
#1987 = ORIENTED_EDGE ( 'NONE', *, *, #2504, .T. ) ;
#1988 = CARTESIAN_POINT ( 'NONE',  ( 1.408326112068521985, -38.82812500341398021, -3.400000000000015898 ) ) ;
#1989 = CARTESIAN_POINT ( 'NONE',  ( -6.245698675651493936E-16, -38.12500000341398021, 3.399999999999975930 ) ) ;
#1990 = CARTESIAN_POINT ( 'NONE',  ( -2.404163056034258172, -59.53125000000000000, -2.404163056034278600 ) ) ;
#1991 = CARTESIAN_POINT ( 'NONE',  ( -4.076582343749995729, -56.32812500170699366, -2.045227899661720714E-14 ) ) ;
#1992 = LINE ( 'NONE', #3985, #4477 ) ;
#1993 = CARTESIAN_POINT ( 'NONE',  ( -1.688575694911946590, -44.21875000170700076, -4.076582343750016157 ) ) ;
#1994 = CARTESIAN_POINT ( 'NONE',  ( -2.404163056034259061, -54.21875000000000000, 2.404163056034238188 ) ) ;
#1995 = VERTEX_POINT ( 'NONE', #357 ) ;
#1996 = ORIENTED_EDGE ( 'NONE', *, *, #603, .F. ) ;
#1997 = CARTESIAN_POINT ( 'NONE',  ( 1.688575694911947922, -37.34375000170698655, 4.076582343749975301 ) ) ;
#1998 = CARTESIAN_POINT ( 'NONE',  ( -6.245698675651493936E-16, -50.62500000341398732, 3.399999999999975930 ) ) ;
#1999 = CARTESIAN_POINT ( 'NONE',  ( 3.399999999999995026, -55.39062500341398021, 1.408326112068503777 ) ) ;
#2000 = CARTESIAN_POINT ( 'NONE',  ( 2.404163056034257728, -35.15625000000000000, 2.404163056034239077 ) ) ;
#2001 = CARTESIAN_POINT ( 'NONE',  ( 0.000000000000000000, -65.00000000000000000, -1.995304164474380342E-14 ) ) ;
#2002 = CARTESIAN_POINT ( 'NONE',  ( 3.399999999999995914, -41.25000000000000000, -1.995304164474380342E-14 ) ) ;
#2003 = CARTESIAN_POINT ( 'NONE',  ( -1.688575694911946590, -64.21875000170699366, -4.076582343750016157 ) ) ;
#2004 = CARTESIAN_POINT ( 'NONE',  ( 2.081899558550498061E-16, -45.93750000000000711, -3.400000000000015898 ) ) ;
#2005 = CARTESIAN_POINT ( 'NONE',  ( 2.882579019330970382, -44.60937500170699366, 2.882579019330952175 ) ) ;
#2006 = CARTESIAN_POINT ( 'NONE',  ( -7.488560278101070689E-16, -42.42187500170699366, 4.076582343749976189 ) ) ;
#2007 = EDGE_CURVE ( 'NONE', #913, #4333, #2368, .T. ) ;
#2008 = CARTESIAN_POINT ( 'NONE',  ( 2.404163056034258616, -42.34375000000000000, -2.404163056034278600 ) ) ;
#2009 = CARTESIAN_POINT ( 'NONE',  ( -4.076582343749995729, -59.06250000170699366, -1.688575694911967240 ) ) ;
#2010 = CARTESIAN_POINT ( 'NONE',  ( -1.688575694911946590, -35.31250000170699366, -4.076582343750016157 ) ) ;
#2011 = CARTESIAN_POINT ( 'NONE',  ( 2.496186759367024056E-16, -41.64062500170699366, -4.076582343750016157 ) ) ;
#2012 = LINE ( 'NONE', #100, #3916 ) ;
#2013 = CARTESIAN_POINT ( 'NONE',  ( -4.076582343749995729, -57.73437500170699366, -2.045227899661720714E-14 ) ) ;
#2014 = VERTEX_POINT ( 'NONE', #6357 ) ;
#2015 = CARTESIAN_POINT ( 'NONE',  ( 3.399999999999995914, -37.81250000341398732, -1.995304164474380342E-14 ) ) ;
#2016 = CARTESIAN_POINT ( 'NONE',  ( -3.399999999999996358, -38.35937500341398021, 1.408326112068500890 ) ) ;
#2017 = CARTESIAN_POINT ( 'NONE',  ( 2.404163056034258616, -61.09375000000000000, -2.404163056034278600 ) ) ;
#2018 = CARTESIAN_POINT ( 'NONE',  ( 1.688575694911947922, -58.43750000170699366, 4.076582343749975301 ) ) ;
#2019 = CARTESIAN_POINT ( 'NONE',  ( 0.000000000000000000, -1.908195823574487409E-15, 6.499999999999999112 ) ) ;
#2020 = CARTESIAN_POINT ( 'NONE',  ( 4.076582343749995729, -43.35937500170698655, -1.995304164474380342E-14 ) ) ;
#2021 = ORIENTED_EDGE ( 'NONE', *, *, #2043, .T. ) ;
#2022 = ORIENTED_EDGE ( 'NONE', *, *, #1347, .T. ) ;
#2023 = CARTESIAN_POINT ( 'NONE',  ( -6.245698675651493936E-16, -51.87500000341398021, 3.399999999999975930 ) ) ;
#2024 = CARTESIAN_POINT ( 'NONE',  ( 2.404163056034257728, -50.46875000341398732, 2.404163056034239077 ) ) ;
#2025 = CARTESIAN_POINT ( 'NONE',  ( -6.245698675651493936E-16, -37.81250000000000000, 3.399999999999975930 ) ) ;
#2026 = CARTESIAN_POINT ( 'NONE',  ( -3.399999999999995914, -36.95312500000000000, -1.408326112068541747 ) ) ;
#2027 = CARTESIAN_POINT ( 'NONE',  ( -3.399999999999996358, -38.04687500000000000, 1.408326112068500890 ) ) ;
#2028 = CARTESIAN_POINT ( 'NONE',  ( -4.076582343749995729, -53.98437500170698655, -2.045227899661720714E-14 ) ) ;
#2029 = AXIS2_PLACEMENT_3D ( 'NONE', #3049, #31, #4507 ) ;
#2030 = LINE ( 'NONE', #1914, #1261 ) ;
#2031 = CARTESIAN_POINT ( 'NONE',  ( 4.076582343749995729, -38.12500000170699366, -1.688575694911966796 ) ) ;
#2032 = CARTESIAN_POINT ( 'NONE',  ( 2.496186759367024056E-16, -40.54687500170699366, -4.076582343750016157 ) ) ;
#2033 = CARTESIAN_POINT ( 'NONE',  ( -3.399999999999995470, -45.70312499999999289, -1.408326112068541747 ) ) ;
#2034 = CARTESIAN_POINT ( 'NONE',  ( -3.399999999999996358, -64.37499999999998579, 2.034308602092651781E-13 ) ) ;
#2035 = CARTESIAN_POINT ( 'NONE',  ( -4.076582343749995729, -56.56250000170699366, -1.688575694911967240 ) ) ;
#2036 = CARTESIAN_POINT ( 'NONE',  ( 4.076582343749995729, -35.70312500170700076, -1.995304164474380342E-14 ) ) ;
#2037 = CARTESIAN_POINT ( 'NONE',  ( 4.076582343749995729, -41.87500000170699366, -1.688575694911966796 ) ) ;
#2038 = CARTESIAN_POINT ( 'NONE',  ( 0.000000000000000000, -65.00000000000000000, -1.995304164474380342E-14 ) ) ;
#2039 = CARTESIAN_POINT ( 'NONE',  ( -1.688575694911950142, -51.25000000170699366, 4.076582343749975301 ) ) ;
#2040 = ADVANCED_FACE ( 'NONE', ( #3372 ), #5279, .F. ) ;
#2041 = ORIENTED_EDGE ( 'NONE', *, *, #2007, .T. ) ;
#2042 = CARTESIAN_POINT ( 'NONE',  ( -1.688575694911950142, -61.09375000170701497, 4.076582343749975301 ) ) ;
#2043 = EDGE_CURVE ( 'NONE', #1397, #1604, #4235, .T. ) ;
#2044 = CARTESIAN_POINT ( 'NONE',  ( 0.000000000000000000, 0.000000000000000000, 0.000000000000000000 ) ) ;
#2045 = CARTESIAN_POINT ( 'NONE',  ( 2.404163056034257728, -37.96875000341398732, 2.404163056034239077 ) ) ;
#2046 = CARTESIAN_POINT ( 'NONE',  ( -3.399999999999995470, -55.70312500000000711, -1.408326112068541747 ) ) ;
#2047 = CARTESIAN_POINT ( 'NONE',  ( 2.882579019330971715, -49.29687500170700076, -2.882579019330991699 ) ) ;
#2048 = CARTESIAN_POINT ( 'NONE',  ( 4.076582343749995729, -58.20312500170699366, -1.995304164474380342E-14 ) ) ;
#2049 = CARTESIAN_POINT ( 'NONE',  ( -6.245698675651493936E-16, -58.12500000341398732, 3.399999999999975930 ) ) ;
#2050 = CARTESIAN_POINT ( 'NONE',  ( -2.882579019330972159, -38.82812500170698655, 2.882579019330950842 ) ) ;
#2051 = CARTESIAN_POINT ( 'NONE',  ( 1.688575694911947922, -46.09375000170700076, 4.076582343749975301 ) ) ;
#2052 = CARTESIAN_POINT ( 'NONE',  ( -4.076582343749995729, -40.31250000170699366, -1.688575694911967240 ) ) ;
#2053 = CARTESIAN_POINT ( 'NONE',  ( 2.081899558550498061E-16, -35.93750000000000000, -3.400000000000015898 ) ) ;
#2054 = VERTEX_POINT ( 'NONE', #4302 ) ;
#2055 = VERTEX_POINT ( 'NONE', #2751 ) ;
#2056 = CARTESIAN_POINT ( 'NONE',  ( -1.408326112068521319, -51.17187500341398021, -3.400000000000015898 ) ) ;
#2057 = CARTESIAN_POINT ( 'NONE',  ( 3.399999999999995914, -51.56250000341398732, -1.995304164474380342E-14 ) ) ;
#2058 = CARTESIAN_POINT ( 'NONE',  ( -4.076582343749996618, -62.65625000170699366, 1.688575694911926828 ) ) ;
#2059 = CARTESIAN_POINT ( 'NONE',  ( 1.408326112068511327, -56.79687500341398732, 3.399999999999986589 ) ) ;
#2061 = CARTESIAN_POINT ( 'NONE',  ( -3.399999999999995914, -38.12500000000000711, -2.036942155645390229E-14 ) ) ;
#2060 = VECTOR ( 'NONE', #3761, 1000.000000000000000 ) ;
#2062 = CARTESIAN_POINT ( 'NONE',  ( -1.688575694911946590, -35.46875000170698655, -4.076582343750016157 ) ) ;
#2063 = CARTESIAN_POINT ( 'NONE',  ( 4.076582343749994841, -55.93750000170699366, 1.688575694911929936 ) ) ;
#2064 = CONICAL_SURFACE ( 'NONE', #1535, 3.399999999999993694, 1.029744258676652535 ) ;
#2065 = CARTESIAN_POINT ( 'NONE',  ( 2.081899558550498061E-16, -52.50000000341398021, -3.400000000000015898 ) ) ;
#2066 = CARTESIAN_POINT ( 'NONE',  ( -7.488560278101070689E-16, -37.26562500170699366, 4.076582343749976189 ) ) ;
#2067 = CARTESIAN_POINT ( 'NONE',  ( 2.882579019330970382, -43.51562500170699366, 2.882579019330952175 ) ) ;
#2068 = CARTESIAN_POINT ( 'NONE',  ( 3.399999999999995470, -53.67187500000000000, -1.408326112068541525 ) ) ;
#2069 = CARTESIAN_POINT ( 'NONE',  ( 1.408326112068521985, -43.51562500000000711, -3.400000000000015898 ) ) ;
#2070 = CARTESIAN_POINT ( 'NONE',  ( -3.399999999999995914, -51.87500000000000711, -2.036942155645390229E-14 ) ) ;
#2071 = CARTESIAN_POINT ( 'NONE',  ( 2.496186759367024056E-16, -50.39062500170699366, -4.076582343750016157 ) ) ;
#2072 = CARTESIAN_POINT ( 'NONE',  ( -4.076582343749995729, -58.98437500170699366, -2.045227899661720714E-14 ) ) ;
#2073 = CARTESIAN_POINT ( 'NONE',  ( -2.882579019330970826, -37.73437500170699366, -2.882579019330991699 ) ) ;
#2074 = CARTESIAN_POINT ( 'NONE',  ( -2.404163056034259061, -46.71875000000000000, 2.404163056034238188 ) ) ;
#2075 = CARTESIAN_POINT ( 'NONE',  ( -4.076582343749995729, -51.56250000170699366, -1.688575694911967684 ) ) ;
#2076 = ORIENTED_EDGE ( 'NONE', *, *, #4142, .T. ) ;
#2077 = CARTESIAN_POINT ( 'NONE',  ( 3.399999999999995026, -34.14062500341398021, 1.408326112068503777 ) ) ;
#2078 = CARTESIAN_POINT ( 'NONE',  ( -2.404163056034259061, -38.28125000341398021, 2.404163056034238188 ) ) ;
#2079 = CARTESIAN_POINT ( 'NONE',  ( 2.404163056034258616, -52.34375000000000000, -2.404163056034278600 ) ) ;
#2080 = CARTESIAN_POINT ( 'NONE',  ( -4.076582343749995729, -50.07812500170699366, -2.045227899661720714E-14 ) ) ;
#2081 = CARTESIAN_POINT ( 'NONE',  ( 1.688575694911947922, -52.18750000170698655, 4.076582343749975301 ) ) ;
#2082 = DIRECTION ( 'NONE',  ( -6.982962677686266711E-15, 1.000000000000000000, 0.000000000000000000 ) ) ;
#2083 = CARTESIAN_POINT ( 'NONE',  ( 2.496186759367024056E-16, -39.29687500170699366, -4.076582343750016157 ) ) ;
#2084 = CARTESIAN_POINT ( 'NONE',  ( -1.688575694911946590, -47.96875000170699366, -4.076582343750016157 ) ) ;
#2085 = CARTESIAN_POINT ( 'NONE',  ( 1.688575694911947256, -43.12500000170698655, -4.076582343750016157 ) ) ;
#2086 = CARTESIAN_POINT ( 'NONE',  ( -6.245698675651493936E-16, -58.12500000341398732, 3.399999999999975930 ) ) ;
#2087 = ORIENTED_EDGE ( 'NONE', *, *, #6089, .F. ) ;
#2088 =( BOUNDED_CURVE ( )  B_SPLINE_CURVE ( 2, ( #1753, #5675, #5711, #2107, #2664, #6202, #1220, #1717, #2179 ),
 .UNSPECIFIED., .F., .F. ) 
 B_SPLINE_CURVE_WITH_KNOTS ( ( 3, 2, 2, 2, 3 ),
 ( 0.1770833333333332593, 0.1822916666666665741, 0.1874999999999999167, 0.1927083333333332593, 0.1979166666666665741 ),
 .UNSPECIFIED. ) 
 CURVE ( )  GEOMETRIC_REPRESENTATION_ITEM ( )  RATIONAL_B_SPLINE_CURVE ( ( 1.000000000000001110, 0.9238795325112855172, 1.000000000000000000, 0.9238795325112867385, 1.000000000000000000, 0.9238795325112867385, 1.000000000000000000, 0.9238795325112879597, 0.9999999999999987788 ) ) 
 REPRESENTATION_ITEM ( '' )  );
#2089 = ORIENTED_EDGE ( 'NONE', *, *, #4305, .T. ) ;
#2090 = CARTESIAN_POINT ( 'NONE',  ( -3.399999999999995470, -47.26562500341398732, -1.408326112068541747 ) ) ;
#2091 = CARTESIAN_POINT ( 'NONE',  ( 2.404163056034258616, -50.15625000341398732, -2.404163056034278600 ) ) ;
#2092 = CARTESIAN_POINT ( 'NONE',  ( -1.688575694911946590, -60.46875000170700076, -4.076582343750016157 ) ) ;
#2093 = CARTESIAN_POINT ( 'NONE',  ( 3.252888307890862141, -64.70584388512388330, -1.842837095203567976 ) ) ;
#2094 = CARTESIAN_POINT ( 'NONE',  ( 2.404163056034258616, -36.09375000000000000, -2.404163056034278600 ) ) ;
#2095 = CARTESIAN_POINT ( 'NONE',  ( 1.688575694911947922, -58.59375000170700076, 4.076582343749975301 ) ) ;
#2096 = CARTESIAN_POINT ( 'NONE',  ( 3.399999999999995026, -34.14062500341398732, 1.408326112068504221 ) ) ;
#2097 = AXIS2_PLACEMENT_3D ( 'NONE', #3183, #1114, #3751 ) ;
#2098 = CARTESIAN_POINT ( 'NONE',  ( 4.076582343749995729, -36.95312500170700076, -1.995304164474380342E-14 ) ) ;
#2099 = CARTESIAN_POINT ( 'NONE',  ( 4.076582343749995729, -42.10937500170699366, -1.995304164474380342E-14 ) ) ;
#2100 =( BOUNDED_CURVE ( )  B_SPLINE_CURVE ( 2, ( #4428, #1494, #1871, #5893, #5954, #2847, #939, #5981, #2877 ),
 .UNSPECIFIED., .F., .T. ) 
 B_SPLINE_CURVE_WITH_KNOTS ( ( 3, 2, 2, 2, 3 ),
 ( 0.8020833333333332593, 0.8072916666666665186, 0.8125000000000000000, 0.8177083333333333703, 0.8229166666666666297 ),
 .UNSPECIFIED. ) 
 CURVE ( )  GEOMETRIC_REPRESENTATION_ITEM ( )  RATIONAL_B_SPLINE_CURVE ( ( 1.000000000000001554, 0.9238795325112850731, 1.000000000000000000, 0.9238795325112867385, 1.000000000000000000, 0.9238795325112867385, 1.000000000000000000, 0.9238795325112867385, 1.000000000000000000 ) ) 
 REPRESENTATION_ITEM ( '' )  );
#2101 = CARTESIAN_POINT ( 'NONE',  ( -2.404163056034259061, -55.46875000000000711, 2.404163056034238188 ) ) ;
#2102 = CARTESIAN_POINT ( 'NONE',  ( -2.404163056034259061, -40.46875000000000000, 2.404163056034238188 ) ) ;
#2103 = CARTESIAN_POINT ( 'NONE',  ( 7.960204194457807310E-16, -65.00000000000000000, -6.500000000000018652 ) ) ;
#2104 = EDGE_CURVE ( 'NONE', #3375, #2424, #3479, .T. ) ;
#2105 = CARTESIAN_POINT ( 'NONE',  ( 1.688575694911947256, -51.71875000170699366, -4.076582343750016157 ) ) ;
#2106 = CARTESIAN_POINT ( 'NONE',  ( 2.496186759367024056E-16, -56.79687500170699366, -4.076582343750016157 ) ) ;
#2107 = CARTESIAN_POINT ( 'NONE',  ( -3.399999999999995914, -59.45312500000000000, -1.408326112068541747 ) ) ;
#2108 = LINE ( 'NONE', #2665, #2901 ) ;
#2109 = CARTESIAN_POINT ( 'NONE',  ( -1.688575694911949698, -38.59375000170698655, 4.076582343749975301 ) ) ;
#2110 = CARTESIAN_POINT ( 'NONE',  ( -3.399999999999995914, -39.45312500000000711, -1.408326112068541747 ) ) ;
#2111 = CARTESIAN_POINT ( 'NONE',  ( 2.496186759367024056E-16, -51.79687500170698655, -4.076582343750016157 ) ) ;
#2112 = CARTESIAN_POINT ( 'NONE',  ( 4.076582343749995729, -35.85937500170699366, -1.995304164474380342E-14 ) ) ;
#2113 = DIRECTION ( 'NONE',  ( -0.000000000000000000, 1.000000000000000000, 2.935685882422288853E-16 ) ) ;
#2114 = CARTESIAN_POINT ( 'NONE',  ( -3.399999999999995470, -37.26562500341399442, -1.408326112068541747 ) ) ;
#2115 = CARTESIAN_POINT ( 'NONE',  ( -2.404163056034259061, -55.46875000000000711, 2.404163056034238188 ) ) ;
#2116 = CARTESIAN_POINT ( 'NONE',  ( 4.076582343749994841, -47.03125000170699366, 1.688575694911929936 ) ) ;
#2117 = CARTESIAN_POINT ( 'NONE',  ( 1.688575694911947256, -52.96875000170699366, -4.076582343750016157 ) ) ;
#2118 = CARTESIAN_POINT ( 'NONE',  ( -1.408326112068565727, -63.20312500341398732, 3.399999999999932410 ) ) ;
#2119 = CARTESIAN_POINT ( 'NONE',  ( 1.688575694911947922, -37.34375000170699366, 4.076582343749975301 ) ) ;
#2120 = CARTESIAN_POINT ( 'NONE',  ( -1.688575694911950142, -46.25000000170699366, 4.076582343749975301 ) ) ;
#2121 = CARTESIAN_POINT ( 'NONE',  ( -4.076582343749995729, -39.06250000170699366, -1.688575694911967240 ) ) ;
#2122 = CARTESIAN_POINT ( 'NONE',  ( 1.408326112068511327, -50.23437500000000000, 3.399999999999986589 ) ) ;
#2123 = EDGE_LOOP ( 'NONE', ( #2409, #1787, #1996, #4898 ) ) ;
#2124 = ORIENTED_EDGE ( 'NONE', *, *, #6220, .F. ) ;
#2125 = ADVANCED_FACE ( 'NONE', ( #4760 ), #3869, .F. ) ;
#2126 = CARTESIAN_POINT ( 'NONE',  ( 2.404163056034257728, -45.46875000341398732, 2.404163056034239077 ) ) ;
#2127 = CARTESIAN_POINT ( 'NONE',  ( 2.081899558550498061E-16, -53.75000000341398021, -3.400000000000015898 ) ) ;
#2128 = CARTESIAN_POINT ( 'NONE',  ( 4.076582343749994841, -59.68750000170699366, 1.688575694911929936 ) ) ;
#2129 = CARTESIAN_POINT ( 'NONE',  ( 2.081899558550498061E-16, -56.25000000341398732, -3.400000000000015898 ) ) ;
#2130 =( BOUNDED_CURVE ( )  B_SPLINE_CURVE ( 2, ( #2383, #3388, #1327, #2893, #4904, #5326, #439, #2862, #3416 ),
 .UNSPECIFIED., .F., .F. ) 
 B_SPLINE_CURVE_WITH_KNOTS ( ( 3, 2, 2, 2, 3 ),
 ( 0.9270833333333334814, 0.9322916666666667407, 0.9375000000000001110, 0.9427083333333334814, 0.9479166666666667407 ),
 .UNSPECIFIED. ) 
 CURVE ( )  GEOMETRIC_REPRESENTATION_ITEM ( )  RATIONAL_B_SPLINE_CURVE ( ( 0.9999999999999983347, 0.9238795325112884038, 1.000000000000000000, 0.9238795325112867385, 1.000000000000000000, 0.9238795325112867385, 1.000000000000000000, 0.9238795325112850731, 1.000000000000001554 ) ) 
 REPRESENTATION_ITEM ( '' )  );
#2131 = CARTESIAN_POINT ( 'NONE',  ( 3.399999999999995914, -37.50000000000000711, -1.995304164474380342E-14 ) ) ;
#2132 = CARTESIAN_POINT ( 'NONE',  ( 2.496186759367024056E-16, -35.54687500170698655, -4.076582343750016157 ) ) ;
#2133 = CARTESIAN_POINT ( 'NONE',  ( 4.076582343749995729, -57.03125000170699366, -1.688575694911966796 ) ) ;
#2134 = EDGE_CURVE ( 'NONE', #3382, #1291, #260, .T. ) ;
#2135 = CARTESIAN_POINT ( 'NONE',  ( -4.076582343749996618, -63.90625000170699366, 1.688575694911926828 ) ) ;
#2136 = CARTESIAN_POINT ( 'NONE',  ( 4.076582343749994841, -38.28125000170700076, 1.688575694911929936 ) ) ;
#2137 = CARTESIAN_POINT ( 'NONE',  ( 1.688575694911947256, -35.46875000170699366, -4.076582343750016157 ) ) ;
#2138 = CARTESIAN_POINT ( 'NONE',  ( -2.404163056034259061, -51.71875000000000000, 2.404163056034238188 ) ) ;
#2139 = CARTESIAN_POINT ( 'NONE',  ( -3.399999999999995470, -39.45312500000000711, -1.408326112068541747 ) ) ;
#2140 = CARTESIAN_POINT ( 'NONE',  ( -1.408326112068503111, -61.64062499999999289, 3.399999999999995026 ) ) ;
#2141 = CIRCLE ( 'NONE', #1308, 7.750000000000000000 ) ;
#2142 =( BOUNDED_CURVE ( )  B_SPLINE_CURVE ( 2, ( #6119, #1668, #1739, #1628, #5150, #6224, #3771, #654, #3736 ),
 .UNSPECIFIED., .F., .T. ) 
 B_SPLINE_CURVE_WITH_KNOTS ( ( 3, 2, 2, 2, 3 ),
 ( 0.1979166666666665741, 0.2031249999999999167, 0.2083333333333332593, 0.2135416666666666019, 0.2187499999999999445 ),
 .UNSPECIFIED. ) 
 CURVE ( )  GEOMETRIC_REPRESENTATION_ITEM ( )  RATIONAL_B_SPLINE_CURVE ( ( 1.000000000000001110, 0.9238795325112855172, 1.000000000000000000, 0.9238795325112867385, 1.000000000000000000, 0.9238795325112867385, 1.000000000000000000, 0.9238795325112875156, 0.9999999999999992228 ) ) 
 REPRESENTATION_ITEM ( '' )  );
#2143 = CARTESIAN_POINT ( 'NONE',  ( -2.882579019330970826, -50.23437500170699366, -2.882579019330991699 ) ) ;
#2144 = CARTESIAN_POINT ( 'NONE',  ( -2.882579019330972159, -51.32812500170699366, 2.882579019330950842 ) ) ;
#2145 = CARTESIAN_POINT ( 'NONE',  ( -2.404163056034259061, -62.96875000000000711, 2.404163056034238188 ) ) ;
#2146 = CARTESIAN_POINT ( 'NONE',  ( 1.688575694911947256, -37.96875000170698655, -4.076582343750016157 ) ) ;
#2147 = DIRECTION ( 'NONE',  ( -0.000000000000000000, -1.000000000000000000, -0.000000000000000000 ) ) ;
#2148 = CARTESIAN_POINT ( 'NONE',  ( -6.245698675651493936E-16, -37.81250000000000000, 3.399999999999975930 ) ) ;
#2149 = CARTESIAN_POINT ( 'NONE',  ( 4.076582343749995729, -60.70312500170699366, -1.995304164474380342E-14 ) ) ;
#2150 = CARTESIAN_POINT ( 'NONE',  ( -4.076582343749995729, -35.31250000170698655, -1.688575694911967240 ) ) ;
#2151 = CARTESIAN_POINT ( 'NONE',  ( 1.408326112068545299, -35.54687500341398021, 3.399999999999952394 ) ) ;
#2152 = CARTESIAN_POINT ( 'NONE',  ( -1.408326112068523317, -61.64062500000000000, 3.399999999999975042 ) ) ;
#2153 = CARTESIAN_POINT ( 'NONE',  ( 3.399999999999995470, -54.92187500000000000, -1.408326112068541525 ) ) ;
#2154 = CARTESIAN_POINT ( 'NONE',  ( -4.076582343749995729, -45.07812500170699366, -2.045227899661720714E-14 ) ) ;
#2155 = CARTESIAN_POINT ( 'NONE',  ( 4.076582343749994841, -52.03125000170698655, 1.688575694911929936 ) ) ;
#2156 = CARTESIAN_POINT ( 'NONE',  ( -6.245698675651493936E-16, -52.81250000000000000, 3.399999999999975930 ) ) ;
#2157 = CARTESIAN_POINT ( 'NONE',  ( 4.076582343749994841, -39.68750000170699366, 1.688575694911929936 ) ) ;
#2158 = CARTESIAN_POINT ( 'NONE',  ( 2.496186759367024056E-16, -48.04687500170699366, -4.076582343750016157 ) ) ;
#2159 = CARTESIAN_POINT ( 'NONE',  ( 4.076582343749995729, -40.85937500170699366, -1.995304164474380342E-14 ) ) ;
#2160 = ORIENTED_EDGE ( 'NONE', *, *, #942, .T. ) ;
#2161 = EDGE_LOOP ( 'NONE', ( #1768, #3269, #6302, #3548 ) ) ;
#2162 = CARTESIAN_POINT ( 'NONE',  ( -3.399999999999995914, -56.95312500000000000, -1.408326112068541747 ) ) ;
#2163 = CARTESIAN_POINT ( 'NONE',  ( -1.408326112068523317, -44.45312500341398732, 3.399999999999975042 ) ) ;
#2164 = CARTESIAN_POINT ( 'NONE',  ( 3.399999999999995026, -54.14062500341399442, 1.408326112068503777 ) ) ;
#2165 = CARTESIAN_POINT ( 'NONE',  ( 1.688575694911947256, -59.37500000170700076, -4.076582343750016157 ) ) ;
#2166 = CYLINDRICAL_SURFACE ( 'NONE', #2611, 3.399999999999995914 ) ;
#2167 = CARTESIAN_POINT ( 'NONE',  ( 2.404163056034257728, -37.65625000000000000, 2.404163056034239077 ) ) ;
#2168 = CARTESIAN_POINT ( 'NONE',  ( 4.076582343749995729, -35.78125000170700076, -1.688575694911967018 ) ) ;
#2169 = CARTESIAN_POINT ( 'NONE',  ( 1.688575694911947256, -54.37500000170699366, -4.076582343750016157 ) ) ;
#2170 = CARTESIAN_POINT ( 'NONE',  ( 2.081899558550498061E-16, -52.50000000341398021, -3.400000000000015898 ) ) ;
#2171 = CARTESIAN_POINT ( 'NONE',  ( 1.688575694911947256, -37.96875000170698655, -4.076582343750016157 ) ) ;
#2172 = CARTESIAN_POINT ( 'NONE',  ( -3.399999999999995914, -62.18750000341398732, -2.036942155645390229E-14 ) ) ;
#2173 = CARTESIAN_POINT ( 'NONE',  ( 2.081899558550498061E-16, -54.68750000000000000, -3.400000000000015898 ) ) ;
#2174 = ADVANCED_FACE ( 'NONE', ( #852 ), #5737, .F. ) ;
#2175 = CARTESIAN_POINT ( 'NONE',  ( 3.399999999999995914, -53.75000000000000711, -1.995304164474380342E-14 ) ) ;
#2176 = VECTOR ( 'NONE', #3058, 1000.000000000000000 ) ;
#2177 = CARTESIAN_POINT ( 'NONE',  ( -4.076582343749996618, -52.50000000170699366, 1.688575694911926828 ) ) ;
#2178 = CARTESIAN_POINT ( 'NONE',  ( -1.688575694911949698, -55.00000000170699366, 4.076582343749975301 ) ) ;
#2179 = CARTESIAN_POINT ( 'NONE',  ( -6.245698675651493936E-16, -59.06250000000000711, 3.399999999999975930 ) ) ;
#2180 = CARTESIAN_POINT ( 'NONE',  ( -1.408326112068482461, -63.35937499999999289, -3.400000000000054978 ) ) ;
#2181 = CARTESIAN_POINT ( 'NONE',  ( 1.408326112068544633, -46.01562500000000711, -3.399999999999992806 ) ) ;
#2182 = CARTESIAN_POINT ( 'NONE',  ( 2.081899558550498061E-16, -37.18750000000000000, -3.400000000000015898 ) ) ;
#2183 = CC_DESIGN_PERSON_AND_ORGANIZATION_ASSIGNMENT ( #372, #3821, ( #4312 ) ) ;
#2184 = CARTESIAN_POINT ( 'NONE',  ( -7.488560278101070689E-16, -63.51562500170700076, 4.076582343749976189 ) ) ;
#2185 = CARTESIAN_POINT ( 'NONE',  ( 1.408326112068522651, -34.29687500341398021, 3.399999999999975486 ) ) ;
#2186 = CARTESIAN_POINT ( 'NONE',  ( -6.245698675651493936E-16, -34.37500000341398021, 3.399999999999975930 ) ) ;
#2187 = CARTESIAN_POINT ( 'NONE',  ( -1.408326112068523317, -49.14062500000000000, 3.399999999999975042 ) ) ;
#2188 = CARTESIAN_POINT ( 'NONE',  ( 2.882579019330971715, -46.79687500170700076, -2.882579019330991699 ) ) ;
#2189 = CARTESIAN_POINT ( 'NONE',  ( 2.882579019330970382, -52.10937500170699366, 2.882579019330952175 ) ) ;
#2190 = DIRECTION ( 'NONE',  ( -0.000000000000000000, -1.000000000000000000, -0.000000000000000000 ) ) ;
#2191 = CARTESIAN_POINT ( 'NONE',  ( -1.688575694911946590, -37.96875000170699366, -4.076582343750016157 ) ) ;
#2192 = CARTESIAN_POINT ( 'NONE',  ( 2.882579019330971715, -46.95312500170699366, -2.882579019330991699 ) ) ;
#2193 = CARTESIAN_POINT ( 'NONE',  ( 0.000000000000000000, -65.00000000000000000, -1.995304164474380342E-14 ) ) ;
#2194 = CARTESIAN_POINT ( 'NONE',  ( 2.404163056034258616, -37.65625000341398732, -2.404163056034278600 ) ) ;
#2195 = ORIENTED_EDGE ( 'NONE', *, *, #4868, .F. ) ;
#2196 = ORIENTED_EDGE ( 'NONE', *, *, #6463, .T. ) ;
#2197 = CARTESIAN_POINT ( 'NONE',  ( -2.404163056034258172, -57.03125000000000711, -2.404163056034278600 ) ) ;
#2198 = CARTESIAN_POINT ( 'NONE',  ( 1.408326112068521985, -48.82812500341398732, -3.400000000000015898 ) ) ;
#2199 = CARTESIAN_POINT ( 'NONE',  ( 3.399999999999995470, -48.98437500341399442, -1.408326112068541525 ) ) ;
#2200 = CARTESIAN_POINT ( 'NONE',  ( 2.496186759367024056E-16, -61.79687500170698655, -4.076582343750016157 ) ) ;
#2201 = CARTESIAN_POINT ( 'NONE',  ( -1.408326112068475577, -43.67187500341399442, -3.400000000000062528 ) ) ;
#2202 = LINE ( 'NONE', #3312, #6457 ) ;
#2203 = DIRECTION ( 'NONE',  ( -0.000000000000000000, -1.000000000000000000, -0.000000000000000000 ) ) ;
#2204 = CARTESIAN_POINT ( 'NONE',  ( -1.688575694911946590, -50.46875000170697945, -4.076582343750016157 ) ) ;
#2205 = DIRECTION ( 'NONE',  ( 0.000000000000000000, 0.000000000000000000, -1.000000000000000000 ) ) ;
#2206 = CARTESIAN_POINT ( 'NONE',  ( 1.408326112068521985, -63.82812500341398732, -3.400000000000015898 ) ) ;
#2207 = CARTESIAN_POINT ( 'NONE',  ( -1.688575694911950142, -57.34375000170699366, 4.076582343749975301 ) ) ;
#2208 = CARTESIAN_POINT ( 'NONE',  ( -6.245698675651493936E-16, -61.87500000341398732, 3.399999999999975930 ) ) ;
#2209 = CARTESIAN_POINT ( 'NONE',  ( 3.399999999999995914, -51.25000000000000711, -1.995304164474380342E-14 ) ) ;
#2210 = CARTESIAN_POINT ( 'NONE',  ( -2.747973893229883835, -64.45942696696980079, -2.154594988252753751 ) ) ;
#2211 = ORIENTED_EDGE ( 'NONE', *, *, #4453, .F. ) ;
#2212 = EDGE_CURVE ( 'NONE', #823, #913, #5247, .T. ) ;
#2213 = CARTESIAN_POINT ( 'NONE',  ( -4.076582343749996618, -48.75000000170699366, 1.688575694911926828 ) ) ;
#2214 = CARTESIAN_POINT ( 'NONE',  ( 4.076582343749995729, -52.10937500170699366, -1.995304164474380342E-14 ) ) ;
#2215 = DIRECTION ( 'NONE',  ( -0.000000000000000000, -1.000000000000000000, -0.000000000000000000 ) ) ;
#2216 = CARTESIAN_POINT ( 'NONE',  ( 2.404163056034257728, -42.65625000000000711, 2.404163056034239077 ) ) ;
#2217 = CARTESIAN_POINT ( 'NONE',  ( 2.081899558550498061E-16, -48.75000000341398732, -3.400000000000015898 ) ) ;
#2218 = CARTESIAN_POINT ( 'NONE',  ( 2.882579019330971715, -64.29687500170699366, -2.882579019330991699 ) ) ;
#2219 = CARTESIAN_POINT ( 'NONE',  ( -3.399999999999996803, -45.54687500000000000, 1.408326112068501335 ) ) ;
#2220 = CARTESIAN_POINT ( 'NONE',  ( -6.245698675651493936E-16, -62.81250000000000711, 3.399999999999975930 ) ) ;
#2221 = CARTESIAN_POINT ( 'NONE',  ( -3.399999999999995914, -49.37500000000000000, -2.036942155645390229E-14 ) ) ;
#2222 = CARTESIAN_POINT ( 'NONE',  ( -4.076582343749996618, -45.00000000170699366, 1.688575694911926828 ) ) ;
#2223 = CARTESIAN_POINT ( 'NONE',  ( -4.076582343749995729, -50.07812500170699366, -2.045227899661720714E-14 ) ) ;
#2224 = CARTESIAN_POINT ( 'NONE',  ( 2.404163056034257728, -48.90625000000000000, 2.404163056034239077 ) ) ;
#2225 = CARTESIAN_POINT ( 'NONE',  ( -4.076582343749995729, -41.48437500170699366, -2.045227899661720714E-14 ) ) ;
#2226 = DIRECTION ( 'NONE',  ( -0.000000000000000000, -1.000000000000000000, -0.000000000000000000 ) ) ;
#2227 = CARTESIAN_POINT ( 'NONE',  ( 1.408326112068545299, -52.73437499999999289, 3.399999999999952394 ) ) ;
#2228 = EDGE_LOOP ( 'NONE', ( #43, #6048, #2648, #2550 ) ) ;
#2229 = ORIENTED_EDGE ( 'NONE', *, *, #5278, .T. ) ;
#2230 = CARTESIAN_POINT ( 'NONE',  ( 2.404163056034258616, -38.90625000341398021, -2.404163056034278600 ) ) ;
#2231 = CARTESIAN_POINT ( 'NONE',  ( 1.408326112068521985, -45.07812500341398732, -3.400000000000015898 ) ) ;
#2232 = CARTESIAN_POINT ( 'NONE',  ( -3.399999999999995914, -49.68750000341398732, -2.036942155645390229E-14 ) ) ;
#2233 = CARTESIAN_POINT ( 'NONE',  ( 3.399999999999995914, -62.50000000000000000, -1.995304164474380342E-14 ) ) ;
#2234 = CARTESIAN_POINT ( 'NONE',  ( -6.245698675651493936E-16, -59.06250000000000711, 3.399999999999975930 ) ) ;
#2235 = CARTESIAN_POINT ( 'NONE',  ( -6.245698675651493936E-16, -35.31250000000000000, 3.399999999999975930 ) ) ;
#2236 = DIRECTION ( 'NONE',  ( -0.000000000000000000, -1.000000000000000000, -0.000000000000000000 ) ) ;
#2237 = CARTESIAN_POINT ( 'NONE',  ( 4.076582343749995729, -52.03125000170698655, -1.688575694911966796 ) ) ;
#2238 = CARTESIAN_POINT ( 'NONE',  ( 2.496186759367024056E-16, -63.04687500170700076, -4.076582343750016157 ) ) ;
#2239 = CARTESIAN_POINT ( 'NONE',  ( 4.076582343749994841, -34.53125000170699366, 1.688575694911929936 ) ) ;
#2240 = CARTESIAN_POINT ( 'NONE',  ( -2.882579019330972159, -58.67187500170699366, 2.882579019330950842 ) ) ;
#2241 = CARTESIAN_POINT ( 'NONE',  ( 2.404163056034257728, -62.96875000341398021, 2.404163056034239077 ) ) ;
#2242 = CARTESIAN_POINT ( 'NONE',  ( 3.399999999999995026, -47.57812500000000000, 1.408326112068503777 ) ) ;
#2243 = CARTESIAN_POINT ( 'NONE',  ( 3.399999999999995026, -53.82812500000001421, 1.408326112068504221 ) ) ;
#2244 = ORIENTED_EDGE ( 'NONE', *, *, #3462, .F. ) ;
#2245 = CARTESIAN_POINT ( 'NONE',  ( -2.882579019330970826, -48.98437500170699366, -2.882579019330991699 ) ) ;
#2246 = CARTESIAN_POINT ( 'NONE',  ( -4.076582343749996618, -51.40625000170699366, 1.688575694911926828 ) ) ;
#2247 = CARTESIAN_POINT ( 'NONE',  ( 2.081899558550498061E-16, -46.25000000341398732, -3.400000000000015898 ) ) ;
#2248 = CARTESIAN_POINT ( 'NONE',  ( 3.399999999999995914, -51.56250000341398732, -1.995304164474380342E-14 ) ) ;
#2249 = CARTESIAN_POINT ( 'NONE',  ( 3.399999999999995914, -37.42187500000000000, -1.408326112068541525 ) ) ;
#2250 = CARTESIAN_POINT ( 'NONE',  ( 2.404163056034258616, -55.15625000341398021, -2.404163056034278600 ) ) ;
#2251 = CARTESIAN_POINT ( 'NONE',  ( 1.688575694911947922, -59.68750000170699366, 4.076582343749975301 ) ) ;
#2252 = DIRECTION ( 'NONE',  ( 0.000000000000000000, -2.935685882422288853E-16, 1.000000000000000000 ) ) ;
#2253 = CARTESIAN_POINT ( 'NONE',  ( 3.399999999999995470, -61.17187500000000000, -1.408326112068541525 ) ) ;
#2254 = CARTESIAN_POINT ( 'NONE',  ( 2.081899558550498061E-16, -49.68750000000000000, -3.400000000000015898 ) ) ;
#2255 = CARTESIAN_POINT ( 'NONE',  ( -7.488560278101070689E-16, -47.26562500170699366, 4.076582343749976189 ) ) ;
#2256 = CARTESIAN_POINT ( 'NONE',  ( 1.688575694911947256, -44.21875000170700076, -4.076582343750016157 ) ) ;
#2257 = DIRECTION ( 'NONE',  ( -0.000000000000000000, -1.000000000000000000, -0.000000000000000000 ) ) ;
#2258 = EDGE_CURVE ( 'NONE', #3499, #2401, #1422, .T. ) ;
#2259 = CARTESIAN_POINT ( 'NONE',  ( 1.688575694911947256, -43.12500000170699366, -4.076582343750016157 ) ) ;
#2260 = CARTESIAN_POINT ( 'NONE',  ( -4.076582343749995729, -35.31250000170698655, -1.688575694911967240 ) ) ;
#2261 = CARTESIAN_POINT ( 'NONE',  ( -3.399999999999995914, -53.51562500341398732, -1.408326112068541747 ) ) ;
#2262 = ORIENTED_EDGE ( 'NONE', *, *, #4451, .T. ) ;
#2263 = CARTESIAN_POINT ( 'NONE',  ( 2.404163056034258616, -63.59375000000000711, -2.404163056034278600 ) ) ;
#2264 = CARTESIAN_POINT ( 'NONE',  ( -3.399999999999996358, -42.10937500341398021, 1.408326112068500890 ) ) ;
#2265 = CARTESIAN_POINT ( 'NONE',  ( 1.408326112068521985, -46.32812500341398732, -3.400000000000015898 ) ) ;
#2266 = CARTESIAN_POINT ( 'NONE',  ( 3.399999999999995914, -65.00000000000000000, -1.995304164474380342E-14 ) ) ;
#2267 = CARTESIAN_POINT ( 'NONE',  ( 3.399999999999995026, -36.64062500341398732, 1.408326112068504221 ) ) ;
#2268 = CARTESIAN_POINT ( 'NONE',  ( -2.404163056034258172, -35.78125000000000000, -2.404163056034278600 ) ) ;
#2269 = DIRECTION ( 'NONE',  ( 0.000000000000000000, 0.000000000000000000, -1.000000000000000000 ) ) ;
#2270 = CARTESIAN_POINT ( 'NONE',  ( -4.076582343749996618, -53.90625000170698655, 1.688575694911926828 ) ) ;
#2271 = CARTESIAN_POINT ( 'NONE',  ( -4.076582343749995729, -61.48437500170698655, -2.045227899661720714E-14 ) ) ;
#2272 = CARTESIAN_POINT ( 'NONE',  ( -2.404163056034258172, -54.84375000341398732, -2.404163056034278600 ) ) ;
#2273 = CARTESIAN_POINT ( 'NONE',  ( 4.076582343749995729, -34.45312500170699366, -1.995304164474380342E-14 ) ) ;
#2274 = CARTESIAN_POINT ( 'NONE',  ( 2.882579019330970382, -55.85937500170700076, 2.882579019330952175 ) ) ;
#2275 = CARTESIAN_POINT ( 'NONE',  ( 1.408326112068522651, -63.04687500341398021, 3.399999999999975486 ) ) ;
#2276 = CARTESIAN_POINT ( 'NONE',  ( -6.245698675651493936E-16, -46.56250000000000711, 3.399999999999975930 ) ) ;
#2277 = CARTESIAN_POINT ( 'NONE',  ( 0.000000000000000000, -35.00000000000000000, -1.995304164474380342E-14 ) ) ;
#2278 = ORIENTED_EDGE ( 'NONE', *, *, #6063, .F. ) ;
#2279 = CARTESIAN_POINT ( 'NONE',  ( 4.076582343749995729, -49.45312500170699366, -1.995304164474380342E-14 ) ) ;
#2280 = CARTESIAN_POINT ( 'NONE',  ( -4.076582343749995729, -51.48437500170699366, -2.045227899661720714E-14 ) ) ;
#2281 = APPROVAL_ROLE ( '' ) ;
#2282 = CARTESIAN_POINT ( 'NONE',  ( 1.408326112068521985, -39.76562500000000000, -3.400000000000015898 ) ) ;
#2283 = CARTESIAN_POINT ( 'NONE',  ( -6.245698675651493936E-16, -55.31250000000000000, 3.399999999999975930 ) ) ;
#2284 = CARTESIAN_POINT ( 'NONE',  ( 3.399999999999995026, -55.39062500341398021, 1.408326112068504221 ) ) ;
#2285 = AXIS2_PLACEMENT_3D ( 'NONE', #373, #2382, #3256 ) ;
#2286 = CARTESIAN_POINT ( 'NONE',  ( -4.076582343749995729, -61.32812500170699366, -2.045227899661720714E-14 ) ) ;
#2287 = CARTESIAN_POINT ( 'NONE',  ( -3.399999999999995914, -55.62500000000000000, -2.036942155645390229E-14 ) ) ;
#2288 = CARTESIAN_POINT ( 'NONE',  ( 2.404163056034257728, -62.65625000000000000, 2.404163056034239077 ) ) ;
#2289 = CARTESIAN_POINT ( 'NONE',  ( 3.399999999999995026, -48.82812500000001421, 1.408326112068503777 ) ) ;
#2290 = CARTESIAN_POINT ( 'NONE',  ( -1.688575694911946590, -42.81250000170700076, -4.076582343750016157 ) ) ;
#2291 = CARTESIAN_POINT ( 'NONE',  ( 2.882579019330970382, -45.85937500170699366, 2.882579019330952175 ) ) ;
#2292 = CARTESIAN_POINT ( 'NONE',  ( -1.238049829315975456E-11, -64.57311706131696383, -3.598117061316978837 ) ) ;
#2293 = CARTESIAN_POINT ( 'NONE',  ( -1.688575694911946590, -42.96875000170699366, -4.076582343750016157 ) ) ;
#2294 = CARTESIAN_POINT ( 'NONE',  ( -2.882579019330972159, -37.57812500170699366, 2.882579019330950842 ) ) ;
#2295 = CARTESIAN_POINT ( 'NONE',  ( -1.408326112068546188, -60.39062500000000711, 3.399999999999951950 ) ) ;
#2296 = ORIENTED_EDGE ( 'NONE', *, *, #3366, .F. ) ;
#2297 = CARTESIAN_POINT ( 'NONE',  ( 2.404163056034257728, -44.21875000341398732, 2.404163056034239077 ) ) ;
#2298 = EDGE_CURVE ( 'NONE', #4227, #4051, #5911, .T. ) ;
#2299 = CARTESIAN_POINT ( 'NONE',  ( 2.081899558550498061E-16, -41.25000000341398732, -3.400000000000015898 ) ) ;
#2300 = CARTESIAN_POINT ( 'NONE',  ( -2.404163056034259061, -45.78125000341398732, 2.404163056034238188 ) ) ;
#2301 = CARTESIAN_POINT ( 'NONE',  ( 1.408326112068522651, -62.73437500000000711, 3.399999999999975486 ) ) ;
#2302 = CARTESIAN_POINT ( 'NONE',  ( 1.688575694911947256, -59.21875000170700076, -4.076582343750016157 ) ) ;
#2303 = CARTESIAN_POINT ( 'NONE',  ( 3.738291171874995822, -34.80468750085349683, -1.995304164474380342E-14 ) ) ;
#2304 = CARTESIAN_POINT ( 'NONE',  ( 2.081899558550498061E-16, -35.93750000000000000, -3.400000000000015898 ) ) ;
#2305 = CARTESIAN_POINT ( 'NONE',  ( -4.076582343749996618, -51.40625000170699366, 1.688575694911926828 ) ) ;
#2306 = ORIENTED_EDGE ( 'NONE', *, *, #3838, .T. ) ;
#2307 = CARTESIAN_POINT ( 'NONE',  ( 1.688575694911947256, -61.87500000170699366, -4.076582343750016157 ) ) ;
#2308 = CARTESIAN_POINT ( 'NONE',  ( 3.399999999999995914, -55.31250000341398732, -1.995304164474380342E-14 ) ) ;
#2309 = CARTESIAN_POINT ( 'NONE',  ( 2.404163056034258616, -61.40625000341398732, -2.404163056034278600 ) ) ;
#2310 = CARTESIAN_POINT ( 'NONE',  ( 4.076582343749995729, -58.20312500170699366, -1.995304164474380342E-14 ) ) ;
#2311 = CARTESIAN_POINT ( 'NONE',  ( -3.399999999999996358, -46.79687500000000000, 1.408326112068500890 ) ) ;
#2312 = CARTESIAN_POINT ( 'NONE',  ( 2.081899558550498061E-16, -40.00000000341398732, -3.400000000000015898 ) ) ;
#2313 =( BOUNDED_CURVE ( )  B_SPLINE_CURVE ( 2, ( #5504, #4559, #502, #2473, #2070, #5444, #957, #4475, #6027 ),
 .UNSPECIFIED., .F., .F. ) 
 B_SPLINE_CURVE_WITH_KNOTS ( ( 3, 2, 2, 2, 3 ),
 ( 0.4270833333333334814, 0.4322916666666667962, 0.4375000000000000000, 0.4427083333333332593, 0.4479166666666665741 ),
 .UNSPECIFIED. ) 
 CURVE ( )  GEOMETRIC_REPRESENTATION_ITEM ( )  RATIONAL_B_SPLINE_CURVE ( ( 0.9999999999999975575, 0.9238795325112891810, 1.000000000000000000, 0.9238795325112867385, 1.000000000000000000, 0.9238795325112867385, 1.000000000000000000, 0.9238795325112884038, 0.9999999999999983347 ) ) 
 REPRESENTATION_ITEM ( '' )  );
#2314 = CARTESIAN_POINT ( 'NONE',  ( 2.882579019330970382, -49.60937500170699366, 2.882579019330952175 ) ) ;
#2315 = CARTESIAN_POINT ( 'NONE',  ( 1.688575694911947922, -47.34375000170698655, 4.076582343749975301 ) ) ;
#2316 = APPROVAL_STATUS ( 'not_yet_approved' ) ;
#2317 = EDGE_CURVE ( 'NONE', #2618, #6218, #4412, .T. ) ;
#2318 = CARTESIAN_POINT ( 'NONE',  ( 3.399999999999995914, -39.92187500000000000, -1.408326112068541525 ) ) ;
#2319 = DIRECTION ( 'NONE',  ( 0.000000000000000000, 0.000000000000000000, -1.000000000000000000 ) ) ;
#2320 = CYLINDRICAL_SURFACE ( 'NONE', #5025, 3.399999999999995914 ) ;
#2321 = CARTESIAN_POINT ( 'NONE',  ( -2.882579019330972159, -58.67187500170699366, 2.882579019330950842 ) ) ;
#2322 = CARTESIAN_POINT ( 'NONE',  ( -6.245698675651493936E-16, -59.06250000000000711, 3.399999999999975930 ) ) ;
#2323 = CARTESIAN_POINT ( 'NONE',  ( 2.882579019330970382, -39.60937500170700076, 2.882579019330952175 ) ) ;
#2324 = CARTESIAN_POINT ( 'NONE',  ( -1.688575694911949698, -46.09375000170699366, 4.076582343749975301 ) ) ;
#2325 =( BOUNDED_SURFACE ( )  B_SPLINE_SURFACE ( 1, 2, ( 
 ( #6157, #1170, #3702, #1241, #3241, #4265, #6257, #4396, #5309, #2366, #1903, #5803, #850, #3805, #5340, #1870, #6291, #1372, #3370, #1401, #3836, #5769, #5862, #5833, #2846, #1342, #3341, #323, #2333, #4886, #3895, #4855, #355, #1809, #787, #5368, #4329, #6386, #1278, #4915, #2906, #421, #879, #388, #909, #2428, #6415, #1931, #5892, #4362, #1312, #4427, #3311, #6355, #6323, #820, #3275, #3867, #2876, #2397, #3400, #5396, #5276, #2781, #291, #1841, #4791, #2302, #2816, #4300, #4826, #4457, #4542, #2936, #5516, #1057, #38, #2018, #4012, #576, #2048, #1522, #6010, #5428, #3460, #5485, #4044, #3523, #2544, #1028, #3955, #3984, #4486, #1963, #971, #4514, #6445, #5456, #1464, #5980, #4947, #2994, #5005, #938, #1991, #3554, #1493, #3429, #3027, #5953, #516, #451, #3493, #5548, #997, #2456, #5037, #2966, #1431, #4978, #2515, #10, #545, #484, #6042, #1553, #72, #3057, #5067, #2484, #6474, #4574, #2573, #3924, #5922, #3724, #4077, #3588, #2672, #3655, #2739, #5234, #6177, #708, #1617, #5169, #4714, #2117, #5653, #109, #1655, #4679, #2609, #4187, #1690, #4222, #144, #2081, #2189, #2155, #1158, #4149, #6145, #3125, #5138, #1192, #214, #3157, #677, #4606, #5579, #3688, #642, #2705, #6075, #1230, #5721, #3230, #5684, #3191, #742, #4749, #1585, #1092, #2223, #177, #4112, #3089, #6107, #5199, #2641, #3623, #5102, #6211, #1727, #610, #5616, #1125, #4646, #3332, #1269, #3301, #249, #1860, #1799, #4848, #3795, #777, #870, #5760, #3860, #3886, #2867, #347, #2356, #3392, #4878, #4353, #6346, #1763, #6281, #1831, #379, #5854, #5359, #1363, #280, #314, #808, #4780, #5792, #841, #2770, #1302, #4290, #2324, #3263, #5825, #2291, #1893, #5331, #5299, #3362, #2804, #901, #4321, #6246, #6315, #1393, #4815, #2388, #3828, #2837, #1333, #4387, #6378, #5883, #5266, #5389, #2256, #2898, #4255, #3760, #1924, #6406, #30, #4506, #4479, #3917, #1544, #4970, #5450, #4939, #1984, #505, #1485, #5945, #5421, #5973, #4534, #3515, #5508, #2, #5915, #6033, #4908, #3485, #6437, #2929, #2037, #1513, #6001, #2011, #3452, #4033, #963, #1423, #4448, #3018, #930, #1021, #6466, #3545, #4005, #2987, #5028, #443, #411, #537, #2957, #3421, #5538, #1049, #1955, #2421, #4420, #2536, #2448, #3947, #1456, #2477, #3976, #474, #2507, #5476, #989, #4998, #1083, #4635, #135, #99, #2109, #3048, #3579, #4563, #3082, #4178, #1683, #3681, #2146, #2698, #6099, #2073, #668, #1183, #1645, #4139, #5713, #5092, #5607, #207, #4104, #1608, #6204, #4068, #6135, #5252, #6265, #5635, #3176, #1783, #2724, #3710, #4699, #4766, #197, #2658, #1633, #6232, #1176, #761, #2137, #5779, #3780, #1288, #233, #5744, #3284, #5286, #795, #2792, #266, #4205, #660, #128 ),
 ( #3212, #1142, #5186, #4130, #1747, #1675, #4732, #3673, #4665, #2757, #3142, #3745, #6125, #2275, #2241, #4240, #3640, #4275, #1251, #3249, #5155, #6163, #1711, #162, #2172, #4171, #5670, #693, #2208, #2691, #6196, #5705, #726, #1213, #5220, #4624, #4663, #1599, #4169, #6161, #3604, #3140, #4729, #160, #126, #194, #6123, #5633, #1673, #3671, #5668, #1174, #3174, #2721, #230, #1248, #5184, #1708, #3707, #1209, #5741, #6229, #1744, #3742, #5082, #5249, #4763, #3843, #4832, #3901, #6390, #2852, #1876, #2789, #6329, #1378, #3281, #331, #1285, #2825, #5839, #3777, #5346, #4861, #884, #1317, #3246, #3349, #3317, #2340, #5317, #825, #4307, #6299, #2373, #3376, #4336, #1847, #2754, #361, #5283, #758, #4799, #1349, #4368, #6364, #299, #4891, #394, #5899, #3874, #2403, #2308, #1815, #263, #4402, #3811, #1908, #2272, #4272, #6262, #1780, #5776, #5809, #4548, #5492, #16, #945, #4492, #4019, #1440, #2973, #5928, #976, #3991, #1940, #3501, #1005, #3530, #5959, #1407, #1500, #1471, #4984, #3469, #5462, #2462, #4464, #523, #6017, #491, #2491, #3931, #2912, #3003, #6451, #2023, #3405, #552, #5044, #2551, #5013, #2522, #3034, #46, #2056, #4052, #1528, #6481, #3434, #5402, #5434, #1998, #1970, #2942, #915, #5988, #4519, #5524, #1035, #4924, #427, #2434, #4433, #3961, #6422, #4953, #457, #4159, #3096, #82, #186, #5075, #1167, #3200, #2198, #6154, #1665, #2713, #4196, #3664, #5661, #1065, #5587, #1134, #6186, #3167, #4689, #5176, #6083, #6116, #117, #4087, #5112, #152, #2090, #1098, #3596, #1625, #583, #5147, #651, #3064, #4120, #5694, #3631, #618, #1700, #1592, #3699, #5626, #5209, #685, #2681, #1201, #2619, #6050, #716, #2126, #2580, #4721, #222, #4616, #2231, #5556, #1561, #3133, #3563, #4582, #2650, #4653, #2163, #6320, #817, #385, #876, #256, #4297, #1806, #3768, #5766, #4231, #4755, #6221, #4262, #5337, #847, #2843, #3802, #4359, #784, #1736, #1838, #5830, #2813, #5800, #3733, #749, #4788, #4852, #2746, #2264, #352, #5731, #1275, #2363, #3864, #3239, #2778, #5859, #320, #1309, #2299, #6352, #6288, #6254, #1369, #4823, #1770, #2330, #3272, #4883, #3308, #1238, #5306, #5365, #5273, #4326, #288, #3833, #1339, #3338, #1867, #3367, #5241, #2873, #2394, #6007, #2903, #4944, #5889, #3891, #4009, #1988, #1960, #1398, #5513, #2452, #2933, #2425, #5950, #4483, #5453, #3426, #4912, #3457, #2015, #993, #2991, #3981, #3397, #3520, #4393, #968, #3921, #418, #1519, #5482, #3490, #5977, #935, #1025, #448, #5393, #3024, #6383, #2963, #5919, #4424, #5034, #5002, #513, #1490, #4454, #1900, #6442, #906, #1928, #2512, #6411, #4511, #3952, #1428, #7, #481, #5425, #1461, #4974, #2481, #6471, #1549, #2185, #4183, #2077, #6173 ) ),
 .UNSPECIFIED., .F., .F., .F. ) 
 B_SPLINE_SURFACE_WITH_KNOTS ( ( 2, 2 ),
 ( 3, 2, 2, 2, 2, 2, 2, 2, 2, 2, 2, 2, 2, 2, 2, 2, 2, 2, 2, 2, 2, 2, 2, 2, 2, 2, 2, 2, 2, 2, 2, 2, 2, 2, 2, 2, 2, 2, 2, 2, 2, 2, 2, 2, 2, 2, 2, 2, 2, 2, 2, 2, 2, 2, 2, 2, 2, 2, 2, 2, 2, 2, 2, 2, 2, 2, 2, 2, 2, 2, 2, 2, 2, 2, 2, 2, 2, 2, 2, 2, 2, 2, 2, 2, 2, 2, 2, 2, 2, 2, 2, 2, 2, 2, 2, 2, 2, 2, 2, 2, 2, 2, 2, 2, 2, 2, 2, 2, 2, 2, 2, 2, 2, 2, 2, 2, 2, 2, 2, 2, 2, 2, 2, 2, 2, 2, 2, 2, 2, 2, 2, 2, 2, 2, 2, 2, 2, 2, 2, 2, 2, 2, 2, 2, 2, 2, 2, 2, 2, 2, 2, 2, 2, 2, 2, 2, 2, 2, 2, 2, 2, 2, 2, 2, 2, 2, 2, 2, 2, 2, 2, 2, 2, 2, 2, 2, 2, 2, 2, 2, 2, 2, 2, 2, 2, 2, 2, 2, 2, 2, 2, 2, 3 ),
 ( 0.000000000000000000, 1.000000000000000000 ),
 ( 0.000000000000000000, 0.005208333333333333044, 0.01041666666666666609, 0.01562500000000000000, 0.02083333333333333218, 0.02604166666666666782, 0.03125000000000000000, 0.03645833333333333565, 0.04166666666666666435, 0.04687500000000000000, 0.05208333333333333565, 0.05729166666666666435, 0.06250000000000000000, 0.06770833333333332871, 0.07291666666666667129, 0.07812500000000000000, 0.08333333333333332871, 0.08854166666666667129, 0.09375000000000000000, 0.09895833333333332871, 0.1041666666666666713, 0.1093750000000000000, 0.1145833333333333287, 0.1197916666666666713, 0.1250000000000000000, 0.1302083333333333426, 0.1354166666666666574, 0.1406250000000000000, 0.1458333333333333426, 0.1510416666666666574, 0.1562500000000000000, 0.1614583333333333426, 0.1666666666666666574, 0.1718750000000000000, 0.1770833333333333426, 0.1822916666666666574, 0.1875000000000000000, 0.1927083333333333426, 0.1979166666666666574, 0.2031250000000000000, 0.2083333333333333426, 0.2135416666666666574, 0.2187500000000000000, 0.2239583333333333426, 0.2291666666666666574, 0.2343750000000000000, 0.2395833333333333426, 0.2447916666666666574, 0.2500000000000000000, 0.2552083333333333148, 0.2604166666666666852, 0.2656250000000000000, 0.2708333333333333148, 0.2760416666666666852, 0.2812500000000000000, 0.2864583333333333148, 0.2916666666666666852, 0.2968750000000000000, 0.3020833333333333148, 0.3072916666666666852, 0.3125000000000000000, 0.3177083333333333148, 0.3229166666666666852, 0.3281250000000000000, 0.3333333333333333148, 0.3385416666666666852, 0.3437500000000000000, 0.3489583333333333148, 0.3541666666666666852, 0.3593750000000000000, 0.3645833333333333148, 0.3697916666666666852, 0.3750000000000000000, 0.3802083333333333148, 0.3854166666666666852, 0.3906250000000000000, 0.3958333333333333148, 0.4010416666666666852, 0.4062500000000000000, 0.4114583333333333148, 0.4166666666666666852, 0.4218750000000000000, 0.4270833333333333148, 0.4322916666666666852, 0.4375000000000000000, 0.4427083333333333148, 0.4479166666666666852, 0.4531250000000000000, 0.4583333333333333148, 0.4635416666666666852, 0.4687500000000000000, 0.4739583333333333148, 0.4791666666666666852, 0.4843750000000000000, 0.4895833333333333148, 0.4947916666666666852, 0.5000000000000000000, 0.5052083333333333703, 0.5104166666666666297, 0.5156250000000000000, 0.5208333333333333703, 0.5260416666666666297, 0.5312500000000000000, 0.5364583333333333703, 0.5416666666666666297, 0.5468750000000000000, 0.5520833333333333703, 0.5572916666666666297, 0.5625000000000000000, 0.5677083333333333703, 0.5729166666666666297, 0.5781250000000000000, 0.5833333333333333703, 0.5885416666666666297, 0.5937500000000000000, 0.5989583333333333703, 0.6041666666666666297, 0.6093750000000000000, 0.6145833333333333703, 0.6197916666666666297, 0.6250000000000000000, 0.6302083333333333703, 0.6354166666666666297, 0.6406250000000000000, 0.6458333333333333703, 0.6510416666666666297, 0.6562500000000000000, 0.6614583333333333703, 0.6666666666666666297, 0.6718750000000000000, 0.6770833333333333703, 0.6822916666666666297, 0.6875000000000000000, 0.6927083333333333703, 0.6979166666666666297, 0.7031250000000000000, 0.7083333333333333703, 0.7135416666666666297, 0.7187500000000000000, 0.7239583333333333703, 0.7291666666666666297, 0.7343750000000000000, 0.7395833333333333703, 0.7447916666666666297, 0.7500000000000000000, 0.7552083333333333703, 0.7604166666666666297, 0.7656250000000000000, 0.7708333333333333703, 0.7760416666666666297, 0.7812500000000000000, 0.7864583333333333703, 0.7916666666666666297, 0.7968750000000000000, 0.8020833333333333703, 0.8072916666666666297, 0.8125000000000000000, 0.8177083333333333703, 0.8229166666666666297, 0.8281250000000000000, 0.8333333333333333703, 0.8385416666666666297, 0.8437500000000000000, 0.8489583333333333703, 0.8541666666666666297, 0.8593750000000000000, 0.8645833333333333703, 0.8697916666666666297, 0.8750000000000000000, 0.8802083333333333703, 0.8854166666666666297, 0.8906250000000000000, 0.8958333333333333703, 0.9010416666666666297, 0.9062500000000000000, 0.9114583333333333703, 0.9166666666666666297, 0.9218750000000000000, 0.9270833333333333703, 0.9322916666666666297, 0.9375000000000000000, 0.9427083333333333703, 0.9479166666666666297, 0.9531250000000000000, 0.9583333333333333703, 0.9635416666666666297, 0.9687500000000000000, 0.9739583333333333703, 0.9791666666666666297, 0.9843750000000000000, 0.9895833333333333703, 0.9947916666666666297, 1.000000000000000000 ),
 .UNSPECIFIED. ) 
 GEOMETRIC_REPRESENTATION_ITEM ( )  RATIONAL_B_SPLINE_SURFACE ( (
 ( 1.000000000000000000, 0.9238795325112867385, 1.000000000000000000, 0.9238795325112867385, 1.000000000000000000, 0.9238795325112867385, 1.000000000000000000, 0.9238795325112867385, 1.000000000000000000, 0.9238795325112867385, 1.000000000000000000, 0.9238795325112867385, 1.000000000000000000, 0.9238795325112867385, 1.000000000000000000, 0.9238795325112867385, 1.000000000000000000, 0.9238795325112867385, 1.000000000000000000, 0.9238795325112867385, 1.000000000000000000, 0.9238795325112867385, 1.000000000000000000, 0.9238795325112867385, 1.000000000000000000, 0.9238795325112867385, 1.000000000000000000, 0.9238795325112867385, 1.000000000000000000, 0.9238795325112867385, 1.000000000000000000, 0.9238795325112867385, 1.000000000000000000, 0.9238795325112867385, 1.000000000000000000, 0.9238795325112867385, 1.000000000000000000, 0.9238795325112867385, 1.000000000000000000, 0.9238795325112867385, 1.000000000000000000, 0.9238795325112867385, 1.000000000000000000, 0.9238795325112867385, 1.000000000000000000, 0.9238795325112867385, 1.000000000000000000, 0.9238795325112867385, 1.000000000000000000, 0.9238795325112867385, 1.000000000000000000, 0.9238795325112867385, 1.000000000000000000, 0.9238795325112867385, 1.000000000000000000, 0.9238795325112867385, 1.000000000000000000, 0.9238795325112867385, 1.000000000000000000, 0.9238795325112867385, 1.000000000000000000, 0.9238795325112867385, 1.000000000000000000, 0.9238795325112867385, 1.000000000000000000, 0.9238795325112867385, 1.000000000000000000, 0.9238795325112867385, 1.000000000000000000, 0.9238795325112867385, 1.000000000000000000, 0.9238795325112867385, 1.000000000000000000, 0.9238795325112867385, 1.000000000000000000, 0.9238795325112867385, 1.000000000000000000, 0.9238795325112867385, 1.000000000000000000, 0.9238795325112867385, 1.000000000000000000, 0.9238795325112867385, 1.000000000000000000, 0.9238795325112867385, 1.000000000000000000, 0.9238795325112867385, 1.000000000000000000, 0.9238795325112867385, 1.000000000000000000, 0.9238795325112867385, 1.000000000000000000, 0.9238795325112867385, 1.000000000000000000, 0.9238795325112867385, 1.000000000000000000, 0.9238795325112867385, 1.000000000000000000, 0.9238795325112867385, 1.000000000000000000, 0.9238795325112867385, 1.000000000000000000, 0.9238795325112867385, 1.000000000000000000, 0.9238795325112867385, 1.000000000000000000, 0.9238795325112867385, 1.000000000000000000, 0.9238795325112867385, 1.000000000000000000, 0.9238795325112867385, 1.000000000000000000, 0.9238795325112867385, 1.000000000000000000, 0.9238795325112867385, 1.000000000000000000, 0.9238795325112867385, 1.000000000000000000, 0.9238795325112867385, 1.000000000000000000, 0.9238795325112867385, 1.000000000000000000, 0.9238795325112867385, 1.000000000000000000, 0.9238795325112867385, 1.000000000000000000, 0.9238795325112867385, 1.000000000000000000, 0.9238795325112867385, 1.000000000000000000, 0.9238795325112867385, 1.000000000000000000, 0.9238795325112867385, 1.000000000000000000, 0.9238795325112867385, 1.000000000000000000, 0.9238795325112867385, 1.000000000000000000, 0.9238795325112867385, 1.000000000000000000, 0.9238795325112867385, 1.000000000000000000, 0.9238795325112867385, 1.000000000000000000, 0.9238795325112867385, 1.000000000000000000, 0.9238795325112867385, 1.000000000000000000, 0.9238795325112867385, 1.000000000000000000, 0.9238795325112867385, 1.000000000000000000, 0.9238795325112867385, 1.000000000000000000, 0.9238795325112867385, 1.000000000000000000, 0.9238795325112867385, 1.000000000000000000, 0.9238795325112867385, 1.000000000000000000, 0.9238795325112867385, 1.000000000000000000, 0.9238795325112867385, 1.000000000000000000, 0.9238795325112867385, 1.000000000000000000, 0.9238795325112867385, 1.000000000000000000, 0.9238795325112867385, 1.000000000000000000, 0.9238795325112867385, 1.000000000000000000, 0.9238795325112867385, 1.000000000000000000, 0.9238795325112867385, 1.000000000000000000, 0.9238795325112867385, 1.000000000000000000, 0.9238795325112867385, 1.000000000000000000, 0.9238795325112867385, 1.000000000000000000, 0.9238795325112867385, 1.000000000000000000, 0.9238795325112867385, 1.000000000000000000, 0.9238795325112867385, 1.000000000000000000, 0.9238795325112867385, 1.000000000000000000, 0.9238795325112867385, 1.000000000000000000, 0.9238795325112867385, 1.000000000000000000, 0.9238795325112867385, 1.000000000000000000, 0.9238795325112867385, 1.000000000000000000, 0.9238795325112867385, 1.000000000000000000, 0.9238795325112867385, 1.000000000000000000, 0.9238795325112867385, 1.000000000000000000, 0.9238795325112867385, 1.000000000000000000, 0.9238795325112867385, 1.000000000000000000, 0.9238795325112867385, 1.000000000000000000, 0.9238795325112867385, 1.000000000000000000, 0.9238795325112867385, 1.000000000000000000, 0.9238795325112867385, 1.000000000000000000, 0.9238795325112867385, 1.000000000000000000, 0.9238795325112867385, 1.000000000000000000, 0.9238795325112867385, 1.000000000000000000, 0.9238795325112867385, 1.000000000000000000, 0.9238795325112867385, 1.000000000000000000, 0.9238795325112867385, 1.000000000000000000, 0.9238795325112867385, 1.000000000000000000, 0.9238795325112867385, 1.000000000000000000, 0.9238795325112867385, 1.000000000000000000, 0.9238795325112867385, 1.000000000000000000, 0.9238795325112867385, 1.000000000000000000, 0.9238795325112867385, 1.000000000000000000, 0.9238795325112867385, 1.000000000000000000, 0.9238795325112867385, 1.000000000000000000, 0.9238795325112867385, 1.000000000000000000, 0.9238795325112867385, 1.000000000000000000, 0.9238795325112867385, 1.000000000000000000, 0.9238795325112867385, 1.000000000000000000, 0.9238795325112867385, 1.000000000000000000, 0.9238795325112867385, 1.000000000000000000, 0.9238795325112867385, 1.000000000000000000, 0.9238795325112867385, 1.000000000000000000, 0.9238795325112867385, 1.000000000000000000, 0.9238795325112867385, 1.000000000000000000, 0.9238795325112867385, 1.000000000000000000, 0.9238795325112867385, 1.000000000000000000, 0.9238795325112867385, 1.000000000000000000, 0.9238795325112867385, 1.000000000000000000, 0.9238795325112867385, 1.000000000000000000, 0.9238795325112867385, 1.000000000000000000, 0.9238795325112867385, 1.000000000000000000, 0.9238795325112867385, 1.000000000000000000, 0.9238795325112867385, 1.000000000000000000, 0.9238795325112867385, 1.000000000000000000, 0.9238795325112867385, 1.000000000000000000, 0.9238795325112867385, 1.000000000000000000, 0.9238795325112867385, 1.000000000000000000, 0.9238795325112867385, 1.000000000000000000, 0.9238795325112867385, 1.000000000000000000, 0.9238795325112867385, 1.000000000000000000, 0.9238795325112867385, 1.000000000000000000, 0.9238795325112867385, 1.000000000000000000, 0.9238795325112867385, 1.000000000000000000, 0.9238795325112867385, 1.000000000000000000, 0.9238795325112867385, 1.000000000000000000, 0.9238795325112867385, 1.000000000000000000, 0.9238795325112867385, 1.000000000000000000, 0.9238795325112867385, 1.000000000000000000, 0.9238795325112867385, 1.000000000000000000, 0.9238795325112867385, 1.000000000000000000, 0.9238795325112867385, 1.000000000000000000, 0.9238795325112867385, 1.000000000000000000, 0.9238795325112867385, 1.000000000000000000, 0.9238795325112867385, 1.000000000000000000, 0.9238795325112867385, 1.000000000000000000, 0.9238795325112867385, 1.000000000000000000, 0.9238795325112867385, 1.000000000000000000, 0.9238795325112867385, 1.000000000000000000, 0.9238795325112867385, 1.000000000000000000, 0.9238795325112867385, 1.000000000000000000, 0.9238795325112867385, 1.000000000000000000, 0.9238795325112867385, 1.000000000000000000, 0.9238795325112867385, 1.000000000000000000, 0.9238795325112867385, 1.000000000000000000, 0.9238795325112867385, 1.000000000000000000, 0.9238795325112867385, 1.000000000000000000, 0.9238795325112867385, 1.000000000000000000, 0.9238795325112867385, 1.000000000000000000, 0.9238795325112867385, 1.000000000000000000, 0.9238795325112867385, 1.000000000000000000, 0.9238795325112867385, 1.000000000000000000, 0.9238795325112867385, 1.000000000000000000, 0.9238795325112867385, 1.000000000000000000, 0.9238795325112867385, 1.000000000000000000, 0.9238795325112867385, 1.000000000000000000, 0.9238795325112867385, 1.000000000000000000, 0.9238795325112867385, 1.000000000000000000, 0.9238795325112867385, 1.000000000000000000, 0.9238795325112867385, 1.000000000000000000, 0.9238795325112867385, 1.000000000000000000, 0.9238795325112867385, 1.000000000000000000, 0.9238795325112867385, 1.000000000000000000, 0.9238795325112867385, 1.000000000000000000, 0.9238795325112867385, 1.000000000000000000, 0.9238795325112867385, 1.000000000000000000),
 ( 1.000000000000000000, 0.9238795325112867385, 1.000000000000000000, 0.9238795325112867385, 1.000000000000000000, 0.9238795325112867385, 1.000000000000000000, 0.9238795325112867385, 1.000000000000000000, 0.9238795325112867385, 1.000000000000000000, 0.9238795325112867385, 1.000000000000000000, 0.9238795325112867385, 1.000000000000000000, 0.9238795325112867385, 1.000000000000000000, 0.9238795325112867385, 1.000000000000000000, 0.9238795325112867385, 1.000000000000000000, 0.9238795325112867385, 1.000000000000000000, 0.9238795325112867385, 1.000000000000000000, 0.9238795325112867385, 1.000000000000000000, 0.9238795325112867385, 1.000000000000000000, 0.9238795325112867385, 1.000000000000000000, 0.9238795325112867385, 1.000000000000000000, 0.9238795325112867385, 1.000000000000000000, 0.9238795325112867385, 1.000000000000000000, 0.9238795325112867385, 1.000000000000000000, 0.9238795325112867385, 1.000000000000000000, 0.9238795325112867385, 1.000000000000000000, 0.9238795325112867385, 1.000000000000000000, 0.9238795325112867385, 1.000000000000000000, 0.9238795325112867385, 1.000000000000000000, 0.9238795325112867385, 1.000000000000000000, 0.9238795325112867385, 1.000000000000000000, 0.9238795325112867385, 1.000000000000000000, 0.9238795325112867385, 1.000000000000000000, 0.9238795325112867385, 1.000000000000000000, 0.9238795325112867385, 1.000000000000000000, 0.9238795325112867385, 1.000000000000000000, 0.9238795325112867385, 1.000000000000000000, 0.9238795325112867385, 1.000000000000000000, 0.9238795325112867385, 1.000000000000000000, 0.9238795325112867385, 1.000000000000000000, 0.9238795325112867385, 1.000000000000000000, 0.9238795325112867385, 1.000000000000000000, 0.9238795325112867385, 1.000000000000000000, 0.9238795325112867385, 1.000000000000000000, 0.9238795325112867385, 1.000000000000000000, 0.9238795325112867385, 1.000000000000000000, 0.9238795325112867385, 1.000000000000000000, 0.9238795325112867385, 1.000000000000000000, 0.9238795325112867385, 1.000000000000000000, 0.9238795325112867385, 1.000000000000000000, 0.9238795325112867385, 1.000000000000000000, 0.9238795325112867385, 1.000000000000000000, 0.9238795325112867385, 1.000000000000000000, 0.9238795325112867385, 1.000000000000000000, 0.9238795325112867385, 1.000000000000000000, 0.9238795325112867385, 1.000000000000000000, 0.9238795325112867385, 1.000000000000000000, 0.9238795325112867385, 1.000000000000000000, 0.9238795325112867385, 1.000000000000000000, 0.9238795325112867385, 1.000000000000000000, 0.9238795325112867385, 1.000000000000000000, 0.9238795325112867385, 1.000000000000000000, 0.9238795325112867385, 1.000000000000000000, 0.9238795325112867385, 1.000000000000000000, 0.9238795325112867385, 1.000000000000000000, 0.9238795325112867385, 1.000000000000000000, 0.9238795325112867385, 1.000000000000000000, 0.9238795325112867385, 1.000000000000000000, 0.9238795325112867385, 1.000000000000000000, 0.9238795325112867385, 1.000000000000000000, 0.9238795325112867385, 1.000000000000000000, 0.9238795325112867385, 1.000000000000000000, 0.9238795325112867385, 1.000000000000000000, 0.9238795325112867385, 1.000000000000000000, 0.9238795325112867385, 1.000000000000000000, 0.9238795325112867385, 1.000000000000000000, 0.9238795325112867385, 1.000000000000000000, 0.9238795325112867385, 1.000000000000000000, 0.9238795325112867385, 1.000000000000000000, 0.9238795325112867385, 1.000000000000000000, 0.9238795325112867385, 1.000000000000000000, 0.9238795325112867385, 1.000000000000000000, 0.9238795325112867385, 1.000000000000000000, 0.9238795325112867385, 1.000000000000000000, 0.9238795325112867385, 1.000000000000000000, 0.9238795325112867385, 1.000000000000000000, 0.9238795325112867385, 1.000000000000000000, 0.9238795325112867385, 1.000000000000000000, 0.9238795325112867385, 1.000000000000000000, 0.9238795325112867385, 1.000000000000000000, 0.9238795325112867385, 1.000000000000000000, 0.9238795325112867385, 1.000000000000000000, 0.9238795325112867385, 1.000000000000000000, 0.9238795325112867385, 1.000000000000000000, 0.9238795325112867385, 1.000000000000000000, 0.9238795325112867385, 1.000000000000000000, 0.9238795325112867385, 1.000000000000000000, 0.9238795325112867385, 1.000000000000000000, 0.9238795325112867385, 1.000000000000000000, 0.9238795325112867385, 1.000000000000000000, 0.9238795325112867385, 1.000000000000000000, 0.9238795325112867385, 1.000000000000000000, 0.9238795325112867385, 1.000000000000000000, 0.9238795325112867385, 1.000000000000000000, 0.9238795325112867385, 1.000000000000000000, 0.9238795325112867385, 1.000000000000000000, 0.9238795325112867385, 1.000000000000000000, 0.9238795325112867385, 1.000000000000000000, 0.9238795325112867385, 1.000000000000000000, 0.9238795325112867385, 1.000000000000000000, 0.9238795325112867385, 1.000000000000000000, 0.9238795325112867385, 1.000000000000000000, 0.9238795325112867385, 1.000000000000000000, 0.9238795325112867385, 1.000000000000000000, 0.9238795325112867385, 1.000000000000000000, 0.9238795325112867385, 1.000000000000000000, 0.9238795325112867385, 1.000000000000000000, 0.9238795325112867385, 1.000000000000000000, 0.9238795325112867385, 1.000000000000000000, 0.9238795325112867385, 1.000000000000000000, 0.9238795325112867385, 1.000000000000000000, 0.9238795325112867385, 1.000000000000000000, 0.9238795325112867385, 1.000000000000000000, 0.9238795325112867385, 1.000000000000000000, 0.9238795325112867385, 1.000000000000000000, 0.9238795325112867385, 1.000000000000000000, 0.9238795325112867385, 1.000000000000000000, 0.9238795325112867385, 1.000000000000000000, 0.9238795325112867385, 1.000000000000000000, 0.9238795325112867385, 1.000000000000000000, 0.9238795325112867385, 1.000000000000000000, 0.9238795325112867385, 1.000000000000000000, 0.9238795325112867385, 1.000000000000000000, 0.9238795325112867385, 1.000000000000000000, 0.9238795325112867385, 1.000000000000000000, 0.9238795325112867385, 1.000000000000000000, 0.9238795325112867385, 1.000000000000000000, 0.9238795325112867385, 1.000000000000000000, 0.9238795325112867385, 1.000000000000000000, 0.9238795325112867385, 1.000000000000000000, 0.9238795325112867385, 1.000000000000000000, 0.9238795325112867385, 1.000000000000000000, 0.9238795325112867385, 1.000000000000000000, 0.9238795325112867385, 1.000000000000000000, 0.9238795325112867385, 1.000000000000000000, 0.9238795325112867385, 1.000000000000000000, 0.9238795325112867385, 1.000000000000000000, 0.9238795325112867385, 1.000000000000000000, 0.9238795325112867385, 1.000000000000000000, 0.9238795325112867385, 1.000000000000000000, 0.9238795325112867385, 1.000000000000000000, 0.9238795325112867385, 1.000000000000000000, 0.9238795325112867385, 1.000000000000000000, 0.9238795325112867385, 1.000000000000000000, 0.9238795325112867385, 1.000000000000000000, 0.9238795325112867385, 1.000000000000000000, 0.9238795325112867385, 1.000000000000000000, 0.9238795325112867385, 1.000000000000000000, 0.9238795325112867385, 1.000000000000000000, 0.9238795325112867385, 1.000000000000000000, 0.9238795325112867385, 1.000000000000000000, 0.9238795325112867385, 1.000000000000000000, 0.9238795325112867385, 1.000000000000000000, 0.9238795325112867385, 1.000000000000000000, 0.9238795325112867385, 1.000000000000000000, 0.9238795325112867385, 1.000000000000000000, 0.9238795325112867385, 1.000000000000000000, 0.9238795325112867385, 1.000000000000000000, 0.9238795325112867385, 1.000000000000000000, 0.9238795325112867385, 1.000000000000000000, 0.9238795325112867385, 1.000000000000000000, 0.9238795325112867385, 1.000000000000000000, 0.9238795325112867385, 1.000000000000000000, 0.9238795325112867385, 1.000000000000000000, 0.9238795325112867385, 1.000000000000000000, 0.9238795325112867385, 1.000000000000000000, 0.9238795325112867385, 1.000000000000000000, 0.9238795325112867385, 1.000000000000000000, 0.9238795325112867385, 1.000000000000000000, 0.9238795325112867385, 1.000000000000000000, 0.9238795325112867385, 1.000000000000000000, 0.9238795325112867385, 1.000000000000000000, 0.9238795325112867385, 1.000000000000000000, 0.9238795325112867385, 1.000000000000000000, 0.9238795325112867385, 1.000000000000000000, 0.9238795325112867385, 1.000000000000000000, 0.9238795325112867385, 1.000000000000000000, 0.9238795325112867385, 1.000000000000000000, 0.9238795325112867385, 1.000000000000000000, 0.9238795325112867385, 1.000000000000000000, 0.9238795325112867385, 1.000000000000000000, 0.9238795325112867385, 1.000000000000000000, 0.9238795325112867385, 1.000000000000000000, 0.9238795325112867385, 1.000000000000000000, 0.9238795325112867385, 1.000000000000000000, 0.9238795325112867385, 1.000000000000000000, 0.9238795325112867385, 1.000000000000000000) ) ) 
 REPRESENTATION_ITEM ( '' )  SURFACE ( )  );
#2326 = CARTESIAN_POINT ( 'NONE',  ( 2.404163056034257728, -57.96875000341398732, 2.404163056034239077 ) ) ;
#2327 = CARTESIAN_POINT ( 'NONE',  ( 2.882579019330971715, -41.95312500170698655, -2.882579019330991699 ) ) ;
#2328 = CARTESIAN_POINT ( 'NONE',  ( 4.076582343749995729, -37.10937500170699366, -1.995304164474380342E-14 ) ) ;
#2329 = EDGE_LOOP ( 'NONE', ( #508, #4008, #966, #2539 ) ) ;
#2330 = CARTESIAN_POINT ( 'NONE',  ( -1.408326112068523317, -40.70312500341398732, 3.399999999999975042 ) ) ;
#2331 = CARTESIAN_POINT ( 'NONE',  ( -6.245698675651493936E-16, -43.12500000341398732, 3.399999999999975930 ) ) ;
#2332 = CARTESIAN_POINT ( 'NONE',  ( -2.404163056034258172, -62.03125000000000000, -2.404163056034278600 ) ) ;
#2333 = CARTESIAN_POINT ( 'NONE',  ( -7.488560278101070689E-16, -62.26562500170699366, 4.076582343749976189 ) ) ;
#2334 = CARTESIAN_POINT ( 'NONE',  ( 2.404163056034257728, -35.15625000000000000, 2.404163056034239077 ) ) ;
#2335 = DIRECTION ( 'NONE',  ( -0.000000000000000000, -1.000000000000000000, -0.000000000000000000 ) ) ;
#2336 = CARTESIAN_POINT ( 'NONE',  ( -2.882579019330970826, -50.39062500170699366, -2.882579019330991699 ) ) ;
#2337 = ORIENTED_EDGE ( 'NONE', *, *, #1636, .F. ) ;
#2338 = EDGE_CURVE ( 'NONE', #2870, #3252, #2108, .T. ) ;
#2339 = CARTESIAN_POINT ( 'NONE',  ( -4.076582343749996618, -61.40625000170699366, 1.688575694911926828 ) ) ;
#2340 = CARTESIAN_POINT ( 'NONE',  ( -3.399999999999996358, -57.10937500341398732, 1.408326112068500890 ) ) ;
#2341 = CARTESIAN_POINT ( 'NONE',  ( -2.404163056034259061, -62.03125000341398732, 2.404163056034238188 ) ) ;
#2342 = CARTESIAN_POINT ( 'NONE',  ( -4.076582343749995729, -58.90625000170700076, -1.688575694911967684 ) ) ;
#2343 = FACE_OUTER_BOUND ( 'NONE', #1086, .T. ) ;
#2344 = CARTESIAN_POINT ( 'NONE',  ( 3.399999999999995026, -46.32812500000000711, 1.408326112068503777 ) ) ;
#2345 = CARTESIAN_POINT ( 'NONE',  ( -6.245698675651493936E-16, -46.56250000000000711, 3.399999999999975930 ) ) ;
#2346 = ADVANCED_FACE ( 'NONE', ( #3578 ), #4067, .F. ) ;
#2347 = VERTEX_POINT ( 'NONE', #5676 ) ;
#2348 = CARTESIAN_POINT ( 'NONE',  ( -4.076582343749995729, -45.07812500170699366, -2.045227899661720714E-14 ) ) ;
#2349 = CARTESIAN_POINT ( 'NONE',  ( 4.076582343749995729, -48.28125000170699366, -1.688575694911966796 ) ) ;
#2350 = DIRECTION ( 'NONE',  ( 1.000000000000000000, 0.000000000000000000, 0.000000000000000000 ) ) ;
#2351 = LINE ( 'NONE', #2763, #5623 ) ;
#2352 = CARTESIAN_POINT ( 'NONE',  ( -3.399999999999996803, -45.85937500341398732, 1.408326112068501335 ) ) ;
#2353 = CARTESIAN_POINT ( 'NONE',  ( -7.488560278101070689E-16, -54.76562500170699366, 4.076582343749976189 ) ) ;
#2354 = CARTESIAN_POINT ( 'NONE',  ( -3.399999999999995914, -60.62500000000000000, -2.036942155645390229E-14 ) ) ;
#2355 = CARTESIAN_POINT ( 'NONE',  ( 2.496186759367024056E-16, -42.89062500170700076, -4.076582343750016157 ) ) ;
#2356 = CARTESIAN_POINT ( 'NONE',  ( -2.882579019330970826, -47.73437500170699366, -2.882579019330991699 ) ) ;
#2357 = CARTESIAN_POINT ( 'NONE',  ( -2.882579019330972159, -45.07812500170699366, 2.882579019330950842 ) ) ;
#2358 = DIRECTION ( 'NONE',  ( -0.000000000000000000, -1.000000000000000000, -0.000000000000000000 ) ) ;
#2359 = ORIENTED_EDGE ( 'NONE', *, *, #6275, .F. ) ;
#2360 = AXIS2_PLACEMENT_3D ( 'NONE', #97, #2215, #4137 ) ;
#2361 = CARTESIAN_POINT ( 'NONE',  ( -2.882579019330972159, -63.67187500170700076, 2.882579019330950842 ) ) ;
#2362 =( BOUNDED_CURVE ( )  B_SPLINE_CURVE ( 2, ( #2774, #284, #3336, #1834, #6349, #5857, #3831, #4850, #4391 ),
 .UNSPECIFIED., .F., .T. ) 
 B_SPLINE_CURVE_WITH_KNOTS ( ( 3, 2, 2, 2, 3 ),
 ( 0.8020833333333332593, 0.8072916666666665186, 0.8125000000000000000, 0.8177083333333333703, 0.8229166666666666297 ),
 .UNSPECIFIED. ) 
 CURVE ( )  GEOMETRIC_REPRESENTATION_ITEM ( )  RATIONAL_B_SPLINE_CURVE ( ( 1.000000000000001554, 0.9238795325112850731, 1.000000000000000000, 0.9238795325112867385, 1.000000000000000000, 0.9238795325112867385, 1.000000000000000000, 0.9238795325112867385, 1.000000000000000000 ) ) 
 REPRESENTATION_ITEM ( '' )  );
#2363 = CARTESIAN_POINT ( 'NONE',  ( 1.408326112068522651, -41.79687500341398732, 3.399999999999975486 ) ) ;
#2364 = CARTESIAN_POINT ( 'NONE',  ( 2.081899558550498061E-16, -43.75000000341398732, -3.400000000000015898 ) ) ;
#2365 = CARTESIAN_POINT ( 'NONE',  ( -1.408326112068523317, -61.64062500000000000, 3.399999999999975042 ) ) ;
#2366 = CARTESIAN_POINT ( 'NONE',  ( -4.076582343749996618, -63.75000000170700076, 1.688575694911926828 ) ) ;
#2367 = CARTESIAN_POINT ( 'NONE',  ( 2.404163056034258616, -45.15625000341398732, -2.404163056034278600 ) ) ;
#2368 = LINE ( 'NONE', #721, #3105 ) ;
#2369 = CARTESIAN_POINT ( 'NONE',  ( 1.688575694911947922, -47.34375000170698655, 4.076582343749975301 ) ) ;
#2370 = VERTEX_POINT ( 'NONE', #168 ) ;
#2371 = EDGE_CURVE ( 'NONE', #3951, #5896, #2596, .T. ) ;
#2372 = CARTESIAN_POINT ( 'NONE',  ( 4.076582343749995729, -58.35937500170699366, -1.995304164474380342E-14 ) ) ;
#2373 = CARTESIAN_POINT ( 'NONE',  ( 2.404163056034257728, -56.71875000341398021, 2.404163056034239077 ) ) ;
#2374 = CARTESIAN_POINT ( 'NONE',  ( -1.408326112068521319, -54.92187500341399442, -3.400000000000015898 ) ) ;
#2375 = CARTESIAN_POINT ( 'NONE',  ( -4.076582343749996618, -53.75000000170699366, 1.688575694911926828 ) ) ;
#2376 = CARTESIAN_POINT ( 'NONE',  ( 3.399999999999995026, -48.82812500000001421, 1.408326112068503777 ) ) ;
#2377 = DIRECTION ( 'NONE',  ( -0.000000000000000000, -1.000000000000000000, -0.000000000000000000 ) ) ;
#2378 = ORIENTED_EDGE ( 'NONE', *, *, #5816, .T. ) ;
#2379 = CARTESIAN_POINT ( 'NONE',  ( 2.882579019330971715, -43.04687500170699366, -2.882579019330991699 ) ) ;
#2380 = CARTESIAN_POINT ( 'NONE',  ( 2.496186759367024056E-16, -46.79687500170699366, -4.076582343750016157 ) ) ;
#2381 = DATE_AND_TIME ( #1295, #949 ) ;
#2382 = DIRECTION ( 'NONE',  ( -0.000000000000000000, -1.000000000000000000, -0.000000000000000000 ) ) ;
#2383 = CARTESIAN_POINT ( 'NONE',  ( 2.081899558550498061E-16, -36.25000000341398021, -3.400000000000015898 ) ) ;
#2384 = CARTESIAN_POINT ( 'NONE',  ( -1.688575694911949698, -58.59375000170700076, 4.076582343749975301 ) ) ;
#2385 = VECTOR ( 'NONE', #463, 1000.000000000000000 ) ;
#2386 = CARTESIAN_POINT ( 'NONE',  ( 3.399999999999995470, -57.42187500000000000, -1.408326112068541525 ) ) ;
#2387 = CARTESIAN_POINT ( 'NONE',  ( 4.076582343749995729, -39.45312500170699366, -1.995304164474380342E-14 ) ) ;
#2388 = CARTESIAN_POINT ( 'NONE',  ( -2.882579019330972159, -44.92187500170699366, 2.882579019330950842 ) ) ;
#2389 = CARTESIAN_POINT ( 'NONE',  ( 1.408326112068544633, -60.07812500341398732, -3.399999999999992806 ) ) ;
#2390 = CARTESIAN_POINT ( 'NONE',  ( 4.076582343749995729, -53.35937500170699366, -1.995304164474380342E-14 ) ) ;
#2391 = CARTESIAN_POINT ( 'NONE',  ( -2.404163056034258172, -62.34375000341398732, -2.404163056034278600 ) ) ;
#2392 = VECTOR ( 'NONE', #4168, 1000.000000000000000 ) ;
#2393 = VERTEX_POINT ( 'NONE', #633 ) ;
#2394 = CARTESIAN_POINT ( 'NONE',  ( -6.245698675651493936E-16, -39.37500000341398732, 3.399999999999975930 ) ) ;
#2395 = CARTESIAN_POINT ( 'NONE',  ( 1.408326112068521985, -43.82812500341398732, -3.400000000000015898 ) ) ;
#2396 = CARTESIAN_POINT ( 'NONE',  ( 2.404163056034258616, -59.84375000000000000, -2.404163056034278600 ) ) ;
#2397 = CARTESIAN_POINT ( 'NONE',  ( -1.688575694911949698, -59.84375000170700076, 4.076582343749975301 ) ) ;
#2398 = DIRECTION ( 'NONE',  ( -0.000000000000000000, -1.000000000000000000, -0.000000000000000000 ) ) ;
#2399 = CARTESIAN_POINT ( 'NONE',  ( 2.882579019330970382, -48.51562500170698655, 2.882579019330952175 ) ) ;
#2400 = CARTESIAN_POINT ( 'NONE',  ( 1.408326112068521985, -43.51562500000000000, -3.400000000000015898 ) ) ;
#2401 = VERTEX_POINT ( 'NONE', #1644 ) ;
#2402 =( BOUNDED_CURVE ( )  B_SPLINE_CURVE ( 2, ( #3624, #11, #5580, #4647, #3524, #4515, #1126, #2995, #2610 ),
 .UNSPECIFIED., .F., .F. ) 
 B_SPLINE_CURVE_WITH_KNOTS ( ( 3, 2, 2, 2, 3 ),
 ( 0.6562499999999997780, 0.6614583333333331483, 0.6666666666666664076, 0.6718749999999997780, 0.6770833333333331483 ),
 .UNSPECIFIED. ) 
 CURVE ( )  GEOMETRIC_REPRESENTATION_ITEM ( )  RATIONAL_B_SPLINE_CURVE ( ( 1.000000000000003331, 0.9238795325112835188, 1.000000000000000000, 0.9238795325112867385, 1.000000000000000000, 0.9238795325112867385, 1.000000000000000000, 0.9238795325112899581, 0.9999999999999967804 ) ) 
 REPRESENTATION_ITEM ( '' )  );
#2403 = CARTESIAN_POINT ( 'NONE',  ( 3.399999999999995026, -55.39062500341398021, 1.408326112068503777 ) ) ;
#2404 = CARTESIAN_POINT ( 'NONE',  ( -1.408326112068521319, -57.42187500341399442, -3.400000000000015898 ) ) ;
#2405 = CARTESIAN_POINT ( 'NONE',  ( -6.245698675651493936E-16, -39.06250000000000000, 3.399999999999975930 ) ) ;
#2406 = CARTESIAN_POINT ( 'NONE',  ( -1.688575694911950142, -52.34375000170699366, 4.076582343749975301 ) ) ;
#2407 = CARTESIAN_POINT ( 'NONE',  ( -3.399999999999995914, -44.37500000000000000, -2.036942155645390229E-14 ) ) ;
#2408 = CARTESIAN_POINT ( 'NONE',  ( -4.076582343749995729, -61.56250000170699366, -1.688575694911967240 ) ) ;
#2409 = ORIENTED_EDGE ( 'NONE', *, *, #6166, .T. ) ;
#2410 = CARTESIAN_POINT ( 'NONE',  ( 2.882579019330971715, -44.29687500170699366, -2.882579019330991699 ) ) ;
#2411 = CARTESIAN_POINT ( 'NONE',  ( 2.882579019330971715, -45.70312500170699366, -2.882579019330991699 ) ) ;
#2412 = CALENDAR_DATE ( 2026, 20, 5 ) ;
#2413 = CARTESIAN_POINT ( 'NONE',  ( -3.399999999999996358, -48.04687500000001421, 1.408326112068500890 ) ) ;
#2414 = DIRECTION ( 'NONE',  ( 0.000000000000000000, 0.000000000000000000, -1.000000000000000000 ) ) ;
#2415 = CARTESIAN_POINT ( 'NONE',  ( 2.081899558550498061E-16, -46.25000000341398732, -3.400000000000015898 ) ) ;
#2416 = EDGE_CURVE ( 'NONE', #327, #5555, #1899, .T. ) ;
#2417 = EDGE_CURVE ( 'NONE', #3084, #3489, #1116, .T. ) ;
#2418 = CARTESIAN_POINT ( 'NONE',  ( -7.488560278101070689E-16, -58.51562500170700076, 4.076582343749976189 ) ) ;
#2419 = CARTESIAN_POINT ( 'NONE',  ( -6.245698675651493936E-16, -56.56250000000000000, 3.399999999999975930 ) ) ;
#2420 = CARTESIAN_POINT ( 'NONE',  ( -4.076582343749995729, -41.32812500170699366, -2.045227899661720714E-14 ) ) ;
#2421 = CARTESIAN_POINT ( 'NONE',  ( -2.882579019330972159, -39.92187500170699366, 2.882579019330950842 ) ) ;
#2422 = CARTESIAN_POINT ( 'NONE',  ( -2.404163056034259061, -52.03125000341398732, 2.404163056034238188 ) ) ;
#2423 = CARTESIAN_POINT ( 'NONE',  ( -1.688575694911946590, -55.46875000170699366, -4.076582343750016157 ) ) ;
#2424 = VERTEX_POINT ( 'NONE', #600 ) ;
#2425 = CARTESIAN_POINT ( 'NONE',  ( -3.399999999999996358, -38.35937500341398021, 1.408326112068500890 ) ) ;
#2426 = CARTESIAN_POINT ( 'NONE',  ( 2.404163056034257728, -40.46875000341398732, 2.404163056034239077 ) ) ;
#2427 = CARTESIAN_POINT ( 'NONE',  ( 1.408326112068521985, -58.51562500000000000, -3.400000000000015898 ) ) ;
#2428 = CARTESIAN_POINT ( 'NONE',  ( 1.688575694911947922, -60.93750000170700076, 4.076582343749975301 ) ) ;
#2429 = CARTESIAN_POINT ( 'NONE',  ( -1.408326112068498670, -47.42187500341400863, -3.400000000000039435 ) ) ;
#2430 = CARTESIAN_POINT ( 'NONE',  ( 4.076582343749994841, -47.18750000170698655, 1.688575694911929936 ) ) ;
#2431 = DIRECTION ( 'NONE',  ( -0.000000000000000000, -1.000000000000000000, -0.000000000000000000 ) ) ;
#2432 = ORIENTED_EDGE ( 'NONE', *, *, #5680, .T. ) ;
#2433 = CARTESIAN_POINT ( 'NONE',  ( -2.882579019330972159, -37.57812500170699366, 2.882579019330950842 ) ) ;
#2434 = CARTESIAN_POINT ( 'NONE',  ( -2.404163056034258172, -49.84375000341398021, -2.404163056034278600 ) ) ;
#2435 = CARTESIAN_POINT ( 'NONE',  ( -6.245698675651493936E-16, -56.87500000341398732, 3.399999999999975930 ) ) ;
#2436 = CARTESIAN_POINT ( 'NONE',  ( 3.399999999999995026, -38.82812500000000711, 1.408326112068503777 ) ) ;
#2437 = CARTESIAN_POINT ( 'NONE',  ( -1.688575694911950142, -53.59375000170700076, 4.076582343749975301 ) ) ;
#2438 = CARTESIAN_POINT ( 'NONE',  ( 3.399999999999995470, -42.42187500000000000, -1.408326112068541525 ) ) ;
#2439 = CARTESIAN_POINT ( 'NONE',  ( 2.882579019330970382, -61.01562500170699366, 2.882579019330952175 ) ) ;
#2440 = CARTESIAN_POINT ( 'NONE',  ( 1.408326112068560620, -62.57812500341398732, -3.399999999999976374 ) ) ;
#2441 = CARTESIAN_POINT ( 'NONE',  ( -1.688575694911946590, -41.56250000170699366, -4.076582343750016157 ) ) ;
#2442 = CARTESIAN_POINT ( 'NONE',  ( -7.488560278101070689E-16, -47.42187500170699366, 4.076582343749976189 ) ) ;
#2443 = CARTESIAN_POINT ( 'NONE',  ( -3.399999999999995470, -41.95312500000000711, -1.408326112068541747 ) ) ;
#2444 = CARTESIAN_POINT ( 'NONE',  ( -2.404163056034259061, -45.78125000341398732, 2.404163056034238188 ) ) ;
#2445 = CARTESIAN_POINT ( 'NONE',  ( 2.882579019330970382, -57.10937500170699366, 2.882579019330952175 ) ) ;
#2446 = CARTESIAN_POINT ( 'NONE',  ( 2.404163056034258616, -58.59375000000000000, -2.404163056034278600 ) ) ;
#2447 = CARTESIAN_POINT ( 'NONE',  ( -1.688575694911946590, -37.81250000170699366, -4.076582343750016157 ) ) ;
#2448 = CARTESIAN_POINT ( 'NONE',  ( 1.688575694911947922, -39.68750000170699366, 4.076582343749975301 ) ) ;
#2449 = CARTESIAN_POINT ( 'NONE',  ( 0.000000000000000000, -65.00000000000000000, -3.400000000000015898 ) ) ;
#2450 = CARTESIAN_POINT ( 'NONE',  ( 2.882579019330971715, -54.45312500170699366, -2.882579019330991699 ) ) ;
#2451 = EDGE_LOOP ( 'NONE', ( #1024, #4304, #5522, #3959 ) ) ;
#2452 = CARTESIAN_POINT ( 'NONE',  ( -3.399999999999995470, -38.51562500341398732, -1.408326112068541747 ) ) ;
#2453 = CARTESIAN_POINT ( 'NONE',  ( 3.399999999999995470, -43.98437500341399442, -1.408326112068541525 ) ) ;
#2454 = EDGE_CURVE ( 'NONE', #319, #416, #6115, .T. ) ;
#2455 = CARTESIAN_POINT ( 'NONE',  ( -1.408326112068521319, -59.60937500000000000, -3.400000000000015898 ) ) ;
#2456 = CARTESIAN_POINT ( 'NONE',  ( 1.688575694911947256, -55.46875000170699366, -4.076582343750016157 ) ) ;
#2457 = CARTESIAN_POINT ( 'NONE',  ( 2.404163056034257728, -45.46875000341398732, 2.404163056034239077 ) ) ;
#2458 = CARTESIAN_POINT ( 'NONE',  ( 1.688575694911947922, -48.59375000170699366, 4.076582343749975301 ) ) ;
#2459 = CARTESIAN_POINT ( 'NONE',  ( -6.245698675651493936E-16, -44.06250000000000711, 3.399999999999975930 ) ) ;
#2460 = ORIENTED_EDGE ( 'NONE', *, *, #3783, .T. ) ;
#2461 = CARTESIAN_POINT ( 'NONE',  ( -4.076582343749995729, -37.73437500170699366, -2.045227899661720714E-14 ) ) ;
#2462 = CARTESIAN_POINT ( 'NONE',  ( 2.404163056034258616, -52.65625000341398732, -2.404163056034278600 ) ) ;
#2463 = CARTESIAN_POINT ( 'NONE',  ( -3.399999999999996358, -59.60937500341398021, 1.408326112068500890 ) ) ;
#2464 = CARTESIAN_POINT ( 'NONE',  ( 1.408326112068521985, -36.01562500000000711, -3.400000000000015898 ) ) ;
#2465 = CARTESIAN_POINT ( 'NONE',  ( -2.882579019330972159, -51.17187500170699366, 2.882579019330950842 ) ) ;
#2466 = CARTESIAN_POINT ( 'NONE',  ( -1.408326112068500668, -36.95312500341398021, 3.399999999999998579 ) ) ;
#2467 = CARTESIAN_POINT ( 'NONE',  ( -1.408326112068523317, -44.14062500000000000, 3.399999999999975042 ) ) ;
#2468 = CARTESIAN_POINT ( 'NONE',  ( -1.688575694911946590, -61.71875000170699366, -4.076582343750016157 ) ) ;
#2469 = DIRECTION ( 'NONE',  ( 0.000000000000000000, 0.000000000000000000, -1.000000000000000000 ) ) ;
#2470 = CARTESIAN_POINT ( 'NONE',  ( 4.076582343749994841, -43.28125000170699366, 1.688575694911929936 ) ) ;
#2471 = CARTESIAN_POINT ( 'NONE',  ( -1.688575694911946590, -41.71875000170700076, -4.076582343750016157 ) ) ;
#2472 = CARTESIAN_POINT ( 'NONE',  ( 3.399999999999995026, -42.57812500000000000, 1.408326112068503777 ) ) ;
#2473 = CARTESIAN_POINT ( 'NONE',  ( -3.399999999999995914, -51.95312500000000000, -1.408326112068541747 ) ) ;
#2474 = CARTESIAN_POINT ( 'NONE',  ( -1.688575694911949698, -57.50000000170699366, 4.076582343749975301 ) ) ;
#2475 = CARTESIAN_POINT ( 'NONE',  ( -1.408326112068523317, -55.39062500000000000, 3.399999999999975042 ) ) ;
#2476 = CARTESIAN_POINT ( 'NONE',  ( -2.882579019330972159, -38.67187500170699366, 2.882579019330950842 ) ) ;
#2477 = CARTESIAN_POINT ( 'NONE',  ( 4.076582343749995729, -39.45312500170699366, -1.995304164474380342E-14 ) ) ;
#2478 = CARTESIAN_POINT ( 'NONE',  ( 2.404163056034258616, -63.90625000341398732, -2.404163056034278600 ) ) ;
#2479 = CARTESIAN_POINT ( 'NONE',  ( -4.076582343749995729, -54.06250000170699366, -1.688575694911967684 ) ) ;
#2480 = VERTEX_POINT ( 'NONE', #4809 ) ;
#2481 = CARTESIAN_POINT ( 'NONE',  ( -2.404163056034259061, -34.53125000341398732, 2.404163056034238188 ) ) ;
#2482 = CARTESIAN_POINT ( 'NONE',  ( 1.408326112068521985, -35.07812500341398732, -3.400000000000015898 ) ) ;
#2483 = CARTESIAN_POINT ( 'NONE',  ( -2.404163056034259061, -60.46875000000000000, 2.404163056034238188 ) ) ;
#2484 = CARTESIAN_POINT ( 'NONE',  ( 4.076582343749995729, -54.37500000170700076, -1.688575694911966796 ) ) ;
#2485 = CARTESIAN_POINT ( 'NONE',  ( 2.081899558550498061E-16, -37.18750000000000000, -3.400000000000015898 ) ) ;
#2486 = CARTESIAN_POINT ( 'NONE',  ( -4.076582343749995729, -46.56250000170698655, -1.688575694911967240 ) ) ;
#2487 = CARTESIAN_POINT ( 'NONE',  ( 2.081899558550498061E-16, -41.25000000341398732, -3.400000000000015898 ) ) ;
#2488 = ORIENTED_EDGE ( 'NONE', *, *, #5523, .T. ) ;
#2489 = EDGE_CURVE ( 'NONE', #1460, #6410, #2351, .T. ) ;
#2490 = CARTESIAN_POINT ( 'NONE',  ( 2.882579019330971715, -38.20312500170699366, -2.882579019330991699 ) ) ;
#2491 = CARTESIAN_POINT ( 'NONE',  ( -3.399999999999995470, -52.26562500341398732, -1.408326112068541747 ) ) ;
#2492 = CARTESIAN_POINT ( 'NONE',  ( -6.245698675651493936E-16, -55.62500000341398732, 3.399999999999975930 ) ) ;
#2493 = CARTESIAN_POINT ( 'NONE',  ( 3.399999999999995026, -37.57812500000000711, 1.408326112068503777 ) ) ;
#2494 = CARTESIAN_POINT ( 'NONE',  ( 2.817675496419143943, -64.68130019943399134, -2.420015682593220863 ) ) ;
#2495 = CARTESIAN_POINT ( 'NONE',  ( 2.404163056034258616, -43.59375000000000000, -2.404163056034278600 ) ) ;
#2496 = CARTESIAN_POINT ( 'NONE',  ( -2.882579019330972159, -61.32812500170699366, 2.882579019330950842 ) ) ;
#2497 = DIRECTION ( 'NONE',  ( -0.000000000000000000, -1.000000000000000000, -0.000000000000000000 ) ) ;
#2498 = CARTESIAN_POINT ( 'NONE',  ( 4.076582343749995729, -43.12500000170698655, -1.688575694911966796 ) ) ;
#2499 = CARTESIAN_POINT ( 'NONE',  ( 4.076582343749994841, -43.43750000170700076, 1.688575694911929936 ) ) ;
#2500 = CARTESIAN_POINT ( 'NONE',  ( -3.399999999999995914, -43.12500000000000000, -2.036942155645390229E-14 ) ) ;
#2501 = LINE ( 'NONE', #470, #2871 ) ;
#2502 = AXIS2_PLACEMENT_3D ( 'NONE', #185, #6153, #3697 ) ;
#2503 = AXIS2_PLACEMENT_3D ( 'NONE', #5179, #4619, #4724 ) ;
#2504 = EDGE_CURVE ( 'NONE', #3499, #2480, #4837, .T. ) ;
#2505 = CARTESIAN_POINT ( 'NONE',  ( 2.882579019330970382, -57.26562500170698655, 2.882579019330952175 ) ) ;
#2506 = CARTESIAN_POINT ( 'NONE',  ( -1.688575694911950142, -36.09375000170699366, 4.076582343749975301 ) ) ;
#2507 = CARTESIAN_POINT ( 'NONE',  ( 1.688575694911947256, -39.21875000170700076, -4.076582343750016157 ) ) ;
#2508 = CARTESIAN_POINT ( 'NONE',  ( 2.081899558550498061E-16, -40.93750000000000000, -3.400000000000015898 ) ) ;
#2509 = CARTESIAN_POINT ( 'NONE',  ( 2.882579019330971715, -55.70312500170698655, -2.882579019330991699 ) ) ;
#2510 = ORIENTED_EDGE ( 'NONE', *, *, #4822, .F. ) ;
#2511 = CARTESIAN_POINT ( 'NONE',  ( 4.076582343749994841, -59.53125000170699366, 1.688575694911929936 ) ) ;
#2512 = CARTESIAN_POINT ( 'NONE',  ( 3.399999999999995914, -35.31250000341398732, -1.995304164474380342E-14 ) ) ;
#2513 = CARTESIAN_POINT ( 'NONE',  ( 1.408326112068522651, -36.79687500341398021, 3.399999999999975486 ) ) ;
#2514 = CARTESIAN_POINT ( 'NONE',  ( 2.081899558550498061E-16, -57.18750000000000000, -3.400000000000015898 ) ) ;
#2515 = CARTESIAN_POINT ( 'NONE',  ( -4.076582343749995729, -55.07812500170699366, -2.045227899661720714E-14 ) ) ;
#2516 = LINE ( 'NONE', #2574, #5410 ) ;
#2517 = CARTESIAN_POINT ( 'NONE',  ( -7.488560278101070689E-16, -41.17187500170699366, 4.076582343749976189 ) ) ;
#2518 = CARTESIAN_POINT ( 'NONE',  ( -6.245698675651493936E-16, -49.37500000341398732, 3.399999999999975930 ) ) ;
#2519 = ORIENTED_EDGE ( 'NONE', *, *, #6220, .T. ) ;
#2520 = ORIENTED_EDGE ( 'NONE', *, *, #6337, .F. ) ;
#2521 = CARTESIAN_POINT ( 'NONE',  ( 4.076582343749995729, -37.03125000170698655, -1.688575694911966796 ) ) ;
#2522 = CARTESIAN_POINT ( 'NONE',  ( 2.404163056034258616, -51.40625000341398732, -2.404163056034278600 ) ) ;
#2523 = CARTESIAN_POINT ( 'NONE',  ( 1.408326112068522651, -50.54687500341398021, 3.399999999999975486 ) ) ;
#2524 = CARTESIAN_POINT ( 'NONE',  ( 2.882579019330971715, -64.45312500170699366, -2.882579019330991699 ) ) ;
#2525 = CARTESIAN_POINT ( 'NONE',  ( 1.408326112068534197, -61.79687500341399442, 3.399999999999964384 ) ) ;
#2526 = CARTESIAN_POINT ( 'NONE',  ( 3.399999999999995914, -38.75000000000000711, -1.995304164474380342E-14 ) ) ;
#2527 = CARTESIAN_POINT ( 'NONE',  ( -4.076582343749995729, -63.98437500170699366, -2.045227899661720714E-14 ) ) ;
#2528 = DIRECTION ( 'NONE',  ( -0.000000000000000000, -1.000000000000000000, -0.000000000000000000 ) ) ;
#2529 = CARTESIAN_POINT ( 'NONE',  ( -7.488560278101070689E-16, -34.76562500170699366, 4.076582343749976189 ) ) ;
#2530 = CARTESIAN_POINT ( 'NONE',  ( -4.076582343749996618, -42.65625000170699366, 1.688575694911926828 ) ) ;
#2531 = CARTESIAN_POINT ( 'NONE',  ( 1.408326112068522651, -42.73437500000000711, 3.399999999999975486 ) ) ;
#2532 = CYLINDRICAL_SURFACE ( 'NONE', #4017, 3.399999999999995914 ) ;
#2533 = EDGE_CURVE ( 'NONE', #4982, #4227, #5479, .T. ) ;
#2534 = CARTESIAN_POINT ( 'NONE',  ( -1.688575694911949698, -60.00000000170699366, 4.076582343749975301 ) ) ;
#2535 = CARTESIAN_POINT ( 'NONE',  ( -1.688575694911950142, -38.59375000170699366, 4.076582343749975301 ) ) ;
#2536 = CARTESIAN_POINT ( 'NONE',  ( -7.488560278101070689E-16, -39.76562500170699366, 4.076582343749976189 ) ) ;
#2537 = CARTESIAN_POINT ( 'NONE',  ( 0.000000000000000000, -65.00000000000000000, -1.908195823574487804E-14 ) ) ;
#2538 = CARTESIAN_POINT ( 'NONE',  ( 4.076582343749995729, -52.03125000170700076, -1.688575694911967018 ) ) ;
#2539 = ORIENTED_EDGE ( 'NONE', *, *, #892, .F. ) ;
#2540 = CARTESIAN_POINT ( 'NONE',  ( -7.488560278101070689E-16, -59.76562500170700076, 4.076582343749976189 ) ) ;
#2541 = DIRECTION ( 'NONE',  ( -0.000000000000000000, -1.000000000000000000, -0.000000000000000000 ) ) ;
#2542 = CARTESIAN_POINT ( 'NONE',  ( -6.245698675651493936E-16, -39.37500000341398732, 3.399999999999975930 ) ) ;
#2543 = CARTESIAN_POINT ( 'NONE',  ( 3.399999999999995914, -51.25000000000000711, -1.995304164474380342E-14 ) ) ;
#2544 = CARTESIAN_POINT ( 'NONE',  ( -4.076582343749995729, -57.57812500170699366, -2.045227899661720714E-14 ) ) ;
#2545 = LINE ( 'NONE', #4013, #3100 ) ;
#2546 = CARTESIAN_POINT ( 'NONE',  ( -4.076582343749995729, -39.06250000170699366, -1.688575694911967684 ) ) ;
#2547 = CARTESIAN_POINT ( 'NONE',  ( -7.488560278101070689E-16, -39.92187500170699366, 4.076582343749976189 ) ) ;
#2548 = CARTESIAN_POINT ( 'NONE',  ( 1.408326112068521985, -48.82812500341398732, -3.400000000000015898 ) ) ;
#2549 = ORIENTED_EDGE ( 'NONE', *, *, #1883, .T. ) ;
#2550 = ORIENTED_EDGE ( 'NONE', *, *, #4305, .F. ) ;
#2551 = CARTESIAN_POINT ( 'NONE',  ( 3.399999999999995914, -51.56250000341398732, -1.995304164474380342E-14 ) ) ;
#2552 = CARTESIAN_POINT ( 'NONE',  ( 1.408326112068522651, -54.29687500341398021, 3.399999999999975486 ) ) ;
#2553 = CARTESIAN_POINT ( 'NONE',  ( -2.882579019330970826, -62.89062500170698655, -2.882579019330991699 ) ) ;
#2554 = CARTESIAN_POINT ( 'NONE',  ( -2.404163056034259061, -37.03125000341398732, 2.404163056034238188 ) ) ;
#2555 = CARTESIAN_POINT ( 'NONE',  ( 3.399999999999995914, -36.25000000000000711, -1.995304164474380342E-14 ) ) ;
#2556 = CARTESIAN_POINT ( 'NONE',  ( -1.688575694911949698, -57.50000000170699366, 4.076582343749975301 ) ) ;
#2557 = CARTESIAN_POINT ( 'NONE',  ( -6.245698675651493936E-16, -53.12500000341398021, 3.399999999999975930 ) ) ;
#2558 = CARTESIAN_POINT ( 'NONE',  ( 4.076582343749994841, -37.03125000170699366, 1.688575694911929936 ) ) ;
#2559 = CARTESIAN_POINT ( 'NONE',  ( 2.496186759367024056E-16, -43.04687500170699366, -4.076582343750016157 ) ) ;
#2560 =( BOUNDED_CURVE ( )  B_SPLINE_CURVE ( 2, ( #2680, #3307, #2197, #2162, #3731, #4195, #4261, #5240, #4158 ),
 .UNSPECIFIED., .F., .T. ) 
 B_SPLINE_CURVE_WITH_KNOTS ( ( 3, 2, 2, 2, 3 ),
 ( 0.2604166666666666297, 0.2656249999999999445, 0.2708333333333332593, 0.2760416666666666852, 0.2812500000000000000 ),
 .UNSPECIFIED. ) 
 CURVE ( )  GEOMETRIC_REPRESENTATION_ITEM ( )  RATIONAL_B_SPLINE_CURVE ( ( 1.000000000000000888, 0.9238795325112859613, 1.000000000000000000, 0.9238795325112867385, 1.000000000000000000, 0.9238795325112867385, 1.000000000000000000, 0.9238795325112867385, 1.000000000000000000 ) ) 
 REPRESENTATION_ITEM ( '' )  );
#2561 = CARTESIAN_POINT ( 'NONE',  ( 1.408326112068522651, -41.48437500000000000, 3.399999999999975486 ) ) ;
#2562 = FACE_OUTER_BOUND ( 'NONE', #5205, .T. ) ;
#2563 = CARTESIAN_POINT ( 'NONE',  ( 1.688575694911947922, -49.68750000170698655, 4.076582343749975301 ) ) ;
#2564 = CARTESIAN_POINT ( 'NONE',  ( -1.688575694911949698, -56.25000000170700076, 4.076582343749975301 ) ) ;
#2565 = CARTESIAN_POINT ( 'NONE',  ( 2.882579019330970382, -38.35937500170699366, 2.882579019330952175 ) ) ;
#2566 = CYLINDRICAL_SURFACE ( 'NONE', #1079, 3.399999999999995914 ) ;
#2567 = CARTESIAN_POINT ( 'NONE',  ( 4.076582343749995729, -50.78125000170699366, -1.688575694911967018 ) ) ;
#2568 = VERTEX_POINT ( 'NONE', #1826 ) ;
#2569 = CARTESIAN_POINT ( 'NONE',  ( -2.404163056034259061, -60.78125000341398732, 2.404163056034238188 ) ) ;
#2570 = CARTESIAN_POINT ( 'NONE',  ( -1.408326112068523317, -36.95312500341398021, 3.399999999999975042 ) ) ;
#2571 = CARTESIAN_POINT ( 'NONE',  ( 3.399999999999995470, -52.42187500000000000, -1.408326112068541525 ) ) ;
#2572 = CARTESIAN_POINT ( 'NONE',  ( -1.688575694911946590, -51.56250000170699366, -4.076582343750016157 ) ) ;
#2573 = CARTESIAN_POINT ( 'NONE',  ( 2.496186759367024056E-16, -54.14062500170699366, -4.076582343750016157 ) ) ;
#2574 = CARTESIAN_POINT ( 'NONE',  ( 0.000000000000000000, -65.00000000000000000, -3.400000000000015898 ) ) ;
#2575 = CARTESIAN_POINT ( 'NONE',  ( 2.882579019330970382, -47.26562500170698655, 2.882579019330952175 ) ) ;
#2576 = CARTESIAN_POINT ( 'NONE',  ( -4.076582343749996618, -41.40625000170698655, 1.688575694911926828 ) ) ;
#2577 = CARTESIAN_POINT ( 'NONE',  ( -2.404163056034259061, -58.28125000341398732, 2.404163056034238188 ) ) ;
#2578 = EDGE_LOOP ( 'NONE', ( #845, #2244, #4615, #6478 ) ) ;
#2579 = ORIENTED_EDGE ( 'NONE', *, *, #2595, .F. ) ;
#2580 = CARTESIAN_POINT ( 'NONE',  ( 3.399999999999995026, -45.39062500341398021, 1.408326112068503777 ) ) ;
#2581 = CARTESIAN_POINT ( 'NONE',  ( 3.399999999999995914, -52.81250000341398732, -1.995304164474380342E-14 ) ) ;
#2582 = CARTESIAN_POINT ( 'NONE',  ( 2.882579019330971715, -60.70312500170699366, -2.882579019330991699 ) ) ;
#2583 = CARTESIAN_POINT ( 'NONE',  ( -1.408326112068500668, -36.64062500000000000, 3.399999999999998579 ) ) ;
#2584 =( BOUNDED_CURVE ( )  B_SPLINE_CURVE ( 2, ( #1062, #3061, #5072, #5622, #580, #113, #2577, #5107, #2086 ),
 .UNSPECIFIED., .F., .F. ) 
 B_SPLINE_CURVE_WITH_KNOTS ( ( 3, 2, 2, 2, 3 ),
 ( 0.1770833333333332593, 0.1822916666666665741, 0.1874999999999999167, 0.1927083333333332593, 0.1979166666666665741 ),
 .UNSPECIFIED. ) 
 CURVE ( )  GEOMETRIC_REPRESENTATION_ITEM ( )  RATIONAL_B_SPLINE_CURVE ( ( 1.000000000000001110, 0.9238795325112855172, 1.000000000000000000, 0.9238795325112867385, 1.000000000000000000, 0.9238795325112867385, 1.000000000000000000, 0.9238795325112879597, 0.9999999999999987788 ) ) 
 REPRESENTATION_ITEM ( '' )  );
#2586 = CARTESIAN_POINT ( 'NONE',  ( 3.399999999999995470, -39.92187500000000000, -1.408326112068541525 ) ) ;
#2585 = AXIS2_PLACEMENT_3D ( 'NONE', #709, #1800, #250 ) ;
#2587 = CARTESIAN_POINT ( 'NONE',  ( 0.000000000000000000, -65.00000000000000000, -1.908195823574487804E-14 ) ) ;
#2588 = CARTESIAN_POINT ( 'NONE',  ( 2.882579019330971715, -58.20312500170699366, -2.882579019330991699 ) ) ;
#2589 = CARTESIAN_POINT ( 'NONE',  ( 1.408326112068534197, -53.04687500341399442, 3.399999999999964384 ) ) ;
#2590 = CARTESIAN_POINT ( 'NONE',  ( -4.076582343749996618, -36.25000000170699366, 1.688575694911926828 ) ) ;
#2591 = CARTESIAN_POINT ( 'NONE',  ( -4.076582343749995729, -41.56250000170698655, -1.688575694911967240 ) ) ;
#2592 = CARTESIAN_POINT ( 'NONE',  ( 1.408326112068521985, -53.51562500000000711, -3.400000000000015898 ) ) ;
#2593 = CARTESIAN_POINT ( 'NONE',  ( 2.404163056034257728, -40.15625000000000711, 2.404163056034239077 ) ) ;
#2594 = CARTESIAN_POINT ( 'NONE',  ( 3.399999999999995914, -47.42187500000000000, -1.408326112068541525 ) ) ;
#2595 = EDGE_CURVE ( 'NONE', #351, #3095, #5068, .T. ) ;
#2596 =( BOUNDED_CURVE ( )  B_SPLINE_CURVE ( 2, ( #6067, #6134, #6170, #1082, #4103, #2697, #700, #1182, #1682 ),
 .UNSPECIFIED., .F., .F. ) 
 B_SPLINE_CURVE_WITH_KNOTS ( ( 3, 2, 2, 2, 3 ),
 ( 0.6979166666666665186, 0.7031249999999998890, 0.7083333333333332593, 0.7135416666666666297, 0.7187500000000000000 ),
 .UNSPECIFIED. ) 
 CURVE ( )  GEOMETRIC_REPRESENTATION_ITEM ( )  RATIONAL_B_SPLINE_CURVE ( ( 1.000000000000001554, 0.9238795325112850731, 1.000000000000000000, 0.9238795325112867385, 1.000000000000000000, 0.9238795325112867385, 1.000000000000000000, 0.9238795325112867385, 1.000000000000000000 ) ) 
 REPRESENTATION_ITEM ( '' )  );
#2597 = CARTESIAN_POINT ( 'NONE',  ( -4.076582343749995729, -52.65625000170700076, -1.688575694911967240 ) ) ;
#2598 = CARTESIAN_POINT ( 'NONE',  ( 2.496186759367024056E-16, -55.54687500170699366, -4.076582343750016157 ) ) ;
#2599 = CARTESIAN_POINT ( 'NONE',  ( -3.399999999999996803, -63.04687500000000000, 1.408326112068501335 ) ) ;
#2600 = CYLINDRICAL_SURFACE ( 'NONE', #6428, 3.399999999999995914 ) ;
#2601 = CARTESIAN_POINT ( 'NONE',  ( 4.076582343749994841, -52.18750000170699366, 1.688575694911929936 ) ) ;
#2602 = EDGE_CURVE ( 'NONE', #2347, #219, #343, .T. ) ;
#2603 = ORIENTED_EDGE ( 'NONE', *, *, #1938, .T. ) ;
#2604 = CARTESIAN_POINT ( 'NONE',  ( -4.076582343749995729, -62.57812500170699366, -2.045227899661720714E-14 ) ) ;
#2605 = DIRECTION ( 'NONE',  ( -0.000000000000000000, -1.000000000000000000, -0.000000000000000000 ) ) ;
#2606 = CARTESIAN_POINT ( 'NONE',  ( -6.245698675651493936E-16, -35.62500000341398021, 3.399999999999975930 ) ) ;
#2607 = CARTESIAN_POINT ( 'NONE',  ( -3.399999999999996358, -53.04687500000001421, 1.408326112068500890 ) ) ;
#2608 = CARTESIAN_POINT ( 'NONE',  ( -1.688575694911950142, -44.84375000170700076, 4.076582343749975301 ) ) ;
#2609 = CARTESIAN_POINT ( 'NONE',  ( -4.076582343749995729, -52.57812500170700076, -2.045227899661720714E-14 ) ) ;
#2610 = CARTESIAN_POINT ( 'NONE',  ( 2.081899558550498061E-16, -44.68750000000000711, -3.400000000000015898 ) ) ;
#2611 = AXIS2_PLACEMENT_3D ( 'NONE', #4692, #4199, #6189 ) ;
#2612 = CARTESIAN_POINT ( 'NONE',  ( 1.688575694911947256, -36.87500000170697945, -4.076582343750016157 ) ) ;
#2613 = CARTESIAN_POINT ( 'NONE',  ( 4.076582343749994841, -48.43750000170699366, 1.688575694911929936 ) ) ;
#2614 = CARTESIAN_POINT ( 'NONE',  ( 2.496186759367024056E-16, -39.29687500170699366, -4.076582343750016157 ) ) ;
#2615 = CARTESIAN_POINT ( 'NONE',  ( -6.245698675651493936E-16, -54.37500000341398732, 3.399999999999975930 ) ) ;
#2616 = EDGE_CURVE ( 'NONE', #6004, #327, #6409, .T. ) ;
#2617 = VERTEX_POINT ( 'NONE', #3293 ) ;
#2618 = VERTEX_POINT ( 'NONE', #5292 ) ;
#2619 = CARTESIAN_POINT ( 'NONE',  ( -1.408326112068523317, -45.70312500341399442, 3.399999999999975042 ) ) ;
#2620 = CARTESIAN_POINT ( 'NONE',  ( -3.399999999999995914, -52.18750000341398732, -2.036942155645390229E-14 ) ) ;
#2621 = CARTESIAN_POINT ( 'NONE',  ( -1.688575694911949698, -61.25000000170700076, 4.076582343749975301 ) ) ;
#2622 = CARTESIAN_POINT ( 'NONE',  ( -2.404163056034258172, -43.59375000341398732, -2.404163056034278600 ) ) ;
#2623 = CARTESIAN_POINT ( 'NONE',  ( -1.408326112068523317, -39.14062500000000000, 3.399999999999975042 ) ) ;
#2624 = CARTESIAN_POINT ( 'NONE',  ( 1.408326112068499780, -38.98437500000000000, 3.399999999999999467 ) ) ;
#2625 = CARTESIAN_POINT ( 'NONE',  ( -2.882579019330972159, -55.07812500170699366, 2.882579019330950842 ) ) ;
#2626 = DIRECTION ( 'NONE',  ( -0.000000000000000000, -1.000000000000000000, -0.000000000000000000 ) ) ;
#2627 = PRODUCT_DEFINITION_FORMATION_WITH_SPECIFIED_SOURCE ( 'ä»', '', #3104, .NOT_KNOWN. ) ;
#2628 = CARTESIAN_POINT ( 'NONE',  ( -1.688575694911946590, -36.56250000170699366, -4.076582343750016157 ) ) ;
#2629 = CARTESIAN_POINT ( 'NONE',  ( 2.081899558550498061E-16, -52.18750000000000000, -3.400000000000015898 ) ) ;
#2630 = CARTESIAN_POINT ( 'NONE',  ( 1.408326112068522651, -40.23437500000000711, 3.399999999999975486 ) ) ;
#2631 = CARTESIAN_POINT ( 'NONE',  ( -6.245698675651493936E-16, -51.56250000000000711, 3.399999999999975930 ) ) ;
#2632 = CARTESIAN_POINT ( 'NONE',  ( -4.076582343749995729, -53.82812500170699366, -2.045227899661720714E-14 ) ) ;
#2633 = CARTESIAN_POINT ( 'NONE',  ( 4.076582343749994841, -53.43750000170699366, 1.688575694911929936 ) ) ;
#2634 = CARTESIAN_POINT ( 'NONE',  ( 4.163799117100996122E-16, -65.00000000000000000, 3.399999999999975930 ) ) ;
#2635 = CARTESIAN_POINT ( 'NONE',  ( 7.960204194457794491E-16, 1.908195823574487409E-15, -6.499999999999999112 ) ) ;
#2636 = CARTESIAN_POINT ( 'NONE',  ( -7.488560278101070689E-16, -38.67187500170699366, 4.076582343749976189 ) ) ;
#2637 = CARTESIAN_POINT ( 'NONE',  ( -1.408326112068523317, -49.14062500000000000, 3.399999999999975042 ) ) ;
#2638 = CARTESIAN_POINT ( 'NONE',  ( 2.404163056034258616, -62.34375000000000000, -2.404163056034278600 ) ) ;
#2639 = CARTESIAN_POINT ( 'NONE',  ( 2.404163056034257728, -51.40625000000000000, 2.404163056034239077 ) ) ;
#2640 = CARTESIAN_POINT ( 'NONE',  ( -4.076582343749995729, -46.40625000170699366, -1.688575694911967684 ) ) ;
#2641 = CARTESIAN_POINT ( 'NONE',  ( 2.882579019330970382, -49.60937500170699366, 2.882579019330952175 ) ) ;
#2642 = CARTESIAN_POINT ( 'NONE',  ( 2.081899558550498061E-16, -58.43750000000000000, -3.400000000000015898 ) ) ;
#2643 = CARTESIAN_POINT ( 'NONE',  ( 2.882579019330970382, -37.26562500170699366, 2.882579019330952175 ) ) ;
#2644 = CARTESIAN_POINT ( 'NONE',  ( 2.882579019330971715, -45.70312500170699366, -2.882579019330991699 ) ) ;
#2645 = CARTESIAN_POINT ( 'NONE',  ( 2.882579019330971715, -41.95312500170698655, -2.882579019330991699 ) ) ;
#2646 = CARTESIAN_POINT ( 'NONE',  ( -3.399999999999995914, -54.76562500341398732, -1.408326112068541747 ) ) ;
#2647 = ORIENTED_EDGE ( 'NONE', *, *, #1395, .F. ) ;
#2648 = ORIENTED_EDGE ( 'NONE', *, *, #1329, .T. ) ;
#2649 = ADVANCED_FACE ( 'NONE', ( #3358 ), #1259, .F. ) ;
#2650 = CARTESIAN_POINT ( 'NONE',  ( -3.399999999999996358, -44.60937500341398732, 1.408326112068500890 ) ) ;
#2651 = CARTESIAN_POINT ( 'NONE',  ( 2.404163056034257728, -54.21875000341398732, 2.404163056034239077 ) ) ;
#2652 = CARTESIAN_POINT ( 'NONE',  ( 2.882579019330970382, -59.76562500170699366, 2.882579019330952175 ) ) ;
#2653 = CARTESIAN_POINT ( 'NONE',  ( -3.399999999999995470, -39.45312500000000711, -1.408326112068541747 ) ) ;
#2654 = CARTESIAN_POINT ( 'NONE',  ( 4.076582343749995729, -34.60937500170699366, -1.995304164474380342E-14 ) ) ;
#2655 = CARTESIAN_POINT ( 'NONE',  ( 4.076582343749995729, -54.60937500170699366, -1.995304164474380342E-14 ) ) ;
#2656 = CARTESIAN_POINT ( 'NONE',  ( 2.882579019330970382, -35.85937500170699366, 2.882579019330952175 ) ) ;
#2657 = CC_DESIGN_PERSON_AND_ORGANIZATION_ASSIGNMENT ( #4315, #341, ( #3104 ) ) ;
#2658 = CARTESIAN_POINT ( 'NONE',  ( 2.882579019330970382, -35.85937500170699366, 2.882579019330952175 ) ) ;
#2659 = CARTESIAN_POINT ( 'NONE',  ( -3.399999999999995914, -53.12500000000000711, -2.036942155645390229E-14 ) ) ;
#2660 = CARTESIAN_POINT ( 'NONE',  ( 2.081899558550498061E-16, -62.18750000000000000, -3.400000000000015898 ) ) ;
#2661 = VECTOR ( 'NONE', #3799, 1000.000000000000000 ) ;
#2662 = CARTESIAN_POINT ( 'NONE',  ( -2.882579019330970826, -52.73437500170699366, -2.882579019330991699 ) ) ;
#2663 = CARTESIAN_POINT ( 'NONE',  ( 2.496186759367024056E-16, -54.29687500170699366, -4.076582343750016157 ) ) ;
#2664 = CARTESIAN_POINT ( 'NONE',  ( -3.399999999999995914, -59.37500000000000711, -2.036942155645390229E-14 ) ) ;
#2665 = CARTESIAN_POINT ( 'NONE',  ( 0.000000000000000000, -65.00000000000000000, -3.400000000000015898 ) ) ;
#2666 = CARTESIAN_POINT ( 'NONE',  ( -3.399999999999995914, -57.26562500341398732, -1.408326112068541747 ) ) ;
#2667 = CARTESIAN_POINT ( 'NONE',  ( -4.076582343749995729, -60.15625000170700076, -1.688575694911967240 ) ) ;
#2668 = DIRECTION ( 'NONE',  ( -0.000000000000000000, -1.000000000000000000, -0.000000000000000000 ) ) ;
#2669 = CARTESIAN_POINT ( 'NONE',  ( 3.399999999999995470, -64.92187500000001421, -1.408326112068541525 ) ) ;
#2670 = CARTESIAN_POINT ( 'NONE',  ( 3.399999999999995470, -53.67187500000000000, -1.408326112068541525 ) ) ;
#2671 = CARTESIAN_POINT ( 'NONE',  ( 1.688575694911947256, -47.96875000170700076, -4.076582343750016157 ) ) ;
#2672 = CARTESIAN_POINT ( 'NONE',  ( -2.882579019330972159, -53.67187500170699366, 2.882579019330950842 ) ) ;
#2673 = FACE_OUTER_BOUND ( 'NONE', #3561, .T. ) ;
#2674 = CARTESIAN_POINT ( 'NONE',  ( 1.688575694911947922, -39.84375000170699366, 4.076582343749975301 ) ) ;
#2675 = CARTESIAN_POINT ( 'NONE',  ( 2.882579019330971715, -48.20312500170699366, -2.882579019330991699 ) ) ;
#2676 = CARTESIAN_POINT ( 'NONE',  ( -7.488560278101070689E-16, -37.42187500170698655, 4.076582343749976189 ) ) ;
#2677 = DIRECTION ( 'NONE',  ( 0.000000000000000000, 0.000000000000000000, 1.000000000000000000 ) ) ;
#2678 = EDGE_LOOP ( 'NONE', ( #5088, #4518, #4408, #2124 ) ) ;
#2679 = ORIENTED_EDGE ( 'NONE', *, *, #3412, .T. ) ;
#2680 = CARTESIAN_POINT ( 'NONE',  ( 2.081899558550498061E-16, -57.18750000000000000, -3.400000000000015898 ) ) ;
#2681 = CARTESIAN_POINT ( 'NONE',  ( -3.399999999999996358, -45.85937500341398021, 1.408326112068500890 ) ) ;
#2682 = CARTESIAN_POINT ( 'NONE',  ( 3.399999999999995470, -47.73437500341398732, -1.408326112068541525 ) ) ;
#2683 = CARTESIAN_POINT ( 'NONE',  ( 2.882579019330970382, -62.26562500170699366, 2.882579019330952175 ) ) ;
#2684 = DIRECTION ( 'NONE',  ( 6.982962677686266711E-15, -1.000000000000000000, 0.000000000000000000 ) ) ;
#2685 = CARTESIAN_POINT ( 'NONE',  ( -6.245698675651493936E-16, -55.62500000341398732, 3.399999999999975930 ) ) ;
#2686 = CARTESIAN_POINT ( 'NONE',  ( 2.882579019330971715, -51.95312500170699366, -2.882579019330991699 ) ) ;
#2687 = ADVANCED_FACE ( 'NONE', ( #405 ), #4903, .F. ) ;
#2688 = DIRECTION ( 'NONE',  ( -0.000000000000000000, -1.000000000000000000, -0.000000000000000000 ) ) ;
#2689 = CARTESIAN_POINT ( 'NONE',  ( -1.408326112068521319, -59.92187500341399442, -3.400000000000015898 ) ) ;
#2690 = CARTESIAN_POINT ( 'NONE',  ( 4.076582343749994841, -55.78125000170699366, 1.688575694911929936 ) ) ;
#2691 = CARTESIAN_POINT ( 'NONE',  ( 1.408326112068522651, -61.79687500341398732, 3.399999999999975486 ) ) ;
#2692 = CARTESIAN_POINT ( 'NONE',  ( 1.408326112068522651, -53.98437500000000711, 3.399999999999975486 ) ) ;
#2693 = DIRECTION ( 'NONE',  ( -0.000000000000000000, -1.000000000000000000, -0.000000000000000000 ) ) ;
#2694 = VECTOR ( 'NONE', #517, 1000.000000000000000 ) ;
#2695 = CARTESIAN_POINT ( 'NONE',  ( 4.076582343749995729, -50.70312500170700076, -1.995304164474380342E-14 ) ) ;
#2696 = CARTESIAN_POINT ( 'NONE',  ( -4.076582343749995729, -54.06250000170699366, -1.688575694911967240 ) ) ;
#2697 = CARTESIAN_POINT ( 'NONE',  ( 3.399999999999995914, -42.73437500341398021, -1.408326112068541525 ) ) ;
#2698 = CARTESIAN_POINT ( 'NONE',  ( 2.496186759367024056E-16, -37.89062500170699366, -4.076582343750016157 ) ) ;
#2699 = CARTESIAN_POINT ( 'NONE',  ( 2.081899558550498061E-16, -48.43750000000000000, -3.400000000000015898 ) ) ;
#2700 = CARTESIAN_POINT ( 'NONE',  ( -1.688575694911946590, -61.56250000170699366, -4.076582343750016157 ) ) ;
#2701 = CARTESIAN_POINT ( 'NONE',  ( 0.000000000000000000, -65.00000000000000000, -1.995304164474380342E-14 ) ) ;
#2702 = CARTESIAN_POINT ( 'NONE',  ( 2.081899558550498061E-16, -63.43750000000000711, -3.400000000000015898 ) ) ;
#2703 = CARTESIAN_POINT ( 'NONE',  ( -2.404163056034258172, -48.28125000000000000, -2.404163056034278600 ) ) ;
#2704 = CARTESIAN_POINT ( 'NONE',  ( 4.076582343749995729, -45.62500000170699366, -1.688575694911967018 ) ) ;
#2705 = CARTESIAN_POINT ( 'NONE',  ( 1.688575694911947922, -50.93750000170699366, 4.076582343749975301 ) ) ;
#2706 = CARTESIAN_POINT ( 'NONE',  ( 4.163799117100996122E-16, -65.00000000000000000, 3.399999999999975930 ) ) ;
#2707 = CARTESIAN_POINT ( 'NONE',  ( -2.882579019330970826, -46.64062500170698655, -2.882579019330991699 ) ) ;
#2708 = CARTESIAN_POINT ( 'NONE',  ( 4.076582343749994841, -34.68750000170698655, 1.688575694911929936 ) ) ;
#2709 = CARTESIAN_POINT ( 'NONE',  ( 3.399999999999995026, -37.89062500341398732, 1.408326112068504221 ) ) ;
#2710 = ORIENTED_EDGE ( 'NONE', *, *, #2504, .F. ) ;
#2711 = ORIENTED_EDGE ( 'NONE', *, *, #1611, .F. ) ;
#2712 = CARTESIAN_POINT ( 'NONE',  ( 0.000000000000000000, -65.00000000000000000, -3.400000000000015898 ) ) ;
#2713 = CARTESIAN_POINT ( 'NONE',  ( -2.404163056034258172, -48.59375000341398021, -2.404163056034278600 ) ) ;
#2714 = CARTESIAN_POINT ( 'NONE',  ( 2.081899558550498061E-16, -46.25000000341398732, -3.400000000000015898 ) ) ;
#2715 = CARTESIAN_POINT ( 'NONE',  ( 3.399999999999995026, -63.82812500000000000, 1.408326112068503777 ) ) ;
#2716 = CARTESIAN_POINT ( 'NONE',  ( 2.404163056034258616, -56.40625000341398021, -2.404163056034278600 ) ) ;
#2717 = CARTESIAN_POINT ( 'NONE',  ( 1.408326112068522651, -35.23437500000000000, 3.399999999999975486 ) ) ;
#2718 = CARTESIAN_POINT ( 'NONE',  ( 0.000000000000000000, -65.00000000000000000, -1.995304164474380342E-14 ) ) ;
#2719 = CARTESIAN_POINT ( 'NONE',  ( 1.688575694911947256, -49.37500000170700076, -4.076582343750016157 ) ) ;
#2720 = CARTESIAN_POINT ( 'NONE',  ( -7.488560278101070689E-16, -58.67187500170699366, 4.076582343749976189 ) ) ;
#2721 = CARTESIAN_POINT ( 'NONE',  ( -1.408326112068521319, -59.92187500341399442, -3.400000000000015898 ) ) ;
#2722 = CYLINDRICAL_SURFACE ( 'NONE', #6363, 3.399999999999995914 ) ;
#2723 = CARTESIAN_POINT ( 'NONE',  ( 1.688575694911947256, -54.21875000170699366, -4.076582343750016157 ) ) ;
#2724 = CARTESIAN_POINT ( 'NONE',  ( -4.076582343749996618, -36.25000000170699366, 1.688575694911926828 ) ) ;
#2725 = CARTESIAN_POINT ( 'NONE',  ( 2.404163056034257728, -47.65625000000000000, 2.404163056034239077 ) ) ;
#2726 = CARTESIAN_POINT ( 'NONE',  ( -2.404163056034259061, -61.71875000000000000, 2.404163056034238188 ) ) ;
#2727 = VERTEX_POINT ( 'NONE', #6401 ) ;
#2728 = APPROVAL_PERSON_ORGANIZATION ( #2890, #534, #2281 ) ;
#2729 = EDGE_CURVE ( 'NONE', #3252, #3661, #3012, .T. ) ;
#2730 = CARTESIAN_POINT ( 'NONE',  ( -1.688575694911949698, -48.59375000170699366, 4.076582343749975301 ) ) ;
#2731 = CARTESIAN_POINT ( 'NONE',  ( -1.688575694911946590, -51.71875000170698655, -4.076582343750016157 ) ) ;
#2732 = CARTESIAN_POINT ( 'NONE',  ( -3.399999999999995914, -63.20312500000000000, -1.408326112068541747 ) ) ;
#2733 = CARTESIAN_POINT ( 'NONE',  ( -6.245698675651493936E-16, -46.87500000341398732, 3.399999999999975930 ) ) ;
#2734 = CARTESIAN_POINT ( 'NONE',  ( -1.688575694911949698, -62.34375000170700076, 4.076582343749975301 ) ) ;
#2735 = CYLINDRICAL_SURFACE ( 'NONE', #2823, 3.399999999999995914 ) ;
#2736 = CARTESIAN_POINT ( 'NONE',  ( 3.399999999999995026, -61.32812500000000711, 1.408326112068503777 ) ) ;
#2737 = CARTESIAN_POINT ( 'NONE',  ( 2.081899558550498061E-16, -50.93750000000000711, -3.400000000000015898 ) ) ;
#2738 = CARTESIAN_POINT ( 'NONE',  ( 4.076582343749995729, -48.20312500170699366, -1.995304164474380342E-14 ) ) ;
#2739 = CARTESIAN_POINT ( 'NONE',  ( -7.488560278101070689E-16, -53.51562500170699366, 4.076582343749976189 ) ) ;
#2740 = CARTESIAN_POINT ( 'NONE',  ( 1.408326112068505109, -58.04687500341398732, 3.399999999999992362 ) ) ;
#2741 = CARTESIAN_POINT ( 'NONE',  ( 4.076582343749994841, -44.68750000170698655, 1.688575694911929936 ) ) ;
#2742 = CARTESIAN_POINT ( 'NONE',  ( 4.076582343749995729, -38.35937500170699366, -1.995304164474380342E-14 ) ) ;
#2743 = CARTESIAN_POINT ( 'NONE',  ( 2.404163056034257728, -37.96875000341398732, 2.404163056034239077 ) ) ;
#2744 = EDGE_LOOP ( 'NONE', ( #2785, #1559, #1580 ) ) ;
#2745 = CARTESIAN_POINT ( 'NONE',  ( 2.404163056034257728, -39.21875000341398732, 2.404163056034239077 ) ) ;
#2746 = CARTESIAN_POINT ( 'NONE',  ( -3.399999999999995914, -42.18750000341398021, -2.036942155645390229E-14 ) ) ;
#2747 = CARTESIAN_POINT ( 'NONE',  ( -2.404163056034258172, -47.34375000341398021, -2.404163056034278600 ) ) ;
#2748 = CARTESIAN_POINT ( 'NONE',  ( -1.408326112068534863, -49.45312500341399442, 3.399999999999963940 ) ) ;
#2749 = CYLINDRICAL_SURFACE ( 'NONE', #2503, 3.399999999999995914 ) ;
#2750 = CARTESIAN_POINT ( 'NONE',  ( -6.245698675651493936E-16, -60.31250000000000711, 3.399999999999975930 ) ) ;
#2751 = CARTESIAN_POINT ( 'NONE',  ( 2.081899558550498061E-16, -43.43750000000000711, -3.400000000000015898 ) ) ;
#2752 = CARTESIAN_POINT ( 'NONE',  ( 1.688575694911947256, -51.87500000170700076, -4.076582343750016157 ) ) ;
#2753 = CARTESIAN_POINT ( 'NONE',  ( 4.076582343749994841, -58.43750000170699366, 1.688575694911929936 ) ) ;
#2754 = CARTESIAN_POINT ( 'NONE',  ( 2.404163056034258616, -56.40625000341398021, -2.404163056034278600 ) ) ;
#2755 = CARTESIAN_POINT ( 'NONE',  ( -2.404163056034259061, -60.78125000341398732, 2.404163056034238188 ) ) ;
#2756 = CARTESIAN_POINT ( 'NONE',  ( -7.488560278101070689E-16, -58.51562500170700076, 4.076582343749976189 ) ) ;
#2757 = CARTESIAN_POINT ( 'NONE',  ( -3.399999999999996358, -63.35937500341398732, 1.408326112068500890 ) ) ;
#2758 = CARTESIAN_POINT ( 'NONE',  ( -1.408326112068523317, -47.89062500000001421, 3.399999999999975042 ) ) ;
#2759 = CARTESIAN_POINT ( 'NONE',  ( -2.115892134143051884, -64.49134826726746894, -2.817959760668727665 ) ) ;
#2760 = ORIENTED_EDGE ( 'NONE', *, *, #6064, .T. ) ;
#2761 = CARTESIAN_POINT ( 'NONE',  ( 1.688575694911947922, -45.93750000170700076, 4.076582343749975301 ) ) ;
#2762 = CARTESIAN_POINT ( 'NONE',  ( 4.076582343749995729, -50.78125000170699366, -1.688575694911966796 ) ) ;
#2763 = CARTESIAN_POINT ( 'NONE',  ( 0.000000000000000000, -65.00000000000000000, -3.400000000000015898 ) ) ;
#2764 = CARTESIAN_POINT ( 'NONE',  ( -6.245698675651493936E-16, -35.31250000000000000, 3.399999999999975930 ) ) ;
#2765 = CARTESIAN_POINT ( 'NONE',  ( -4.076582343749996618, -62.50000000170700076, 1.688575694911926828 ) ) ;
#2766 = CARTESIAN_POINT ( 'NONE',  ( 2.081899558550498061E-16, -55.93750000000000000, -3.400000000000015898 ) ) ;
#2767 = CARTESIAN_POINT ( 'NONE',  ( 2.081899558550498061E-16, -60.93750000000000711, -3.400000000000015898 ) ) ;
#2768 = CARTESIAN_POINT ( 'NONE',  ( -3.399999999999995470, -46.95312500000000000, -1.408326112068541747 ) ) ;
#2769 = CARTESIAN_POINT ( 'NONE',  ( 1.688575694911947256, -41.71875000170700076, -4.076582343750016157 ) ) ;
#2770 = CARTESIAN_POINT ( 'NONE',  ( -4.076582343749995729, -46.32812500170699366, -2.045227899661720714E-14 ) ) ;
#2771 =( BOUNDED_SURFACE ( )  B_SPLINE_SURFACE ( 1, 2, ( 
 ( #434, #1975, #1505, #4407, #1382, #2003, #5873, #1476, #2527, #6456, #5439, #1413, #6395, #3474, #5905, #3381, #2977, #3506, #1881, #5498, #1913, #889, #3996, #2884, #5467, #6368, #3966, #951, #3411, #3906, #4988, #5408, #4897, #497, #1011, #3878, #399, #2468, #6427, #2408, #921, #2918, #2496, #4929, #4959, #4497, #2439, #1445, #1946, #5933, #4470, #3936, #5964, #6486, #3440, #5018, #528, #5026, #535, #2534, #4031, #4101, #503, #5536, #1542, #471, #6097, #987, #3016, #1081, #5058, #2009, #2072, #28, #1982, #3613, #4532, #5971, #1483, #4003, #6493, #3543, #1511, #2985, #1047, #96, #5999, #3513, #4996, #3483, #1606, #2474, #3046, #5505, #2505, #5604, #3577, #565, #4504, #4476, #2106, #1019, #5473, #2035, #5090, #6030, #1113, #2564, #6066, #60, #4561, #3079, #4066, #1576, #5569, #599, #2598, #3113, #6464, #4596, #3974, #1219, #666, #2178, #5640, #5751, #4175, #5258, #3715, #5190, #5159, #6237, #2663, #1147, #698, #2696, #4669, #166, #5125, #3146, #632, #3182, #1716, #2633, #6168, #1257, #3255, #1680, #3678, #271, #4633, #5674, #5225, #1180, #4704, #204, #6132, #4212, #6201, #132, #2214, #4770, #5710, #3221, #731, #2731, #4739, #239, #2280, #2246, #2144, #767, #4136, #4246, #1294, #1752, #3750, #2762, #4281, #6270, #1789, #1641, #3787, #5785, #3646, #4808, #3881, #3357, #3820, #1325, #6308, #1916, #2832, #6371, #5908, #3325, #4870, #5324, #2860, #5876, #5818, #5381, #894, #834, #2921, #5353, #1416, #3850, #2889, #2349, #5413, #4901, #437, #924, #3384, #371, #4378, #4840, #307, #3414, #2442, #2315, #4932, #4442, #6431, #1949, #402, #4345, #2380, #6339, #3939, #5938, #3291, #863, #340, #5291, #800, #2797, #4314, #1853, #1824, #1885, #2411, #4411, #1385, #5847, #1356, #6399, #3910, #25, #6460, #3042, #2982, #6025, #4992, #4962, #4556, #500, #468, #5084, #4060, #1538, #3538, #4096, #4000, #1508, #531, #2951, #984, #3011, #2067, #2499, #4501, #91, #6059, #1571, #2559, #5052, #5470, #5022, #3509, #2530, #1449, #4473, #2006, #3572, #5442, #5532, #2099, #6489, #5996, #54, #1074, #2471, #4590, #2591, #1979, #3444, #5502, #5564, #1016, #5967, #3074, #4528, #1479, #1043, #3477, #954, #2032, #3970, #4027, #560, #593, #3606, #5597, #1107, #3108, #6092, #1601, #5927, #4491, #490, #5897, #3120, #6421, #1969, #104, #3990, #944, #1004, #5461, #914, #2636, #5958, #4923, #426, #2941, #5433, #2490, #456, #1939, #6480, #5611, #4952, #2461, #3930, #2433, #637, #1406, #1997, #4463, #1438, #5133, #2521, #5987, #3433, #3404, #1120, #6450, #4432, #3960, #4107, #1470, #4640, #4983, #5012, #5491, #1499, #2112, #3468, #3002, #975, #2972, #3500, #140, #2150, #522, #5401, #4601, #6102, #1612, #3619, #2911, #1187, #4285 ),
 ( #4674, #6140, #2218, #736, #1650, #1685, #3650, #5756, #311, #4250, #3225, #5678, #2184, #1263, #3683, #1153, #772, #5789, #5648, #3152, #4744, #4217, #172, #4182, #672, #2765, #3186, #2734, #275, #6172, #5716, #5194, #3719, #244, #703, #6241, #1758, #2700, #3791, #6206, #2286, #4709, #3755, #210, #6276, #3258, #1299, #1795, #5261, #1225, #5229, #1721, #5164, #3298, #5296, #2667, #805, #2801, #4812, #4144, #4775, #2251, #1390, #5356, #3449, #4966, #440, #6375, #2834, #3944, #4936, #6312, #5447, #1857, #2321, #2384, #2418, #4417, #3389, #4445, #4318, #6403, #5386, #898, #838, #3913, #3856, #408, #5851, #5822, #5418, #1360, #1330, #5942, #2445, #1920, #5912, #1828, #4875, #4384, #2894, #3825, #3359, #3883, #2926, #867, #2864, #960, #6434, #376, #4350, #1453, #3329, #1890, #1420, #4845, #5880, #4905, #5328, #3417, #927, #344, #1952, #2954, #2353, #6343, #1080, #6065, #165, #4668, #5158, #5639, #1575, #1112, #3078, #4174, #2632, #4100, #4065, #665, #3576, #59, #6096, #1605, #5568, #5089, #4030, #4560, #6029, #598, #2662, #2597, #4595, #2177, #6167, #1679, #1146, #95, #3112, #3612, #5124, #203, #564, #2105, #3677, #1541, #6131, #4703, #5603, #631, #5673, #1179, #3045, #697, #5189, #5535, #2695, #4632, #3181, #131, #2071, #3542, #2143, #4135, #1640, #3645, #1046, #3145, #5057, #2563, #2314, #1218, #2279, #270, #4280, #6269, #5784, #5846, #2245, #799, #3290, #2213, #1355, #2730, #4769, #2831, #306, #3749, #3819, #1788, #3714, #5352, #3786, #3220, #5224, #5750, #1751, #5290, #3254, #4738, #2796, #1852, #1256, #5257, #238, #730, #3356, #4211, #4807, #766, #4245, #862, #5323, #4313, #6236, #6200, #3849, #2761, #1293, #6307, #339, #1823, #2859, #5817, #1324, #3324, #833, #4839, #2348, #4344, #6338, #4869, #1715, #5709, #2005, #1915, #5995, #2950, #2410, #3909, #893, #983, #2888, #3999, #2981, #4377, #3508, #6398, #3010, #436, #467, #2470, #5937, #2498, #2379, #4472, #3443, #5441, #5380, #1978, #5907, #4961, #1415, #3880, #3476, #3413, #5875, #1507, #4991, #6459, #3969, #370, #2920, #2441, #1448, #1884, #5412, #1948, #499, #923, #4931, #5501, #4500, #4441, #4410, #1015, #6370, #6430, #5966, #4900, #3938, #953, #1384, #1478, #5469, #3383, #6488, #401, #592, #4026, #90, #5154, #1537, #626, #161, #3041, #24, #659, #4527, #127, #1175, #5119, #4095, #53, #5051, #2136, #4555, #2031, #1632, #2171, #530, #6024, #5596, #5083, #5531, #559, #3537, #3639, #2066, #1600, #1141, #2558, #2098, #4059, #4589, #1106, #1042, #2628, #4625, #6058, #4664, #2590, #3141, #5563, #4129, #1570, #2656, #6124, #4170, #6162, #5634, #6091, #3605, #3571, #1073, #1674, #3672, #3073, #5669, #5021, #2529, #3107, #3282, #2239, #2273 ) ),
 .UNSPECIFIED., .F., .F., .F. ) 
 B_SPLINE_SURFACE_WITH_KNOTS ( ( 2, 2 ),
 ( 3, 2, 2, 2, 2, 2, 2, 2, 2, 2, 2, 2, 2, 2, 2, 2, 2, 2, 2, 2, 2, 2, 2, 2, 2, 2, 2, 2, 2, 2, 2, 2, 2, 2, 2, 2, 2, 2, 2, 2, 2, 2, 2, 2, 2, 2, 2, 2, 2, 2, 2, 2, 2, 2, 2, 2, 2, 2, 2, 2, 2, 2, 2, 2, 2, 2, 2, 2, 2, 2, 2, 2, 2, 2, 2, 2, 2, 2, 2, 2, 2, 2, 2, 2, 2, 2, 2, 2, 2, 2, 2, 2, 2, 2, 2, 2, 2, 2, 2, 2, 2, 2, 2, 2, 2, 2, 2, 2, 2, 2, 2, 2, 2, 2, 2, 2, 2, 2, 2, 2, 2, 2, 2, 2, 2, 2, 2, 2, 2, 2, 2, 2, 2, 2, 2, 2, 2, 2, 2, 2, 2, 2, 2, 2, 2, 2, 2, 2, 2, 2, 2, 2, 2, 2, 2, 2, 2, 2, 2, 2, 2, 2, 2, 2, 2, 2, 2, 2, 2, 2, 2, 2, 2, 2, 2, 2, 2, 2, 2, 2, 2, 2, 2, 2, 2, 2, 2, 2, 2, 2, 2, 2, 3 ),
 ( 0.000000000000000000, 1.000000000000000000 ),
 ( 0.000000000000000000, 0.005208333333333333044, 0.01041666666666666609, 0.01562500000000000000, 0.02083333333333333218, 0.02604166666666666782, 0.03125000000000000000, 0.03645833333333333565, 0.04166666666666666435, 0.04687500000000000000, 0.05208333333333333565, 0.05729166666666666435, 0.06250000000000000000, 0.06770833333333332871, 0.07291666666666667129, 0.07812500000000000000, 0.08333333333333332871, 0.08854166666666667129, 0.09375000000000000000, 0.09895833333333332871, 0.1041666666666666713, 0.1093750000000000000, 0.1145833333333333287, 0.1197916666666666713, 0.1250000000000000000, 0.1302083333333333426, 0.1354166666666666574, 0.1406250000000000000, 0.1458333333333333426, 0.1510416666666666574, 0.1562500000000000000, 0.1614583333333333426, 0.1666666666666666574, 0.1718750000000000000, 0.1770833333333333426, 0.1822916666666666574, 0.1875000000000000000, 0.1927083333333333426, 0.1979166666666666574, 0.2031250000000000000, 0.2083333333333333426, 0.2135416666666666574, 0.2187500000000000000, 0.2239583333333333426, 0.2291666666666666574, 0.2343750000000000000, 0.2395833333333333426, 0.2447916666666666574, 0.2500000000000000000, 0.2552083333333333148, 0.2604166666666666852, 0.2656250000000000000, 0.2708333333333333148, 0.2760416666666666852, 0.2812500000000000000, 0.2864583333333333148, 0.2916666666666666852, 0.2968750000000000000, 0.3020833333333333148, 0.3072916666666666852, 0.3125000000000000000, 0.3177083333333333148, 0.3229166666666666852, 0.3281250000000000000, 0.3333333333333333148, 0.3385416666666666852, 0.3437500000000000000, 0.3489583333333333148, 0.3541666666666666852, 0.3593750000000000000, 0.3645833333333333148, 0.3697916666666666852, 0.3750000000000000000, 0.3802083333333333148, 0.3854166666666666852, 0.3906250000000000000, 0.3958333333333333148, 0.4010416666666666852, 0.4062500000000000000, 0.4114583333333333148, 0.4166666666666666852, 0.4218750000000000000, 0.4270833333333333148, 0.4322916666666666852, 0.4375000000000000000, 0.4427083333333333148, 0.4479166666666666852, 0.4531250000000000000, 0.4583333333333333148, 0.4635416666666666852, 0.4687500000000000000, 0.4739583333333333148, 0.4791666666666666852, 0.4843750000000000000, 0.4895833333333333148, 0.4947916666666666852, 0.5000000000000000000, 0.5052083333333333703, 0.5104166666666666297, 0.5156250000000000000, 0.5208333333333333703, 0.5260416666666666297, 0.5312500000000000000, 0.5364583333333333703, 0.5416666666666666297, 0.5468750000000000000, 0.5520833333333333703, 0.5572916666666666297, 0.5625000000000000000, 0.5677083333333333703, 0.5729166666666666297, 0.5781250000000000000, 0.5833333333333333703, 0.5885416666666666297, 0.5937500000000000000, 0.5989583333333333703, 0.6041666666666666297, 0.6093750000000000000, 0.6145833333333333703, 0.6197916666666666297, 0.6250000000000000000, 0.6302083333333333703, 0.6354166666666666297, 0.6406250000000000000, 0.6458333333333333703, 0.6510416666666666297, 0.6562500000000000000, 0.6614583333333333703, 0.6666666666666666297, 0.6718750000000000000, 0.6770833333333333703, 0.6822916666666666297, 0.6875000000000000000, 0.6927083333333333703, 0.6979166666666666297, 0.7031250000000000000, 0.7083333333333333703, 0.7135416666666666297, 0.7187500000000000000, 0.7239583333333333703, 0.7291666666666666297, 0.7343750000000000000, 0.7395833333333333703, 0.7447916666666666297, 0.7500000000000000000, 0.7552083333333333703, 0.7604166666666666297, 0.7656250000000000000, 0.7708333333333333703, 0.7760416666666666297, 0.7812500000000000000, 0.7864583333333333703, 0.7916666666666666297, 0.7968750000000000000, 0.8020833333333333703, 0.8072916666666666297, 0.8125000000000000000, 0.8177083333333333703, 0.8229166666666666297, 0.8281250000000000000, 0.8333333333333333703, 0.8385416666666666297, 0.8437500000000000000, 0.8489583333333333703, 0.8541666666666666297, 0.8593750000000000000, 0.8645833333333333703, 0.8697916666666666297, 0.8750000000000000000, 0.8802083333333333703, 0.8854166666666666297, 0.8906250000000000000, 0.8958333333333333703, 0.9010416666666666297, 0.9062500000000000000, 0.9114583333333333703, 0.9166666666666666297, 0.9218750000000000000, 0.9270833333333333703, 0.9322916666666666297, 0.9375000000000000000, 0.9427083333333333703, 0.9479166666666666297, 0.9531250000000000000, 0.9583333333333333703, 0.9635416666666666297, 0.9687500000000000000, 0.9739583333333333703, 0.9791666666666666297, 0.9843750000000000000, 0.9895833333333333703, 0.9947916666666666297, 1.000000000000000000 ),
 .UNSPECIFIED. ) 
 GEOMETRIC_REPRESENTATION_ITEM ( )  RATIONAL_B_SPLINE_SURFACE ( (
 ( 1.000000000000000000, 0.9238795325112867385, 1.000000000000000000, 0.9238795325112867385, 1.000000000000000000, 0.9238795325112867385, 1.000000000000000000, 0.9238795325112867385, 1.000000000000000000, 0.9238795325112867385, 1.000000000000000000, 0.9238795325112867385, 1.000000000000000000, 0.9238795325112867385, 1.000000000000000000, 0.9238795325112867385, 1.000000000000000000, 0.9238795325112867385, 1.000000000000000000, 0.9238795325112867385, 1.000000000000000000, 0.9238795325112867385, 1.000000000000000000, 0.9238795325112867385, 1.000000000000000000, 0.9238795325112867385, 1.000000000000000000, 0.9238795325112867385, 1.000000000000000000, 0.9238795325112867385, 1.000000000000000000, 0.9238795325112867385, 1.000000000000000000, 0.9238795325112867385, 1.000000000000000000, 0.9238795325112867385, 1.000000000000000000, 0.9238795325112867385, 1.000000000000000000, 0.9238795325112867385, 1.000000000000000000, 0.9238795325112867385, 1.000000000000000000, 0.9238795325112867385, 1.000000000000000000, 0.9238795325112867385, 1.000000000000000000, 0.9238795325112867385, 1.000000000000000000, 0.9238795325112867385, 1.000000000000000000, 0.9238795325112867385, 1.000000000000000000, 0.9238795325112867385, 1.000000000000000000, 0.9238795325112867385, 1.000000000000000000, 0.9238795325112867385, 1.000000000000000000, 0.9238795325112867385, 1.000000000000000000, 0.9238795325112867385, 1.000000000000000000, 0.9238795325112867385, 1.000000000000000000, 0.9238795325112867385, 1.000000000000000000, 0.9238795325112867385, 1.000000000000000000, 0.9238795325112867385, 1.000000000000000000, 0.9238795325112867385, 1.000000000000000000, 0.9238795325112867385, 1.000000000000000000, 0.9238795325112867385, 1.000000000000000000, 0.9238795325112867385, 1.000000000000000000, 0.9238795325112867385, 1.000000000000000000, 0.9238795325112867385, 1.000000000000000000, 0.9238795325112867385, 1.000000000000000000, 0.9238795325112867385, 1.000000000000000000, 0.9238795325112867385, 1.000000000000000000, 0.9238795325112867385, 1.000000000000000000, 0.9238795325112867385, 1.000000000000000000, 0.9238795325112867385, 1.000000000000000000, 0.9238795325112867385, 1.000000000000000000, 0.9238795325112867385, 1.000000000000000000, 0.9238795325112867385, 1.000000000000000000, 0.9238795325112867385, 1.000000000000000000, 0.9238795325112867385, 1.000000000000000000, 0.9238795325112867385, 1.000000000000000000, 0.9238795325112867385, 1.000000000000000000, 0.9238795325112867385, 1.000000000000000000, 0.9238795325112867385, 1.000000000000000000, 0.9238795325112867385, 1.000000000000000000, 0.9238795325112867385, 1.000000000000000000, 0.9238795325112867385, 1.000000000000000000, 0.9238795325112867385, 1.000000000000000000, 0.9238795325112867385, 1.000000000000000000, 0.9238795325112867385, 1.000000000000000000, 0.9238795325112867385, 1.000000000000000000, 0.9238795325112867385, 1.000000000000000000, 0.9238795325112867385, 1.000000000000000000, 0.9238795325112867385, 1.000000000000000000, 0.9238795325112867385, 1.000000000000000000, 0.9238795325112867385, 1.000000000000000000, 0.9238795325112867385, 1.000000000000000000, 0.9238795325112867385, 1.000000000000000000, 0.9238795325112867385, 1.000000000000000000, 0.9238795325112867385, 1.000000000000000000, 0.9238795325112867385, 1.000000000000000000, 0.9238795325112867385, 1.000000000000000000, 0.9238795325112867385, 1.000000000000000000, 0.9238795325112867385, 1.000000000000000000, 0.9238795325112867385, 1.000000000000000000, 0.9238795325112867385, 1.000000000000000000, 0.9238795325112867385, 1.000000000000000000, 0.9238795325112867385, 1.000000000000000000, 0.9238795325112867385, 1.000000000000000000, 0.9238795325112867385, 1.000000000000000000, 0.9238795325112867385, 1.000000000000000000, 0.9238795325112867385, 1.000000000000000000, 0.9238795325112867385, 1.000000000000000000, 0.9238795325112867385, 1.000000000000000000, 0.9238795325112867385, 1.000000000000000000, 0.9238795325112867385, 1.000000000000000000, 0.9238795325112867385, 1.000000000000000000, 0.9238795325112867385, 1.000000000000000000, 0.9238795325112867385, 1.000000000000000000, 0.9238795325112867385, 1.000000000000000000, 0.9238795325112867385, 1.000000000000000000, 0.9238795325112867385, 1.000000000000000000, 0.9238795325112867385, 1.000000000000000000, 0.9238795325112867385, 1.000000000000000000, 0.9238795325112867385, 1.000000000000000000, 0.9238795325112867385, 1.000000000000000000, 0.9238795325112867385, 1.000000000000000000, 0.9238795325112867385, 1.000000000000000000, 0.9238795325112867385, 1.000000000000000000, 0.9238795325112867385, 1.000000000000000000, 0.9238795325112867385, 1.000000000000000000, 0.9238795325112867385, 1.000000000000000000, 0.9238795325112867385, 1.000000000000000000, 0.9238795325112867385, 1.000000000000000000, 0.9238795325112867385, 1.000000000000000000, 0.9238795325112867385, 1.000000000000000000, 0.9238795325112867385, 1.000000000000000000, 0.9238795325112867385, 1.000000000000000000, 0.9238795325112867385, 1.000000000000000000, 0.9238795325112867385, 1.000000000000000000, 0.9238795325112867385, 1.000000000000000000, 0.9238795325112867385, 1.000000000000000000, 0.9238795325112867385, 1.000000000000000000, 0.9238795325112867385, 1.000000000000000000, 0.9238795325112867385, 1.000000000000000000, 0.9238795325112867385, 1.000000000000000000, 0.9238795325112867385, 1.000000000000000000, 0.9238795325112867385, 1.000000000000000000, 0.9238795325112867385, 1.000000000000000000, 0.9238795325112867385, 1.000000000000000000, 0.9238795325112867385, 1.000000000000000000, 0.9238795325112867385, 1.000000000000000000, 0.9238795325112867385, 1.000000000000000000, 0.9238795325112867385, 1.000000000000000000, 0.9238795325112867385, 1.000000000000000000, 0.9238795325112867385, 1.000000000000000000, 0.9238795325112867385, 1.000000000000000000, 0.9238795325112867385, 1.000000000000000000, 0.9238795325112867385, 1.000000000000000000, 0.9238795325112867385, 1.000000000000000000, 0.9238795325112867385, 1.000000000000000000, 0.9238795325112867385, 1.000000000000000000, 0.9238795325112867385, 1.000000000000000000, 0.9238795325112867385, 1.000000000000000000, 0.9238795325112867385, 1.000000000000000000, 0.9238795325112867385, 1.000000000000000000, 0.9238795325112867385, 1.000000000000000000, 0.9238795325112867385, 1.000000000000000000, 0.9238795325112867385, 1.000000000000000000, 0.9238795325112867385, 1.000000000000000000, 0.9238795325112867385, 1.000000000000000000, 0.9238795325112867385, 1.000000000000000000, 0.9238795325112867385, 1.000000000000000000, 0.9238795325112867385, 1.000000000000000000, 0.9238795325112867385, 1.000000000000000000, 0.9238795325112867385, 1.000000000000000000, 0.9238795325112867385, 1.000000000000000000, 0.9238795325112867385, 1.000000000000000000, 0.9238795325112867385, 1.000000000000000000, 0.9238795325112867385, 1.000000000000000000, 0.9238795325112867385, 1.000000000000000000, 0.9238795325112867385, 1.000000000000000000, 0.9238795325112867385, 1.000000000000000000, 0.9238795325112867385, 1.000000000000000000, 0.9238795325112867385, 1.000000000000000000, 0.9238795325112867385, 1.000000000000000000, 0.9238795325112867385, 1.000000000000000000, 0.9238795325112867385, 1.000000000000000000, 0.9238795325112867385, 1.000000000000000000, 0.9238795325112867385, 1.000000000000000000, 0.9238795325112867385, 1.000000000000000000, 0.9238795325112867385, 1.000000000000000000, 0.9238795325112867385, 1.000000000000000000, 0.9238795325112867385, 1.000000000000000000, 0.9238795325112867385, 1.000000000000000000, 0.9238795325112867385, 1.000000000000000000, 0.9238795325112867385, 1.000000000000000000, 0.9238795325112867385, 1.000000000000000000, 0.9238795325112867385, 1.000000000000000000, 0.9238795325112867385, 1.000000000000000000, 0.9238795325112867385, 1.000000000000000000, 0.9238795325112867385, 1.000000000000000000, 0.9238795325112867385, 1.000000000000000000, 0.9238795325112867385, 1.000000000000000000, 0.9238795325112867385, 1.000000000000000000, 0.9238795325112867385, 1.000000000000000000, 0.9238795325112867385, 1.000000000000000000, 0.9238795325112867385, 1.000000000000000000, 0.9238795325112867385, 1.000000000000000000, 0.9238795325112867385, 1.000000000000000000, 0.9238795325112867385, 1.000000000000000000, 0.9238795325112867385, 1.000000000000000000, 0.9238795325112867385, 1.000000000000000000, 0.9238795325112867385, 1.000000000000000000, 0.9238795325112867385, 1.000000000000000000, 0.9238795325112867385, 1.000000000000000000, 0.9238795325112867385, 1.000000000000000000, 0.9238795325112867385, 1.000000000000000000, 0.9238795325112867385, 1.000000000000000000, 0.9238795325112867385, 1.000000000000000000),
 ( 1.000000000000000000, 0.9238795325112867385, 1.000000000000000000, 0.9238795325112867385, 1.000000000000000000, 0.9238795325112867385, 1.000000000000000000, 0.9238795325112867385, 1.000000000000000000, 0.9238795325112867385, 1.000000000000000000, 0.9238795325112867385, 1.000000000000000000, 0.9238795325112867385, 1.000000000000000000, 0.9238795325112867385, 1.000000000000000000, 0.9238795325112867385, 1.000000000000000000, 0.9238795325112867385, 1.000000000000000000, 0.9238795325112867385, 1.000000000000000000, 0.9238795325112867385, 1.000000000000000000, 0.9238795325112867385, 1.000000000000000000, 0.9238795325112867385, 1.000000000000000000, 0.9238795325112867385, 1.000000000000000000, 0.9238795325112867385, 1.000000000000000000, 0.9238795325112867385, 1.000000000000000000, 0.9238795325112867385, 1.000000000000000000, 0.9238795325112867385, 1.000000000000000000, 0.9238795325112867385, 1.000000000000000000, 0.9238795325112867385, 1.000000000000000000, 0.9238795325112867385, 1.000000000000000000, 0.9238795325112867385, 1.000000000000000000, 0.9238795325112867385, 1.000000000000000000, 0.9238795325112867385, 1.000000000000000000, 0.9238795325112867385, 1.000000000000000000, 0.9238795325112867385, 1.000000000000000000, 0.9238795325112867385, 1.000000000000000000, 0.9238795325112867385, 1.000000000000000000, 0.9238795325112867385, 1.000000000000000000, 0.9238795325112867385, 1.000000000000000000, 0.9238795325112867385, 1.000000000000000000, 0.9238795325112867385, 1.000000000000000000, 0.9238795325112867385, 1.000000000000000000, 0.9238795325112867385, 1.000000000000000000, 0.9238795325112867385, 1.000000000000000000, 0.9238795325112867385, 1.000000000000000000, 0.9238795325112867385, 1.000000000000000000, 0.9238795325112867385, 1.000000000000000000, 0.9238795325112867385, 1.000000000000000000, 0.9238795325112867385, 1.000000000000000000, 0.9238795325112867385, 1.000000000000000000, 0.9238795325112867385, 1.000000000000000000, 0.9238795325112867385, 1.000000000000000000, 0.9238795325112867385, 1.000000000000000000, 0.9238795325112867385, 1.000000000000000000, 0.9238795325112867385, 1.000000000000000000, 0.9238795325112867385, 1.000000000000000000, 0.9238795325112867385, 1.000000000000000000, 0.9238795325112867385, 1.000000000000000000, 0.9238795325112867385, 1.000000000000000000, 0.9238795325112867385, 1.000000000000000000, 0.9238795325112867385, 1.000000000000000000, 0.9238795325112867385, 1.000000000000000000, 0.9238795325112867385, 1.000000000000000000, 0.9238795325112867385, 1.000000000000000000, 0.9238795325112867385, 1.000000000000000000, 0.9238795325112867385, 1.000000000000000000, 0.9238795325112867385, 1.000000000000000000, 0.9238795325112867385, 1.000000000000000000, 0.9238795325112867385, 1.000000000000000000, 0.9238795325112867385, 1.000000000000000000, 0.9238795325112867385, 1.000000000000000000, 0.9238795325112867385, 1.000000000000000000, 0.9238795325112867385, 1.000000000000000000, 0.9238795325112867385, 1.000000000000000000, 0.9238795325112867385, 1.000000000000000000, 0.9238795325112867385, 1.000000000000000000, 0.9238795325112867385, 1.000000000000000000, 0.9238795325112867385, 1.000000000000000000, 0.9238795325112867385, 1.000000000000000000, 0.9238795325112867385, 1.000000000000000000, 0.9238795325112867385, 1.000000000000000000, 0.9238795325112867385, 1.000000000000000000, 0.9238795325112867385, 1.000000000000000000, 0.9238795325112867385, 1.000000000000000000, 0.9238795325112867385, 1.000000000000000000, 0.9238795325112867385, 1.000000000000000000, 0.9238795325112867385, 1.000000000000000000, 0.9238795325112867385, 1.000000000000000000, 0.9238795325112867385, 1.000000000000000000, 0.9238795325112867385, 1.000000000000000000, 0.9238795325112867385, 1.000000000000000000, 0.9238795325112867385, 1.000000000000000000, 0.9238795325112867385, 1.000000000000000000, 0.9238795325112867385, 1.000000000000000000, 0.9238795325112867385, 1.000000000000000000, 0.9238795325112867385, 1.000000000000000000, 0.9238795325112867385, 1.000000000000000000, 0.9238795325112867385, 1.000000000000000000, 0.9238795325112867385, 1.000000000000000000, 0.9238795325112867385, 1.000000000000000000, 0.9238795325112867385, 1.000000000000000000, 0.9238795325112867385, 1.000000000000000000, 0.9238795325112867385, 1.000000000000000000, 0.9238795325112867385, 1.000000000000000000, 0.9238795325112867385, 1.000000000000000000, 0.9238795325112867385, 1.000000000000000000, 0.9238795325112867385, 1.000000000000000000, 0.9238795325112867385, 1.000000000000000000, 0.9238795325112867385, 1.000000000000000000, 0.9238795325112867385, 1.000000000000000000, 0.9238795325112867385, 1.000000000000000000, 0.9238795325112867385, 1.000000000000000000, 0.9238795325112867385, 1.000000000000000000, 0.9238795325112867385, 1.000000000000000000, 0.9238795325112867385, 1.000000000000000000, 0.9238795325112867385, 1.000000000000000000, 0.9238795325112867385, 1.000000000000000000, 0.9238795325112867385, 1.000000000000000000, 0.9238795325112867385, 1.000000000000000000, 0.9238795325112867385, 1.000000000000000000, 0.9238795325112867385, 1.000000000000000000, 0.9238795325112867385, 1.000000000000000000, 0.9238795325112867385, 1.000000000000000000, 0.9238795325112867385, 1.000000000000000000, 0.9238795325112867385, 1.000000000000000000, 0.9238795325112867385, 1.000000000000000000, 0.9238795325112867385, 1.000000000000000000, 0.9238795325112867385, 1.000000000000000000, 0.9238795325112867385, 1.000000000000000000, 0.9238795325112867385, 1.000000000000000000, 0.9238795325112867385, 1.000000000000000000, 0.9238795325112867385, 1.000000000000000000, 0.9238795325112867385, 1.000000000000000000, 0.9238795325112867385, 1.000000000000000000, 0.9238795325112867385, 1.000000000000000000, 0.9238795325112867385, 1.000000000000000000, 0.9238795325112867385, 1.000000000000000000, 0.9238795325112867385, 1.000000000000000000, 0.9238795325112867385, 1.000000000000000000, 0.9238795325112867385, 1.000000000000000000, 0.9238795325112867385, 1.000000000000000000, 0.9238795325112867385, 1.000000000000000000, 0.9238795325112867385, 1.000000000000000000, 0.9238795325112867385, 1.000000000000000000, 0.9238795325112867385, 1.000000000000000000, 0.9238795325112867385, 1.000000000000000000, 0.9238795325112867385, 1.000000000000000000, 0.9238795325112867385, 1.000000000000000000, 0.9238795325112867385, 1.000000000000000000, 0.9238795325112867385, 1.000000000000000000, 0.9238795325112867385, 1.000000000000000000, 0.9238795325112867385, 1.000000000000000000, 0.9238795325112867385, 1.000000000000000000, 0.9238795325112867385, 1.000000000000000000, 0.9238795325112867385, 1.000000000000000000, 0.9238795325112867385, 1.000000000000000000, 0.9238795325112867385, 1.000000000000000000, 0.9238795325112867385, 1.000000000000000000, 0.9238795325112867385, 1.000000000000000000, 0.9238795325112867385, 1.000000000000000000, 0.9238795325112867385, 1.000000000000000000, 0.9238795325112867385, 1.000000000000000000, 0.9238795325112867385, 1.000000000000000000, 0.9238795325112867385, 1.000000000000000000, 0.9238795325112867385, 1.000000000000000000, 0.9238795325112867385, 1.000000000000000000, 0.9238795325112867385, 1.000000000000000000, 0.9238795325112867385, 1.000000000000000000, 0.9238795325112867385, 1.000000000000000000, 0.9238795325112867385, 1.000000000000000000, 0.9238795325112867385, 1.000000000000000000, 0.9238795325112867385, 1.000000000000000000, 0.9238795325112867385, 1.000000000000000000, 0.9238795325112867385, 1.000000000000000000, 0.9238795325112867385, 1.000000000000000000, 0.9238795325112867385, 1.000000000000000000, 0.9238795325112867385, 1.000000000000000000, 0.9238795325112867385, 1.000000000000000000, 0.9238795325112867385, 1.000000000000000000, 0.9238795325112867385, 1.000000000000000000, 0.9238795325112867385, 1.000000000000000000, 0.9238795325112867385, 1.000000000000000000, 0.9238795325112867385, 1.000000000000000000, 0.9238795325112867385, 1.000000000000000000, 0.9238795325112867385, 1.000000000000000000, 0.9238795325112867385, 1.000000000000000000, 0.9238795325112867385, 1.000000000000000000, 0.9238795325112867385, 1.000000000000000000, 0.9238795325112867385, 1.000000000000000000, 0.9238795325112867385, 1.000000000000000000, 0.9238795325112867385, 1.000000000000000000, 0.9238795325112867385, 1.000000000000000000, 0.9238795325112867385, 1.000000000000000000, 0.9238795325112867385, 1.000000000000000000, 0.9238795325112867385, 1.000000000000000000, 0.9238795325112867385, 1.000000000000000000, 0.9238795325112867385, 1.000000000000000000, 0.9238795325112867385, 1.000000000000000000, 0.9238795325112867385, 1.000000000000000000, 0.9238795325112867385, 1.000000000000000000) ) ) 
 REPRESENTATION_ITEM ( '' )  SURFACE ( )  );
#2772 = CARTESIAN_POINT ( 'NONE',  ( 2.404163056034257728, -62.65625000000000000, 2.404163056034239077 ) ) ;
#2773 = CARTESIAN_POINT ( 'NONE',  ( -1.688575694911950142, -43.75000000170699366, 4.076582343749975301 ) ) ;
#2774 = CARTESIAN_POINT ( 'NONE',  ( 2.081899558550498061E-16, -40.93750000000000000, -3.400000000000015898 ) ) ;
#2775 = CARTESIAN_POINT ( 'NONE',  ( -2.404163056034258172, -53.59375000341398732, -2.404163056034278600 ) ) ;
#2776 = ORIENTED_EDGE ( 'NONE', *, *, #5294, .F. ) ;
#2777 = CARTESIAN_POINT ( 'NONE',  ( 2.404163056034257728, -63.90625000000000000, 2.404163056034239077 ) ) ;
#2778 = CARTESIAN_POINT ( 'NONE',  ( 3.399999999999995914, -41.56250000341398732, -1.995304164474380342E-14 ) ) ;
#2779 = CARTESIAN_POINT ( 'NONE',  ( 2.404163056034258616, -46.40625000341398732, -2.404163056034278600 ) ) ;
#2780 = CARTESIAN_POINT ( 'NONE',  ( 3.399999999999995470, -63.67187500000000000, -1.408326112068541525 ) ) ;
#2781 = CARTESIAN_POINT ( 'NONE',  ( 4.076582343749994841, -59.53125000170699366, 1.688575694911929936 ) ) ;
#2782 = CARTESIAN_POINT ( 'NONE',  ( 2.404163056034258616, -56.09375000000000000, -2.404163056034278600 ) ) ;
#2783 = DIRECTION ( 'NONE',  ( -0.000000000000000000, -1.000000000000000000, -0.000000000000000000 ) ) ;
#2784 = CARTESIAN_POINT ( 'NONE',  ( 2.496186759367024056E-16, -53.04687500170698655, -4.076582343750016157 ) ) ;
#2785 = ORIENTED_EDGE ( 'NONE', *, *, #65, .T. ) ;
#2786 = EDGE_CURVE ( 'NONE', #4517, #5289, #5733, .T. ) ;
#2787 = CARTESIAN_POINT ( 'NONE',  ( -4.076582343749996618, -62.65625000170699366, 1.688575694911926828 ) ) ;
#2788 = ADVANCED_FACE ( 'NONE', ( #3770 ), #1003, .T. ) ;
#2789 = CARTESIAN_POINT ( 'NONE',  ( -3.399999999999996358, -58.35937500341399442, 1.408326112068500890 ) ) ;
#2790 = CARTESIAN_POINT ( 'NONE',  ( 1.408326112068521985, -61.32812500341398732, -3.400000000000015898 ) ) ;
#2791 = CARTESIAN_POINT ( 'NONE',  ( -1.688575694911946590, -55.31250000170699366, -4.076582343750016157 ) ) ;
#2792 = CARTESIAN_POINT ( 'NONE',  ( -7.488560278101070689E-16, -34.76562500170699366, 4.076582343749976189 ) ) ;
#2793 = CARTESIAN_POINT ( 'NONE',  ( 1.408326112068521985, -49.76562500000000711, -3.400000000000015898 ) ) ;
#2794 = CARTESIAN_POINT ( 'NONE',  ( 2.081899558550498061E-16, -60.00000000341398732, -3.400000000000015898 ) ) ;
#2795 = ORIENTED_EDGE ( 'NONE', *, *, #45, .F. ) ;
#2796 = CARTESIAN_POINT ( 'NONE',  ( -7.488560278101070689E-16, -47.26562500170699366, 4.076582343749976189 ) ) ;
#2797 = CARTESIAN_POINT ( 'NONE',  ( 1.688575694911947922, -46.09375000170699366, 4.076582343749975301 ) ) ;
#2798 = CARTESIAN_POINT ( 'NONE',  ( -3.399999999999996803, -38.04687500000000000, 1.408326112068501335 ) ) ;
#2799 = CARTESIAN_POINT ( 'NONE',  ( 2.081899558550498061E-16, -48.43750000000000000, -3.400000000000015898 ) ) ;
#2800 = LINE ( 'NONE', #3937, #1664 ) ;
#2801 = CARTESIAN_POINT ( 'NONE',  ( -4.076582343749996618, -60.00000000170699366, 1.688575694911926828 ) ) ;
#2802 = CARTESIAN_POINT ( 'NONE',  ( -3.399999999999996358, -59.29687500000000000, 1.408326112068500890 ) ) ;
#2803 = CARTESIAN_POINT ( 'NONE',  ( 1.688575694911947922, -40.93750000170700076, 4.076582343749975301 ) ) ;
#2804 = CARTESIAN_POINT ( 'NONE',  ( 1.688575694911947256, -45.46875000170699366, -4.076582343750016157 ) ) ;
#2805 = CARTESIAN_POINT ( 'NONE',  ( 4.163799117100996122E-16, -65.00000000000000000, 3.399999999999975930 ) ) ;
#2806 = ADVANCED_FACE ( 'NONE', ( #4716 ), #6249, .F. ) ;
#2807 = CARTESIAN_POINT ( 'NONE',  ( 2.882579019330971715, -43.20312500170699366, -2.882579019330991699 ) ) ;
#2808 = CARTESIAN_POINT ( 'NONE',  ( -1.688575694911946590, -35.46875000170698655, -4.076582343750016157 ) ) ;
#2809 = CARTESIAN_POINT ( 'NONE',  ( -6.245698675651493936E-16, -38.12500000341398021, 3.399999999999975930 ) ) ;
#2810 = ORIENTED_EDGE ( 'NONE', *, *, #4526, .T. ) ;
#2811 = FACE_OUTER_BOUND ( 'NONE', #6448, .T. ) ;
#2812 =( BOUNDED_CURVE ( )  B_SPLINE_CURVE ( 2, ( #461, #2059, #4055, #3067, #6053, #586, #2716, #3667, #2129 ),
 .UNSPECIFIED., .F., .T. ) 
 B_SPLINE_CURVE_WITH_KNOTS ( ( 3, 2, 2, 2, 3 ),
 ( 0.2395833333333332871, 0.2447916666666666019, 0.2499999999999999445, 0.2552083333333332593, 0.2604166666666666297 ),
 .UNSPECIFIED. ) 
 CURVE ( )  GEOMETRIC_REPRESENTATION_ITEM ( )  RATIONAL_B_SPLINE_CURVE ( ( 1.000000000000000888, 0.9238795325112859613, 1.000000000000000000, 0.9238795325112867385, 1.000000000000000000, 0.9238795325112867385, 1.000000000000000000, 0.9238795325112875156, 0.9999999999999992228 ) ) 
 REPRESENTATION_ITEM ( '' )  );
#2813 = CARTESIAN_POINT ( 'NONE',  ( 2.404163056034258616, -42.65625000341398732, -2.404163056034278600 ) ) ;
#2814 = CARTESIAN_POINT ( 'NONE',  ( -2.404163056034258172, -46.09375000341398021, -2.404163056034278600 ) ) ;
#2815 = CARTESIAN_POINT ( 'NONE',  ( 3.399999999999995470, -62.42187500000000711, -1.408326112068541525 ) ) ;
#2816 = CARTESIAN_POINT ( 'NONE',  ( 2.496186759367024056E-16, -59.14062500170700076, -4.076582343750016157 ) ) ;
#2817 = EDGE_CURVE ( 'NONE', #4718, #3499, #2362, .T. ) ;
#2818 = LINE ( 'NONE', #3242, #4798 ) ;
#2819 = CARTESIAN_POINT ( 'NONE',  ( 1.408326112068545299, -36.48437499999999289, 3.399999999999952394 ) ) ;
#2820 = CARTESIAN_POINT ( 'NONE',  ( 4.076582343749995729, -53.35937500170699366, -1.995304164474380342E-14 ) ) ;
#2821 = ADVANCED_BREP_SHAPE_REPRESENTATION ( '\X2\740394f0\X0\-\X2\6746\X0\65', ( #6492, #6295 ), #432 ) ;
#2822 = ORIENTED_EDGE ( 'NONE', *, *, #4567, .T. ) ;
#2823 = AXIS2_PLACEMENT_3D ( 'NONE', #2701, #245, #4286 ) ;
#2824 = CARTESIAN_POINT ( 'NONE',  ( 2.882579019330971715, -60.70312500170699366, -2.882579019330991699 ) ) ;
#2825 = CARTESIAN_POINT ( 'NONE',  ( 3.399999999999995026, -57.89062500341398021, 1.408326112068503777 ) ) ;
#2826 = CARTESIAN_POINT ( 'NONE',  ( -1.408326112068523317, -63.20312500341398732, 3.399999999999975042 ) ) ;
#2827 = CARTESIAN_POINT ( 'NONE',  ( 4.076582343749994841, -57.03125000170699366, 1.688575694911929936 ) ) ;
#2828 = CARTESIAN_POINT ( 'NONE',  ( 2.404163056034258616, -46.09375000000000000, -2.404163056034278600 ) ) ;
#2829 = CARTESIAN_POINT ( 'NONE',  ( 2.404163056034258616, -46.09375000000000000, -2.404163056034278600 ) ) ;
#2830 = ORIENTED_EDGE ( 'NONE', *, *, #3663, .F. ) ;
#2831 = CARTESIAN_POINT ( 'NONE',  ( 1.688575694911947922, -48.43750000170700076, 4.076582343749975301 ) ) ;
#2832 = CARTESIAN_POINT ( 'NONE',  ( 4.076582343749995729, -49.60937500170699366, -1.995304164474380342E-14 ) ) ;
#2833 = CARTESIAN_POINT ( 'NONE',  ( 2.404163056034257728, -40.15625000000000711, 2.404163056034239077 ) ) ;
#2834 = CARTESIAN_POINT ( 'NONE',  ( 2.496186759367024056E-16, -59.14062500170700076, -4.076582343750016157 ) ) ;
#2835 = CARTESIAN_POINT ( 'NONE',  ( -1.408326112068521319, -57.10937500000000711, -3.400000000000015898 ) ) ;
#2836 = CARTESIAN_POINT ( 'NONE',  ( 4.076582343749994841, -43.28125000170699366, 1.688575694911929936 ) ) ;
#2837 = CARTESIAN_POINT ( 'NONE',  ( -7.488560278101070689E-16, -44.76562500170700076, 4.076582343749976189 ) ) ;
#2838 = CARTESIAN_POINT ( 'NONE',  ( 2.081899558550498061E-16, -35.93750000000000000, -3.400000000000015898 ) ) ;
#2839 = ADVANCED_FACE ( 'NONE', ( #3364 ), #1336, .F. ) ;
#2840 = CARTESIAN_POINT ( 'NONE',  ( -7.488560278101070689E-16, -43.67187500170699366, 4.076582343749976189 ) ) ;
#2841 = DIRECTION ( 'NONE',  ( 0.000000000000000000, 0.000000000000000000, -1.000000000000000000 ) ) ;
#2842 = EDGE_LOOP ( 'NONE', ( #1866, #1987, #5918, #4911 ) ) ;
#2843 = CARTESIAN_POINT ( 'NONE',  ( -1.408326112068523317, -43.20312500341398732, 3.399999999999975042 ) ) ;
#2844 = CARTESIAN_POINT ( 'NONE',  ( 2.404163056034257728, -44.21875000341398732, 2.404163056034239077 ) ) ;
#2845 = CARTESIAN_POINT ( 'NONE',  ( -3.399999999999995914, -49.76562500341398732, -1.408326112068541747 ) ) ;
#2846 = CARTESIAN_POINT ( 'NONE',  ( -4.076582343749995729, -62.57812500170699366, -2.045227899661720714E-14 ) ) ;
#2847 = CARTESIAN_POINT ( 'NONE',  ( -3.399999999999996803, -39.60937500341398732, 1.408326112068501335 ) ) ;
#2848 = CARTESIAN_POINT ( 'NONE',  ( 3.399999999999995026, -60.07812500000000000, 1.408326112068504221 ) ) ;
#2849 = CARTESIAN_POINT ( 'NONE',  ( -4.076582343749995729, -43.98437500170698655, -2.045227899661720714E-14 ) ) ;
#2850 = ORIENTED_EDGE ( 'NONE', *, *, #3967, .T. ) ;
#2851 = CARTESIAN_POINT ( 'NONE',  ( -4.076582343749995729, -60.23437500170698655, -2.045227899661720714E-14 ) ) ;
#2852 = CARTESIAN_POINT ( 'NONE',  ( -3.399999999999995470, -58.51562500341398021, -1.408326112068541747 ) ) ;
#2853 = CARTESIAN_POINT ( 'NONE',  ( 2.404163056034258616, -55.15625000341398021, -2.404163056034278600 ) ) ;
#2854 = CARTESIAN_POINT ( 'NONE',  ( 1.688575694911947922, -52.18750000170699366, 4.076582343749975301 ) ) ;
#2855 = CARTESIAN_POINT ( 'NONE',  ( -2.404163056034259061, -50.46875000000000000, 2.404163056034238188 ) ) ;
#2856 = CARTESIAN_POINT ( 'NONE',  ( 0.000000000000000000, -65.00000000000000000, -1.995304164474380342E-14 ) ) ;
#2857 = EDGE_LOOP ( 'NONE', ( #4343, #5239, #2021, #2711 ) ) ;
#2858 = APPROVAL ( #3292, 'æœª' ) ;
#2859 = CARTESIAN_POINT ( 'NONE',  ( 2.882579019330971715, -45.54687500170699366, -2.882579019330991699 ) ) ;
#2860 = CARTESIAN_POINT ( 'NONE',  ( -2.882579019330970826, -49.14062500170698655, -2.882579019330991699 ) ) ;
#2861 = APPLICATION_PROTOCOL_DEFINITION ( 'international standard', 'config_control_design', 1994, #4965 ) ;
#2862 = CARTESIAN_POINT ( 'NONE',  ( -1.408326112068500668, -35.70312500341398021, 3.399999999999998579 ) ) ;
#2863 = ADVANCED_FACE ( 'NONE', ( #5335 ), #350, .F. ) ;
#2864 = CARTESIAN_POINT ( 'NONE',  ( -2.882579019330972159, -56.17187500170699366, 2.882579019330950842 ) ) ;
#2865 = CARTESIAN_POINT ( 'NONE',  ( 3.399999999999995914, -58.75000000000000711, -1.995304164474380342E-14 ) ) ;
#2866 = CARTESIAN_POINT ( 'NONE',  ( -7.488560278101070689E-16, -42.26562500170699366, 4.076582343749976189 ) ) ;
#2867 = CARTESIAN_POINT ( 'NONE',  ( 2.496186759367024056E-16, -47.89062500170699366, -4.076582343750016157 ) ) ;
#2868 = CARTESIAN_POINT ( 'NONE',  ( -4.076582343749996618, -56.40625000170699366, 1.688575694911926828 ) ) ;
#2869 = CARTESIAN_POINT ( 'NONE',  ( -1.408326112068482461, -62.42187500341398732, -3.400000000000054978 ) ) ;
#2870 = VERTEX_POINT ( 'NONE', #5363 ) ;
#2871 = VECTOR ( 'NONE', #6462, 1000.000000000000000 ) ;
#2872 = CARTESIAN_POINT ( 'NONE',  ( 1.688575694911947922, -63.43750000170698655, 4.076582343749975301 ) ) ;
#2873 = CARTESIAN_POINT ( 'NONE',  ( -1.408326112068523317, -39.45312500341398021, 3.399999999999975042 ) ) ;
#2874 = CARTESIAN_POINT ( 'NONE',  ( -2.404163056034258172, -44.84375000341398732, -2.404163056034278600 ) ) ;
#2875 = CARTESIAN_POINT ( 'NONE',  ( -3.399999999999996358, -60.54687500000000000, 1.408326112068500890 ) ) ;
#2876 = CARTESIAN_POINT ( 'NONE',  ( -2.882579019330972159, -59.92187500170699366, 2.882579019330950842 ) ) ;
#2877 = CARTESIAN_POINT ( 'NONE',  ( -6.245698675651493936E-16, -39.37500000341398732, 3.399999999999975930 ) ) ;
#2878 = CARTESIAN_POINT ( 'NONE',  ( -2.882579019330970826, -46.64062500170698655, -2.882579019330991699 ) ) ;
#2879 = LINE ( 'NONE', #5371, #981 ) ;
#2880 = ORIENTED_EDGE ( 'NONE', *, *, #5011, .T. ) ;
#2881 = CARTESIAN_POINT ( 'NONE',  ( 3.399999999999995026, -59.14062500341399442, 1.408326112068503777 ) ) ;
#2882 = CARTESIAN_POINT ( 'NONE',  ( -2.882579019330970826, -51.48437500170699366, -2.882579019330991699 ) ) ;
#2883 = CARTESIAN_POINT ( 'NONE',  ( 3.399999999999995914, -43.75000000000000000, -1.995304164474380342E-14 ) ) ;
#2884 = CARTESIAN_POINT ( 'NONE',  ( -4.076582343749995729, -62.81250000170699366, -1.688575694911967240 ) ) ;
#2885 = EDGE_CURVE ( 'NONE', #5322, #5095, #382, .T. ) ;
#2886 = ORIENTED_EDGE ( 'NONE', *, *, #3179, .T. ) ;
#2887 = VECTOR ( 'NONE', #206, 1000.000000000000000 ) ;
#2888 = CARTESIAN_POINT ( 'NONE',  ( -2.882579019330970826, -43.98437500170699366, -2.882579019330991699 ) ) ;
#2889 = CARTESIAN_POINT ( 'NONE',  ( 4.076582343749995729, -48.35937500170699366, -1.995304164474380342E-14 ) ) ;
#2890 = PERSON_AND_ORGANIZATION ( #5315, #4416 ) ;
#2891 = CARTESIAN_POINT ( 'NONE',  ( -1.408326112068521319, -50.85937500000000000, -3.400000000000015898 ) ) ;
#2892 = CARTESIAN_POINT ( 'NONE',  ( 4.076582343749995729, -34.53125000170699366, -1.995304164474380342E-14 ) ) ;
#2893 = CARTESIAN_POINT ( 'NONE',  ( -3.399999999999995914, -36.01562500341398732, -1.408326112068541747 ) ) ;
#2894 = CARTESIAN_POINT ( 'NONE',  ( 2.496186759367024056E-16, -56.64062500170699366, -4.076582343750016157 ) ) ;
#2895 = VECTOR ( 'NONE', #1820, 1000.000000000000000 ) ;
#2896 = CARTESIAN_POINT ( 'NONE',  ( -3.399999999999996358, -56.79687500000000000, 1.408326112068500890 ) ) ;
#2897 = CARTESIAN_POINT ( 'NONE',  ( -1.688575694911946590, -41.56250000170700076, -4.076582343750016157 ) ) ;
#2898 = CARTESIAN_POINT ( 'NONE',  ( 2.496186759367024056E-16, -44.14062500170700076, -4.076582343750016157 ) ) ;
#2899 = CARTESIAN_POINT ( 'NONE',  ( 4.163799117100996122E-16, -65.00000000000000000, 3.399999999999975930 ) ) ;
#2900 = CARTESIAN_POINT ( 'NONE',  ( -2.882579019330972159, -53.82812500170699366, 2.882579019330950842 ) ) ;
#2901 = VECTOR ( 'NONE', #63, 1000.000000000000000 ) ;
#2902 = ORIENTED_EDGE ( 'NONE', *, *, #5010, .F. ) ;
#2903 = CARTESIAN_POINT ( 'NONE',  ( 2.404163056034257728, -39.21875000341398732, 2.404163056034239077 ) ) ;
#2904 = CARTESIAN_POINT ( 'NONE',  ( -1.408326112068523317, -40.70312500341398732, 3.399999999999975042 ) ) ;
#2905 = CARTESIAN_POINT ( 'NONE',  ( 2.081899558550498061E-16, -59.68750000000000711, -3.400000000000015898 ) ) ;
#2906 = CARTESIAN_POINT ( 'NONE',  ( -4.076582343749995729, -61.32812500170699366, -2.045227899661720714E-14 ) ) ;
#2907 = CARTESIAN_POINT ( 'NONE',  ( 3.399999999999995914, -45.23437500341398732, -1.408326112068541525 ) ) ;
#2908 = CARTESIAN_POINT ( 'NONE',  ( -7.488560278101070689E-16, -46.17187500170699366, 4.076582343749976189 ) ) ;
#2909 = CARTESIAN_POINT ( 'NONE',  ( 2.081899558550498061E-16, -42.50000000341398732, -3.400000000000015898 ) ) ;
#2910 = ORIENTED_EDGE ( 'NONE', *, *, #4652, .F. ) ;
#2911 = CARTESIAN_POINT ( 'NONE',  ( 2.882579019330970382, -34.76562500170699366, 2.882579019330952175 ) ) ;
#2912 = CARTESIAN_POINT ( 'NONE',  ( -3.399999999999996358, -52.10937500341398021, 1.408326112068500890 ) ) ;
#2913 = CARTESIAN_POINT ( 'NONE',  ( 1.408326112068521985, -57.57812500341398732, -3.400000000000015898 ) ) ;
#2914 = CARTESIAN_POINT ( 'NONE',  ( -2.882579019330970826, -64.14062500170699366, -2.882579019330991699 ) ) ;
#2915 = CARTESIAN_POINT ( 'NONE',  ( -4.076582343749996618, -52.50000000170699366, 1.688575694911926828 ) ) ;
#2916 = CARTESIAN_POINT ( 'NONE',  ( 0.000000000000000000, -65.00000000000000000, -1.995304164474380342E-14 ) ) ;
#2917 = CARTESIAN_POINT ( 'NONE',  ( 3.399999999999995470, -43.67187500000000000, -1.408326112068541525 ) ) ;
#2918 = CARTESIAN_POINT ( 'NONE',  ( -4.076582343749996618, -61.40625000170699366, 1.688575694911926828 ) ) ;
#2919 = DIRECTION ( 'NONE',  ( 0.000000000000000000, 0.000000000000000000, -1.000000000000000000 ) ) ;
#2920 = CARTESIAN_POINT ( 'NONE',  ( 2.496186759367024056E-16, -41.64062500170699366, -4.076582343750016157 ) ) ;
#2921 = CARTESIAN_POINT ( 'NONE',  ( -7.488560278101070689E-16, -48.67187500170699366, 4.076582343749976189 ) ) ;
#2922 = VECTOR ( 'NONE', #5629, 1000.000000000000227 ) ;
#2923 = CARTESIAN_POINT ( 'NONE',  ( -3.399999999999995914, -50.62500000000000000, -2.036942155645390229E-14 ) ) ;
#2924 = CARTESIAN_POINT ( 'NONE',  ( -6.245698675651493936E-16, -45.62500000341398732, 3.399999999999975930 ) ) ;
#2925 = EDGE_CURVE ( 'NONE', #5095, #5289, #590, .T. ) ;
#2926 = CARTESIAN_POINT ( 'NONE',  ( -4.076582343749995729, -56.32812500170699366, -2.045227899661720714E-14 ) ) ;
#2927 = CARTESIAN_POINT ( 'NONE',  ( -2.404163056034258172, -60.78125000000000000, -2.404163056034278600 ) ) ;
#2928 = DIRECTION ( 'NONE',  ( -0.000000000000000000, -1.000000000000000000, -0.000000000000000000 ) ) ;
#2929 = CARTESIAN_POINT ( 'NONE',  ( 4.076582343749995729, -41.95312500170699366, -1.995304164474380342E-14 ) ) ;
#2930 = CARTESIAN_POINT ( 'NONE',  ( -2.404163056034258172, -52.34375000341398732, -2.404163056034278600 ) ) ;
#2931 = CARTESIAN_POINT ( 'NONE',  ( -4.076582343749995729, -55.31250000170699366, -1.688575694911967684 ) ) ;
#2932 = ORIENTED_EDGE ( 'NONE', *, *, #3412, .F. ) ;
#2933 = CARTESIAN_POINT ( 'NONE',  ( -3.399999999999995914, -38.43750000341398732, -2.036942155645390229E-14 ) ) ;
#2934 = CARTESIAN_POINT ( 'NONE',  ( 3.399999999999995026, -44.14062500341397310, 1.408326112068503777 ) ) ;
#2935 = CARTESIAN_POINT ( 'NONE',  ( 2.404163056034258616, -57.34375000000000000, -2.404163056034278600 ) ) ;
#2936 = CARTESIAN_POINT ( 'NONE',  ( -4.076582343749996618, -58.75000000170700076, 1.688575694911926828 ) ) ;
#2937 = CARTESIAN_POINT ( 'NONE',  ( -2.404163056034259061, -50.46875000000000000, 2.404163056034238188 ) ) ;
#2938 = CARTESIAN_POINT ( 'NONE',  ( -4.076582343749996618, -48.90625000170698655, 1.688575694911926828 ) ) ;
#2939 = CARTESIAN_POINT ( 'NONE',  ( 2.081899558550498061E-16, -40.93750000000000000, -3.400000000000015898 ) ) ;
#2940 = ORIENTED_EDGE ( 'NONE', *, *, #5782, .T. ) ;
#2941 = CARTESIAN_POINT ( 'NONE',  ( 4.076582343749995729, -38.35937500170699366, -1.995304164474380342E-14 ) ) ;
#2942 = CARTESIAN_POINT ( 'NONE',  ( 2.404163056034257728, -50.46875000341398732, 2.404163056034239077 ) ) ;
#2943 = CARTESIAN_POINT ( 'NONE',  ( -2.404163056034259061, -58.28125000341398732, 2.404163056034238188 ) ) ;
#2944 = CARTESIAN_POINT ( 'NONE',  ( -6.245698675651493936E-16, -36.56250000000000000, 3.399999999999975930 ) ) ;
#2945 = CARTESIAN_POINT ( 'NONE',  ( 2.496186759367024056E-16, -52.89062500170699366, -4.076582343750016157 ) ) ;
#2946 = CARTESIAN_POINT ( 'NONE',  ( 2.466117385926746675, -64.66551302276572244, -2.756312999067155989 ) ) ;
#2947 = CARTESIAN_POINT ( 'NONE',  ( -2.404163056034258172, -44.53125000000000000, -2.404163056034278600 ) ) ;
#2948 = LINE ( 'NONE', #5993, #2385 ) ;
#2949 = CYLINDRICAL_SURFACE ( 'NONE', #4805, 3.399999999999995914 ) ;
#2950 = CARTESIAN_POINT ( 'NONE',  ( 4.076582343749995729, -44.37500000170699366, -1.688575694911966796 ) ) ;
#2951 = CARTESIAN_POINT ( 'NONE',  ( -1.688575694911949698, -43.75000000170698655, 4.076582343749975301 ) ) ;
#2952 = CARTESIAN_POINT ( 'NONE',  ( 2.404163056034258616, -44.84375000000000000, -2.404163056034278600 ) ) ;
#2953 = DIRECTION ( 'NONE',  ( -0.000000000000000000, -1.000000000000000000, -0.000000000000000000 ) ) ;
#2954 = CARTESIAN_POINT ( 'NONE',  ( -1.688575694911949698, -54.84375000170698655, 4.076582343749975301 ) ) ;
#2955 = CARTESIAN_POINT ( 'NONE',  ( 2.404163056034258616, -51.09375000000000000, -2.404163056034278600 ) ) ;
#2956 = CARTESIAN_POINT ( 'NONE',  ( 1.688575694911947922, -35.93750000170699366, 4.076582343749975301 ) ) ;
#2957 = CARTESIAN_POINT ( 'NONE',  ( -1.688575694911946590, -40.31250000170699366, -4.076582343750016157 ) ) ;
#2958 = CARTESIAN_POINT ( 'NONE',  ( 3.399999999999995914, -64.06250000341398732, -1.995304164474380342E-14 ) ) ;
#2959 = CARTESIAN_POINT ( 'NONE',  ( -1.688575694911950142, -57.50000000170699366, 4.076582343749975301 ) ) ;
#2960 = EDGE_CURVE ( 'NONE', #3832, #4156, #5445, .T. ) ;
#2961 =( BOUNDED_CURVE ( )  B_SPLINE_CURVE ( 2, ( #2838, #1364, #902, #475, #4389, #3861, #1394, #4354, #5884 ),
 .UNSPECIFIED., .F., .F. ) 
 B_SPLINE_CURVE_WITH_KNOTS ( ( 3, 2, 2, 2, 3 ),
 ( 0.9687500000000001110, 0.9739583333333334814, 0.9791666666666667407, 0.9843750000000001110, 0.9895833333333334814 ),
 .UNSPECIFIED. ) 
 CURVE ( )  GEOMETRIC_REPRESENTATION_ITEM ( )  RATIONAL_B_SPLINE_CURVE ( ( 0.9999999999999983347, 0.9238795325112884038, 1.000000000000000000, 0.9238795325112867385, 1.000000000000000000, 0.9238795325112867385, 1.000000000000000000, 0.9238795325112850731, 1.000000000000001554 ) ) 
 REPRESENTATION_ITEM ( '' )  );
#2962 = EDGE_LOOP ( 'NONE', ( #478, #5764, #1436, #3518 ) ) ;
#2963 = CARTESIAN_POINT ( 'NONE',  ( 2.081899558550498061E-16, -36.25000000341398021, -3.400000000000015898 ) ) ;
#2964 = CARTESIAN_POINT ( 'NONE',  ( 3.399999999999995470, -41.48437500341399442, -1.408326112068541525 ) ) ;
#2965 = CARTESIAN_POINT ( 'NONE',  ( -3.399999999999995470, -60.70312500000001421, -1.408326112068541747 ) ) ;
#2966 = CARTESIAN_POINT ( 'NONE',  ( -1.688575694911946590, -55.31250000170699366, -4.076582343750016157 ) ) ;
#2967 = CARTESIAN_POINT ( 'NONE',  ( -6.245698675651493936E-16, -46.87500000341398732, 3.399999999999975930 ) ) ;
#2968 = CARTESIAN_POINT ( 'NONE',  ( 1.688575694911947922, -44.84375000170698655, 4.076582343749975301 ) ) ;
#2969 = CARTESIAN_POINT ( 'NONE',  ( -1.408326112068546188, -41.95312500341398732, 3.399999999999951950 ) ) ;
#2970 = EDGE_LOOP ( 'NONE', ( #5174, #184, #4650, #1958 ) ) ;
#2971 = AXIS2_PLACEMENT_3D ( 'NONE', #3853, #1452, #5850 ) ;
#2972 = CARTESIAN_POINT ( 'NONE',  ( 2.496186759367024056E-16, -35.54687500170698655, -4.076582343750016157 ) ) ;
#2973 = CARTESIAN_POINT ( 'NONE',  ( 1.408326112068521985, -53.82812500341398021, -3.400000000000015898 ) ) ;
#2974 = CARTESIAN_POINT ( 'NONE',  ( -3.399999999999996358, -55.85937500341398732, 1.408326112068500890 ) ) ;
#2975 = CARTESIAN_POINT ( 'NONE',  ( -2.404163056034258172, -38.28125000000000000, -2.404163056034278600 ) ) ;
#2976 = CARTESIAN_POINT ( 'NONE',  ( 2.404163056034257728, -41.40625000000000711, 2.404163056034239077 ) ) ;
#2977 = CARTESIAN_POINT ( 'NONE',  ( 4.076582343749995729, -63.35937500170699366, -1.995304164474380342E-14 ) ) ;
#2978 =( BOUNDED_CURVE ( )  B_SPLINE_CURVE ( 2, ( #145, #5486, #1093, #4078, #3589, #577, #4608, #2118, #4113 ),
 .UNSPECIFIED., .F., .F. ) 
 B_SPLINE_CURVE_WITH_KNOTS ( ( 3, 2, 2, 2, 3 ),
 ( 0.01041666666666644404, 0.01562499999999978142, 0.02083333333333311707, 0.02604166666666645619, 0.03124999999999979183 ),
 .UNSPECIFIED. ) 
 CURVE ( )  GEOMETRIC_REPRESENTATION_ITEM ( )  RATIONAL_B_SPLINE_CURVE ( ( 1.000000000000003331, 0.9238795325112835188, 1.000000000000000000, 0.9238795325112867385, 1.000000000000000000, 0.9238795325112867385, 1.000000000000000000, 0.9238795325112897361, 0.9999999999999970024 ) ) 
 REPRESENTATION_ITEM ( '' )  );
#2979 = EDGE_CURVE ( 'NONE', #5424, #2990, #1785, .T. ) ;
#2980 = LINE ( 'NONE', #6429, #4638 ) ;
#2981 = CARTESIAN_POINT ( 'NONE',  ( -4.076582343749995729, -43.82812500170699366, -2.045227899661720714E-14 ) ) ;
#2982 = CARTESIAN_POINT ( 'NONE',  ( -7.488560278101070689E-16, -44.92187500170699366, 4.076582343749976189 ) ) ;
#2983 = CARTESIAN_POINT ( 'NONE',  ( 1.408326112068521985, -46.01562500000000711, -3.400000000000015898 ) ) ;
#2984 = CARTESIAN_POINT ( 'NONE',  ( 0.000000000000000000, -65.00000000000000000, -1.995304164474380342E-14 ) ) ;
#2985 = CARTESIAN_POINT ( 'NONE',  ( 1.688575694911947256, -58.12500000170699366, -4.076582343750016157 ) ) ;
#2986 = CARTESIAN_POINT ( 'NONE',  ( 2.496186759367024056E-16, -35.39062500170699366, -4.076582343750016157 ) ) ;
#2987 = CARTESIAN_POINT ( 'NONE',  ( 4.076582343749995729, -40.70312500170699366, -1.995304164474380342E-14 ) ) ;
#2988 = LINE ( 'NONE', #5714, #886 ) ;
#2989 = CARTESIAN_POINT ( 'NONE',  ( -4.076582343749995729, -57.81250000170700076, -1.688575694911967684 ) ) ;
#2990 = VERTEX_POINT ( 'NONE', #1117 ) ;
#2991 = CARTESIAN_POINT ( 'NONE',  ( 2.404163056034258616, -37.65625000341398732, -2.404163056034278600 ) ) ;
#2992 = CARTESIAN_POINT ( 'NONE',  ( -3.399999999999995470, -39.76562500341399442, -1.408326112068541747 ) ) ;
#2993 = CARTESIAN_POINT ( 'NONE',  ( -1.408326112068521319, -58.35937500000000711, -3.400000000000015898 ) ) ;
#2994 = CARTESIAN_POINT ( 'NONE',  ( -1.688575694911946590, -56.56250000170699366, -4.076582343750016157 ) ) ;
#2995 = CARTESIAN_POINT ( 'NONE',  ( 1.408326112068568170, -44.76562500000000711, -3.399999999999969713 ) ) ;
#2996 = CARTESIAN_POINT ( 'NONE',  ( -4.076582343749996618, -40.15625000170699366, 1.688575694911926828 ) ) ;
#2997 = CARTESIAN_POINT ( 'NONE',  ( -6.245698675651493936E-16, -54.06250000000000000, 3.399999999999975930 ) ) ;
#2998 =( BOUNDED_CURVE ( )  B_SPLINE_CURVE ( 2, ( #137, #670, #3185, #2666, #1184, #4673, #4215, #170, #5193 ),
 .UNSPECIFIED., .F., .T. ) 
 B_SPLINE_CURVE_WITH_KNOTS ( ( 3, 2, 2, 2, 3 ),
 ( 0.2187499999999999445, 0.2239583333333332871, 0.2291666666666666019, 0.2343749999999999445, 0.2395833333333332871 ),
 .UNSPECIFIED. ) 
 CURVE ( )  GEOMETRIC_REPRESENTATION_ITEM ( )  RATIONAL_B_SPLINE_CURVE ( ( 1.000000000000000888, 0.9238795325112859613, 1.000000000000000000, 0.9238795325112867385, 1.000000000000000000, 0.9238795325112867385, 1.000000000000000000, 0.9238795325112875156, 0.9999999999999992228 ) ) 
 REPRESENTATION_ITEM ( '' )  );
#2999 = VECTOR ( 'NONE', #1956, 1000.000000000000000 ) ;
#3000 = ORIENTED_EDGE ( 'NONE', *, *, #3663, .T. ) ;
#3001 = ORIENTED_EDGE ( 'NONE', *, *, #3562, .T. ) ;
#3002 = CARTESIAN_POINT ( 'NONE',  ( 2.882579019330971715, -35.70312500170699366, -2.882579019330991699 ) ) ;
#3003 = CARTESIAN_POINT ( 'NONE',  ( -2.404163056034259061, -52.03125000341398732, 2.404163056034238188 ) ) ;
#3004 = CARTESIAN_POINT ( 'NONE',  ( -3.399999999999995470, -52.26562500341398732, -1.408326112068541747 ) ) ;
#3005 = CARTESIAN_POINT ( 'NONE',  ( -3.399999999999995470, -36.95312500000000711, -1.408326112068541747 ) ) ;
#3006 = DIRECTION ( 'NONE',  ( 0.000000000000000000, 0.000000000000000000, -1.000000000000000000 ) ) ;
#3007 = CARTESIAN_POINT ( 'NONE',  ( 3.399999999999995026, -42.57812500000000000, 1.408326112068503777 ) ) ;
#3008 = CARTESIAN_POINT ( 'NONE',  ( 1.408326112068544633, -50.07812500341397310, -3.399999999999992806 ) ) ;
#3009 = CARTESIAN_POINT ( 'NONE',  ( 0.000000000000000000, -65.00000000000000000, -1.995304164474380342E-14 ) ) ;
#3010 = CARTESIAN_POINT ( 'NONE',  ( -7.488560278101070689E-16, -43.51562500170700076, 4.076582343749976189 ) ) ;
#3011 = CARTESIAN_POINT ( 'NONE',  ( 1.688575694911947922, -43.59375000170698655, 4.076582343749975301 ) ) ;
#3012 =( BOUNDED_CURVE ( )  B_SPLINE_CURVE ( 2, ( #5832, #751, #5243, #2845, #5211, #1808, #1738, #2748, #4757 ),
 .UNSPECIFIED., .F., .F. ) 
 B_SPLINE_CURVE_WITH_KNOTS ( ( 3, 2, 2, 2, 3 ),
 ( 0.4687499999999998890, 0.4739583333333332038, 0.4791666666666666297, 0.4843749999999999445, 0.4895833333333332593 ),
 .UNSPECIFIED. ) 
 CURVE ( )  GEOMETRIC_REPRESENTATION_ITEM ( )  RATIONAL_B_SPLINE_CURVE ( ( 1.000000000000001554, 0.9238795325112850731, 1.000000000000000000, 0.9238795325112867385, 1.000000000000000000, 0.9238795325112867385, 1.000000000000000000, 0.9238795325112875156, 0.9999999999999992228 ) ) 
 REPRESENTATION_ITEM ( '' )  );
#3013 = CARTESIAN_POINT ( 'NONE',  ( -3.399999999999995914, -41.87500000000000000, -2.036942155645390229E-14 ) ) ;
#3014 = CARTESIAN_POINT ( 'NONE',  ( -1.408326112068534863, -57.89062500000000711, 3.399999999999963940 ) ) ;
#3015 = AXIS2_PLACEMENT_3D ( 'NONE', #1320, #3320, #3006 ) ;
#3016 = CARTESIAN_POINT ( 'NONE',  ( 2.496186759367024056E-16, -59.29687500170699366, -4.076582343750016157 ) ) ;
#3017 = CARTESIAN_POINT ( 'NONE',  ( -4.076582343749995729, -35.07812500170700076, -2.045227899661720714E-14 ) ) ;
#3018 = CARTESIAN_POINT ( 'NONE',  ( -2.882579019330972159, -41.17187500170699366, 2.882579019330950842 ) ) ;
#3019 = CARTESIAN_POINT ( 'NONE',  ( -6.245698675651493936E-16, -39.06250000000000000, 3.399999999999975930 ) ) ;
#3020 = CARTESIAN_POINT ( 'NONE',  ( -4.076582343749996618, -52.65625000170699366, 1.688575694911926828 ) ) ;
#3021 = EDGE_LOOP ( 'NONE', ( #369, #4973, #4050, #6306 ) ) ;
#3022 = CARTESIAN_POINT ( 'NONE',  ( -4.076582343749995729, -62.65625000170699366, -1.688575694911967684 ) ) ;
#3023 = EDGE_CURVE ( 'NONE', #33, #5146, #3354, .T. ) ;
#3024 = CARTESIAN_POINT ( 'NONE',  ( 2.404163056034258616, -36.40625000341398732, -2.404163056034278600 ) ) ;
#3025 = CARTESIAN_POINT ( 'NONE',  ( -2.404163056034258172, -38.59375000341398732, -2.404163056034278600 ) ) ;
#3026 = CARTESIAN_POINT ( 'NONE',  ( -6.245698675651493936E-16, -54.06250000000000000, 3.399999999999975930 ) ) ;
#3027 = CARTESIAN_POINT ( 'NONE',  ( -7.488560278101070689E-16, -56.01562500170699366, 4.076582343749976189 ) ) ;
#3028 = FACE_OUTER_BOUND ( 'NONE', #2329, .T. ) ;
#3029 = CARTESIAN_POINT ( 'NONE',  ( -2.882579019330970826, -37.89062500170699366, -2.882579019330991699 ) ) ;
#3030 = CARTESIAN_POINT ( 'NONE',  ( 1.688575694911947922, -42.34375000170699366, 4.076582343749975301 ) ) ;
#3031 = CARTESIAN_POINT ( 'NONE',  ( 1.408326112068521985, -49.76562500000000000, -3.400000000000015898 ) ) ;
#3032 = ORIENTED_EDGE ( 'NONE', *, *, #3117, .F. ) ;
#3033 = VERTEX_POINT ( 'NONE', #3647 ) ;
#3034 = CARTESIAN_POINT ( 'NONE',  ( 1.408326112068521985, -51.32812500341398732, -3.400000000000015898 ) ) ;
#3035 = CARTESIAN_POINT ( 'NONE',  ( -2.404163056034258172, -52.34375000341398732, -2.404163056034278600 ) ) ;
#3036 = CARTESIAN_POINT ( 'NONE',  ( 1.688575694911947256, -61.87500000170700076, -4.076582343750016157 ) ) ;
#3037 = CARTESIAN_POINT ( 'NONE',  ( 3.788546217745313527, -64.76354621774528653, -0.2440750679699654480 ) ) ;
#3038 = CARTESIAN_POINT ( 'NONE',  ( -1.408326112068521319, -40.85937500000000711, -3.400000000000015898 ) ) ;
#3039 = CARTESIAN_POINT ( 'NONE',  ( 4.076582343749995729, -55.85937500170699366, -1.995304164474380342E-14 ) ) ;
#3040 = CARTESIAN_POINT ( 'NONE',  ( 2.496186759367024056E-16, -64.29687500170699366, -4.076582343750016157 ) ) ;
#3041 = CARTESIAN_POINT ( 'NONE',  ( -1.688575694911946590, -39.06250000170699366, -4.076582343750016157 ) ) ;
#3042 = CARTESIAN_POINT ( 'NONE',  ( -1.688575694911949698, -45.00000000170699366, 4.076582343749975301 ) ) ;
#3043 = CARTESIAN_POINT ( 'NONE',  ( 2.404163056034257728, -42.65625000000000711, 2.404163056034239077 ) ) ;
#3044 = CARTESIAN_POINT ( 'NONE',  ( -3.399999999999996803, -48.04687500000001421, 1.408326112068501335 ) ) ;
#3045 = CARTESIAN_POINT ( 'NONE',  ( -7.488560278101070689E-16, -51.01562500170700076, 4.076582343749976189 ) ) ;
#3046 = CARTESIAN_POINT ( 'NONE',  ( -7.488560278101070689E-16, -57.42187500170699366, 4.076582343749976189 ) ) ;
#3047 = CARTESIAN_POINT ( 'NONE',  ( 2.882579019330970382, -34.60937500170699366, 2.882579019330952175 ) ) ;
#3048 = CARTESIAN_POINT ( 'NONE',  ( -7.488560278101070689E-16, -38.51562500170699366, 4.076582343749976189 ) ) ;
#3049 = CARTESIAN_POINT ( 'NONE',  ( 0.000000000000000000, -65.00000000000000000, -1.995304164474380342E-14 ) ) ;
#3050 = CARTESIAN_POINT ( 'NONE',  ( 4.076582343749994841, -50.93750000170699366, 1.688575694911929936 ) ) ;
#3051 = EDGE_LOOP ( 'NONE', ( #5238, #2760, #1897, #220 ) ) ;
#3052 = CARTESIAN_POINT ( 'NONE',  ( -1.688575694911950142, -59.84375000170699366, 4.076582343749975301 ) ) ;
#3053 = FACE_OUTER_BOUND ( 'NONE', #3323, .T. ) ;
#3054 = CARTESIAN_POINT ( 'NONE',  ( -2.404163056034258172, -36.09375000341398732, -2.404163056034278600 ) ) ;
#3055 = CARTESIAN_POINT ( 'NONE',  ( 1.408326112068521985, -53.51562500000000711, -3.400000000000015898 ) ) ;
#3056 = CARTESIAN_POINT ( 'NONE',  ( -4.076582343749995729, -51.32812500170700076, -2.045227899661720714E-14 ) ) ;
#3057 = CARTESIAN_POINT ( 'NONE',  ( 4.076582343749994841, -54.53125000170699366, 1.688575694911929936 ) ) ;
#3058 = DIRECTION ( 'NONE',  ( -0.000000000000000000, 1.000000000000000000, 2.935685882422288853E-16 ) ) ;
#3059 = CARTESIAN_POINT ( 'NONE',  ( -2.882579019330970826, -47.89062500170698655, -2.882579019330991699 ) ) ;
#3060 = CARTESIAN_POINT ( 'NONE',  ( -1.688575694911949698, -40.00000000170698655, 4.076582343749975301 ) ) ;
#3061 = CARTESIAN_POINT ( 'NONE',  ( -1.408326112068504221, -58.67187500341398021, -3.400000000000032774 ) ) ;
#3062 = ORIENTED_EDGE ( 'NONE', *, *, #3159, .T. ) ;
#3063 = ORIENTED_EDGE ( 'NONE', *, *, #4036, .T. ) ;
#3064 = CARTESIAN_POINT ( 'NONE',  ( 2.404163056034257728, -46.71875000341398021, 2.404163056034239077 ) ) ;
#3065 = CARTESIAN_POINT ( 'NONE',  ( 3.399999999999995026, -50.39062500341398732, 1.408326112068503777 ) ) ;
#3066 = CARTESIAN_POINT ( 'NONE',  ( 4.076582343749995729, -63.28125000170699366, -1.688575694911966796 ) ) ;
#3067 = CARTESIAN_POINT ( 'NONE',  ( 3.399999999999995026, -56.64062500341399442, 1.408326112068504221 ) ) ;
#3068 = CARTESIAN_POINT ( 'NONE',  ( -1.408326112068521319, -39.60937500000001421, -3.400000000000015898 ) ) ;
#3070 = FACE_OUTER_BOUND ( 'NONE', #151, .T. ) ;
#3069 = AXIS2_PLACEMENT_3D ( 'NONE', #5259, #5126, #3716 ) ;
#3071 = CARTESIAN_POINT ( 'NONE',  ( -4.076582343749995729, -55.31250000170699366, -1.688575694911967240 ) ) ;
#3072 = CARTESIAN_POINT ( 'NONE',  ( 2.404163056034258616, -52.65625000341398732, -2.404163056034278600 ) ) ;
#3073 = CARTESIAN_POINT ( 'NONE',  ( -4.076582343749996618, -35.00000000170700787, 1.688575694911926828 ) ) ;
#3074 = CARTESIAN_POINT ( 'NONE',  ( 2.882579019330970382, -41.01562500170699366, 2.882579019330952175 ) ) ;
#3075 = CARTESIAN_POINT ( 'NONE',  ( -6.245698675651493936E-16, -54.06250000000000000, 3.399999999999975930 ) ) ;
#3076 = CARTESIAN_POINT ( 'NONE',  ( -1.408326112068521319, -42.10937500000001421, -3.400000000000015898 ) ) ;
#3077 = CARTESIAN_POINT ( 'NONE',  ( 2.081899558550498061E-16, -58.43750000000000000, -3.400000000000015898 ) ) ;
#3078 = CARTESIAN_POINT ( 'NONE',  ( -2.882579019330970826, -53.98437500170699366, -2.882579019330991699 ) ) ;
#3079 = CARTESIAN_POINT ( 'NONE',  ( 4.076582343749994841, -55.93750000170699366, 1.688575694911929936 ) ) ;
#3080 = ADVANCED_FACE ( 'NONE', ( #669 ), #4866, .F. ) ;
#3081 = CARTESIAN_POINT ( 'NONE',  ( 2.081899558550498061E-16, -51.25000000341398021, -3.400000000000015898 ) ) ;
#3082 = CARTESIAN_POINT ( 'NONE',  ( 4.076582343749994841, -38.28125000170700076, 1.688575694911929936 ) ) ;
#3083 = CARTESIAN_POINT ( 'NONE',  ( -7.488560278101070689E-16, -52.42187500170698655, 4.076582343749976189 ) ) ;
#3084 = VERTEX_POINT ( 'NONE', #1290 ) ;
#3085 = CARTESIAN_POINT ( 'NONE',  ( -2.882579019330970826, -62.73437500170699366, -2.882579019330991699 ) ) ;
#3086 = CARTESIAN_POINT ( 'NONE',  ( -6.245698675651493936E-16, -36.87500000341398021, 3.399999999999975930 ) ) ;
#3087 = CARTESIAN_POINT ( 'NONE',  ( 2.081899558550498061E-16, -54.68750000000000000, -3.400000000000015898 ) ) ;
#3088 = CARTESIAN_POINT ( 'NONE',  ( -7.488560278101070689E-16, -44.76562500170700076, 4.076582343749976189 ) ) ;
#3089 = CARTESIAN_POINT ( 'NONE',  ( -1.688575694911949698, -49.84375000170699366, 4.076582343749975301 ) ) ;
#3090 = DIRECTION ( 'NONE',  ( -0.000000000000000000, -1.000000000000000000, -0.000000000000000000 ) ) ;
#3091 = CARTESIAN_POINT ( 'NONE',  ( 2.882579019330971715, -38.20312500170699366, -2.882579019330991699 ) ) ;
#3092 = CARTESIAN_POINT ( 'NONE',  ( -2.882579019330972159, -48.82812500170699366, 2.882579019330950842 ) ) ;
#3093 = CARTESIAN_POINT ( 'NONE',  ( -7.488560278101070689E-16, -42.42187500170699366, 4.076582343749976189 ) ) ;
#3094 = ORIENTED_EDGE ( 'NONE', *, *, #282, .T. ) ;
#3095 = VERTEX_POINT ( 'NONE', #4140 ) ;
#3096 = CARTESIAN_POINT ( 'NONE',  ( 1.408326112068522651, -49.29687500341398021, 3.399999999999975486 ) ) ;
#3097 = CARTESIAN_POINT ( 'NONE',  ( 1.408326112068522651, -51.79687500341398021, 3.399999999999975486 ) ) ;
#3098 = CARTESIAN_POINT ( 'NONE',  ( 1.688575694911947922, -63.59375000170699366, 4.076582343749975301 ) ) ;
#3099 = CARTESIAN_POINT ( 'NONE',  ( 3.738291171874995822, -64.80468750085350393, -1.995304164474380342E-14 ) ) ;
#3101 = CARTESIAN_POINT ( 'NONE',  ( 2.404163056034258616, -37.34375000000000000, -2.404163056034278600 ) ) ;
#3100 = VECTOR ( 'NONE', #4543, 1000.000000000000000 ) ;
#3102 = CARTESIAN_POINT ( 'NONE',  ( -4.076582343749995729, -35.31250000170699366, -1.688575694911967684 ) ) ;
#3103 = CARTESIAN_POINT ( 'NONE',  ( 1.688575694911947256, -55.62500000170699366, -4.076582343750016157 ) ) ;
#3104 = PRODUCT ( '\X2\740394f0\X0\-\X2\6746\X0\65', '\X2\740394f0\X0\-\X2\6746\X0\65', '', ( #3788 ) ) ;
#3105 = VECTOR ( 'NONE', #1741, 1000.000000000000000 ) ;
#3106 = DIRECTION ( 'NONE',  ( -0.000000000000000000, -1.000000000000000000, -0.000000000000000000 ) ) ;
#3107 = CARTESIAN_POINT ( 'NONE',  ( 1.688575694911947922, -34.68750000170698655, 4.076582343749975301 ) ) ;
#3108 = CARTESIAN_POINT ( 'NONE',  ( -7.488560278101070689E-16, -39.92187500170699366, 4.076582343749976189 ) ) ;
#3109 = CARTESIAN_POINT ( 'NONE',  ( -6.245698675651493936E-16, -52.81250000000000000, 3.399999999999975930 ) ) ;
#3110 = CARTESIAN_POINT ( 'NONE',  ( -6.245698675651493936E-16, -40.31250000000000000, 3.399999999999975930 ) ) ;
#3111 = CARTESIAN_POINT ( 'NONE',  ( 4.163799117100996122E-16, -65.00000000000000000, 3.399999999999975930 ) ) ;
#3112 = CARTESIAN_POINT ( 'NONE',  ( 2.882579019330970382, -52.10937500170699366, 2.882579019330952175 ) ) ;
#3113 = CARTESIAN_POINT ( 'NONE',  ( -1.688575694911946590, -55.46875000170699366, -4.076582343750016157 ) ) ;
#3114 = FACE_OUTER_BOUND ( 'NONE', #1734, .T. ) ;
#3115 = DIRECTION ( 'NONE',  ( -0.000000000000000000, -1.000000000000000000, -0.000000000000000000 ) ) ;
#3116 = CARTESIAN_POINT ( 'NONE',  ( 0.000000000000000000, -65.00000000000000000, -3.400000000000015898 ) ) ;
#3117 = EDGE_CURVE ( 'NONE', #1001, #1460, #5031, .T. ) ;
#3118 = CARTESIAN_POINT ( 'NONE',  ( 3.399999999999995914, -55.23437500341398732, -1.408326112068541525 ) ) ;
#3119 = CARTESIAN_POINT ( 'NONE',  ( -2.882579019330972159, -61.17187500170699366, 2.882579019330950842 ) ) ;
#3120 = CARTESIAN_POINT ( 'NONE',  ( 1.688575694911947256, -39.37500000170698655, -4.076582343750016157 ) ) ;
#3121 = CARTESIAN_POINT ( 'NONE',  ( -2.404163056034259061, -49.21875000000000711, 2.404163056034238188 ) ) ;
#3122 = CARTESIAN_POINT ( 'NONE',  ( 2.404163056034258616, -35.15625000341398732, -2.404163056034278600 ) ) ;
#3123 = CARTESIAN_POINT ( 'NONE',  ( -1.408326112068521319, -54.60937500000000711, -3.400000000000015898 ) ) ;
#3124 = CARTESIAN_POINT ( 'NONE',  ( 4.076582343749994841, -44.53125000170699366, 1.688575694911929936 ) ) ;
#3125 = CARTESIAN_POINT ( 'NONE',  ( 1.688575694911947256, -51.71875000170699366, -4.076582343750016157 ) ) ;
#3126 = CARTESIAN_POINT ( 'NONE',  ( -6.245698675651493936E-16, -44.06250000000000711, 3.399999999999975930 ) ) ;
#3127 = CARTESIAN_POINT ( 'NONE',  ( 4.076582343749995729, -38.28125000170698655, -1.688575694911967018 ) ) ;
#3128 = CARTESIAN_POINT ( 'NONE',  ( 4.076582343749995729, -49.60937500170699366, -1.995304164474380342E-14 ) ) ;
#3129 = CARTESIAN_POINT ( 'NONE',  ( 1.688575694911947922, -41.09375000170698655, 4.076582343749975301 ) ) ;
#3130 = CARTESIAN_POINT ( 'NONE',  ( -2.404163056034259061, -60.46875000000000000, 2.404163056034238188 ) ) ;
#3131 = ORIENTED_EDGE ( 'NONE', *, *, #1329, .F. ) ;
#3132 = ORIENTED_EDGE ( 'NONE', *, *, #4917, .T. ) ;
#3133 = CARTESIAN_POINT ( 'NONE',  ( -2.404163056034258172, -44.84375000341398732, -2.404163056034278600 ) ) ;
#3134 = CARTESIAN_POINT ( 'NONE',  ( -3.399999999999995914, -54.68750000341398732, -2.036942155645390229E-14 ) ) ;
#3135 = CARTESIAN_POINT ( 'NONE',  ( -4.076582343749995729, -62.73437500170699366, -2.045227899661720714E-14 ) ) ;
#3136 = CARTESIAN_POINT ( 'NONE',  ( -6.245698675651493936E-16, -57.81250000000000000, 3.399999999999975930 ) ) ;
#3137 = CARTESIAN_POINT ( 'NONE',  ( -6.245698675651493936E-16, -40.31250000000000000, 3.399999999999975930 ) ) ;
#3138 = CARTESIAN_POINT ( 'NONE',  ( 4.076582343749995729, -55.78125000170698655, -1.688575694911966796 ) ) ;
#3139 = CARTESIAN_POINT ( 'NONE',  ( 3.399999999999995026, -52.89062500341398732, 1.408326112068504221 ) ) ;
#3140 = CARTESIAN_POINT ( 'NONE',  ( -3.399999999999996358, -60.85937500341399442, 1.408326112068500890 ) ) ;
#3141 = CARTESIAN_POINT ( 'NONE',  ( -2.882579019330972159, -36.17187500170699366, 2.882579019330950842 ) ) ;
#3142 = CARTESIAN_POINT ( 'NONE',  ( -2.404163056034259061, -63.28125000341398732, 2.404163056034238188 ) ) ;
#3143 = CARTESIAN_POINT ( 'NONE',  ( -2.404163056034258172, -54.53125000000000000, -2.404163056034278600 ) ) ;
#3144 = DIRECTION ( 'NONE',  ( -0.000000000000000000, -1.000000000000000000, -0.000000000000000000 ) ) ;
#3145 = CARTESIAN_POINT ( 'NONE',  ( -1.688575694911949698, -49.84375000170699366, 4.076582343749975301 ) ) ;
#3146 = CARTESIAN_POINT ( 'NONE',  ( -1.688575694911949698, -53.75000000170698655, 4.076582343749975301 ) ) ;
#3147 = CARTESIAN_POINT ( 'NONE',  ( -6.245698675651493936E-16, -39.06250000000000000, 3.399999999999975930 ) ) ;
#3148 = CARTESIAN_POINT ( 'NONE',  ( -2.404163056034258172, -63.28125000000000000, -2.404163056034278600 ) ) ;
#3149 = CARTESIAN_POINT ( 'NONE',  ( -1.408326112068498670, -59.92187500341398732, -3.400000000000039435 ) ) ;
#3150 = CARTESIAN_POINT ( 'NONE',  ( 2.404163056034258616, -46.40625000341398732, -2.404163056034278600 ) ) ;
#3151 = CARTESIAN_POINT ( 'NONE',  ( 1.688575694911947922, -59.68750000170699366, 4.076582343749975301 ) ) ;
#3152 = CARTESIAN_POINT ( 'NONE',  ( 1.688575694911947256, -62.96875000170700076, -4.076582343750016157 ) ) ;
#3153 = CYLINDRICAL_SURFACE ( 'NONE', #3767, 3.399999999999995914 ) ;
#3154 = CARTESIAN_POINT ( 'NONE',  ( 1.408326112068522651, -63.98437500000000000, 3.399999999999975486 ) ) ;
#3155 = CARTESIAN_POINT ( 'NONE',  ( 2.404163056034257728, -53.90625000000000000, 2.404163056034239077 ) ) ;
#3156 = CARTESIAN_POINT ( 'NONE',  ( -1.688575694911946590, -49.06250000170700076, -4.076582343750016157 ) ) ;
#3157 = CARTESIAN_POINT ( 'NONE',  ( -4.076582343749995729, -51.40625000170699366, -1.688575694911967240 ) ) ;
#3158 = CARTESIAN_POINT ( 'NONE',  ( 0.000000000000000000, -35.00000000000000000, -1.995304164474380342E-14 ) ) ;
#3159 = EDGE_CURVE ( 'NONE', #351, #4118, #5288, .T. ) ;
#3160 = CARTESIAN_POINT ( 'NONE',  ( -4.076582343749995729, -37.81250000170699366, -1.688575694911967684 ) ) ;
#3161 = CARTESIAN_POINT ( 'NONE',  ( 2.496186759367024056E-16, -49.29687500170699366, -4.076582343750016157 ) ) ;
#3162 = CARTESIAN_POINT ( 'NONE',  ( -7.488560278101070689E-16, -36.17187500170698655, 4.076582343749976189 ) ) ;
#3163 = CARTESIAN_POINT ( 'NONE',  ( -3.399999999999996803, -54.60937500341398732, 1.408326112068501335 ) ) ;
#3164 = ORIENTED_EDGE ( 'NONE', *, *, #328, .F. ) ;
#3165 = ORIENTED_EDGE ( 'NONE', *, *, #202, .F. ) ;
#3166 = CARTESIAN_POINT ( 'NONE',  ( -6.245698675651493936E-16, -53.12500000341398021, 3.399999999999975930 ) ) ;
#3167 = CARTESIAN_POINT ( 'NONE',  ( 2.404163056034257728, -47.96875000341398021, 2.404163056034239077 ) ) ;
#3168 = CARTESIAN_POINT ( 'NONE',  ( -1.408326112068523317, -49.45312500341398021, 3.399999999999975042 ) ) ;
#3169 = CARTESIAN_POINT ( 'NONE',  ( -4.076582343749995729, -59.06250000170699366, -1.688575694911967240 ) ) ;
#3170 = CARTESIAN_POINT ( 'NONE',  ( -3.399999999999996803, -43.35937500341398021, 1.408326112068501335 ) ) ;
#3171 = CARTESIAN_POINT ( 'NONE',  ( -6.245698675651493936E-16, -36.56250000000000000, 3.399999999999975930 ) ) ;
#3172 = CARTESIAN_POINT ( 'NONE',  ( -1.688575694911946590, -54.21875000170698655, -4.076582343750016157 ) ) ;
#3173 = CARTESIAN_POINT ( 'NONE',  ( -1.408326112068523317, -55.70312500341398732, 3.399999999999975042 ) ) ;
#3174 = CARTESIAN_POINT ( 'NONE',  ( 2.081899558550498061E-16, -60.00000000341398732, -3.400000000000015898 ) ) ;
#3175 = CARTESIAN_POINT ( 'NONE',  ( 3.399999999999995470, -62.73437500341398021, -1.408326112068541525 ) ) ;
#3176 = CARTESIAN_POINT ( 'NONE',  ( -4.076582343749995729, -36.40625000170699366, -1.688575694911967240 ) ) ;
#3177 = CARTESIAN_POINT ( 'NONE',  ( 3.399999999999995026, -55.07812500000000711, 1.408326112068503777 ) ) ;
#3178 = CARTESIAN_POINT ( 'NONE',  ( -1.238049829315975456E-11, -64.57311706131696383, -3.598117061316978837 ) ) ;
#3179 = EDGE_CURVE ( 'NONE', #2568, #1995, #6335, .T. ) ;
#3180 = AXIS2_PLACEMENT_3D ( 'NONE', #2537, #3580, #5570 ) ;
#3181 = CARTESIAN_POINT ( 'NONE',  ( 2.882579019330971715, -50.54687500170699366, -2.882579019330991699 ) ) ;
#3182 = CARTESIAN_POINT ( 'NONE',  ( 1.688575694911947922, -53.59375000170700076, 4.076582343749975301 ) ) ;
#3183 = CARTESIAN_POINT ( 'NONE',  ( 0.000000000000000000, -65.00000000000000000, -1.995304164474380342E-14 ) ) ;
#3184 = CARTESIAN_POINT ( 'NONE',  ( -3.399999999999996803, -50.85937500341398732, 1.408326112068501335 ) ) ;
#3185 = CARTESIAN_POINT ( 'NONE',  ( -2.404163056034258172, -57.34375000341398021, -2.404163056034278600 ) ) ;
#3186 = CARTESIAN_POINT ( 'NONE',  ( -2.882579019330972159, -62.42187500170700076, 2.882579019330950842 ) ) ;
#3187 = CARTESIAN_POINT ( 'NONE',  ( -1.408326112068503111, -60.70312500341398732, 3.399999999999995026 ) ) ;
#3188 = CARTESIAN_POINT ( 'NONE',  ( -2.404163056034259061, -64.21875000000000000, 2.404163056034238188 ) ) ;
#3189 = CARTESIAN_POINT ( 'NONE',  ( 3.399999999999995914, -48.75000000000000000, -1.995304164474380342E-14 ) ) ;
#3190 = CARTESIAN_POINT ( 'NONE',  ( 1.688575694911947922, -45.93750000170700076, 4.076582343749975301 ) ) ;
#3191 = CARTESIAN_POINT ( 'NONE',  ( 1.688575694911947256, -50.46875000170698655, -4.076582343750016157 ) ) ;
#3192 = CARTESIAN_POINT ( 'NONE',  ( 4.076582343749995729, -34.60937500170699366, -1.995304164474380342E-14 ) ) ;
#3193 = CARTESIAN_POINT ( 'NONE',  ( -2.882579019330972159, -36.32812500170699366, 2.882579019330950842 ) ) ;
#3194 = CARTESIAN_POINT ( 'NONE',  ( 4.076582343749994841, -47.18750000170698655, 1.688575694911929936 ) ) ;
#3195 = CARTESIAN_POINT ( 'NONE',  ( -4.076582343749995729, -37.73437500170699366, -2.045227899661720714E-14 ) ) ;
#3196 = CARTESIAN_POINT ( 'NONE',  ( 1.408326112068499336, -37.57812500341398021, -3.400000000000039435 ) ) ;
#3197 = ORIENTED_EDGE ( 'NONE', *, *, #5968, .T. ) ;
#3198 = ORIENTED_EDGE ( 'NONE', *, *, #6287, .F. ) ;
#3199 = DIRECTION ( 'NONE',  ( -0.000000000000000000, -1.000000000000000000, -0.000000000000000000 ) ) ;
#3200 = CARTESIAN_POINT ( 'NONE',  ( 2.404163056034258616, -48.90625000341398732, -2.404163056034278600 ) ) ;
#3201 = CARTESIAN_POINT ( 'NONE',  ( -3.399999999999996358, -47.10937500341398732, 1.408326112068500890 ) ) ;
#3202 = CARTESIAN_POINT ( 'NONE',  ( 3.399999999999995914, -61.25000000000000000, -1.995304164474380342E-14 ) ) ;
#3203 = CARTESIAN_POINT ( 'NONE',  ( -1.408326112068546188, -43.20312500341398732, 3.399999999999951950 ) ) ;
#3204 = CARTESIAN_POINT ( 'NONE',  ( -6.245698675651493936E-16, -42.81250000000000000, 3.399999999999975930 ) ) ;
#3205 = CARTESIAN_POINT ( 'NONE',  ( -1.688575694911950142, -35.00000000170700076, 4.076582343749975301 ) ) ;
#3206 = CARTESIAN_POINT ( 'NONE',  ( -7.488560278101070689E-16, -52.42187500170698655, 4.076582343749976189 ) ) ;
#3207 = ADVANCED_FACE ( 'NONE', ( #6267 ), #4373, .F. ) ;
#3208 = CARTESIAN_POINT ( 'NONE',  ( 2.496186759367024056E-16, -60.54687500170699366, -4.076582343750016157 ) ) ;
#3209 = AXIS2_PLACEMENT_3D ( 'NONE', #3158, #2257, #1728 ) ;
#3210 = CARTESIAN_POINT ( 'NONE',  ( -3.399999999999996358, -60.85937500341399442, 1.408326112068500890 ) ) ;
#3211 = CARTESIAN_POINT ( 'NONE',  ( 1.688575694911947922, -57.18750000170700076, 4.076582343749975301 ) ) ;
#3212 = CARTESIAN_POINT ( 'NONE',  ( 3.399999999999995914, -64.06250000341398732, -1.995304164474380342E-14 ) ) ;
#3213 = ADVANCED_FACE ( 'NONE', ( #3816 ), #5781, .F. ) ;
#3214 = CARTESIAN_POINT ( 'NONE',  ( 3.399999999999995470, -48.67187500000000711, -1.408326112068541525 ) ) ;
#3215 = CARTESIAN_POINT ( 'NONE',  ( -7.488560278101070689E-16, -36.17187500170698655, 4.076582343749976189 ) ) ;
#3216 = CARTESIAN_POINT ( 'NONE',  ( -3.399999999999995914, -61.95312500000000711, -1.408326112068541747 ) ) ;
#3217 =( BOUNDED_CURVE ( )  B_SPLINE_CURVE ( 2, ( #4919, #4489, #5399, #3898, #6477, #912, #1994, #1966, #2997 ),
 .UNSPECIFIED., .F., .F. ) 
 B_SPLINE_CURVE_WITH_KNOTS ( ( 3, 2, 2, 2, 3 ),
 ( 0.3437500000000000555, 0.3489583333333333703, 0.3541666666666667407, 0.3593750000000000555, 0.3645833333333333703 ),
 .UNSPECIFIED. ) 
 CURVE ( )  GEOMETRIC_REPRESENTATION_ITEM ( )  RATIONAL_B_SPLINE_CURVE ( ( 0.9999999999999992228, 0.9238795325112875156, 1.000000000000000000, 0.9238795325112867385, 1.000000000000000000, 0.9238795325112867385, 1.000000000000000000, 0.9238795325112859613, 1.000000000000000888 ) ) 
 REPRESENTATION_ITEM ( '' )  );
#3218 = AXIS2_PLACEMENT_3D ( 'NONE', #2718, #2335, #2269 ) ;
#3219 = ORIENTED_EDGE ( 'NONE', *, *, #5144, .F. ) ;
#3220 = CARTESIAN_POINT ( 'NONE',  ( -1.688575694911946590, -47.81250000170698655, -4.076582343750016157 ) ) ;
#3221 = CARTESIAN_POINT ( 'NONE',  ( 1.688575694911947256, -51.87500000170700076, -4.076582343750016157 ) ) ;
#3222 = CARTESIAN_POINT ( 'NONE',  ( -6.245698675651493936E-16, -54.06250000000000000, 3.399999999999975930 ) ) ;
#3223 = CARTESIAN_POINT ( 'NONE',  ( -6.245698675651493936E-16, -48.12500000341398732, 3.399999999999975930 ) ) ;
#3224 = CARTESIAN_POINT ( 'NONE',  ( 2.081899558550498061E-16, -54.68750000000000000, -3.400000000000015898 ) ) ;
#3225 = CARTESIAN_POINT ( 'NONE',  ( -2.882579019330972159, -63.67187500170700076, 2.882579019330950842 ) ) ;
#3226 = CARTESIAN_POINT ( 'NONE',  ( -2.404163056034259061, -45.46875000000000000, 2.404163056034238188 ) ) ;
#3227 = CARTESIAN_POINT ( 'NONE',  ( 3.399999999999995470, -63.67187500000000000, -1.408326112068541525 ) ) ;
#3228 = CARTESIAN_POINT ( 'NONE',  ( 3.399999999999995914, -47.50000000000000000, -1.995304164474380342E-14 ) ) ;
#3229 = CARTESIAN_POINT ( 'NONE',  ( 2.882579019330971715, -44.29687500170699366, -2.882579019330991699 ) ) ;
#3230 = CARTESIAN_POINT ( 'NONE',  ( 4.076582343749995729, -50.62500000170699366, -1.688575694911966796 ) ) ;
#3231 =( BOUNDED_CURVE ( )  B_SPLINE_CURVE ( 2, ( #6090, #5562, #1672, #1598, #3040, #3670, #1173, #5530, #5050, #2135, #5595, #5118, #625, #4623, #4696, #193, #791, #329, #4237, #5775, #2238, #6228, #4860, #1779, #3706, #2787, #5314, #4335, #298, #262, #4797, #4762, #1814, #1348, #1743, #2307, #5282, #4202, #3348, #4728, #2271, #2339, #723, #4270, #4831, #1707, #6298, #360, #3740, #5740, #2824, #3842, #3208, #855, #5345, #5702, #2851, #6261, #6328, #3776, #1246, #4306, #3245, #3810, #5248, #6193, #1284, #1208, #5808, #824, #1846, #1316, #3280, #3316, #5838, #5217, #2720, #757, #229, #2753, #2372, #3873, #6362, #4367, #1875, #5869, #1895, #2989, #2013, #4, #4007, #2959, #1926, #1957, #5917, #6003, #5510, #991, #445, #3394, #4508, #6408, #5391, #3888, #1515, #2868, #3949, #4422, #903, #3517, #5975, #3978, #6468, #1425, #2509, #3423, #5885, #2423, #5000, #2931, #4880, #3919, #6380, #381, #5478, #964, #4972, #4910, #1396, #476, #2450, #4390, #5423, #4450, #3487, #2479, #1487, #4481, #2900, #932, #414, #1458, #1986, #5947, #2390, #4941, #6439, #3454, #5451, #507, #6035, #1023, #32, #3020, #4035, #1085, #3083, #5094, #602, #2601, #4599, #2538, #3547, #101, #2111, #5030, #4565, #2075, #1546, #4536, #539, #2039, #5061, #5540, #1050, #3050, #568, #2567, #64, #4070, #6069, #1579, #3581, #5571, #1128, #6180, #3591, #5582, #578, #1060, #1195, #40, #3128, #1094, #4576, #3692, #3161, #1160, #3657, #5105, #1693, #1657, #3092, #4648, #613, #3556, #5170, #2613, #5551, #5688, #2675, #147, #2158, #2084, #3059, #4153, #6110, #1555, #6078, #1619, #679, #4682, #2575, #3194, #180, #4611, #2192, #5141, #6148, #646, #2707, #5202, #75, #111, #4115, #2120, #3626, #2051, #4080, #4047, #5620, #5655, #2644, #6045, #4190, #710, #5070, #6214, #6248, #349, #2357, #872, #4817, #3797, #1765, #2741, #1833, #4257, #1730, #1335, #6348, #4355, #3726, #1365, #5856, #5723, #3363, #2773, #2840, #4783, #4751, #1863, #1304, #251, #2807, #2259, #5362, #2293, #4224, #3303, #5827, #5301, #5268, #283, #4292, #6283, #1801, #316, #3862, #4715, #2327, #1232, #843, #216, #3233, #4849, #2225, #5236, #744, #4323, #3762, #5761, #1271, #811, #3265, #779, #5794, #6317, #3830, #3335, #5334, #39, #4681, #3525, #4610, #5069, #1554, #2674, #146, #2157, #645, #74, #5518, #5140, #2083, #3625, #4079, #2546, #4152, #6077, #2050, #179, #6147, #5619, #1127, #5550, #4046, #3127, #3091, #5039, #1587, #2191, #3029, #3160, #6044, #4189, #6179, #3590, #1059, #2119, #2643, #4114, #5581, #5104, #612, #2612, #6109, #3691, #5687, #1692, #1194, #5201, #3193, #4208, #3215, #629, #4628, #6129, #662, #2168, #4165, #656, #2132, #2062, #1070, #3102, #5181, #6055, #4659, #3205, #87, #6191, #1566, #3568, #2654 ),
 .UNSPECIFIED., .F., .T. ) 
 B_SPLINE_CURVE_WITH_KNOTS ( ( 3, 2, 2, 2, 2, 2, 2, 2, 2, 2, 2, 2, 2, 2, 2, 2, 2, 2, 2, 2, 2, 2, 2, 2, 2, 2, 2, 2, 2, 2, 2, 2, 2, 2, 2, 2, 2, 2, 2, 2, 2, 2, 2, 2, 2, 2, 2, 2, 2, 2, 2, 2, 2, 2, 2, 2, 2, 2, 2, 2, 2, 2, 2, 2, 2, 2, 2, 2, 2, 2, 2, 2, 2, 2, 2, 2, 2, 2, 2, 2, 2, 2, 2, 2, 2, 2, 2, 2, 2, 2, 2, 2, 2, 2, 2, 2, 2, 2, 2, 2, 2, 2, 2, 2, 2, 2, 2, 2, 2, 2, 2, 2, 2, 2, 2, 2, 2, 2, 2, 2, 2, 2, 2, 2, 2, 2, 2, 2, 2, 2, 2, 2, 2, 2, 2, 2, 2, 2, 2, 2, 2, 2, 2, 2, 2, 2, 2, 2, 2, 2, 2, 2, 2, 2, 2, 2, 2, 2, 2, 2, 2, 2, 2, 2, 2, 2, 2, 2, 2, 2, 2, 2, 2, 2, 2, 2, 2, 2, 2, 2, 2, 2, 2, 2, 2, 2, 2, 2, 2, 2, 2, 2, 3 ),
 ( 0.000000000000000000, 0.005208333333333333044, 0.01041666666666666609, 0.01562500000000000000, 0.02083333333333333218, 0.02604166666666666782, 0.03125000000000000000, 0.03645833333333333565, 0.04166666666666666435, 0.04687500000000000000, 0.05208333333333333565, 0.05729166666666666435, 0.06250000000000000000, 0.06770833333333332871, 0.07291666666666667129, 0.07812500000000000000, 0.08333333333333332871, 0.08854166666666667129, 0.09375000000000000000, 0.09895833333333332871, 0.1041666666666666713, 0.1093750000000000000, 0.1145833333333333287, 0.1197916666666666713, 0.1250000000000000000, 0.1302083333333333426, 0.1354166666666666574, 0.1406250000000000000, 0.1458333333333333426, 0.1510416666666666574, 0.1562500000000000000, 0.1614583333333333426, 0.1666666666666666574, 0.1718750000000000000, 0.1770833333333333426, 0.1822916666666666574, 0.1875000000000000000, 0.1927083333333333426, 0.1979166666666666574, 0.2031250000000000000, 0.2083333333333333426, 0.2135416666666666574, 0.2187500000000000000, 0.2239583333333333426, 0.2291666666666666574, 0.2343750000000000000, 0.2395833333333333426, 0.2447916666666666574, 0.2500000000000000000, 0.2552083333333333148, 0.2604166666666666852, 0.2656250000000000000, 0.2708333333333333148, 0.2760416666666666852, 0.2812500000000000000, 0.2864583333333333148, 0.2916666666666666852, 0.2968750000000000000, 0.3020833333333333148, 0.3072916666666666852, 0.3125000000000000000, 0.3177083333333333148, 0.3229166666666666852, 0.3281250000000000000, 0.3333333333333333148, 0.3385416666666666852, 0.3437500000000000000, 0.3489583333333333148, 0.3541666666666666852, 0.3593750000000000000, 0.3645833333333333148, 0.3697916666666666852, 0.3750000000000000000, 0.3802083333333333148, 0.3854166666666666852, 0.3906250000000000000, 0.3958333333333333148, 0.4010416666666666852, 0.4062500000000000000, 0.4114583333333333148, 0.4166666666666666852, 0.4218750000000000000, 0.4270833333333333148, 0.4322916666666666852, 0.4375000000000000000, 0.4427083333333333148, 0.4479166666666666852, 0.4531250000000000000, 0.4583333333333333148, 0.4635416666666666852, 0.4687500000000000000, 0.4739583333333333148, 0.4791666666666666852, 0.4843750000000000000, 0.4895833333333333148, 0.4947916666666666852, 0.5000000000000000000, 0.5052083333333333703, 0.5104166666666666297, 0.5156250000000000000, 0.5208333333333333703, 0.5260416666666666297, 0.5312500000000000000, 0.5364583333333333703, 0.5416666666666666297, 0.5468750000000000000, 0.5520833333333333703, 0.5572916666666666297, 0.5625000000000000000, 0.5677083333333333703, 0.5729166666666666297, 0.5781250000000000000, 0.5833333333333333703, 0.5885416666666666297, 0.5937500000000000000, 0.5989583333333333703, 0.6041666666666666297, 0.6093750000000000000, 0.6145833333333333703, 0.6197916666666666297, 0.6250000000000000000, 0.6302083333333333703, 0.6354166666666666297, 0.6406250000000000000, 0.6458333333333333703, 0.6510416666666666297, 0.6562500000000000000, 0.6614583333333333703, 0.6666666666666666297, 0.6718750000000000000, 0.6770833333333333703, 0.6822916666666666297, 0.6875000000000000000, 0.6927083333333333703, 0.6979166666666666297, 0.7031250000000000000, 0.7083333333333333703, 0.7135416666666666297, 0.7187500000000000000, 0.7239583333333333703, 0.7291666666666666297, 0.7343750000000000000, 0.7395833333333333703, 0.7447916666666666297, 0.7500000000000000000, 0.7552083333333333703, 0.7604166666666666297, 0.7656250000000000000, 0.7708333333333333703, 0.7760416666666666297, 0.7812500000000000000, 0.7864583333333333703, 0.7916666666666666297, 0.7968750000000000000, 0.8020833333333333703, 0.8072916666666666297, 0.8125000000000000000, 0.8177083333333333703, 0.8229166666666666297, 0.8281250000000000000, 0.8333333333333333703, 0.8385416666666666297, 0.8437500000000000000, 0.8489583333333333703, 0.8541666666666666297, 0.8593750000000000000, 0.8645833333333333703, 0.8697916666666666297, 0.8750000000000000000, 0.8802083333333333703, 0.8854166666666666297, 0.8906250000000000000, 0.8958333333333333703, 0.9010416666666666297, 0.9062500000000000000, 0.9114583333333333703, 0.9166666666666666297, 0.9218750000000000000, 0.9270833333333333703, 0.9322916666666666297, 0.9375000000000000000, 0.9427083333333333703, 0.9479166666666666297, 0.9531250000000000000, 0.9583333333333333703, 0.9635416666666666297, 0.9687500000000000000, 0.9739583333333333703, 0.9791666666666666297, 0.9843750000000000000, 0.9895833333333333703, 0.9947916666666666297, 1.000000000000000000 ),
 .UNSPECIFIED. ) 
 CURVE ( )  GEOMETRIC_REPRESENTATION_ITEM ( )  RATIONAL_B_SPLINE_CURVE ( ( 1.000000000000000000, 0.9238795325112867385, 1.000000000000000000, 0.9238795325112867385, 1.000000000000000000, 0.9238795325112867385, 1.000000000000000000, 0.9238795325112867385, 1.000000000000000000, 0.9238795325112867385, 1.000000000000000000, 0.9238795325112867385, 1.000000000000000000, 0.9238795325112867385, 1.000000000000000000, 0.9238795325112867385, 1.000000000000000000, 0.9238795325112867385, 1.000000000000000000, 0.9238795325112867385, 1.000000000000000000, 0.9238795325112867385, 1.000000000000000000, 0.9238795325112867385, 1.000000000000000000, 0.9238795325112867385, 1.000000000000000000, 0.9238795325112867385, 1.000000000000000000, 0.9238795325112867385, 1.000000000000000000, 0.9238795325112867385, 1.000000000000000000, 0.9238795325112867385, 1.000000000000000000, 0.9238795325112867385, 1.000000000000000000, 0.9238795325112867385, 1.000000000000000000, 0.9238795325112867385, 1.000000000000000000, 0.9238795325112867385, 1.000000000000000000, 0.9238795325112867385, 1.000000000000000000, 0.9238795325112867385, 1.000000000000000000, 0.9238795325112867385, 1.000000000000000000, 0.9238795325112867385, 1.000000000000000000, 0.9238795325112867385, 1.000000000000000000, 0.9238795325112867385, 1.000000000000000000, 0.9238795325112867385, 1.000000000000000000, 0.9238795325112867385, 1.000000000000000000, 0.9238795325112867385, 1.000000000000000000, 0.9238795325112867385, 1.000000000000000000, 0.9238795325112867385, 1.000000000000000000, 0.9238795325112867385, 1.000000000000000000, 0.9238795325112867385, 1.000000000000000000, 0.9238795325112867385, 1.000000000000000000, 0.9238795325112867385, 1.000000000000000000, 0.9238795325112867385, 1.000000000000000000, 0.9238795325112867385, 1.000000000000000000, 0.9238795325112867385, 1.000000000000000000, 0.9238795325112867385, 1.000000000000000000, 0.9238795325112867385, 1.000000000000000000, 0.9238795325112867385, 1.000000000000000000, 0.9238795325112867385, 1.000000000000000000, 0.9238795325112867385, 1.000000000000000000, 0.9238795325112867385, 1.000000000000000000, 0.9238795325112867385, 1.000000000000000000, 0.9238795325112867385, 1.000000000000000000, 0.9238795325112867385, 1.000000000000000000, 0.9238795325112867385, 1.000000000000000000, 0.9238795325112867385, 1.000000000000000000, 0.9238795325112867385, 1.000000000000000000, 0.9238795325112867385, 1.000000000000000000, 0.9238795325112867385, 1.000000000000000000, 0.9238795325112867385, 1.000000000000000000, 0.9238795325112867385, 1.000000000000000000, 0.9238795325112867385, 1.000000000000000000, 0.9238795325112867385, 1.000000000000000000, 0.9238795325112867385, 1.000000000000000000, 0.9238795325112867385, 1.000000000000000000, 0.9238795325112867385, 1.000000000000000000, 0.9238795325112867385, 1.000000000000000000, 0.9238795325112867385, 1.000000000000000000, 0.9238795325112867385, 1.000000000000000000, 0.9238795325112867385, 1.000000000000000000, 0.9238795325112867385, 1.000000000000000000, 0.9238795325112867385, 1.000000000000000000, 0.9238795325112867385, 1.000000000000000000, 0.9238795325112867385, 1.000000000000000000, 0.9238795325112867385, 1.000000000000000000, 0.9238795325112867385, 1.000000000000000000, 0.9238795325112867385, 1.000000000000000000, 0.9238795325112867385, 1.000000000000000000, 0.9238795325112867385, 1.000000000000000000, 0.9238795325112867385, 1.000000000000000000, 0.9238795325112867385, 1.000000000000000000, 0.9238795325112867385, 1.000000000000000000, 0.9238795325112867385, 1.000000000000000000, 0.9238795325112867385, 1.000000000000000000, 0.9238795325112867385, 1.000000000000000000, 0.9238795325112867385, 1.000000000000000000, 0.9238795325112867385, 1.000000000000000000, 0.9238795325112867385, 1.000000000000000000, 0.9238795325112867385, 1.000000000000000000, 0.9238795325112867385, 1.000000000000000000, 0.9238795325112867385, 1.000000000000000000, 0.9238795325112867385, 1.000000000000000000, 0.9238795325112867385, 1.000000000000000000, 0.9238795325112867385, 1.000000000000000000, 0.9238795325112867385, 1.000000000000000000, 0.9238795325112867385, 1.000000000000000000, 0.9238795325112867385, 1.000000000000000000, 0.9238795325112867385, 1.000000000000000000, 0.9238795325112867385, 1.000000000000000000, 0.9238795325112867385, 1.000000000000000000, 0.9238795325112867385, 1.000000000000000000, 0.9238795325112867385, 1.000000000000000000, 0.9238795325112867385, 1.000000000000000000, 0.9238795325112867385, 1.000000000000000000, 0.9238795325112867385, 1.000000000000000000, 0.9238795325112867385, 1.000000000000000000, 0.9238795325112867385, 1.000000000000000000, 0.9238795325112867385, 1.000000000000000000, 0.9238795325112867385, 1.000000000000000000, 0.9238795325112867385, 1.000000000000000000, 0.9238795325112867385, 1.000000000000000000, 0.9238795325112867385, 1.000000000000000000, 0.9238795325112867385, 1.000000000000000000, 0.9238795325112867385, 1.000000000000000000, 0.9238795325112867385, 1.000000000000000000, 0.9238795325112867385, 1.000000000000000000, 0.9238795325112867385, 1.000000000000000000, 0.9238795325112867385, 1.000000000000000000, 0.9238795325112867385, 1.000000000000000000, 0.9238795325112867385, 1.000000000000000000, 0.9238795325112867385, 1.000000000000000000, 0.9238795325112867385, 1.000000000000000000, 0.9238795325112867385, 1.000000000000000000, 0.9238795325112867385, 1.000000000000000000, 0.9238795325112867385, 1.000000000000000000, 0.9238795325112867385, 1.000000000000000000, 0.9238795325112867385, 1.000000000000000000, 0.9238795325112867385, 1.000000000000000000, 0.9238795325112867385, 1.000000000000000000, 0.9238795325112867385, 1.000000000000000000, 0.9238795325112867385, 1.000000000000000000, 0.9238795325112867385, 1.000000000000000000, 0.9238795325112867385, 1.000000000000000000, 0.9238795325112867385, 1.000000000000000000, 0.9238795325112867385, 1.000000000000000000, 0.9238795325112867385, 1.000000000000000000, 0.9238795325112867385, 1.000000000000000000, 0.9238795325112867385, 1.000000000000000000, 0.9238795325112867385, 1.000000000000000000, 0.9238795325112867385, 1.000000000000000000, 0.9238795325112867385, 1.000000000000000000, 0.9238795325112867385, 1.000000000000000000, 0.9238795325112867385, 1.000000000000000000, 0.9238795325112867385, 1.000000000000000000, 0.9238795325112867385, 1.000000000000000000, 0.9238795325112867385, 1.000000000000000000, 0.9238795325112867385, 1.000000000000000000, 0.9238795325112867385, 1.000000000000000000, 0.9238795325112867385, 1.000000000000000000, 0.9238795325112867385, 1.000000000000000000, 0.9238795325112867385, 1.000000000000000000, 0.9238795325112867385, 1.000000000000000000, 0.9238795325112867385, 1.000000000000000000, 0.9238795325112867385, 1.000000000000000000, 0.9238795325112867385, 1.000000000000000000, 0.9238795325112867385, 1.000000000000000000, 0.9238795325112867385, 1.000000000000000000, 0.9238795325112867385, 1.000000000000000000, 0.9238795325112867385, 1.000000000000000000, 0.9238795325112867385, 1.000000000000000000, 0.9238795325112867385, 1.000000000000000000, 0.9238795325112867385, 1.000000000000000000, 0.9238795325112867385, 1.000000000000000000, 0.9238795325112867385, 1.000000000000000000, 0.9238795325112867385, 1.000000000000000000, 0.9238795325112867385, 1.000000000000000000, 0.9238795325112867385, 1.000000000000000000, 0.9238795325112867385, 1.000000000000000000, 0.9238795325112867385, 1.000000000000000000, 0.9238795325112867385, 1.000000000000000000, 0.9238795325112867385, 1.000000000000000000, 0.9238795325112867385, 1.000000000000000000, 0.9238795325112867385, 1.000000000000000000, 0.9238795325112867385, 1.000000000000000000, 0.9238795325112867385, 1.000000000000000000, 0.9238795325112867385, 1.000000000000000000, 0.9238795325112867385, 1.000000000000000000, 0.9238795325112867385, 1.000000000000000000, 0.9238795325112867385, 1.000000000000000000, 0.9238795325112867385, 1.000000000000000000, 0.9238795325112867385, 1.000000000000000000, 0.9238795325112867385, 1.000000000000000000, 0.9238795325112867385, 1.000000000000000000, 0.9238795325112867385, 1.000000000000000000, 0.9238795325112867385, 1.000000000000000000, 0.9238795325112867385, 1.000000000000000000, 0.9238795325112867385, 1.000000000000000000, 0.9238795325112867385, 1.000000000000000000, 0.9238795325112867385, 1.000000000000000000, 0.9238795325112867385, 1.000000000000000000, 0.9238795325112867385, 1.000000000000000000, 0.9238795325112867385, 1.000000000000000000, 0.9238795325112867385, 1.000000000000000000, 0.9238795325112867385, 1.000000000000000000, 0.9238795325112867385, 1.000000000000000000, 0.9238795325112867385, 1.000000000000000000, 0.9238795325112867385, 1.000000000000000000, 0.9238795325112867385, 1.000000000000000000 ) ) 
 REPRESENTATION_ITEM ( '' )  );
#3232 = CARTESIAN_POINT ( 'NONE',  ( 3.399999999999995914, -57.73437500341398021, -1.408326112068541525 ) ) ;
#3233 = CARTESIAN_POINT ( 'NONE',  ( -2.882579019330970826, -41.64062500170699366, -2.882579019330991699 ) ) ;
#3234 = CARTESIAN_POINT ( 'NONE',  ( 4.076582343749995729, -35.85937500170699366, -1.995304164474380342E-14 ) ) ;
#3235 = CARTESIAN_POINT ( 'NONE',  ( 3.399999999999995914, -51.17187500000000711, -1.408326112068541525 ) ) ;
#3236 = ORIENTED_EDGE ( 'NONE', *, *, #5645, .T. ) ;
#3237 = VERTEX_POINT ( 'NONE', #2312 ) ;
#3238 = CARTESIAN_POINT ( 'NONE',  ( -6.245698675651493936E-16, -64.06250000000001421, 3.399999999999975930 ) ) ;
#3239 = CARTESIAN_POINT ( 'NONE',  ( 3.399999999999995026, -41.64062500341398021, 1.408326112068503777 ) ) ;
#3240 = CARTESIAN_POINT ( 'NONE',  ( -2.404163056034258172, -49.84375000341398021, -2.404163056034278600 ) ) ;
#3241 = CARTESIAN_POINT ( 'NONE',  ( 2.496186759367024056E-16, -64.14062500170700787, -4.076582343750016157 ) ) ;
#3242 = CARTESIAN_POINT ( 'NONE',  ( 3.738291171874995822, -34.25781250256049049, -1.995304164474380342E-14 ) ) ;
#3243 = CARTESIAN_POINT ( 'NONE',  ( -6.245698675651493936E-16, -36.56250000000000000, 3.399999999999975930 ) ) ;
#3244 = CARTESIAN_POINT ( 'NONE',  ( 4.076582343749995729, -49.53125000170698655, -1.688575694911966796 ) ) ;
#3245 = CARTESIAN_POINT ( 'NONE',  ( 2.882579019330970382, -59.76562500170699366, 2.882579019330952175 ) ) ;
#3246 = CARTESIAN_POINT ( 'NONE',  ( -2.404163056034258172, -57.34375000341398021, -2.404163056034278600 ) ) ;
#3247 = CARTESIAN_POINT ( 'NONE',  ( 2.404163056034258616, -63.90625000341398732, -2.404163056034278600 ) ) ;
#3248 = CARTESIAN_POINT ( 'NONE',  ( -4.076582343749995729, -58.82812500170700076, -2.045227899661720714E-14 ) ) ;
#3249 = CARTESIAN_POINT ( 'NONE',  ( 1.408326112068521985, -62.57812500341399442, -3.400000000000015898 ) ) ;
#3250 = CARTESIAN_POINT ( 'NONE',  ( -1.408326112068523317, -49.14062500000000000, 3.399999999999975042 ) ) ;
#3251 = CARTESIAN_POINT ( 'NONE',  ( 2.404163056034258616, -53.90625000341398732, -2.404163056034278600 ) ) ;
#3252 = VERTEX_POINT ( 'NONE', #634 ) ;
#3253 = LOCAL_TIME ( 18, 39, 47.00000000000000000, #5786 ) ;
#3254 = CARTESIAN_POINT ( 'NONE',  ( -2.882579019330972159, -47.42187500170700076, 2.882579019330950842 ) ) ;
#3255 = CARTESIAN_POINT ( 'NONE',  ( 2.882579019330971715, -53.20312500170699366, -2.882579019330991699 ) ) ;
#3256 = DIRECTION ( 'NONE',  ( 0.000000000000000000, 0.000000000000000000, -1.000000000000000000 ) ) ;
#3257 = CARTESIAN_POINT ( 'NONE',  ( 3.399999999999995914, -37.50000000000000711, -1.995304164474380342E-14 ) ) ;
#3258 = CARTESIAN_POINT ( 'NONE',  ( 1.688575694911947922, -60.93750000170700076, 4.076582343749975301 ) ) ;
#3259 = CARTESIAN_POINT ( 'NONE',  ( -1.408326112068498670, -45.85937500000000000, -3.400000000000039435 ) ) ;
#3260 = CARTESIAN_POINT ( 'NONE',  ( -1.408326112068523317, -64.14062500000000000, 3.399999999999975042 ) ) ;
#3261 = CARTESIAN_POINT ( 'NONE',  ( -2.404163056034258172, -47.03125000000000000, -2.404163056034278600 ) ) ;
#3262 = CARTESIAN_POINT ( 'NONE',  ( -4.076582343749996618, -41.25000000170699366, 1.688575694911926828 ) ) ;
#3263 = CARTESIAN_POINT ( 'NONE',  ( -7.488560278101070689E-16, -46.01562500170700076, 4.076582343749976189 ) ) ;
#3264 = CARTESIAN_POINT ( 'NONE',  ( -6.245698675651493936E-16, -62.81250000000000711, 3.399999999999975930 ) ) ;
#3265 = CARTESIAN_POINT ( 'NONE',  ( 4.076582343749995729, -40.85937500170699366, -1.995304164474380342E-14 ) ) ;
#3266 = DIRECTION ( 'NONE',  ( 0.000000000000000000, 0.000000000000000000, -1.000000000000000000 ) ) ;
#3267 = CARTESIAN_POINT ( 'NONE',  ( 2.081899558550498061E-16, -50.93750000000000711, -3.400000000000015898 ) ) ;
#3268 = EDGE_CURVE ( 'NONE', #5555, #3252, #5701, .T. ) ;
#3269 = ORIENTED_EDGE ( 'NONE', *, *, #4086, .T. ) ;
#3270 = CYLINDRICAL_SURFACE ( 'NONE', #4990, 3.399999999999995914 ) ;
#3271 =( BOUNDED_CURVE ( )  B_SPLINE_CURVE ( 2, ( #189, #2201, #2622, #5664, #752, #3170, #621, #3203, #1137 ),
 .UNSPECIFIED., .F., .T. ) 
 B_SPLINE_CURVE_WITH_KNOTS ( ( 3, 2, 2, 2, 3 ),
 ( 0.6770833333333331483, 0.6822916666666664076, 0.6874999999999997780, 0.6927083333333332593, 0.6979166666666665186 ),
 .UNSPECIFIED. ) 
 CURVE ( )  GEOMETRIC_REPRESENTATION_ITEM ( )  RATIONAL_B_SPLINE_CURVE ( ( 1.000000000000003331, 0.9238795325112835188, 1.000000000000000000, 0.9238795325112867385, 1.000000000000000000, 0.9238795325112867385, 1.000000000000000000, 0.9238795325112884038, 0.9999999999999983347 ) ) 
 REPRESENTATION_ITEM ( '' )  );
#3272 = CARTESIAN_POINT ( 'NONE',  ( -6.245698675651493936E-16, -40.62500000341398732, 3.399999999999975930 ) ) ;
#3273 = CARTESIAN_POINT ( 'NONE',  ( 2.404163056034257728, -45.46875000341398732, 2.404163056034239077 ) ) ;
#3274 = CARTESIAN_POINT ( 'NONE',  ( 1.408326112068521985, -63.51562500000000711, -3.400000000000015898 ) ) ;
#3275 = CARTESIAN_POINT ( 'NONE',  ( -4.076582343749995729, -60.07812500170699366, -2.045227899661720714E-14 ) ) ;
#3276 = CARTESIAN_POINT ( 'NONE',  ( 3.399999999999995026, -56.32812500000000000, 1.408326112068504221 ) ) ;
#3277 = DIRECTION ( 'NONE',  ( 0.000000000000000000, 0.000000000000000000, -1.000000000000000000 ) ) ;
#3278 = CARTESIAN_POINT ( 'NONE',  ( -1.688575694911949698, -51.25000000170698655, 4.076582343749975301 ) ) ;
#3279 = ORIENTED_EDGE ( 'NONE', *, *, #3972, .T. ) ;
#3280 = CARTESIAN_POINT ( 'NONE',  ( -4.076582343749995729, -58.98437500170699366, -2.045227899661720714E-14 ) ) ;
#3281 = CARTESIAN_POINT ( 'NONE',  ( -6.245698675651493936E-16, -58.12500000341398732, 3.399999999999975930 ) ) ;
#3282 = CARTESIAN_POINT ( 'NONE',  ( 2.882579019330970382, -34.60937500170699366, 2.882579019330952175 ) ) ;
#3283 = CARTESIAN_POINT ( 'NONE',  ( -2.882579019330972159, -56.17187500170699366, 2.882579019330950842 ) ) ;
#3284 = CARTESIAN_POINT ( 'NONE',  ( -4.076582343749996618, -35.00000000170700787, 1.688575694911926828 ) ) ;
#3285 = CARTESIAN_POINT ( 'NONE',  ( 1.408326112068521985, -47.26562500000000711, -3.400000000000015898 ) ) ;
#3286 = EDGE_CURVE ( 'NONE', #2014, #150, #2948, .T. ) ;
#3287 = CARTESIAN_POINT ( 'NONE',  ( -6.245698675651493936E-16, -61.87500000341398732, 3.399999999999975930 ) ) ;
#3288 = ORIENTED_EDGE ( 'NONE', *, *, #158, .T. ) ;
#3289 = ADVANCED_FACE ( 'NONE', ( #5377 ), #2771, .T. ) ;
#3290 = CARTESIAN_POINT ( 'NONE',  ( -4.076582343749995729, -48.82812500170699366, -2.045227899661720714E-14 ) ) ;
#3291 = CARTESIAN_POINT ( 'NONE',  ( -4.076582343749995729, -46.48437500170699366, -2.045227899661720714E-14 ) ) ;
#3292 = APPROVAL_STATUS ( 'not_yet_approved' ) ;
#3293 = CARTESIAN_POINT ( 'NONE',  ( 2.081899558550498061E-16, -53.43750000000000000, -3.400000000000015898 ) ) ;
#3294 = CARTESIAN_POINT ( 'NONE',  ( 1.408326112068521985, -46.32812500341398732, -3.400000000000015898 ) ) ;
#3295 = VECTOR ( 'NONE', #57, 1000.000000000000000 ) ;
#3296 = ADVANCED_FACE ( 'NONE', ( #5284 ), #2722, .F. ) ;
#3297 = CARTESIAN_POINT ( 'NONE',  ( 2.081899558550498061E-16, -47.18750000000000000, -3.400000000000015898 ) ) ;
#3298 = CARTESIAN_POINT ( 'NONE',  ( -1.688575694911946590, -60.31250000170700076, -4.076582343750016157 ) ) ;
#3299 = CARTESIAN_POINT ( 'NONE',  ( -6.245698675651493936E-16, -60.31250000000000711, 3.399999999999975930 ) ) ;
#3300 = CARTESIAN_POINT ( 'NONE',  ( -2.882579019330972159, -43.67187500170699366, 2.882579019330950842 ) ) ;
#3301 = CARTESIAN_POINT ( 'NONE',  ( -4.076582343749996618, -48.75000000170699366, 1.688575694911926828 ) ) ;
#3302 = CARTESIAN_POINT ( 'NONE',  ( 1.408326112068507552, -62.26562500000000000, -3.400000000000029665 ) ) ;
#3303 = CARTESIAN_POINT ( 'NONE',  ( -4.076582343749995729, -42.81250000170699366, -1.688575694911967684 ) ) ;
#3304 = CARTESIAN_POINT ( 'NONE',  ( -1.688575694911949698, -37.50000000170698655, 4.076582343749975301 ) ) ;
#3305 = CARTESIAN_POINT ( 'NONE',  ( 3.399999999999995914, -52.50000000000000711, -1.995304164474380342E-14 ) ) ;
#3306 = ORIENTED_EDGE ( 'NONE', *, *, #4645, .F. ) ;
#3307 = CARTESIAN_POINT ( 'NONE',  ( -1.408326112068509994, -57.10937500000000711, -3.400000000000027445 ) ) ;
#3308 = CARTESIAN_POINT ( 'NONE',  ( 2.404163056034257728, -40.46875000341398732, 2.404163056034239077 ) ) ;
#3309 = CARTESIAN_POINT ( 'NONE',  ( -3.399999999999995470, -47.26562500341398732, -1.408326112068541747 ) ) ;
#3310 = CARTESIAN_POINT ( 'NONE',  ( -3.399999999999996358, -64.29687500000000000, 1.408326112068500890 ) ) ;
#3311 = CARTESIAN_POINT ( 'NONE',  ( 2.496186759367024056E-16, -60.39062500170700076, -4.076582343750016157 ) ) ;
#3312 = CARTESIAN_POINT ( 'NONE',  ( 4.163799117100996122E-16, -65.00000000000000000, 3.399999999999975930 ) ) ;
#3313 = CARTESIAN_POINT ( 'NONE',  ( 2.404163056034258616, -59.84375000000000000, -2.404163056034278600 ) ) ;
#3314 = CARTESIAN_POINT ( 'NONE',  ( 4.076582343749995729, -49.60937500170699366, -1.995304164474380342E-14 ) ) ;
#3315 = EDGE_LOOP ( 'NONE', ( #1527, #2940, #5511, #4371 ) ) ;
#3316 = CARTESIAN_POINT ( 'NONE',  ( -4.076582343749996618, -58.90625000170698655, 1.688575694911926828 ) ) ;
#3317 = CARTESIAN_POINT ( 'NONE',  ( -3.399999999999995914, -57.18750000341398732, -2.036942155645390229E-14 ) ) ;
#3318 = CARTESIAN_POINT ( 'NONE',  ( 1.408326112068521985, -60.07812500341398732, -3.400000000000015898 ) ) ;
#3319 = CARTESIAN_POINT ( 'NONE',  ( 4.076582343749995729, -58.12500000170699366, -1.688575694911967018 ) ) ;
#3320 = DIRECTION ( 'NONE',  ( -0.000000000000000000, -1.000000000000000000, -0.000000000000000000 ) ) ;
#3321 = CARTESIAN_POINT ( 'NONE',  ( 2.404163056034257728, -46.40625000000000000, 2.404163056034239077 ) ) ;
#3322 = CARTESIAN_POINT ( 'NONE',  ( 3.399999999999995914, -50.23437500341398732, -1.408326112068541525 ) ) ;
#3323 = EDGE_LOOP ( 'NONE', ( #237, #3695, #1733, #3131 ) ) ;
#3324 = CARTESIAN_POINT ( 'NONE',  ( -1.688575694911946590, -45.31250000170698655, -4.076582343750016157 ) ) ;
#3325 = CARTESIAN_POINT ( 'NONE',  ( 1.688575694911947256, -49.37500000170700076, -4.076582343750016157 ) ) ;
#3326 = CARTESIAN_POINT ( 'NONE',  ( -6.245698675651493936E-16, -40.31250000000000000, 3.399999999999975930 ) ) ;
#3327 = CARTESIAN_POINT ( 'NONE',  ( -2.404163056034258172, -46.09375000341398021, -2.404163056034278600 ) ) ;
#3328 = VECTOR ( 'NONE', #3333, 1000.000000000000000 ) ;
#3329 = CARTESIAN_POINT ( 'NONE',  ( 4.076582343749995729, -55.70312500170699366, -1.995304164474380342E-14 ) ) ;
#3330 = CARTESIAN_POINT ( 'NONE',  ( 1.408326112068521985, -58.51562500000000000, -3.400000000000015898 ) ) ;
#3331 = CARTESIAN_POINT ( 'NONE',  ( -1.688575694911946590, -40.31250000170699366, -4.076582343750016157 ) ) ;
#3332 = CARTESIAN_POINT ( 'NONE',  ( -4.076582343749995729, -48.90625000170698655, -1.688575694911967240 ) ) ;
#3333 = DIRECTION ( 'NONE',  ( 0.000000000000000000, -0.5150380749100558209, -0.8571673007021113344 ) ) ;
#3334 = ADVANCED_FACE ( 'NONE', ( #5810 ), #765, .T. ) ;
#3335 = CARTESIAN_POINT ( 'NONE',  ( -1.688575694911946590, -40.46875000170699366, -4.076582343750016157 ) ) ;
#3336 = CARTESIAN_POINT ( 'NONE',  ( -2.404163056034258172, -40.78125000000000711, -2.404163056034278600 ) ) ;
#3337 = VERTEX_POINT ( 'NONE', #1205 ) ;
#3338 = CARTESIAN_POINT ( 'NONE',  ( -3.399999999999995470, -39.76562500341399442, -1.408326112068541747 ) ) ;
#3339 = CARTESIAN_POINT ( 'NONE',  ( 2.081899558550498061E-16, -40.00000000341398732, -3.400000000000015898 ) ) ;
#3340 = CARTESIAN_POINT ( 'NONE',  ( -3.399999999999996358, -61.79687500000000000, 1.408326112068500890 ) ) ;
#3341 = CARTESIAN_POINT ( 'NONE',  ( -2.882579019330972159, -62.42187500170700076, 2.882579019330950842 ) ) ;
#3342 = DIRECTION ( 'NONE',  ( 0.000000000000000000, 0.000000000000000000, -1.000000000000000000 ) ) ;
#3343 = CARTESIAN_POINT ( 'NONE',  ( 1.408326112068499336, -38.51562500000000000, -3.400000000000039435 ) ) ;
#3344 = CARTESIAN_POINT ( 'NONE',  ( 4.076582343749995729, -52.10937500170699366, -1.995304164474380342E-14 ) ) ;
#3345 = ORIENTED_EDGE ( 'NONE', *, *, #3900, .T. ) ;
#3346 = CC_DESIGN_PERSON_AND_ORGANIZATION_ASSIGNMENT ( #5382, #3851, ( #2627 ) ) ;
#3347 = VECTOR ( 'NONE', #5730, 1000.000000000000000 ) ;
#3348 = CARTESIAN_POINT ( 'NONE',  ( -2.882579019330970826, -61.64062500170699366, -2.882579019330991699 ) ) ;
#3349 = CARTESIAN_POINT ( 'NONE',  ( -3.399999999999995470, -57.26562500341398732, -1.408326112068541747 ) ) ;
#3350 = CARTESIAN_POINT ( 'NONE',  ( 2.404163056034258616, -58.90625000341398732, -2.404163056034278600 ) ) ;
#3351 = CARTESIAN_POINT ( 'NONE',  ( 1.688575694911947256, -55.46875000170699366, -4.076582343750016157 ) ) ;
#3352 = CARTESIAN_POINT ( 'NONE',  ( 3.399999999999995914, -41.48437500341399442, -1.408326112068541525 ) ) ;
#3353 = CARTESIAN_POINT ( 'NONE',  ( 1.408326112068522651, -48.98437500000000000, 3.399999999999975486 ) ) ;
#3354 = LINE ( 'NONE', #336, #3741 ) ;
#3355 = ORIENTED_EDGE ( 'NONE', *, *, #5130, .T. ) ;
#3356 = CARTESIAN_POINT ( 'NONE',  ( 2.882579019330971715, -46.79687500170700076, -2.882579019330991699 ) ) ;
#3357 = CARTESIAN_POINT ( 'NONE',  ( -1.688575694911949698, -50.00000000170698655, 4.076582343749975301 ) ) ;
#3358 = FACE_OUTER_BOUND ( 'NONE', #5460, .T. ) ;
#3359 = CARTESIAN_POINT ( 'NONE',  ( -2.882579019330970826, -56.48437500170700076, -2.882579019330991699 ) ) ;
#3360 = CARTESIAN_POINT ( 'NONE',  ( 1.408326112068522651, -58.98437500000001421, 3.399999999999975486 ) ) ;
#3361 = CARTESIAN_POINT ( 'NONE',  ( 1.688575694911947922, -42.18750000170700076, 4.076582343749975301 ) ) ;
#3362 = CARTESIAN_POINT ( 'NONE',  ( 2.882579019330971715, -45.54687500170699366, -2.882579019330991699 ) ) ;
#3363 = CARTESIAN_POINT ( 'NONE',  ( -2.882579019330972159, -43.82812500170699366, 2.882579019330950842 ) ) ;
#3364 = FACE_OUTER_BOUND ( 'NONE', #1273, .T. ) ;
#3365 = EDGE_LOOP ( 'NONE', ( #3765, #6382, #943, #5452 ) ) ;
#3366 = EDGE_CURVE ( 'NONE', #6285, #6396, #2202, .T. ) ;
#3367 = CARTESIAN_POINT ( 'NONE',  ( -3.399999999999996358, -39.60937500341398732, 1.408326112068500890 ) ) ;
#3368 = CARTESIAN_POINT ( 'NONE',  ( -1.408326112068523317, -43.20312500341398732, 3.399999999999975042 ) ) ;
#3369 = CARTESIAN_POINT ( 'NONE',  ( 3.399999999999995026, -56.32812500000000000, 1.408326112068503777 ) ) ;
#3370 = CARTESIAN_POINT ( 'NONE',  ( 2.882579019330971715, -63.04687500170700076, -2.882579019330991699 ) ) ;
#3371 = CARTESIAN_POINT ( 'NONE',  ( -2.404163056034258172, -50.78125000000000000, -2.404163056034278600 ) ) ;
#3372 = FACE_OUTER_BOUND ( 'NONE', #6440, .T. ) ;
#3373 = CARTESIAN_POINT ( 'NONE',  ( -2.882579019330970826, -45.39062500170699366, -2.882579019330991699 ) ) ;
#3374 = DIRECTION ( 'NONE',  ( -0.000000000000000000, -1.000000000000000000, -0.000000000000000000 ) ) ;
#3375 = VERTEX_POINT ( 'NONE', #2750 ) ;
#3376 = CARTESIAN_POINT ( 'NONE',  ( 3.399999999999995026, -56.64062500341399442, 1.408326112068503777 ) ) ;
#3377 = CARTESIAN_POINT ( 'NONE',  ( -2.404163056034259061, -59.53125000341398732, 2.404163056034238188 ) ) ;
#3378 = CARTESIAN_POINT ( 'NONE',  ( -4.076582343749995729, -52.57812500170700076, -2.045227899661720714E-14 ) ) ;
#3379 = EDGE_LOOP ( 'NONE', ( #1338, #1164, #1426, #1354 ) ) ;
#3380 = CARTESIAN_POINT ( 'NONE',  ( -3.399999999999995470, -45.70312499999999289, -1.408326112068541747 ) ) ;
#3381 = CARTESIAN_POINT ( 'NONE',  ( 4.076582343749994841, -63.43750000170699366, 1.688575694911929936 ) ) ;
#3382 = VERTEX_POINT ( 'NONE', #4200 ) ;
#3383 = CARTESIAN_POINT ( 'NONE',  ( -1.688575694911949698, -39.84375000170699366, 4.076582343749975301 ) ) ;
#3384 = CARTESIAN_POINT ( 'NONE',  ( -2.882579019330970826, -47.89062500170698655, -2.882579019330991699 ) ) ;
#3385 = PERSON_AND_ORGANIZATION ( #5315, #4416 ) ;
#3386 = CARTESIAN_POINT ( 'NONE',  ( 1.408326112068522651, -46.48437500000000000, 3.399999999999975486 ) ) ;
#3387 = CARTESIAN_POINT ( 'NONE',  ( 1.408326112068545299, -51.79687500341397310, 3.399999999999952394 ) ) ;
#3388 = CARTESIAN_POINT ( 'NONE',  ( -1.408326112068544189, -36.17187500341397310, -3.399999999999992806 ) ) ;
#3389 = CARTESIAN_POINT ( 'NONE',  ( 2.882579019330970382, -58.35937500170699366, 2.882579019330952175 ) ) ;
#3390 = CARTESIAN_POINT ( 'NONE',  ( -1.408326112068523317, -59.14062500000000000, 3.399999999999975042 ) ) ;
#3391 = CARTESIAN_POINT ( 'NONE',  ( -1.688575694911950142, -39.84375000170699366, 4.076582343749975301 ) ) ;
#3392 = CARTESIAN_POINT ( 'NONE',  ( -4.076582343749995729, -47.65625000170700076, -1.688575694911967240 ) ) ;
#3393 = DIRECTION ( 'NONE',  ( -0.000000000000000000, -1.000000000000000000, -0.000000000000000000 ) ) ;
#3394 = CARTESIAN_POINT ( 'NONE',  ( 1.688575694911947256, -56.87500000170700076, -4.076582343750016157 ) ) ;
#3395 = ORIENTED_EDGE ( 'NONE', *, *, #6166, .F. ) ;
#3396 = CARTESIAN_POINT ( 'NONE',  ( 2.882579019330971715, -63.04687500170700076, -2.882579019330991699 ) ) ;
#3397 = CARTESIAN_POINT ( 'NONE',  ( 2.081899558550498061E-16, -37.50000000341398021, -3.400000000000015898 ) ) ;
#3398 = CARTESIAN_POINT ( 'NONE',  ( 2.404163056034258616, -41.40625000341398021, -2.404163056034278600 ) ) ;
#3399 = CARTESIAN_POINT ( 'NONE',  ( -3.399999999999996358, -59.29687500000000000, 1.408326112068500890 ) ) ;
#3400 = CARTESIAN_POINT ( 'NONE',  ( -7.488560278101070689E-16, -59.76562500170700076, 4.076582343749976189 ) ) ;
#3401 = CARTESIAN_POINT ( 'NONE',  ( -2.882579019330972159, -47.57812500170699366, 2.882579019330950842 ) ) ;
#3402 = CARTESIAN_POINT ( 'NONE',  ( 2.404163056034257728, -43.90625000000000000, 2.404163056034239077 ) ) ;
#3403 = ORIENTED_EDGE ( 'NONE', *, *, #561, .F. ) ;
#3404 = CARTESIAN_POINT ( 'NONE',  ( 2.496186759367024056E-16, -36.79687500170698655, -4.076582343750016157 ) ) ;
#3405 = CARTESIAN_POINT ( 'NONE',  ( 1.408326112068522651, -51.79687500341398021, 3.399999999999975486 ) ) ;
#3406 = CARTESIAN_POINT ( 'NONE',  ( -6.245698675651493936E-16, -59.37500000341398732, 3.399999999999975930 ) ) ;
#3407 = CARTESIAN_POINT ( 'NONE',  ( 1.408326112068521985, -38.51562500000000000, -3.400000000000015898 ) ) ;
#3408 = CARTESIAN_POINT ( 'NONE',  ( -2.882579019330970826, -53.98437500170699366, -2.882579019330991699 ) ) ;
#3409 = CARTESIAN_POINT ( 'NONE',  ( 2.404163056034258616, -41.40625000341398021, -2.404163056034278600 ) ) ;
#3410 = CARTESIAN_POINT ( 'NONE',  ( 3.399999999999995470, -44.92187500000000000, -1.408326112068541525 ) ) ;
#3411 = CARTESIAN_POINT ( 'NONE',  ( -7.488560278101070689E-16, -62.42187500170699366, 4.076582343749976189 ) ) ;
#3412 = EDGE_CURVE ( 'NONE', #5146, #1323, #3519, .T. ) ;
#3413 = CARTESIAN_POINT ( 'NONE',  ( 1.688575694911947922, -42.18750000170699366, 4.076582343749975301 ) ) ;
#3414 = CARTESIAN_POINT ( 'NONE',  ( -1.688575694911949698, -47.50000000170699366, 4.076582343749975301 ) ) ;
#3415 = CARTESIAN_POINT ( 'NONE',  ( 3.399999999999995026, -50.07812500000000000, 1.408326112068503777 ) ) ;
#3416 = CARTESIAN_POINT ( 'NONE',  ( -6.245698675651493936E-16, -35.62500000341398021, 3.399999999999975930 ) ) ;
#3417 = CARTESIAN_POINT ( 'NONE',  ( -4.076582343749995729, -55.15625000170700787, -1.688575694911967240 ) ) ;
#3418 = VECTOR ( 'NONE', #4487, 1000.000000000000000 ) ;
#3419 = CARTESIAN_POINT ( 'NONE',  ( 2.404163056034258616, -56.09375000000000000, -2.404163056034278600 ) ) ;
#3420 = CARTESIAN_POINT ( 'NONE',  ( -2.882579019330972159, -36.17187500170699366, 2.882579019330950842 ) ) ;
#3421 = CARTESIAN_POINT ( 'NONE',  ( -2.882579019330970826, -40.23437500170700076, -2.882579019330991699 ) ) ;
#3422 = LINE ( 'NONE', #1925, #3328 ) ;
#3423 = CARTESIAN_POINT ( 'NONE',  ( 1.688575694911947256, -55.62500000170698655, -4.076582343750016157 ) ) ;
#3424 = AXIS2_PLACEMENT_3D ( 'NONE', #4811, #310, #5906 ) ;
#3425 = EDGE_LOOP ( 'NONE', ( #1033, #1822, #2041, #1927 ) ) ;
#3426 = CARTESIAN_POINT ( 'NONE',  ( 1.408326112068522651, -38.04687500341399442, 3.399999999999975486 ) ) ;
#3427 = CARTESIAN_POINT ( 'NONE',  ( -1.408326112068521319, -43.67187500341398732, -3.400000000000015898 ) ) ;
#3428 = CARTESIAN_POINT ( 'NONE',  ( -1.408326112068521319, -57.10937500000000711, -3.400000000000015898 ) ) ;
#3429 = CARTESIAN_POINT ( 'NONE',  ( -1.688575694911949698, -56.09375000170700076, 4.076582343749975301 ) ) ;
#3430 = CARTESIAN_POINT ( 'NONE',  ( -4.076582343749995729, -45.31250000170698655, -1.688575694911967240 ) ) ;
#3431 = FACE_OUTER_BOUND ( 'NONE', #5272, .T. ) ;
#3432 = VERTEX_POINT ( 'NONE', #1242 ) ;
#3433 = CARTESIAN_POINT ( 'NONE',  ( 1.688575694911947256, -36.87500000170697945, -4.076582343750016157 ) ) ;
#3434 = CARTESIAN_POINT ( 'NONE',  ( -3.399999999999996358, -50.85937500341398732, 1.408326112068500890 ) ) ;
#3435 = CARTESIAN_POINT ( 'NONE',  ( 3.399999999999995470, -56.48437500341398732, -1.408326112068541525 ) ) ;
#3436 = CARTESIAN_POINT ( 'NONE',  ( -3.399999999999996358, -36.79687500000000711, 1.408326112068500890 ) ) ;
#3437 = CARTESIAN_POINT ( 'NONE',  ( 4.076582343749994841, -49.53125000170699366, 1.688575694911929936 ) ) ;
#3438 = VERTEX_POINT ( 'NONE', #2685 ) ;
#3439 = CARTESIAN_POINT ( 'NONE',  ( -1.408326112068521319, -43.35937500000000711, -3.400000000000015898 ) ) ;
#3440 = CARTESIAN_POINT ( 'NONE',  ( -2.882579019330970826, -60.39062500170699366, -2.882579019330991699 ) ) ;
#3441 =( BOUNDED_CURVE ( )  B_SPLINE_CURVE ( 2, ( #6356, #2429, #5457, #3868, #452, #485, #3896, #356, #2967 ),
 .UNSPECIFIED., .F., .F. ) 
 B_SPLINE_CURVE_WITH_KNOTS ( ( 3, 2, 2, 2, 3 ),
 ( 0.5520833333333332593, 0.5572916666666665186, 0.5625000000000000000, 0.5677083333333333703, 0.5729166666666666297 ),
 .UNSPECIFIED. ) 
 CURVE ( )  GEOMETRIC_REPRESENTATION_ITEM ( )  RATIONAL_B_SPLINE_CURVE ( ( 1.000000000000001554, 0.9238795325112850731, 1.000000000000000000, 0.9238795325112867385, 1.000000000000000000, 0.9238795325112867385, 1.000000000000000000, 0.9238795325112867385, 1.000000000000000000 ) ) 
 REPRESENTATION_ITEM ( '' )  );
#3442 = CARTESIAN_POINT ( 'NONE',  ( -6.245698675651493936E-16, -54.37500000341398732, 3.399999999999975930 ) ) ;
#3443 = CARTESIAN_POINT ( 'NONE',  ( 2.496186759367024056E-16, -42.89062500170700076, -4.076582343750016157 ) ) ;
#3444 = CARTESIAN_POINT ( 'NONE',  ( -4.076582343749996618, -41.40625000170698655, 1.688575694911926828 ) ) ;
#3445 = EDGE_CURVE ( 'NONE', #2055, #319, #1427, .T. ) ;
#3446 = AXIS2_PLACEMENT_3D ( 'NONE', #2044, #2113, #5575 ) ;
#3447 = CARTESIAN_POINT ( 'NONE',  ( -3.399999999999995914, -44.37500000000000000, -2.036942155645390229E-14 ) ) ;
#3448 = CARTESIAN_POINT ( 'NONE',  ( 2.081899558550498061E-16, -62.18750000000000000, -3.400000000000015898 ) ) ;
#3449 = CARTESIAN_POINT ( 'NONE',  ( 4.076582343749995729, -59.45312500170700076, -1.995304164474380342E-14 ) ) ;
#3450 = CARTESIAN_POINT ( 'NONE',  ( 3.399999999999995470, -52.42187500000000000, -1.408326112068541525 ) ) ;
#3451 = CARTESIAN_POINT ( 'NONE',  ( 4.076582343749995729, -38.20312500170700076, -1.995304164474380342E-14 ) ) ;
#3452 = CARTESIAN_POINT ( 'NONE',  ( -1.688575694911946590, -41.56250000170699366, -4.076582343750016157 ) ) ;
#3453 = LINE ( 'NONE', #2899, #1337 ) ;
#3454 = CARTESIAN_POINT ( 'NONE',  ( 1.688575694911947256, -53.12500000170699366, -4.076582343750016157 ) ) ;
#3455 = ORIENTED_EDGE ( 'NONE', *, *, #4609, .T. ) ;
#3456 = CC_DESIGN_APPROVAL ( #2858, ( #1211 ) ) ;
#3457 = CARTESIAN_POINT ( 'NONE',  ( 3.399999999999995026, -37.89062500341398732, 1.408326112068503777 ) ) ;
#3458 = CARTESIAN_POINT ( 'NONE',  ( -3.399999999999995914, -40.93750000341398732, -2.036942155645390229E-14 ) ) ;
#3459 = CARTESIAN_POINT ( 'NONE',  ( 2.404163056034257728, -58.90625000000000000, 2.404163056034239077 ) ) ;
#3460 = CARTESIAN_POINT ( 'NONE',  ( 2.496186759367024056E-16, -57.89062500170699366, -4.076582343750016157 ) ) ;
#3461 = CARTESIAN_POINT ( 'NONE',  ( 4.163799117100996122E-16, -65.00000000000000000, 3.399999999999975930 ) ) ;
#3462 = EDGE_CURVE ( 'NONE', #5378, #913, #2818, .T. ) ;
#3463 = CARTESIAN_POINT ( 'NONE',  ( -2.882579019330970826, -47.89062500170698655, -2.882579019330991699 ) ) ;
#3464 = CARTESIAN_POINT ( 'NONE',  ( -3.399999999999995914, -42.18750000341398021, -2.036942155645390229E-14 ) ) ;
#3465 =( BOUNDED_CURVE ( )  B_SPLINE_CURVE ( 2, ( #2958, #4971, #2478, #1832, #3829 ),
 .UNSPECIFIED., .F., .F. ) 
 B_SPLINE_CURVE_WITH_KNOTS ( ( 3, 2, 3 ),
 ( 0.000000000000000000, 0.005208333333333222022, 0.01041666666666644404 ),
 .UNSPECIFIED. ) 
 CURVE ( )  GEOMETRIC_REPRESENTATION_ITEM ( )  RATIONAL_B_SPLINE_CURVE ( ( 1.000000000000000000, 0.9238795325112867385, 1.000000000000000000, 0.9238795325112899581, 0.9999999999999967804 ) ) 
 REPRESENTATION_ITEM ( '' )  );
#3466 = ADVANCED_FACE ( 'NONE', ( #754 ), #190, .F. ) ;
#3467 = VERTEX_POINT ( 'NONE', #259 ) ;
#3468 = CARTESIAN_POINT ( 'NONE',  ( 4.076582343749995729, -35.78125000170700076, -1.688575694911966796 ) ) ;
#3469 = CARTESIAN_POINT ( 'NONE',  ( 3.399999999999995914, -52.81250000341398732, -1.995304164474380342E-14 ) ) ;
#3470 = CARTESIAN_POINT ( 'NONE',  ( -2.404163056034259061, -57.03125000341398021, 2.404163056034238188 ) ) ;
#3471 = CARTESIAN_POINT ( 'NONE',  ( 2.404163056034258616, -38.59375000000000000, -2.404163056034278600 ) ) ;
#3472 = CARTESIAN_POINT ( 'NONE',  ( -1.408326112068544189, -37.42187500341398732, -3.399999999999992806 ) ) ;
#3473 = CARTESIAN_POINT ( 'NONE',  ( -2.404163056034258172, -43.28125000000000000, -2.404163056034278600 ) ) ;
#3474 = CARTESIAN_POINT ( 'NONE',  ( 1.688575694911947922, -63.59375000170699366, 4.076582343749975301 ) ) ;
#3475 = CARTESIAN_POINT ( 'NONE',  ( 3.399999999999995914, -62.73437500341398732, -1.408326112068541525 ) ) ;
#3476 = CARTESIAN_POINT ( 'NONE',  ( -7.488560278101070689E-16, -42.26562500170699366, 4.076582343749976189 ) ) ;
#3477 = CARTESIAN_POINT ( 'NONE',  ( 2.882579019330971715, -40.70312500170698655, -2.882579019330991699 ) ) ;
#3478 = ADVANCED_FACE ( 'NONE', ( #1704, #6190 ), #6258, .T. ) ;
#3479 =( BOUNDED_CURVE ( )  B_SPLINE_CURVE ( 2, ( #6293, #325, #1872, #2848, #821, #3807, #3313, #5245, #3738 ),
 .UNSPECIFIED., .F., .T. ) 
 B_SPLINE_CURVE_WITH_KNOTS ( ( 3, 2, 2, 2, 3 ),
 ( 0.1562499999999998890, 0.1614583333333332316, 0.1666666666666665741, 0.1718749999999999167, 0.1770833333333332593 ),
 .UNSPECIFIED. ) 
 CURVE ( )  GEOMETRIC_REPRESENTATION_ITEM ( )  RATIONAL_B_SPLINE_CURVE ( ( 1.000000000000001554, 0.9238795325112850731, 1.000000000000000000, 0.9238795325112867385, 1.000000000000000000, 0.9238795325112867385, 1.000000000000000000, 0.9238795325112879597, 0.9999999999999987788 ) ) 
 REPRESENTATION_ITEM ( '' )  );
#3480 = CARTESIAN_POINT ( 'NONE',  ( -2.404163056034258172, -44.53125000000000000, -2.404163056034278600 ) ) ;
#3481 = CARTESIAN_POINT ( 'NONE',  ( -2.404163056034259061, -47.96875000000000711, 2.404163056034238188 ) ) ;
#3482 = EDGE_CURVE ( 'NONE', #4333, #5541, #1279, .T. ) ;
#3483 = CARTESIAN_POINT ( 'NONE',  ( -4.076582343749996618, -57.65625000170699366, 1.688575694911926828 ) ) ;
#3484 = CARTESIAN_POINT ( 'NONE',  ( 1.688575694911947922, -37.18750000170699366, 4.076582343749975301 ) ) ;
#3485 = CARTESIAN_POINT ( 'NONE',  ( 2.882579019330970382, -42.10937500170700076, 2.882579019330952175 ) ) ;
#3486 = CARTESIAN_POINT ( 'NONE',  ( -1.408326112068546188, -38.20312500341398021, 3.399999999999951950 ) ) ;
#3487 = CARTESIAN_POINT ( 'NONE',  ( -2.882579019330970826, -54.14062500170699366, -2.882579019330991699 ) ) ;
#3488 = EDGE_CURVE ( 'NONE', #6327, #5949, #6373, .T. ) ;
#3489 = VERTEX_POINT ( 'NONE', #4301 ) ;
#3490 = CARTESIAN_POINT ( 'NONE',  ( -6.245698675651493936E-16, -36.87500000341398021, 3.399999999999975930 ) ) ;
#3491 = CARTESIAN_POINT ( 'NONE',  ( 3.399999999999995914, -37.81250000341398732, -1.995304164474380342E-14 ) ) ;
#3492 = CARTESIAN_POINT ( 'NONE',  ( 2.081899558550498061E-16, -58.43750000000000000, -3.400000000000015898 ) ) ;
#3493 = CARTESIAN_POINT ( 'NONE',  ( 4.076582343749995729, -55.70312500170699366, -1.995304164474380342E-14 ) ) ;
#3494 = LINE ( 'NONE', #1618, #1967 ) ;
#3495 = CARTESIAN_POINT ( 'NONE',  ( -4.076582343749996618, -47.65625000170700076, 1.688575694911926828 ) ) ;
#3496 = CARTESIAN_POINT ( 'NONE',  ( -1.408326112068523317, -40.70312500341399442, 3.399999999999975042 ) ) ;
#3497 = EDGE_LOOP ( 'NONE', ( #2432, #1813, #974, #4685 ) ) ;
#3498 = VECTOR ( 'NONE', #4934, 1000.000000000000000 ) ;
#3499 = VERTEX_POINT ( 'NONE', #6292 ) ;
#3500 = CARTESIAN_POINT ( 'NONE',  ( -1.688575694911946590, -35.46875000170698655, -4.076582343750016157 ) ) ;
#3501 = CARTESIAN_POINT ( 'NONE',  ( -3.399999999999995914, -53.43750000341398021, -2.036942155645390229E-14 ) ) ;
#3502 = CARTESIAN_POINT ( 'NONE',  ( -1.408326112068521319, -53.67187500341398021, -3.400000000000015898 ) ) ;
#3503 = CARTESIAN_POINT ( 'NONE',  ( 3.399999999999995470, -38.67187500000001421, -1.408326112068541525 ) ) ;
#3504 = DATE_AND_TIME ( #1917, #3253 ) ;
#3505 = CARTESIAN_POINT ( 'NONE',  ( 2.081899558550498061E-16, -43.43750000000000711, -3.400000000000015898 ) ) ;
#3506 = CARTESIAN_POINT ( 'NONE',  ( 4.076582343749995729, -63.28125000170699366, -1.688575694911966796 ) ) ;
#3507 = DIRECTION ( 'NONE',  ( 0.000000000000000000, 0.000000000000000000, -1.000000000000000000 ) ) ;
#3508 = CARTESIAN_POINT ( 'NONE',  ( -2.882579019330972159, -43.67187500170699366, 2.882579019330950842 ) ) ;
#3509 = CARTESIAN_POINT ( 'NONE',  ( -4.076582343749995729, -42.73437500170698655, -2.045227899661720714E-14 ) ) ;
#3510 = CARTESIAN_POINT ( 'NONE',  ( 3.399999999999995914, -45.00000000000000000, -1.995304164474380342E-14 ) ) ;
#3511 = CARTESIAN_POINT ( 'NONE',  ( -2.404163056034259061, -57.96875000000000000, 2.404163056034238188 ) ) ;
#3512 = ADVANCED_FACE ( 'NONE', ( #4827 ), #4887, .F. ) ;
#3513 = CARTESIAN_POINT ( 'NONE',  ( -4.076582343749995729, -57.81250000170700076, -1.688575694911967240 ) ) ;
#3514 = CARTESIAN_POINT ( 'NONE',  ( -2.882579019330970826, -35.23437500170699366, -2.882579019330991699 ) ) ;
#3515 = CARTESIAN_POINT ( 'NONE',  ( -4.076582343749995729, -42.57812500170699366, -2.045227899661720714E-14 ) ) ;
#3516 = CARTESIAN_POINT ( 'NONE',  ( -6.245698675651493936E-16, -56.87500000341398732, 3.399999999999975930 ) ) ;
#3517 = CARTESIAN_POINT ( 'NONE',  ( 1.688575694911947922, -56.09375000170700076, 4.076582343749975301 ) ) ;
#3518 = ORIENTED_EDGE ( 'NONE', *, *, #3838, .F. ) ;
#3519 = CIRCLE ( 'NONE', #5097, 4.025000000000000355 ) ;
#3520 = CARTESIAN_POINT ( 'NONE',  ( -1.408326112068521319, -37.42187500341398021, -3.400000000000015898 ) ) ;
#3521 = CARTESIAN_POINT ( 'NONE',  ( -3.399999999999995914, -35.93750000341398732, -2.036942155645390229E-14 ) ) ;
#3522 = CARTESIAN_POINT ( 'NONE',  ( -1.408326112068521319, -52.10937500000000000, -3.400000000000015898 ) ) ;
#3523 = CARTESIAN_POINT ( 'NONE',  ( -4.076582343749995729, -57.65625000170699366, -1.688575694911967240 ) ) ;
#3524 = CARTESIAN_POINT ( 'NONE',  ( 3.399999999999995914, -45.00000000000000000, -1.995304164474380342E-14 ) ) ;
#3525 = CARTESIAN_POINT ( 'NONE',  ( -4.076582343749996618, -40.15625000170699366, 1.688575694911926828 ) ) ;
#3526 = CARTESIAN_POINT ( 'NONE',  ( 4.076582343749994841, -43.43750000170700076, 1.688575694911929936 ) ) ;
#3527 = CARTESIAN_POINT ( 'NONE',  ( -2.404163056034258172, -53.28125000000000000, -2.404163056034278600 ) ) ;
#3528 = ORIENTED_EDGE ( 'NONE', *, *, #3783, .F. ) ;
#3529 = ORIENTED_EDGE ( 'NONE', *, *, #3967, .F. ) ;
#3530 = CARTESIAN_POINT ( 'NONE',  ( -2.404163056034259061, -53.28125000341398732, 2.404163056034238188 ) ) ;
#3531 = CARTESIAN_POINT ( 'NONE',  ( -1.408326112068521319, -49.92187500341399442, -3.400000000000015898 ) ) ;
#3532 = CARTESIAN_POINT ( 'NONE',  ( -2.404163056034259061, -36.71875000000000000, 2.404163056034238188 ) ) ;
#3533 = CARTESIAN_POINT ( 'NONE',  ( 2.081899558550498061E-16, -61.25000000341398021, -3.400000000000015898 ) ) ;
#3534 = CARTESIAN_POINT ( 'NONE',  ( 1.408326112068522651, -36.48437500000000000, 3.399999999999975486 ) ) ;
#3535 = CARTESIAN_POINT ( 'NONE',  ( -4.076582343749995729, -56.56250000170699366, -1.688575694911967240 ) ) ;
#3536 = DIRECTION ( 'NONE',  ( 0.000000000000000000, 0.000000000000000000, -1.000000000000000000 ) ) ;
#3537 = CARTESIAN_POINT ( 'NONE',  ( -2.882579019330972159, -37.42187500170699366, 2.882579019330950842 ) ) ;
#3538 = CARTESIAN_POINT ( 'NONE',  ( -2.882579019330970826, -44.14062500170699366, -2.882579019330991699 ) ) ;
#3539 = CARTESIAN_POINT ( 'NONE',  ( 3.399999999999995026, -43.82812500000001421, 1.408326112068503777 ) ) ;
#3540 = CYLINDRICAL_SURFACE ( 'NONE', #671, 3.399999999999995914 ) ;
#3541 = EDGE_CURVE ( 'NONE', #3237, #3817, #2100, .T. ) ;
#3542 = CARTESIAN_POINT ( 'NONE',  ( -1.688575694911946590, -50.31250000170699366, -4.076582343750016157 ) ) ;
#3543 = CARTESIAN_POINT ( 'NONE',  ( 4.076582343749995729, -58.28125000170699366, -1.688575694911966796 ) ) ;
#3544 = CARTESIAN_POINT ( 'NONE',  ( -1.688575694911950142, -34.84375000170699366, 4.076582343749975301 ) ) ;
#3545 = CARTESIAN_POINT ( 'NONE',  ( 2.882579019330970382, -40.85937500170700076, 2.882579019330952175 ) ) ;
#3546 = FACE_OUTER_BOUND ( 'NONE', #4461, .T. ) ;
#3547 = CARTESIAN_POINT ( 'NONE',  ( 2.882579019330971715, -51.95312500170699366, -2.882579019330991699 ) ) ;
#3548 = ORIENTED_EDGE ( 'NONE', *, *, #3179, .F. ) ;
#3549 = CARTESIAN_POINT ( 'NONE',  ( -2.882579019330970826, -60.23437500170699366, -2.882579019330991699 ) ) ;
#3550 = CARTESIAN_POINT ( 'NONE',  ( 0.000000000000000000, -65.00000000000000000, -1.995304164474380342E-14 ) ) ;
#3551 = CARTESIAN_POINT ( 'NONE',  ( -3.399999999999995914, -37.18750000341398732, -2.036942155645390229E-14 ) ) ;
#3552 = CARTESIAN_POINT ( 'NONE',  ( 3.399999999999995914, -55.00000000000000000, -1.995304164474380342E-14 ) ) ;
#3553 = CARTESIAN_POINT ( 'NONE',  ( 1.688575694911947922, -53.43750000170699366, 4.076582343749975301 ) ) ;
#3554 = CARTESIAN_POINT ( 'NONE',  ( -4.076582343749996618, -56.25000000170700076, 1.688575694911926828 ) ) ;
#3555 = LINE ( 'NONE', #4045, #2694 ) ;
#3556 = CARTESIAN_POINT ( 'NONE',  ( 1.688575694911947922, -48.59375000170699366, 4.076582343749975301 ) ) ;
#3557 = CARTESIAN_POINT ( 'NONE',  ( 2.882579019330971715, -39.45312500170698655, -2.882579019330991699 ) ) ;
#3558 = CARTESIAN_POINT ( 'NONE',  ( 4.163799117100996122E-16, -65.00000000000000000, 3.399999999999975930 ) ) ;
#3559 = ORIENTED_EDGE ( 'NONE', *, *, #4207, .T. ) ;
#3560 = CC_DESIGN_APPROVAL ( #534, ( #4312 ) ) ;
#3561 = EDGE_LOOP ( 'NONE', ( #1845, #3000, #1661, #2647 ) ) ;
#3562 = EDGE_CURVE ( 'NONE', #1291, #649, #3634, .T. ) ;
#3563 = CARTESIAN_POINT ( 'NONE',  ( -3.399999999999995470, -44.76562500341398021, -1.408326112068541747 ) ) ;
#3564 = CARTESIAN_POINT ( 'NONE',  ( 3.399999999999995470, -53.98437500341399442, -1.408326112068541525 ) ) ;
#3565 = CARTESIAN_POINT ( 'NONE',  ( -1.688575694911946590, -61.71875000170699366, -4.076582343750016157 ) ) ;
#3566 = CARTESIAN_POINT ( 'NONE',  ( 1.195510346785369160, -64.61504064342528864, -3.446676674959417319 ) ) ;
#3567 = CARTESIAN_POINT ( 'NONE',  ( -3.399999999999995470, -36.95312500000000711, -1.408326112068541747 ) ) ;
#3568 = CARTESIAN_POINT ( 'NONE',  ( 4.076582343749994841, -34.68750000170699366, 1.688575694911929936 ) ) ;
#3569 = CARTESIAN_POINT ( 'NONE',  ( -4.076582343749996618, -58.90625000170698655, 1.688575694911926828 ) ) ;
#3570 = CYLINDRICAL_SURFACE ( 'NONE', #4382, 3.399999999999995914 ) ;
#3571 = CARTESIAN_POINT ( 'NONE',  ( -1.688575694911946590, -35.31250000170698655, -4.076582343750016157 ) ) ;
#3572 = CARTESIAN_POINT ( 'NONE',  ( 1.688575694911947922, -42.34375000170699366, 4.076582343749975301 ) ) ;
#3573 = CARTESIAN_POINT ( 'NONE',  ( -1.408326112068521319, -54.60937500000000711, -3.400000000000015898 ) ) ;
#3574 = CARTESIAN_POINT ( 'NONE',  ( -2.404163056034259061, -45.46875000000000000, 2.404163056034238188 ) ) ;
#3575 = CARTESIAN_POINT ( 'NONE',  ( -2.404163056034258172, -58.28125000000000000, -2.404163056034278600 ) ) ;
#3576 = CARTESIAN_POINT ( 'NONE',  ( -7.488560278101070689E-16, -53.51562500170699366, 4.076582343749976189 ) ) ;
#3577 = CARTESIAN_POINT ( 'NONE',  ( 4.076582343749995729, -57.10937500170699366, -1.995304164474380342E-14 ) ) ;
#3578 = FACE_OUTER_BOUND ( 'NONE', #4358, .T. ) ;
#3579 = CARTESIAN_POINT ( 'NONE',  ( 1.688575694911947922, -38.43750000170699366, 4.076582343749975301 ) ) ;
#3580 = DIRECTION ( 'NONE',  ( -0.000000000000000000, 1.000000000000000000, 2.935685882422288853E-16 ) ) ;
#3581 = CARTESIAN_POINT ( 'NONE',  ( -2.882579019330970826, -50.39062500170699366, -2.882579019330991699 ) ) ;
#3582 = EDGE_LOOP ( 'NONE', ( #115, #5586, #2488, #2795 ) ) ;
#3583 = CARTESIAN_POINT ( 'NONE',  ( 4.076582343749995729, -61.87500000170699366, -1.688575694911967018 ) ) ;
#3584 = CYLINDRICAL_SURFACE ( 'NONE', #3446, 6.499999999999999112 ) ;
#3585 = CARTESIAN_POINT ( 'NONE',  ( 2.404163056034257728, -35.46875000341398732, 2.404163056034239077 ) ) ;
#3586 = CARTESIAN_POINT ( 'NONE',  ( 3.399999999999995914, -52.50000000000000711, -1.995304164474380342E-14 ) ) ;
#3587 = CARTESIAN_POINT ( 'NONE',  ( -1.688575694911946590, -54.06250000170699366, -4.076582343750016157 ) ) ;
#3588 = CARTESIAN_POINT ( 'NONE',  ( -4.076582343749996618, -53.75000000170698655, 1.688575694911926828 ) ) ;
#3589 = CARTESIAN_POINT ( 'NONE',  ( -3.399999999999995914, -63.43750000341398732, -2.036942155645390229E-14 ) ) ;
#3590 = CARTESIAN_POINT ( 'NONE',  ( -1.688575694911950142, -37.50000000170698655, 4.076582343749975301 ) ) ;
#3591 = CARTESIAN_POINT ( 'NONE',  ( -2.882579019330972159, -50.07812500170698655, 2.882579019330950842 ) ) ;
#3592 = CARTESIAN_POINT ( 'NONE',  ( 1.688575694911947256, -39.37500000170698655, -4.076582343750016157 ) ) ;
#3593 = CARTESIAN_POINT ( 'NONE',  ( -6.245698675651493936E-16, -52.81250000000000000, 3.399999999999975930 ) ) ;
#3594 = ORIENTED_EDGE ( 'NONE', *, *, #2786, .F. ) ;
#3595 = ORIENTED_EDGE ( 'NONE', *, *, #171, .T. ) ;
#3596 = CARTESIAN_POINT ( 'NONE',  ( -3.399999999999996358, -47.10937500341398732, 1.408326112068500890 ) ) ;
#3597 = CARTESIAN_POINT ( 'NONE',  ( -1.408326112068523317, -53.20312500341398732, 3.399999999999975042 ) ) ;
#3598 = CARTESIAN_POINT ( 'NONE',  ( -4.076582343749996618, -60.15625000170699366, 1.688575694911926828 ) ) ;
#3599 = CARTESIAN_POINT ( 'NONE',  ( -6.245698675651493936E-16, -61.87500000341398732, 3.399999999999975930 ) ) ;
#3600 = CARTESIAN_POINT ( 'NONE',  ( 1.408326112068522651, -38.98437500000000000, 3.399999999999975486 ) ) ;
#3601 = CIRCLE ( 'NONE', #3824, 3.399999999999995914 ) ;
#3602 = CARTESIAN_POINT ( 'NONE',  ( 4.076582343749994841, -58.43750000170699366, 1.688575694911929936 ) ) ;
#3603 = LINE ( 'NONE', #4588, #702 ) ;
#3604 = CARTESIAN_POINT ( 'NONE',  ( -3.399999999999995914, -60.93750000341398021, -2.036942155645390229E-14 ) ) ;
#3605 = CARTESIAN_POINT ( 'NONE',  ( 2.496186759367024056E-16, -35.39062500170699366, -4.076582343750016157 ) ) ;
#3606 = CARTESIAN_POINT ( 'NONE',  ( -4.076582343749996618, -40.15625000170699366, 1.688575694911926828 ) ) ;
#3607 = CARTESIAN_POINT ( 'NONE',  ( -3.399999999999995470, -54.45312500000000711, -1.408326112068541747 ) ) ;
#3608 = CARTESIAN_POINT ( 'NONE',  ( 2.404163056034258616, -39.84375000000000000, -2.404163056034278600 ) ) ;
#3609 = EDGE_CURVE ( 'NONE', #4194, #1323, #880, .T. ) ;
#3610 = CARTESIAN_POINT ( 'NONE',  ( -2.288831143946618685, -64.48326849101353275, -2.668581166128657145 ) ) ;
#3611 = ORIENTED_EDGE ( 'NONE', *, *, #1151, .T. ) ;
#3612 = CARTESIAN_POINT ( 'NONE',  ( 4.076582343749994841, -52.03125000170698655, 1.688575694911929936 ) ) ;
#3613 = CARTESIAN_POINT ( 'NONE',  ( -1.688575694911949698, -58.75000000170700076, 4.076582343749975301 ) ) ;
#3614 =( NAMED_UNIT ( * ) SI_UNIT ( $, .STERADIAN. ) SOLID_ANGLE_UNIT ( ) );
#3615 = CARTESIAN_POINT ( 'NONE',  ( -3.399999999999995914, -51.01562500341398732, -1.408326112068541747 ) ) ;
#3616 = DIRECTION ( 'NONE',  ( 0.000000000000000000, 0.000000000000000000, -1.000000000000000000 ) ) ;
#3617 = DIRECTION ( 'NONE',  ( 0.000000000000000000, 0.000000000000000000, 1.000000000000000000 ) ) ;
#3618 = CARTESIAN_POINT ( 'NONE',  ( -1.688575694911950142, -62.34375000170700076, 4.076582343749975301 ) ) ;
#3619 = CARTESIAN_POINT ( 'NONE',  ( 1.688575694911947922, -34.84375000170698655, 4.076582343749975301 ) ) ;
#3620 = CARTESIAN_POINT ( 'NONE',  ( 1.408326112068522651, -38.04687500341399442, 3.399999999999975486 ) ) ;
#3621 = CARTESIAN_POINT ( 'NONE',  ( -2.404163056034258172, -54.53125000000000000, -2.404163056034278600 ) ) ;
#3622 = CARTESIAN_POINT ( 'NONE',  ( -4.076582343749996618, -46.25000000170699366, 1.688575694911926828 ) ) ;
#3623 = CARTESIAN_POINT ( 'NONE',  ( 4.076582343749994841, -49.53125000170698655, 1.688575694911929936 ) ) ;
#3624 = CARTESIAN_POINT ( 'NONE',  ( -6.245698675651493936E-16, -45.31250000000000711, 3.399999999999975930 ) ) ;
#3625 = CARTESIAN_POINT ( 'NONE',  ( -1.688575694911946590, -39.21875000170700076, -4.076582343750016157 ) ) ;
#3626 = CARTESIAN_POINT ( 'NONE',  ( -7.488560278101070689E-16, -46.17187500170699366, 4.076582343749976189 ) ) ;
#3627 = CARTESIAN_POINT ( 'NONE',  ( 4.076582343749995729, -42.10937500170699366, -1.995304164474380342E-14 ) ) ;
#3628 = CARTESIAN_POINT ( 'NONE',  ( -3.399999999999995914, -60.62500000000000000, -2.036942155645390229E-14 ) ) ;
#3629 = ORIENTED_EDGE ( 'NONE', *, *, #1631, .F. ) ;
#3630 = ORIENTED_EDGE ( 'NONE', *, *, #3268, .T. ) ;
#3631 = CARTESIAN_POINT ( 'NONE',  ( 3.399999999999995470, -46.48437500341399442, -1.408326112068541525 ) ) ;
#3632 = CARTESIAN_POINT ( 'NONE',  ( -6.245698675651493936E-16, -51.87500000341398021, 3.399999999999975930 ) ) ;
#3633 = CARTESIAN_POINT ( 'NONE',  ( 2.882579019330971715, -61.95312500170699366, -2.882579019330991699 ) ) ;
#3635 = CARTESIAN_POINT ( 'NONE',  ( 1.408326112068522651, -40.23437500000000711, 3.399999999999975486 ) ) ;
#3634 = CIRCLE ( 'NONE', #6028, 3.399999999999993694 ) ;
#3636 = CARTESIAN_POINT ( 'NONE',  ( -7.488560278101070689E-16, -54.92187500170699366, 4.076582343749976189 ) ) ;
#3637 =( BOUNDED_CURVE ( )  B_SPLINE_CURVE ( 2, ( #2459, #973, #3402, #391, #487, #1000, #1375, #2400, #4460 ),
 .UNSPECIFIED., .F., .F. ) 
 B_SPLINE_CURVE_WITH_KNOTS ( ( 3, 2, 2, 2, 3 ),
 ( 0.6979166666666665186, 0.7031249999999998890, 0.7083333333333332593, 0.7135416666666666297, 0.7187500000000000000 ),
 .UNSPECIFIED. ) 
 CURVE ( )  GEOMETRIC_REPRESENTATION_ITEM ( )  RATIONAL_B_SPLINE_CURVE ( ( 1.000000000000001554, 0.9238795325112850731, 1.000000000000000000, 0.9238795325112867385, 1.000000000000000000, 0.9238795325112867385, 1.000000000000000000, 0.9238795325112867385, 1.000000000000000000 ) ) 
 REPRESENTATION_ITEM ( '' )  );
#3638 = CARTESIAN_POINT ( 'NONE',  ( -2.404163056034258172, -56.09375000341398732, -2.404163056034278600 ) ) ;
#3639 = CARTESIAN_POINT ( 'NONE',  ( -1.688575694911949698, -37.34375000170698655, 4.076582343749975301 ) ) ;
#3640 = CARTESIAN_POINT ( 'NONE',  ( 3.399999999999995914, -62.81250000341398732, -1.995304164474380342E-14 ) ) ;
#3641 = CARTESIAN_POINT ( 'NONE',  ( -1.408326112068523317, -51.64062500000000000, 3.399999999999975042 ) ) ;
#3642 = CARTESIAN_POINT ( 'NONE',  ( 3.399999999999995914, -40.00000000000000000, -1.995304164474380342E-14 ) ) ;
#3643 = CARTESIAN_POINT ( 'NONE',  ( -2.992475627044646203, -64.44274202726401768, -1.767125683794882107 ) ) ;
#3644 = EDGE_CURVE ( 'NONE', #3337, #6252, #551, .T. ) ;
#3645 = CARTESIAN_POINT ( 'NONE',  ( -4.076582343749996618, -50.00000000170699366, 1.688575694911926828 ) ) ;
#3646 = CARTESIAN_POINT ( 'NONE',  ( -4.076582343749995729, -50.23437500170699366, -2.045227899661720714E-14 ) ) ;
#3647 = CARTESIAN_POINT ( 'NONE',  ( -6.245698675651493936E-16, -60.62500000341398021, 3.399999999999975930 ) ) ;
#3648 =( BOUNDED_CURVE ( )  B_SPLINE_CURVE ( 2, ( #2766, #4218, #5262, #4745, #2287, #1265, #1759, #773, #5717 ),
 .UNSPECIFIED., .F., .T. ) 
 B_SPLINE_CURVE_WITH_KNOTS ( ( 3, 2, 2, 2, 3 ),
 ( 0.3020833333333333703, 0.3072916666666667407, 0.3125000000000000000, 0.3177083333333333148, 0.3229166666666666852 ),
 .UNSPECIFIED. ) 
 CURVE ( )  GEOMETRIC_REPRESENTATION_ITEM ( )  RATIONAL_B_SPLINE_CURVE ( ( 0.9999999999999992228, 0.9238795325112875156, 1.000000000000000000, 0.9238795325112867385, 1.000000000000000000, 0.9238795325112867385, 1.000000000000000000, 0.9238795325112867385, 1.000000000000000000 ) ) 
 REPRESENTATION_ITEM ( '' )  );
#3649 = CARTESIAN_POINT ( 'NONE',  ( 4.076582343749994841, -60.78125000170700076, 1.688575694911929936 ) ) ;
#3650 = CARTESIAN_POINT ( 'NONE',  ( -2.882579019330970826, -63.98437500170699366, -2.882579019330991699 ) ) ;
#3651 = CARTESIAN_POINT ( 'NONE',  ( -6.245698675651493936E-16, -35.62500000341398021, 3.399999999999975930 ) ) ;
#3652 = CARTESIAN_POINT ( 'NONE',  ( 2.404163056034257728, -61.40625000000000000, 2.404163056034239077 ) ) ;
#3653 = CARTESIAN_POINT ( 'NONE',  ( 1.408326112068522651, -55.23437500000000000, 3.399999999999975486 ) ) ;
#3654 = CARTESIAN_POINT ( 'NONE',  ( 4.076582343749995729, -44.37500000170699366, -1.688575694911967018 ) ) ;
#3655 = CARTESIAN_POINT ( 'NONE',  ( -1.688575694911949698, -53.59375000170700076, 4.076582343749975301 ) ) ;
#3656 = CYLINDRICAL_SURFACE ( 'NONE', #498, 3.399999999999995914 ) ;
#3657 = CARTESIAN_POINT ( 'NONE',  ( -2.882579019330970826, -49.14062500170698655, -2.882579019330991699 ) ) ;
#3658 = CARTESIAN_POINT ( 'NONE',  ( -2.882579019330972159, -36.32812500170699366, 2.882579019330950842 ) ) ;
#3659 = CARTESIAN_POINT ( 'NONE',  ( -2.404163056034258172, -54.84375000341398732, -2.404163056034278600 ) ) ;
#3660 = ORIENTED_EDGE ( 'NONE', *, *, #5523, .F. ) ;
#3661 = VERTEX_POINT ( 'NONE', #1932 ) ;
#3662 = CYLINDRICAL_SURFACE ( 'NONE', #1328, 3.399999999999995914 ) ;
#3663 = EDGE_CURVE ( 'NONE', #1001, #4951, #1964, .T. ) ;
#3664 = CARTESIAN_POINT ( 'NONE',  ( -3.399999999999995914, -48.43750000341398732, -2.036942155645390229E-14 ) ) ;
#3665 = CARTESIAN_POINT ( 'NONE',  ( 2.081899558550498061E-16, -48.75000000341398732, -3.400000000000015898 ) ) ;
#3666 = CARTESIAN_POINT ( 'NONE',  ( -4.076582343749995729, -61.56250000170699366, -1.688575694911967240 ) ) ;
#3667 = CARTESIAN_POINT ( 'NONE',  ( 1.408326112068533531, -56.32812500341399442, -3.400000000000004796 ) ) ;
#3668 = CARTESIAN_POINT ( 'NONE',  ( -2.404163056034259061, -39.21875000000000000, 2.404163056034238188 ) ) ;
#3669 = CARTESIAN_POINT ( 'NONE',  ( 2.882579019330970382, -54.76562500170699366, 2.882579019330952175 ) ) ;
#3670 = CARTESIAN_POINT ( 'NONE',  ( -1.688575694911946590, -64.21875000170699366, -4.076582343750016157 ) ) ;
#3671 = CARTESIAN_POINT ( 'NONE',  ( 3.399999999999995470, -60.23437500341398021, -1.408326112068541525 ) ) ;
#3672 = CARTESIAN_POINT ( 'NONE',  ( -4.076582343749995729, -35.07812500170700076, -2.045227899661720714E-14 ) ) ;
#3673 = CARTESIAN_POINT ( 'NONE',  ( -3.399999999999995470, -63.51562500341398732, -1.408326112068541747 ) ) ;
#3674 = CARTESIAN_POINT ( 'NONE',  ( -2.404163056034258172, -52.03125000000000000, -2.404163056034278600 ) ) ;
#3675 = CARTESIAN_POINT ( 'NONE',  ( -3.399999999999996358, -64.37499999999998579, 2.034308602092651781E-13 ) ) ;
#3676 =( BOUNDED_CURVE ( )  B_SPLINE_CURVE ( 2, ( #6095, #5534, #5567, #4994, #986, #2594, #4964, #4503, #563 ),
 .UNSPECIFIED., .F., .F. ) 
 B_SPLINE_CURVE_WITH_KNOTS ( ( 3, 2, 2, 2, 3 ),
 ( 0.5729166666666666297, 0.5781250000000000000, 0.5833333333333333703, 0.5885416666666666297, 0.5937500000000000000 ),
 .UNSPECIFIED. ) 
 CURVE ( )  GEOMETRIC_REPRESENTATION_ITEM ( )  RATIONAL_B_SPLINE_CURVE ( ( 1.000000000000000000, 0.9238795325112867385, 1.000000000000000000, 0.9238795325112867385, 1.000000000000000000, 0.9238795325112867385, 1.000000000000000000, 0.9238795325112867385, 1.000000000000000000 ) ) 
 REPRESENTATION_ITEM ( '' )  );
#3677 = CARTESIAN_POINT ( 'NONE',  ( 2.496186759367024056E-16, -51.64062500170699366, -4.076582343750016157 ) ) ;
#3678 = CARTESIAN_POINT ( 'NONE',  ( 2.496186759367024056E-16, -53.04687500170698655, -4.076582343750016157 ) ) ;
#3679 = CARTESIAN_POINT ( 'NONE',  ( 0.000000000000000000, -65.00000000000000000, -1.995304164474380342E-14 ) ) ;
#3680 = CARTESIAN_POINT ( 'NONE',  ( -1.408326112068555958, -51.17187500341397310, -3.399999999999981259 ) ) ;
#3681 = CARTESIAN_POINT ( 'NONE',  ( 2.882579019330971715, -38.04687500170699366, -2.882579019330991699 ) ) ;
#3682 = CARTESIAN_POINT ( 'NONE',  ( 1.408326112068510438, -54.76562500000000000, -3.400000000000027445 ) ) ;
#3683 = CARTESIAN_POINT ( 'NONE',  ( 2.882579019330970382, -63.35937500170699366, 2.882579019330952175 ) ) ;
#3684 = DIRECTION ( 'NONE',  ( 0.000000000000000000, 0.000000000000000000, -1.000000000000000000 ) ) ;
#3685 = CARTESIAN_POINT ( 'NONE',  ( 2.081899558550498061E-16, -62.18750000000000000, -3.400000000000015898 ) ) ;
#3686 = CARTESIAN_POINT ( 'NONE',  ( 3.399999999999995914, -50.00000000000000000, -1.995304164474380342E-14 ) ) ;
#3687 = CARTESIAN_POINT ( 'NONE',  ( -7.488560278101070689E-16, -46.01562500170700076, 4.076582343749976189 ) ) ;
#3688 = CARTESIAN_POINT ( 'NONE',  ( -1.688575694911949698, -51.09375000170699366, 4.076582343749975301 ) ) ;
#3689 =( BOUNDED_CURVE ( )  B_SPLINE_CURVE ( 2, ( #4525, #1447, #1947, #1414, #4960, #3475, #4471, #2440, #529 ),
 .UNSPECIFIED., .F., .T. ) 
 B_SPLINE_CURVE_WITH_KNOTS ( ( 3, 2, 2, 2, 3 ),
 ( 0.03124999999999979530, 0.03645833333333313442, 0.04166666666666647006, 0.04687499999999980571, 0.05208333333333314830 ),
 .UNSPECIFIED. ) 
 CURVE ( )  GEOMETRIC_REPRESENTATION_ITEM ( )  RATIONAL_B_SPLINE_CURVE ( ( 1.000000000000002887, 0.9238795325112837409, 1.000000000000000000, 0.9238795325112867385, 1.000000000000000000, 0.9238795325112867385, 1.000000000000000000, 0.9238795325112895140, 0.9999999999999972244 ) ) 
 REPRESENTATION_ITEM ( '' )  );
#3690 = FACE_OUTER_BOUND ( 'NONE', #3582, .T. ) ;
#3691 = CARTESIAN_POINT ( 'NONE',  ( -1.688575694911946590, -36.71875000170700076, -4.076582343750016157 ) ) ;
#3692 = CARTESIAN_POINT ( 'NONE',  ( 1.688575694911947256, -49.37500000170700076, -4.076582343750016157 ) ) ;
#3693 = CARTESIAN_POINT ( 'NONE',  ( -4.076582343749995729, -36.56250000170699366, -1.688575694911967240 ) ) ;
#3694 = CARTESIAN_POINT ( 'NONE',  ( 2.404163056034257728, -51.40625000000000000, 2.404163056034239077 ) ) ;
#3695 = ORIENTED_EDGE ( 'NONE', *, *, #4266, .T. ) ;
#3696 = VERTEX_POINT ( 'NONE', #6387 ) ;
#3697 = DIRECTION ( 'NONE',  ( 0.000000000000000000, -2.935685882422288853E-16, 1.000000000000000000 ) ) ;
#3698 = EDGE_CURVE ( 'NONE', #4051, #4951, #3441, .T. ) ;
#3699 = CARTESIAN_POINT ( 'NONE',  ( -1.408326112068521319, -46.17187500341398732, -3.400000000000015898 ) ) ;
#3700 = CARTESIAN_POINT ( 'NONE',  ( -6.245698675651493936E-16, -48.12500000341398732, 3.399999999999975930 ) ) ;
#3701 = CARTESIAN_POINT ( 'NONE',  ( 2.496186759367024056E-16, -63.04687500170700076, -4.076582343750016157 ) ) ;
#3702 = CARTESIAN_POINT ( 'NONE',  ( 2.882579019330971715, -64.29687500170699366, -2.882579019330991699 ) ) ;
#3703 = DIRECTION ( 'NONE',  ( -0.8660254037844389297, -0.4999999999999994449, -0.000000000000000000 ) ) ;
#3704 = DIRECTION ( 'NONE',  ( 0.000000000000000000, 0.000000000000000000, -1.000000000000000000 ) ) ;
#3705 = CARTESIAN_POINT ( 'NONE',  ( 2.496186759367024056E-16, -50.54687500170699366, -4.076582343750016157 ) ) ;
#3706 = CARTESIAN_POINT ( 'NONE',  ( -4.076582343749995729, -62.73437500170699366, -2.045227899661720714E-14 ) ) ;
#3707 = CARTESIAN_POINT ( 'NONE',  ( -2.404163056034259061, -59.53125000341398732, 2.404163056034238188 ) ) ;
#3708 = CARTESIAN_POINT ( 'NONE',  ( -3.399999999999996358, -63.35937500341398732, 1.408326112068500890 ) ) ;
#3709 = CARTESIAN_POINT ( 'NONE',  ( -4.076582343749996618, -58.75000000170700076, 1.688575694911926828 ) ) ;
#3710 = CARTESIAN_POINT ( 'NONE',  ( -2.882579019330972159, -36.17187500170699366, 2.882579019330950842 ) ) ;
#3711 = CARTESIAN_POINT ( 'NONE',  ( -3.399999999999995470, -49.45312500000000000, -1.408326112068541747 ) ) ;
#3712 = CARTESIAN_POINT ( 'NONE',  ( -1.408326112068535974, -62.10937500000000711, -3.400000000000002576 ) ) ;
#3713 = AXIS2_PLACEMENT_3D ( 'NONE', #5041, #1162, #2677 ) ;
#3714 = CARTESIAN_POINT ( 'NONE',  ( 2.882579019330971715, -48.04687500170700076, -2.882579019330991699 ) ) ;
#3715 = CARTESIAN_POINT ( 'NONE',  ( 4.076582343749995729, -54.60937500170699366, -1.995304164474380342E-14 ) ) ;
#3716 = DIRECTION ( 'NONE',  ( 0.000000000000000000, 0.000000000000000000, -1.000000000000000000 ) ) ;
#3717 = CARTESIAN_POINT ( 'NONE',  ( 3.399999999999995914, -42.42187500000000000, -1.408326112068541525 ) ) ;
#3718 = CARTESIAN_POINT ( 'NONE',  ( -2.404163056034259061, -41.71875000000000000, 2.404163056034238188 ) ) ;
#3719 = CARTESIAN_POINT ( 'NONE',  ( 4.076582343749995729, -61.95312500170699366, -1.995304164474380342E-14 ) ) ;
#3720 = CYLINDRICAL_SURFACE ( 'NONE', #1459, 3.399999999999995914 ) ;
#3721 = CARTESIAN_POINT ( 'NONE',  ( 3.399999999999995914, -62.50000000000000000, -1.995304164474380342E-14 ) ) ;
#3722 = CARTESIAN_POINT ( 'NONE',  ( -3.399999999999995470, -48.20312500000000000, -1.408326112068541747 ) ) ;
#3723 = CARTESIAN_POINT ( 'NONE',  ( 1.688575694911947922, -44.68750000170699366, 4.076582343749975301 ) ) ;
#3724 = CARTESIAN_POINT ( 'NONE',  ( -4.076582343749995729, -53.90625000170699366, -1.688575694911967240 ) ) ;
#3725 = CARTESIAN_POINT ( 'NONE',  ( 2.404163056034258616, -48.59375000000000711, -2.404163056034278600 ) ) ;
#3726 = CARTESIAN_POINT ( 'NONE',  ( -2.882579019330970826, -44.14062500170699366, -2.882579019330991699 ) ) ;
#3727 = CARTESIAN_POINT ( 'NONE',  ( 4.076582343749994841, -38.43750000170699366, 1.688575694911929936 ) ) ;
#3728 = CARTESIAN_POINT ( 'NONE',  ( 1.408326112068487346, -52.26562500000000711, -3.400000000000050981 ) ) ;
#3729 = VERTEX_POINT ( 'NONE', #2485 ) ;
#3730 = ORIENTED_EDGE ( 'NONE', *, *, #1794, .T. ) ;
#3731 = CARTESIAN_POINT ( 'NONE',  ( -3.399999999999995914, -56.87500000000000000, -2.036942155645390229E-14 ) ) ;
#3732 =( BOUNDED_CURVE ( )  B_SPLINE_CURVE ( 2, ( #5693, #6253, #2745, #1663, #5305, #1200, #2230, #1237, #4720 ),
 .UNSPECIFIED., .F., .T. ) 
 B_SPLINE_CURVE_WITH_KNOTS ( ( 3, 2, 2, 2, 3 ),
 ( 0.8229166666666666297, 0.8281250000000000000, 0.8333333333333333703, 0.8385416666666666297, 0.8437500000000000000 ),
 .UNSPECIFIED. ) 
 CURVE ( )  GEOMETRIC_REPRESENTATION_ITEM ( )  RATIONAL_B_SPLINE_CURVE ( ( 1.000000000000000000, 0.9238795325112867385, 1.000000000000000000, 0.9238795325112867385, 1.000000000000000000, 0.9238795325112867385, 1.000000000000000000, 0.9238795325112867385, 1.000000000000000000 ) ) 
 REPRESENTATION_ITEM ( '' )  );
#3733 = CARTESIAN_POINT ( 'NONE',  ( 2.081899558550498061E-16, -42.50000000341398732, -3.400000000000015898 ) ) ;
#3734 = CARTESIAN_POINT ( 'NONE',  ( 2.404163056034258616, -45.15625000341398732, -2.404163056034278600 ) ) ;
#3735 = CARTESIAN_POINT ( 'NONE',  ( -6.245698675651493936E-16, -62.81250000000000711, 3.399999999999975930 ) ) ;
#3736 = CARTESIAN_POINT ( 'NONE',  ( 2.081899558550498061E-16, -58.43750000000000000, -3.400000000000015898 ) ) ;
#3737 = CARTESIAN_POINT ( 'NONE',  ( 0.000000000000000000, -65.00000000000000000, -1.995304164474380342E-14 ) ) ;
#3738 = CARTESIAN_POINT ( 'NONE',  ( 2.081899558550498061E-16, -59.68750000000000711, -3.400000000000015898 ) ) ;
#3739 = CARTESIAN_POINT ( 'NONE',  ( 1.688575694911947256, -50.62500000170698655, -4.076582343750016157 ) ) ;
#3740 = CARTESIAN_POINT ( 'NONE',  ( 4.076582343749995729, -60.85937500170698655, -1.995304164474380342E-14 ) ) ;
#3741 = VECTOR ( 'NONE', #830, 1000.000000000000114 ) ;
#3742 = CARTESIAN_POINT ( 'NONE',  ( 3.399999999999995026, -59.14062500341399442, 1.408326112068503777 ) ) ;
#3743 = CARTESIAN_POINT ( 'NONE',  ( 1.408326112068521985, -62.57812500341399442, -3.400000000000015898 ) ) ;
#3744 = CARTESIAN_POINT ( 'NONE',  ( -2.882579019330970826, -56.48437500170700076, -2.882579019330991699 ) ) ;
#3745 = CARTESIAN_POINT ( 'NONE',  ( -1.408326112068523317, -63.20312500341398732, 3.399999999999975042 ) ) ;
#3746 = CARTESIAN_POINT ( 'NONE',  ( -1.408326112068521319, -50.85937500000000000, -3.400000000000015898 ) ) ;
#3747 = VECTOR ( 'NONE', #4058, 1000.000000000000114 ) ;
#3748 = ORIENTED_EDGE ( 'NONE', *, *, #4920, .T. ) ;
#3749 = CARTESIAN_POINT ( 'NONE',  ( 4.076582343749994841, -48.28125000170699366, 1.688575694911929936 ) ) ;
#3750 = CARTESIAN_POINT ( 'NONE',  ( 4.076582343749995729, -50.85937500170699366, -1.995304164474380342E-14 ) ) ;
#3751 = DIRECTION ( 'NONE',  ( 0.000000000000000000, 0.000000000000000000, -1.000000000000000000 ) ) ;
#3752 = CARTESIAN_POINT ( 'NONE',  ( -6.245698675651493936E-16, -51.87500000341398021, 3.399999999999975930 ) ) ;
#3753 = CARTESIAN_POINT ( 'NONE',  ( 1.408326112068499336, -37.26562499999999289, -3.400000000000039435 ) ) ;
#3754 = CARTESIAN_POINT ( 'NONE',  ( 1.408326112068522651, -55.54687500341398732, 3.399999999999975486 ) ) ;
#3755 = CARTESIAN_POINT ( 'NONE',  ( -2.882579019330972159, -61.17187500170699366, 2.882579019330950842 ) ) ;
#3756 = CARTESIAN_POINT ( 'NONE',  ( 2.081899558550498061E-16, -45.93750000000000711, -3.400000000000015898 ) ) ;
#3757 = CARTESIAN_POINT ( 'NONE',  ( 1.408326112068521985, -64.76562500000001421, -3.400000000000015898 ) ) ;
#3758 = CARTESIAN_POINT ( 'NONE',  ( -2.404163056034259061, -47.96875000000000711, 2.404163056034238188 ) ) ;
#3759 = CARTESIAN_POINT ( 'NONE',  ( 4.076582343749994841, -40.78125000170699366, 1.688575694911929936 ) ) ;
#3760 = CARTESIAN_POINT ( 'NONE',  ( -2.882579019330970826, -43.98437500170699366, -2.882579019330991699 ) ) ;
#3761 = DIRECTION ( 'NONE',  ( 0.000000000000000000, 1.000000000000000000, 0.000000000000000000 ) ) ;
#3762 = CARTESIAN_POINT ( 'NONE',  ( -7.488560278101070689E-16, -41.17187500170699366, 4.076582343749976189 ) ) ;
#3763 = CARTESIAN_POINT ( 'NONE',  ( 2.882579019330970382, -36.01562500170699366, 2.882579019330952175 ) ) ;
#3764 = CARTESIAN_POINT ( 'NONE',  ( 2.081899558550498061E-16, -37.50000000341398021, -3.400000000000015898 ) ) ;
#3765 = ORIENTED_EDGE ( 'NONE', *, *, #1821, .F. ) ;
#3766 = CARTESIAN_POINT ( 'NONE',  ( 1.408326112068560620, -63.51562500000000711, -3.399999999999976374 ) ) ;
#3767 = AXIS2_PLACEMENT_3D ( 'NONE', #4570, #2541, #1651 ) ;
#3768 = CARTESIAN_POINT ( 'NONE',  ( 1.408326112068521985, -43.82812500341398732, -3.400000000000015898 ) ) ;
#3769 = CARTESIAN_POINT ( 'NONE',  ( 3.399999999999995026, -45.39062500341398021, 1.408326112068503777 ) ) ;
#3770 = FACE_OUTER_BOUND ( 'NONE', #4719, .T. ) ;
#3771 = CARTESIAN_POINT ( 'NONE',  ( 2.404163056034258616, -58.59375000000000000, -2.404163056034278600 ) ) ;
#3772 = DIRECTION ( 'NONE',  ( 0.000000000000000000, 0.000000000000000000, 1.000000000000000000 ) ) ;
#3773 = CARTESIAN_POINT ( 'NONE',  ( 1.688575694911947256, -64.21875000170699366, -4.076582343750016157 ) ) ;
#3774 = CARTESIAN_POINT ( 'NONE',  ( -2.882579019330972159, -53.82812500170699366, 2.882579019330950842 ) ) ;
#3775 = ORIENTED_EDGE ( 'NONE', *, *, #3023, .T. ) ;
#3776 = CARTESIAN_POINT ( 'NONE',  ( -1.688575694911950142, -60.00000000170699366, 4.076582343749975301 ) ) ;
#3777 = CARTESIAN_POINT ( 'NONE',  ( 3.399999999999995470, -57.73437500341398021, -1.408326112068541525 ) ) ;
#3778 = CARTESIAN_POINT ( 'NONE',  ( 3.399999999999995470, -61.48437500341398732, -1.408326112068541525 ) ) ;
#3779 = CARTESIAN_POINT ( 'NONE',  ( -4.076582343749996618, -56.25000000170698655, 1.688575694911926828 ) ) ;
#3780 = CARTESIAN_POINT ( 'NONE',  ( -1.688575694911946590, -35.31250000170698655, -4.076582343750016157 ) ) ;
#3781 = CARTESIAN_POINT ( 'NONE',  ( -1.408326112068521319, -48.35937500000000000, -3.400000000000015898 ) ) ;
#3782 = CARTESIAN_POINT ( 'NONE',  ( 3.399999999999995914, -46.25000000000000000, -1.995304164474380342E-14 ) ) ;
#3783 = EDGE_CURVE ( 'NONE', #6396, #3467, #4106, .T. ) ;
#3784 = ORIENTED_EDGE ( 'NONE', *, *, #4569, .T. ) ;
#3785 = LOCAL_TIME ( 18, 39, 47.00000000000000000, #1886 ) ;
#3786 = CARTESIAN_POINT ( 'NONE',  ( 2.496186759367024056E-16, -47.89062500170699366, -4.076582343750016157 ) ) ;
#3787 = CARTESIAN_POINT ( 'NONE',  ( -2.882579019330970826, -50.39062500170699366, -2.882579019330991699 ) ) ;
#3788 = MECHANICAL_CONTEXT ( 'NONE', #1283, 'mechanical' ) ;
#3789 = CARTESIAN_POINT ( 'NONE',  ( 1.408326112068533531, -57.26562500000000711, -3.400000000000004796 ) ) ;
#3790 = CARTESIAN_POINT ( 'NONE',  ( 3.399999999999995026, -55.07812500000000711, 1.408326112068504221 ) ) ;
#3791 = CARTESIAN_POINT ( 'NONE',  ( -2.882579019330970826, -61.48437500170699366, -2.882579019330991699 ) ) ;
#3792 = CARTESIAN_POINT ( 'NONE',  ( -3.399999999999996358, -64.29687500000000000, 1.408326112068500890 ) ) ;
#3793 = CARTESIAN_POINT ( 'NONE',  ( -3.399999999999996358, -46.79687500000000000, 1.408326112068500890 ) ) ;
#3794 = CARTESIAN_POINT ( 'NONE',  ( 2.882579019330971715, -40.54687500170699366, -2.882579019330991699 ) ) ;
#3795 = CARTESIAN_POINT ( 'NONE',  ( 2.882579019330970382, -48.35937500170699366, 2.882579019330952175 ) ) ;
#3796 = CARTESIAN_POINT ( 'NONE',  ( -6.245698675651493936E-16, -48.12500000341398732, 3.399999999999975930 ) ) ;
#3797 = CARTESIAN_POINT ( 'NONE',  ( 1.688575694911947922, -44.84375000170699366, 4.076582343749975301 ) ) ;
#3798 = CARTESIAN_POINT ( 'NONE',  ( 2.882579019330971715, -36.95312500170699366, -2.882579019330991699 ) ) ;
#3799 = DIRECTION ( 'NONE',  ( -0.000000000000000000, -1.000000000000000000, -0.000000000000000000 ) ) ;
#3800 = ORIENTED_EDGE ( 'NONE', *, *, #1151, .F. ) ;
#3801 = CARTESIAN_POINT ( 'NONE',  ( -6.245698675651493936E-16, -64.06250000000001421, 3.399999999999975930 ) ) ;
#3802 = CARTESIAN_POINT ( 'NONE',  ( -6.245698675651493936E-16, -43.12500000341398732, 3.399999999999975930 ) ) ;
#3803 = CARTESIAN_POINT ( 'NONE',  ( -3.399999999999996358, -49.60937500341398732, 1.408326112068500890 ) ) ;
#3804 = DIRECTION ( 'NONE',  ( -0.000000000000000000, -1.000000000000000000, -0.000000000000000000 ) ) ;
#3805 = CARTESIAN_POINT ( 'NONE',  ( 1.688575694911947922, -63.43750000170699366, 4.076582343749975301 ) ) ;
#3806 = DIRECTION ( 'NONE',  ( -0.000000000000000000, -1.000000000000000000, -0.000000000000000000 ) ) ;
#3807 = CARTESIAN_POINT ( 'NONE',  ( 3.399999999999995914, -59.92187499999999289, -1.408326112068541525 ) ) ;
#3808 = CARTESIAN_POINT ( 'NONE',  ( -1.688575694911946590, -49.21875000170699366, -4.076582343750016157 ) ) ;
#3809 = ORIENTED_EDGE ( 'NONE', *, *, #4976, .F. ) ;
#3810 = CARTESIAN_POINT ( 'NONE',  ( 4.076582343749994841, -59.68750000170699366, 1.688575694911929936 ) ) ;
#3811 = CARTESIAN_POINT ( 'NONE',  ( 2.081899558550498061E-16, -55.00000000341398732, -3.400000000000015898 ) ) ;
#3812 = CARTESIAN_POINT ( 'NONE',  ( -1.408326112068521319, -61.17187500341398021, -3.400000000000015898 ) ) ;
#3813 = CARTESIAN_POINT ( 'NONE',  ( 4.076582343749994841, -54.53125000170700076, 1.688575694911929936 ) ) ;
#3814 = CARTESIAN_POINT ( 'NONE',  ( 2.081899558550498061E-16, -41.25000000341398732, -3.400000000000015898 ) ) ;
#3815 = CARTESIAN_POINT ( 'NONE',  ( 3.399999999999995914, -47.50000000000000000, -1.995304164474380342E-14 ) ) ;
#3816 = FACE_OUTER_BOUND ( 'NONE', #1591, .T. ) ;
#3817 = VERTEX_POINT ( 'NONE', #4856 ) ;
#3818 = EDGE_CURVE ( 'NONE', #219, #1497, #6446, .T. ) ;
#3819 = CARTESIAN_POINT ( 'NONE',  ( 4.076582343749995729, -48.20312500170699366, -1.995304164474380342E-14 ) ) ;
#3820 = CARTESIAN_POINT ( 'NONE',  ( -7.488560278101070689E-16, -49.92187500170699366, 4.076582343749976189 ) ) ;
#3821 = PERSON_AND_ORGANIZATION_ROLE ( 'classification_officer' ) ;
#3822 = CARTESIAN_POINT ( 'NONE',  ( 3.399999999999995914, -51.48437500341398732, -1.408326112068541525 ) ) ;
#3823 = CARTESIAN_POINT ( 'NONE',  ( 3.399999999999995914, -59.06250000341398732, -1.995304164474380342E-14 ) ) ;
#3824 = AXIS2_PLACEMENT_3D ( 'NONE', #1981, #1574, #3973 ) ;
#3825 = CARTESIAN_POINT ( 'NONE',  ( -1.688575694911946590, -56.56250000170699366, -4.076582343750016157 ) ) ;
#3826 = CARTESIAN_POINT ( 'NONE',  ( -3.399999999999996358, -60.54687500000000000, 1.408326112068500890 ) ) ;
#3827 = CARTESIAN_POINT ( 'NONE',  ( -7.488560278101070689E-16, -43.51562500170700076, 4.076582343749976189 ) ) ;
#3828 = CARTESIAN_POINT ( 'NONE',  ( -1.688575694911949698, -44.84375000170699366, 4.076582343749975301 ) ) ;
#3829 = CARTESIAN_POINT ( 'NONE',  ( 2.081899558550498061E-16, -63.75000000341399442, -3.400000000000015898 ) ) ;
#3830 = CARTESIAN_POINT ( 'NONE',  ( 2.496186759367024056E-16, -40.54687500170699366, -4.076582343750016157 ) ) ;
#3831 = CARTESIAN_POINT ( 'NONE',  ( -2.404163056034259061, -40.46875000000000000, 2.404163056034238188 ) ) ;
#3832 = VERTEX_POINT ( 'NONE', #6475 ) ;
#3833 = CARTESIAN_POINT ( 'NONE',  ( -1.408326112068521319, -39.92187500341398021, -3.400000000000015898 ) ) ;
#3834 = CARTESIAN_POINT ( 'NONE',  ( -3.399999999999996358, -40.85937500341398021, 1.408326112068500890 ) ) ;
#3835 = CARTESIAN_POINT ( 'NONE',  ( -3.399999999999995914, -64.37500000000000000, -2.036942155645390229E-14 ) ) ;
#3836 = CARTESIAN_POINT ( 'NONE',  ( 2.496186759367024056E-16, -62.89062500170700076, -4.076582343750016157 ) ) ;
#3837 = CARTESIAN_POINT ( 'NONE',  ( 0.000000000000000000, -65.00000000000000000, -1.995304164474380342E-14 ) ) ;
#3838 = EDGE_CURVE ( 'NONE', #5949, #5708, #1992, .T. ) ;
#3839 = CARTESIAN_POINT ( 'NONE',  ( 3.399999999999995914, -38.67187500000000711, -1.408326112068541525 ) ) ;
#3840 = CARTESIAN_POINT ( 'NONE',  ( 2.882579019330971715, -53.20312500170699366, -2.882579019330991699 ) ) ;
#3841 = ORIENTED_EDGE ( 'NONE', *, *, #4383, .T. ) ;
#3842 = CARTESIAN_POINT ( 'NONE',  ( 1.688575694911947256, -60.62500000170699366, -4.076582343750016157 ) ) ;
#3843 = CARTESIAN_POINT ( 'NONE',  ( 1.408326112068521985, -58.82812500341398732, -3.400000000000015898 ) ) ;
#3844 = CARTESIAN_POINT ( 'NONE',  ( -1.408326112068523317, -60.70312500341399442, 3.399999999999975042 ) ) ;
#3845 = CARTESIAN_POINT ( 'NONE',  ( -2.882579019330972159, -57.42187500170699366, 2.882579019330950842 ) ) ;
#3846 = CARTESIAN_POINT ( 'NONE',  ( 2.081899558550498061E-16, -45.93750000000000711, -3.400000000000015898 ) ) ;
#3847 = CARTESIAN_POINT ( 'NONE',  ( 0.000000000000000000, -65.00000000000000000, -3.400000000000015898 ) ) ;
#3848 = ORIENTED_EDGE ( 'NONE', *, *, #2616, .T. ) ;
#3849 = CARTESIAN_POINT ( 'NONE',  ( -7.488560278101070689E-16, -46.01562500170700076, 4.076582343749976189 ) ) ;
#3850 = CARTESIAN_POINT ( 'NONE',  ( 4.076582343749994841, -48.43750000170698655, 1.688575694911929936 ) ) ;
#3851 = PERSON_AND_ORGANIZATION_ROLE ( 'design_supplier' ) ;
#3852 = CARTESIAN_POINT ( 'NONE',  ( 2.081899558550498061E-16, -38.43750000000000000, -3.400000000000015898 ) ) ;
#3853 = CARTESIAN_POINT ( 'NONE',  ( 0.000000000000000000, -65.00000000000000000, -1.995304164474380342E-14 ) ) ;
#3854 = VECTOR ( 'NONE', #1864, 1000.000000000000000 ) ;
#3855 = ADVANCED_FACE ( 'NONE', ( #3028 ), #5139, .T. ) ;
#3856 = CARTESIAN_POINT ( 'NONE',  ( -2.882579019330970826, -57.73437500170699366, -2.882579019330991699 ) ) ;
#3857 =( BOUNDED_CURVE ( )  B_SPLINE_CURVE ( 2, ( #4259, #1234, #3694, #4717, #6250, #3235, #1767, #781, #3267 ),
 .UNSPECIFIED., .F., .T. ) 
 B_SPLINE_CURVE_WITH_KNOTS ( ( 3, 2, 2, 2, 3 ),
 ( 0.4479166666666665741, 0.4531249999999998890, 0.4583333333333332038, 0.4635416666666665741, 0.4687499999999998890 ),
 .UNSPECIFIED. ) 
 CURVE ( )  GEOMETRIC_REPRESENTATION_ITEM ( )  RATIONAL_B_SPLINE_CURVE ( ( 1.000000000000001554, 0.9238795325112850731, 1.000000000000000000, 0.9238795325112867385, 1.000000000000000000, 0.9238795325112867385, 1.000000000000000000, 0.9238795325112884038, 0.9999999999999983347 ) ) 
 REPRESENTATION_ITEM ( '' )  );
#3858 = CARTESIAN_POINT ( 'NONE',  ( -2.404163056034258172, -59.53125000000000000, -2.404163056034278600 ) ) ;
#3859 = CARTESIAN_POINT ( 'NONE',  ( 1.688575694911947922, -43.43750000170701497, 4.076582343749975301 ) ) ;
#3860 = CARTESIAN_POINT ( 'NONE',  ( 2.882579019330971715, -48.04687500170700076, -2.882579019330991699 ) ) ;
#3861 = CARTESIAN_POINT ( 'NONE',  ( -3.399999999999996803, -35.54687500000000711, 1.408326112068501335 ) ) ;
#3862 = CARTESIAN_POINT ( 'NONE',  ( 4.076582343749995729, -42.10937500170699366, -1.995304164474380342E-14 ) ) ;
#3863 = ORIENTED_EDGE ( 'NONE', *, *, #5409, .T. ) ;
#3864 = CARTESIAN_POINT ( 'NONE',  ( 2.404163056034257728, -41.71875000341398732, 2.404163056034239077 ) ) ;
#3865 = CARTESIAN_POINT ( 'NONE',  ( -3.399999999999996358, -44.60937500341398732, 1.408326112068500890 ) ) ;
#3866 = CARTESIAN_POINT ( 'NONE',  ( -1.408326112068523317, -64.14062500000000000, 3.399999999999975042 ) ) ;
#3867 = CARTESIAN_POINT ( 'NONE',  ( -4.076582343749996618, -60.00000000170699366, 1.688575694911926828 ) ) ;
#3868 = CARTESIAN_POINT ( 'NONE',  ( -3.399999999999995914, -47.26562500341398732, -1.408326112068541747 ) ) ;
#3869 = CYLINDRICAL_SURFACE ( 'NONE', #3218, 3.399999999999995914 ) ;
#3870 = CARTESIAN_POINT ( 'NONE',  ( 4.076582343749995729, -45.78125000170698655, -1.688575694911966796 ) ) ;
#3871 = CARTESIAN_POINT ( 'NONE',  ( -6.245698675651493936E-16, -40.62500000341398732, 3.399999999999975930 ) ) ;
#3872 = VERTEX_POINT ( 'NONE', #643 ) ;
#3873 = CARTESIAN_POINT ( 'NONE',  ( 4.076582343749995729, -58.28125000170698655, -1.688575694911967018 ) ) ;
#3874 = CARTESIAN_POINT ( 'NONE',  ( 2.404163056034257728, -55.46875000341398732, 2.404163056034239077 ) ) ;
#3875 = CARTESIAN_POINT ( 'NONE',  ( -1.408326112068523317, -59.45312500341398021, 3.399999999999975042 ) ) ;
#3876 = CARTESIAN_POINT ( 'NONE',  ( -2.882579019330970826, -50.23437500170699366, -2.882579019330991699 ) ) ;
#3877 = CARTESIAN_POINT ( 'NONE',  ( 2.404163056034258616, -41.09375000000000000, -2.404163056034278600 ) ) ;
#3878 = CARTESIAN_POINT ( 'NONE',  ( 1.688575694911947256, -61.87500000170700076, -4.076582343750016157 ) ) ;
#3879 = ORIENTED_EDGE ( 'NONE', *, *, #5594, .F. ) ;
#3880 = CARTESIAN_POINT ( 'NONE',  ( -1.688575694911949698, -42.34375000170699366, 4.076582343749975301 ) ) ;
#3881 = CARTESIAN_POINT ( 'NONE',  ( -2.882579019330972159, -50.07812500170698655, 2.882579019330950842 ) ) ;
#3882 = CARTESIAN_POINT ( 'NONE',  ( -3.399999999999995914, -38.20312500000000711, -1.408326112068541747 ) ) ;
#3883 = CARTESIAN_POINT ( 'NONE',  ( -4.076582343749995729, -56.40625000170699366, -1.688575694911967240 ) ) ;
#3884 = CARTESIAN_POINT ( 'NONE',  ( -1.408326112068521319, -58.35937500000000711, -3.400000000000015898 ) ) ;
#3885 = CARTESIAN_POINT ( 'NONE',  ( 4.076582343749995729, -39.37500000170700076, -1.688575694911967018 ) ) ;
#3886 = CARTESIAN_POINT ( 'NONE',  ( 1.688575694911947256, -47.96875000170699366, -4.076582343750016157 ) ) ;
#3887 = CARTESIAN_POINT ( 'NONE',  ( 3.399999999999995914, -61.25000000000000000, -1.995304164474380342E-14 ) ) ;
#3888 = CARTESIAN_POINT ( 'NONE',  ( -4.076582343749995729, -56.56250000170699366, -1.688575694911967684 ) ) ;
#3889 = CARTESIAN_POINT ( 'NONE',  ( -3.399999999999996803, -62.10937500341398732, 1.408326112068501335 ) ) ;
#3890 = EDGE_LOOP ( 'NONE', ( #5062, #5, #1165, #3660 ) ) ;
#3891 = CARTESIAN_POINT ( 'NONE',  ( 3.399999999999995470, -38.98437500341398732, -1.408326112068541525 ) ) ;
#3892 = CARTESIAN_POINT ( 'NONE',  ( 1.408326112068522651, -41.79687500341398732, 3.399999999999975486 ) ) ;
#3893 = EDGE_CURVE ( 'NONE', #823, #2014, #5517, .T. ) ;
#3894 = CARTESIAN_POINT ( 'NONE',  ( -2.404163056034258172, -60.78125000000000000, -2.404163056034278600 ) ) ;
#3895 = CARTESIAN_POINT ( 'NONE',  ( 2.882579019330970382, -62.10937500170699366, 2.882579019330952175 ) ) ;
#3896 = CARTESIAN_POINT ( 'NONE',  ( -2.404163056034259061, -47.03125000341398732, 2.404163056034238188 ) ) ;
#3897 = CARTESIAN_POINT ( 'NONE',  ( 2.882579019330971715, -46.95312500170699366, -2.882579019330991699 ) ) ;
#3898 = CARTESIAN_POINT ( 'NONE',  ( -3.399999999999995914, -54.45312500000000711, -1.408326112068541747 ) ) ;
#3899 = VERTEX_POINT ( 'NONE', #2642 ) ;
#3900 = EDGE_CURVE ( 'NONE', #4943, #4982, #2516, .T. ) ;
#3901 = CARTESIAN_POINT ( 'NONE',  ( -1.408326112068521319, -58.67187500341398021, -3.400000000000015898 ) ) ;
#3902 = CARTESIAN_POINT ( 'NONE',  ( -1.408326112068523317, -56.95312500341398021, 3.399999999999975042 ) ) ;
#3903 = CARTESIAN_POINT ( 'NONE',  ( -1.408326112068523317, -37.89062500000000711, 3.399999999999975042 ) ) ;
#3904 = CARTESIAN_POINT ( 'NONE',  ( 2.882579019330970382, -50.85937500170699366, 2.882579019330952175 ) ) ;
#3905 = CARTESIAN_POINT ( 'NONE',  ( -2.404163056034259061, -45.46875000000000000, 2.404163056034238188 ) ) ;
#3906 = CARTESIAN_POINT ( 'NONE',  ( 1.688575694911947922, -62.34375000170699366, 4.076582343749975301 ) ) ;
#3907 =( BOUNDED_CURVE ( )  B_SPLINE_CURVE ( 2, ( #4656, #225, #258, #2267, #1101, #5115, #5734, #688, #155 ),
 .UNSPECIFIED., .F., .T. ) 
 B_SPLINE_CURVE_WITH_KNOTS ( ( 3, 2, 2, 2, 3 ),
 ( 0.9062500000000001110, 0.9114583333333334814, 0.9166666666666667407, 0.9218750000000001110, 0.9270833333333334814 ),
 .UNSPECIFIED. ) 
 CURVE ( )  GEOMETRIC_REPRESENTATION_ITEM ( )  RATIONAL_B_SPLINE_CURVE ( ( 0.9999999999999983347, 0.9238795325112884038, 1.000000000000000000, 0.9238795325112867385, 1.000000000000000000, 0.9238795325112867385, 1.000000000000000000, 0.9238795325112850731, 1.000000000000001554 ) ) 
 REPRESENTATION_ITEM ( '' )  );
#3908 = FACE_OUTER_BOUND ( 'NONE', #3315, .T. ) ;
#3909 = CARTESIAN_POINT ( 'NONE',  ( 1.688575694911947256, -44.21875000170700076, -4.076582343750016157 ) ) ;
#3910 = CARTESIAN_POINT ( 'NONE',  ( -4.076582343749995729, -45.23437500170698655, -2.045227899661720714E-14 ) ) ;
#3911 = CARTESIAN_POINT ( 'NONE',  ( -2.404163056034258172, -49.53125000000000000, -2.404163056034278600 ) ) ;
#3912 = CARTESIAN_POINT ( 'NONE',  ( -6.245698675651493936E-16, -44.37500000341398732, 3.399999999999975930 ) ) ;
#3913 = CARTESIAN_POINT ( 'NONE',  ( -1.688575694911946590, -57.81250000170700787, -4.076582343750016157 ) ) ;
#3914 = CARTESIAN_POINT ( 'NONE',  ( -2.404163056034259061, -57.96875000000000000, 2.404163056034238188 ) ) ;
#3915 = CARTESIAN_POINT ( 'NONE',  ( -4.076582343749996618, -36.25000000170700076, 1.688575694911926828 ) ) ;
#3916 = VECTOR ( 'NONE', #4034, 1000.000000000000000 ) ;
#3917 = CARTESIAN_POINT ( 'NONE',  ( -7.488560278101070689E-16, -43.51562500170700076, 4.076582343749976189 ) ) ;
#3918 = CARTESIAN_POINT ( 'NONE',  ( -3.399999999999996803, -52.10937500341398732, 1.408326112068501335 ) ) ;
#3919 = CARTESIAN_POINT ( 'NONE',  ( -4.076582343749996618, -55.15625000170699366, 1.688575694911926828 ) ) ;
#3920 = ORIENTED_EDGE ( 'NONE', *, *, #292, .F. ) ;
#3921 = CARTESIAN_POINT ( 'NONE',  ( -3.399999999999995914, -37.18750000341398732, -2.036942155645390229E-14 ) ) ;
#3922 = CARTESIAN_POINT ( 'NONE',  ( -2.404163056034258172, -42.34375000341398732, -2.404163056034278600 ) ) ;
#3923 = CARTESIAN_POINT ( 'NONE',  ( -3.399999999999995914, -56.87500000000000000, -2.036942155645390229E-14 ) ) ;
#3924 = CARTESIAN_POINT ( 'NONE',  ( -1.688575694911946590, -54.06250000170699366, -4.076582343750016157 ) ) ;
#3925 = CARTESIAN_POINT ( 'NONE',  ( -6.245698675651493936E-16, -45.62500000341398732, 3.399999999999975930 ) ) ;
#3926 = CARTESIAN_POINT ( 'NONE',  ( -2.882579019330972159, -48.82812500170699366, 2.882579019330950842 ) ) ;
#3927 = CARTESIAN_POINT ( 'NONE',  ( 2.404163056034257728, -41.40625000000000711, 2.404163056034239077 ) ) ;
#3928 =( BOUNDED_CURVE ( )  B_SPLINE_CURVE ( 2, ( #2799, #4810, #309, #5970, #1045, #3044, #3481, #5087, #1018 ),
 .UNSPECIFIED., .F., .F. ) 
 B_SPLINE_CURVE_WITH_KNOTS ( ( 3, 2, 2, 2, 3 ),
 ( 0.5520833333333332593, 0.5572916666666665186, 0.5625000000000000000, 0.5677083333333333703, 0.5729166666666666297 ),
 .UNSPECIFIED. ) 
 CURVE ( )  GEOMETRIC_REPRESENTATION_ITEM ( )  RATIONAL_B_SPLINE_CURVE ( ( 1.000000000000001554, 0.9238795325112850731, 1.000000000000000000, 0.9238795325112867385, 1.000000000000000000, 0.9238795325112867385, 1.000000000000000000, 0.9238795325112867385, 1.000000000000000000 ) ) 
 REPRESENTATION_ITEM ( '' )  );
#3929 = ORIENTED_EDGE ( 'NONE', *, *, #2212, .F. ) ;
#3930 = CARTESIAN_POINT ( 'NONE',  ( -4.076582343749996618, -37.65625000170699366, 1.688575694911926828 ) ) ;
#3931 = CARTESIAN_POINT ( 'NONE',  ( -3.399999999999995914, -52.18750000341398732, -2.036942155645390229E-14 ) ) ;
#3932 = CARTESIAN_POINT ( 'NONE',  ( 3.399999999999995026, -56.64062500341399442, 1.408326112068503777 ) ) ;
#3933 = CARTESIAN_POINT ( 'NONE',  ( -2.404163056034259061, -37.96875000000000000, 2.404163056034238188 ) ) ;
#3934 = CARTESIAN_POINT ( 'NONE',  ( -1.688575694911946590, -52.81250000170699366, -4.076582343750016157 ) ) ;
#3935 = CARTESIAN_POINT ( 'NONE',  ( 2.081899558550498061E-16, -42.18750000000000000, -3.400000000000015898 ) ) ;
#3936 = CARTESIAN_POINT ( 'NONE',  ( 1.688575694911947256, -60.62500000170699366, -4.076582343750016157 ) ) ;
#3937 = CARTESIAN_POINT ( 'NONE',  ( 0.000000000000000000, -65.00000000000000000, -3.400000000000015898 ) ) ;
#3938 = CARTESIAN_POINT ( 'NONE',  ( -2.882579019330970826, -40.23437500170700076, -2.882579019330991699 ) ) ;
#3939 = CARTESIAN_POINT ( 'NONE',  ( -2.882579019330970826, -46.64062500170698655, -2.882579019330991699 ) ) ;
#3940 =( BOUNDED_CURVE ( )  B_SPLINE_CURVE ( 2, ( #4108, #6103, #1088, #1613, #673, #173, #3121, #2637, #4040 ),
 .UNSPECIFIED., .F., .F. ) 
 B_SPLINE_CURVE_WITH_KNOTS ( ( 3, 2, 2, 2, 3 ),
 ( 0.5104166666666666297, 0.5156250000000000000, 0.5208333333333333703, 0.5260416666666666297, 0.5312500000000000000 ),
 .UNSPECIFIED. ) 
 CURVE ( )  GEOMETRIC_REPRESENTATION_ITEM ( )  RATIONAL_B_SPLINE_CURVE ( ( 1.000000000000000000, 0.9238795325112867385, 1.000000000000000000, 0.9238795325112867385, 1.000000000000000000, 0.9238795325112867385, 1.000000000000000000, 0.9238795325112867385, 1.000000000000000000 ) ) 
 REPRESENTATION_ITEM ( '' )  );
#3941 = CARTESIAN_POINT ( 'NONE',  ( 3.399999999999995914, -41.25000000000000000, -1.995304164474380342E-14 ) ) ;
#3942 = CARTESIAN_POINT ( 'NONE',  ( -3.399999999999996803, -44.60937500341398732, 1.408326112068501335 ) ) ;
#3943 = EDGE_CURVE ( 'NONE', #2727, #5844, #3555, .T. ) ;
#3944 = CARTESIAN_POINT ( 'NONE',  ( -1.688575694911946590, -59.06250000170699366, -4.076582343750016157 ) ) ;
#3945 = CARTESIAN_POINT ( 'NONE',  ( -3.399999999999995470, -59.45312500000000000, -1.408326112068541747 ) ) ;
#3946 = CARTESIAN_POINT ( 'NONE',  ( 2.882579019330970382, -37.10937500170699366, 2.882579019330952175 ) ) ;
#3947 = CARTESIAN_POINT ( 'NONE',  ( 2.882579019330970382, -39.60937500170700076, 2.882579019330952175 ) ) ;
#3948 = CARTESIAN_POINT ( 'NONE',  ( 2.081899558550498061E-16, -60.93750000000000711, -3.400000000000015898 ) ) ;
#3949 = CARTESIAN_POINT ( 'NONE',  ( -2.882579019330972159, -56.32812500170698655, 2.882579019330950842 ) ) ;
#3950 = AXIS2_PLACEMENT_3D ( 'NONE', #4177, #667, #4671 ) ;
#3951 = VERTEX_POINT ( 'NONE', #110 ) ;
#3952 = CARTESIAN_POINT ( 'NONE',  ( 1.408326112068521985, -35.07812500341398732, -3.400000000000015898 ) ) ;
#3953 = CARTESIAN_POINT ( 'NONE',  ( -3.399999999999995470, -44.76562500341398021, -1.408326112068541747 ) ) ;
#3954 = CARTESIAN_POINT ( 'NONE',  ( -3.399999999999996358, -58.04687500000001421, 1.408326112068500890 ) ) ;
#3955 = CARTESIAN_POINT ( 'NONE',  ( -2.882579019330972159, -57.42187500170699366, 2.882579019330950842 ) ) ;
#3956 = CARTESIAN_POINT ( 'NONE',  ( 0.000000000000000000, -65.00000000000000000, -1.995304164474380342E-14 ) ) ;
#3957 = CARTESIAN_POINT ( 'NONE',  ( 2.882579019330971715, -48.20312500170699366, -2.882579019330991699 ) ) ;
#3958 = CARTESIAN_POINT ( 'NONE',  ( 2.081899558550498061E-16, -42.50000000341398732, -3.400000000000015898 ) ) ;
#3959 = ORIENTED_EDGE ( 'NONE', *, *, #4942, .F. ) ;
#3960 = CARTESIAN_POINT ( 'NONE',  ( -4.076582343749995729, -36.48437500170699366, -2.045227899661720714E-14 ) ) ;
#3961 = CARTESIAN_POINT ( 'NONE',  ( -3.399999999999995914, -49.68750000341398732, -2.036942155645390229E-14 ) ) ;
#3962 = CARTESIAN_POINT ( 'NONE',  ( -3.399999999999995470, -58.51562500341398021, -1.408326112068541747 ) ) ;
#3963 = CARTESIAN_POINT ( 'NONE',  ( 1.408326112068521985, -37.26562499999999289, -3.400000000000015898 ) ) ;
#3964 = CARTESIAN_POINT ( 'NONE',  ( -2.404163056034258172, -37.03125000000000000, -2.404163056034278600 ) ) ;
#3965 = CARTESIAN_POINT ( 'NONE',  ( -3.399999999999995470, -43.20312500000000000, -1.408326112068541747 ) ) ;
#3966 = CARTESIAN_POINT ( 'NONE',  ( -2.882579019330972159, -62.57812500170699366, 2.882579019330950842 ) ) ;
#3967 = EDGE_CURVE ( 'NONE', #5554, #3661, #5103, .T. ) ;
#3968 = CARTESIAN_POINT ( 'NONE',  ( -3.399999999999995914, -34.76562500341399442, -1.408326112068541747 ) ) ;
#3969 = CARTESIAN_POINT ( 'NONE',  ( 2.882579019330971715, -41.79687500170699366, -2.882579019330991699 ) ) ;
#3970 = CARTESIAN_POINT ( 'NONE',  ( -1.688575694911946590, -40.46875000170698655, -4.076582343750016157 ) ) ;
#3971 = CARTESIAN_POINT ( 'NONE',  ( 2.404163056034257728, -45.15625000000000000, 2.404163056034239077 ) ) ;
#3972 = EDGE_CURVE ( 'NONE', #6285, #1468, #2402, .T. ) ;
#3973 = DIRECTION ( 'NONE',  ( 0.000000000000000000, 0.000000000000000000, -1.000000000000000000 ) ) ;
#3974 = CARTESIAN_POINT ( 'NONE',  ( -4.076582343749995729, -55.23437500170699366, -2.045227899661720714E-14 ) ) ;
#3975 = CARTESIAN_POINT ( 'NONE',  ( -4.076582343749995729, -36.32812500170700076, -2.045227899661720714E-14 ) ) ;
#3976 = CARTESIAN_POINT ( 'NONE',  ( 4.076582343749995729, -39.37500000170698655, -1.688575694911966796 ) ) ;
#3977 = CARTESIAN_POINT ( 'NONE',  ( -3.399999999999995914, -39.37500000000000000, -2.036942155645390229E-14 ) ) ;
#3978 = CARTESIAN_POINT ( 'NONE',  ( 4.076582343749994841, -55.93750000170698655, 1.688575694911929936 ) ) ;
#3979 = VERTEX_POINT ( 'NONE', #6011 ) ;
#3980 = UNCERTAINTY_MEASURE_WITH_UNIT (LENGTH_MEASURE( 1.000000000000000082E-05 ), #768, 'distance_accuracy_value', 'NONE');
#3981 = CARTESIAN_POINT ( 'NONE',  ( 1.408326112068521985, -37.57812500341398021, -3.400000000000015898 ) ) ;
#3982 = CARTESIAN_POINT ( 'NONE',  ( -1.408326112068521319, -34.92187500341398021, -3.400000000000015898 ) ) ;
#3983 = CARTESIAN_POINT ( 'NONE',  ( -2.404163056034259061, -56.71875000000000000, 2.404163056034238188 ) ) ;
#3984 = CARTESIAN_POINT ( 'NONE',  ( -1.688575694911949698, -57.34375000170699366, 4.076582343749975301 ) ) ;
#3985 = CARTESIAN_POINT ( 'NONE',  ( 0.000000000000000000, -65.00000000000000000, -3.400000000000015898 ) ) ;
#3986 = CARTESIAN_POINT ( 'NONE',  ( -2.882579019330970826, -44.14062500170699366, -2.882579019330991699 ) ) ;
#3987 = CARTESIAN_POINT ( 'NONE',  ( -3.399999999999996803, -42.10937500341398021, 1.408326112068501335 ) ) ;
#3988 = ORIENTED_EDGE ( 'NONE', *, *, #5982, .F. ) ;
#3989 = ORIENTED_EDGE ( 'NONE', *, *, #5739, .F. ) ;
#3990 = CARTESIAN_POINT ( 'NONE',  ( -4.076582343749995729, -39.06250000170699366, -1.688575694911967240 ) ) ;
#3991 = CARTESIAN_POINT ( 'NONE',  ( -2.404163056034258172, -53.59375000341398732, -2.404163056034278600 ) ) ;
#3992 = CARTESIAN_POINT ( 'NONE',  ( 3.399999999999995026, -57.89062500341398021, 1.408326112068503777 ) ) ;
#3993 = CARTESIAN_POINT ( 'NONE',  ( 3.399999999999995026, -35.07812500000000711, 1.408326112068503777 ) ) ;
#3994 = CARTESIAN_POINT ( 'NONE',  ( 2.081899558550498061E-16, -37.18750000000000000, -3.400000000000015898 ) ) ;
#3995 = CARTESIAN_POINT ( 'NONE',  ( 3.399999999999995026, -45.07812500000000000, 1.408326112068503777 ) ) ;
#3996 = CARTESIAN_POINT ( 'NONE',  ( -2.882579019330970826, -62.89062500170698655, -2.882579019330991699 ) ) ;
#3997 = EDGE_CURVE ( 'NONE', #3696, #3979, #546, .T. ) ;
#3998 = CARTESIAN_POINT ( 'NONE',  ( 0.000000000000000000, -65.00000000000000000, -1.995304164474380342E-14 ) ) ;
#3999 = CARTESIAN_POINT ( 'NONE',  ( -4.076582343749995729, -43.90625000170699366, -1.688575694911967240 ) ) ;
#4000 = CARTESIAN_POINT ( 'NONE',  ( -4.076582343749995729, -43.98437500170698655, -2.045227899661720714E-14 ) ) ;
#4001 = CARTESIAN_POINT ( 'NONE',  ( 1.408326112068521985, -42.26562500000000000, -3.400000000000015898 ) ) ;
#4002 = CARTESIAN_POINT ( 'NONE',  ( -3.399999999999995914, -58.20312500000000000, -1.408326112068541747 ) ) ;
#4003 = CARTESIAN_POINT ( 'NONE',  ( 4.076582343749994841, -58.43750000170699366, 1.688575694911929936 ) ) ;
#4004 = CARTESIAN_POINT ( 'NONE',  ( 1.688575694911947922, -38.43750000170699366, 4.076582343749975301 ) ) ;
#4005 = CARTESIAN_POINT ( 'NONE',  ( 4.076582343749994841, -40.78125000170699366, 1.688575694911929936 ) ) ;
#4006 = CARTESIAN_POINT ( 'NONE',  ( -2.404163056034258172, -47.03125000000000000, -2.404163056034278600 ) ) ;
#4007 = CARTESIAN_POINT ( 'NONE',  ( -2.882579019330972159, -57.57812500170698655, 2.882579019330950842 ) ) ;
#4008 = ORIENTED_EDGE ( 'NONE', *, *, #6089, .T. ) ;
#4009 = CARTESIAN_POINT ( 'NONE',  ( 2.404163056034258616, -38.90625000341398021, -2.404163056034278600 ) ) ;
#4010 = CARTESIAN_POINT ( 'NONE',  ( 3.399999999999995470, -37.73437500341398732, -1.408326112068541525 ) ) ;
#4011 = CARTESIAN_POINT ( 'NONE',  ( 2.081899558550498061E-16, -55.93750000000000000, -3.400000000000015898 ) ) ;
#4012 = CARTESIAN_POINT ( 'NONE',  ( 2.882579019330970382, -58.35937500170699366, 2.882579019330952175 ) ) ;
#4013 = CARTESIAN_POINT ( 'NONE',  ( 4.163799117100996122E-16, -65.00000000000000000, 3.399999999999975930 ) ) ;
#4014 = CARTESIAN_POINT ( 'NONE',  ( 2.882579019330970382, -39.76562500170699366, 2.882579019330952175 ) ) ;
#4015 = CARTESIAN_POINT ( 'NONE',  ( -6.245698675651493936E-16, -51.87500000341398021, 3.399999999999975930 ) ) ;
#4016 = VERTEX_POINT ( 'NONE', #1586 ) ;
#4017 = AXIS2_PLACEMENT_3D ( 'NONE', #94, #5472, #4029 ) ;
#4018 = EDGE_LOOP ( 'NONE', ( #2296, #3279, #3063, #3528 ) ) ;
#4019 = CARTESIAN_POINT ( 'NONE',  ( 3.399999999999995470, -53.98437500341399442, -1.408326112068541525 ) ) ;
#4020 = CARTESIAN_POINT ( 'NONE',  ( 3.399999999999995470, -50.23437500341398732, -1.408326112068541525 ) ) ;
#4021 = CARTESIAN_POINT ( 'NONE',  ( 1.688575694911947256, -64.37500000170700787, -4.076582343750016157 ) ) ;
#4022 = CARTESIAN_POINT ( 'NONE',  ( -3.399999999999995914, -36.87500000000000711, -2.036942155645390229E-14 ) ) ;
#4023 = CARTESIAN_POINT ( 'NONE',  ( 3.399999999999995026, -37.57812500000000711, 1.408326112068503777 ) ) ;
#4024 = CARTESIAN_POINT ( 'NONE',  ( 2.882579019330970382, -57.26562500170698655, 2.882579019330952175 ) ) ;
#4025 = CARTESIAN_POINT ( 'NONE',  ( 0.000000000000000000, -65.00000000000000000, -1.995304164474380342E-14 ) ) ;
#4026 = CARTESIAN_POINT ( 'NONE',  ( 4.076582343749994841, -39.53125000170699366, 1.688575694911929936 ) ) ;
#4027 = CARTESIAN_POINT ( 'NONE',  ( -2.882579019330970826, -40.39062500170699366, -2.882579019330991699 ) ) ;
#4028 = CARTESIAN_POINT ( 'NONE',  ( 3.399999999999995914, -42.50000000000000000, -1.995304164474380342E-14 ) ) ;
#4029 = DIRECTION ( 'NONE',  ( 0.000000000000000000, 0.000000000000000000, -1.000000000000000000 ) ) ;
#4030 = CARTESIAN_POINT ( 'NONE',  ( 2.882579019330971715, -53.04687500170699366, -2.882579019330991699 ) ) ;
#4031 = CARTESIAN_POINT ( 'NONE',  ( -7.488560278101070689E-16, -59.92187500170699366, 4.076582343749976189 ) ) ;
#4032 = CARTESIAN_POINT ( 'NONE',  ( 1.688575694911947256, -35.46875000170699366, -4.076582343750016157 ) ) ;
#4033 = CARTESIAN_POINT ( 'NONE',  ( -2.882579019330970826, -41.48437500170700076, -2.882579019330991699 ) ) ;
#4034 = DIRECTION ( 'NONE',  ( -0.000000000000000000, -1.000000000000000000, -0.000000000000000000 ) ) ;
#4035 = CARTESIAN_POINT ( 'NONE',  ( -2.882579019330972159, -52.57812500170699366, 2.882579019330950842 ) ) ;
#4036 = EDGE_CURVE ( 'NONE', #1468, #3467, #3494, .T. ) ;
#4037 = ORIENTED_EDGE ( 'NONE', *, *, #3462, .T. ) ;
#4038 = CARTESIAN_POINT ( 'NONE',  ( -2.882579019330972159, -62.42187500170700076, 2.882579019330950842 ) ) ;
#4039 = AXIS2_PLACEMENT_3D ( 'NONE', #3837, #4759, #3342 ) ;
#4040 = CARTESIAN_POINT ( 'NONE',  ( -6.245698675651493936E-16, -49.06250000000000000, 3.399999999999975930 ) ) ;
#4041 = CARTESIAN_POINT ( 'NONE',  ( 2.404163056034257728, -39.21875000341398732, 2.404163056034239077 ) ) ;
#4042 = CARTESIAN_POINT ( 'NONE',  ( 2.404163056034257728, -52.65625000000000000, 2.404163056034239077 ) ) ;
#4043 = CARTESIAN_POINT ( 'NONE',  ( 1.688575694911947256, -50.46875000170699366, -4.076582343750016157 ) ) ;
#4044 = CARTESIAN_POINT ( 'NONE',  ( -2.882579019330970826, -57.73437500170699366, -2.882579019330991699 ) ) ;
#4045 = CARTESIAN_POINT ( 'NONE',  ( 4.163799117100996122E-16, -65.00000000000000000, 3.399999999999975930 ) ) ;
#4046 = CARTESIAN_POINT ( 'NONE',  ( 4.076582343749995729, -38.35937500170699366, -1.995304164474380342E-14 ) ) ;
#4047 = CARTESIAN_POINT ( 'NONE',  ( 4.076582343749994841, -45.93750000170698655, 1.688575694911929936 ) ) ;
#4048 = CARTESIAN_POINT ( 'NONE',  ( 4.076582343749995729, -39.60937500170699366, -1.995304164474380342E-14 ) ) ;
#4049 = CARTESIAN_POINT ( 'NONE',  ( 3.399999999999995026, -50.07812500000000000, 1.408326112068504221 ) ) ;
#4050 = ORIENTED_EDGE ( 'NONE', *, *, #2533, .F. ) ;
#4051 = VERTEX_POINT ( 'NONE', #1029 ) ;
#4052 = CARTESIAN_POINT ( 'NONE',  ( -2.404163056034258172, -51.09375000341398732, -2.404163056034278600 ) ) ;
#4053 = CARTESIAN_POINT ( 'NONE',  ( -3.399999999999995914, -50.93750000341398732, -2.036942155645390229E-14 ) ) ;
#4054 = CARTESIAN_POINT ( 'NONE',  ( 4.076582343749994841, -60.93750000170700076, 1.688575694911929936 ) ) ;
#4055 = CARTESIAN_POINT ( 'NONE',  ( 2.404163056034257728, -56.71875000341398021, 2.404163056034239077 ) ) ;
#4056 = CARTESIAN_POINT ( 'NONE',  ( -1.408326112068521319, -37.10937500000000711, -3.400000000000015898 ) ) ;
#4057 = CARTESIAN_POINT ( 'NONE',  ( -2.882579019330970826, -56.64062500170699366, -2.882579019330991699 ) ) ;
#4058 = DIRECTION ( 'NONE',  ( 0.7071067811865489050, -0.7071067811865460184, -0.000000000000000000 ) ) ;
#4059 = CARTESIAN_POINT ( 'NONE',  ( 4.076582343749995729, -36.87500000170698655, -1.688575694911966796 ) ) ;
#4060 = CARTESIAN_POINT ( 'NONE',  ( 2.496186759367024056E-16, -44.29687500170699366, -4.076582343750016157 ) ) ;
#4061 = CARTESIAN_POINT ( 'NONE',  ( -2.404163056034259061, -52.96875000000000000, 2.404163056034238188 ) ) ;
#4062 = CARTESIAN_POINT ( 'NONE',  ( 3.399999999999995470, -46.17187500000000711, -1.408326112068541525 ) ) ;
#4063 = CARTESIAN_POINT ( 'NONE',  ( 0.000000000000000000, -65.00000000000000000, -3.400000000000015898 ) ) ;
#4064 = VECTOR ( 'NONE', #2605, 1000.000000000000000 ) ;
#4065 = CARTESIAN_POINT ( 'NONE',  ( -2.882579019330972159, -53.67187500170699366, 2.882579019330950842 ) ) ;
#4066 = CARTESIAN_POINT ( 'NONE',  ( 4.076582343749995729, -55.85937500170699366, -1.995304164474380342E-14 ) ) ;
#4067 = CYLINDRICAL_SURFACE ( 'NONE', #3950, 3.399999999999995914 ) ;
#4068 = CARTESIAN_POINT ( 'NONE',  ( 2.882579019330971715, -36.79687500170699366, -2.882579019330991699 ) ) ;
#4069 = CARTESIAN_POINT ( 'NONE',  ( -1.408326112068569280, -46.64062500000000711, 3.399999999999929301 ) ) ;
#4070 = CARTESIAN_POINT ( 'NONE',  ( 1.688575694911947256, -50.62500000170699366, -4.076582343750016157 ) ) ;
#4071 = VERTEX_POINT ( 'NONE', #2156 ) ;
#4072 = CARTESIAN_POINT ( 'NONE',  ( 4.076582343749995729, -61.95312500170699366, -1.995304164474380342E-14 ) ) ;
#4073 = CARTESIAN_POINT ( 'NONE',  ( 2.404163056034257728, -35.46875000341398732, 2.404163056034239077 ) ) ;
#4074 = CARTESIAN_POINT ( 'NONE',  ( 2.404163056034257728, -36.71875000341398732, 2.404163056034239077 ) ) ;
#4075 = CARTESIAN_POINT ( 'NONE',  ( 2.404163056034258616, -54.84375000000000711, -2.404163056034278600 ) ) ;
#4076 = CARTESIAN_POINT ( 'NONE',  ( -4.076582343749995729, -52.65625000170700076, -1.688575694911967684 ) ) ;
#4077 = CARTESIAN_POINT ( 'NONE',  ( -4.076582343749995729, -53.82812500170699366, -2.045227899661720714E-14 ) ) ;
#4078 = CARTESIAN_POINT ( 'NONE',  ( -3.399999999999995914, -63.51562500341398021, -1.408326112068541747 ) ) ;
#4079 = CARTESIAN_POINT ( 'NONE',  ( -2.882579019330970826, -39.14062500170699366, -2.882579019330991699 ) ) ;
#4080 = CARTESIAN_POINT ( 'NONE',  ( 2.882579019330970382, -46.01562500170699366, 2.882579019330952175 ) ) ;
#4081 = CARTESIAN_POINT ( 'NONE',  ( 1.688575694911947256, -41.87500000170699366, -4.076582343750016157 ) ) ;
#4082 = CARTESIAN_POINT ( 'NONE',  ( 2.081899558550498061E-16, -55.00000000341398732, -3.400000000000015898 ) ) ;
#4083 = VERTEX_POINT ( 'NONE', #3126 ) ;
#4084 = VECTOR ( 'NONE', #5752, 1000.000000000000000 ) ;
#4085 = EDGE_LOOP ( 'NONE', ( #80, #2880, #2886, #1714 ) ) ;
#4086 = EDGE_CURVE ( 'NONE', #6319, #1383, #2545, .T. ) ;
#4087 = CARTESIAN_POINT ( 'NONE',  ( 2.081899558550498061E-16, -47.50000000341398732, -3.400000000000015898 ) ) ;
#4088 = CARTESIAN_POINT ( 'NONE',  ( -1.408326112068521319, -52.42187500341399442, -3.400000000000015898 ) ) ;
#4089 = CARTESIAN_POINT ( 'NONE',  ( 2.496186759367024056E-16, -60.54687500170699366, -4.076582343750016157 ) ) ;
#4090 = CARTESIAN_POINT ( 'NONE',  ( 3.399999999999995914, -61.56250000341398021, -1.995304164474380342E-14 ) ) ;
#4091 = CARTESIAN_POINT ( 'NONE',  ( 2.081899558550498061E-16, -35.93750000000000000, -3.400000000000015898 ) ) ;
#4092 = CARTESIAN_POINT ( 'NONE',  ( 2.496186759367024056E-16, -58.04687500170699366, -4.076582343750016157 ) ) ;
#4093 = CARTESIAN_POINT ( 'NONE',  ( -3.399999999999995914, -56.01562500341398732, -1.408326112068541747 ) ) ;
#4094 =( BOUNDED_CURVE ( )  B_SPLINE_CURVE ( 2, ( #1258, #699, #4740, #4102, #4670, #240, #4247, #6238, #1681 ),
 .UNSPECIFIED., .F., .T. ) 
 B_SPLINE_CURVE_WITH_KNOTS ( ( 3, 2, 2, 2, 3 ),
 ( 0.7812500000000000000, 0.7864583333333333703, 0.7916666666666665186, 0.7968749999999998890, 0.8020833333333332593 ),
 .UNSPECIFIED. ) 
 CURVE ( )  GEOMETRIC_REPRESENTATION_ITEM ( )  RATIONAL_B_SPLINE_CURVE ( ( 1.000000000000000000, 0.9238795325112867385, 1.000000000000000000, 0.9238795325112867385, 1.000000000000000000, 0.9238795325112867385, 1.000000000000000000, 0.9238795325112884038, 0.9999999999999983347 ) ) 
 REPRESENTATION_ITEM ( '' )  );
#4095 = CARTESIAN_POINT ( 'NONE',  ( -7.488560278101070689E-16, -38.51562500170699366, 4.076582343749976189 ) ) ;
#4096 = CARTESIAN_POINT ( 'NONE',  ( -4.076582343749995729, -44.06250000170699366, -1.688575694911967240 ) ) ;
#4097 = CARTESIAN_POINT ( 'NONE',  ( -3.399999999999996358, -54.29687500000000000, 1.408326112068500890 ) ) ;
#4098 = CARTESIAN_POINT ( 'NONE',  ( -3.399999999999995470, -40.70312500000000711, -1.408326112068541747 ) ) ;
#4099 = CARTESIAN_POINT ( 'NONE',  ( 2.081899558550498061E-16, -36.25000000341398021, -3.400000000000015898 ) ) ;
#4100 = CARTESIAN_POINT ( 'NONE',  ( -4.076582343749996618, -53.75000000170698655, 1.688575694911926828 ) ) ;
#4101 = CARTESIAN_POINT ( 'NONE',  ( 1.688575694911947922, -59.84375000170699366, 4.076582343749975301 ) ) ;
#4102 = CARTESIAN_POINT ( 'NONE',  ( 3.399999999999995026, -40.39062500341398732, 1.408326112068504221 ) ) ;
#4103 = CARTESIAN_POINT ( 'NONE',  ( 3.399999999999995914, -42.81250000341398021, -1.995304164474380342E-14 ) ) ;
#4104 = CARTESIAN_POINT ( 'NONE',  ( 4.076582343749994841, -37.03125000170699366, 1.688575694911929936 ) ) ;
#4105 = CARTESIAN_POINT ( 'NONE',  ( -3.399999999999996803, -39.29687500000000000, 1.408326112068501335 ) ) ;
#4106 =( BOUNDED_CURVE ( )  B_SPLINE_CURVE ( 2, ( #3925, #1402, #2457, #5397, #4458, #2907, #2367, #1465, #5923 ),
 .UNSPECIFIED., .F., .F. ) 
 B_SPLINE_CURVE_WITH_KNOTS ( ( 3, 2, 2, 2, 3 ),
 ( 0.6145833333333331483, 0.6197916666666664076, 0.6249999999999997780, 0.6302083333333332593, 0.6354166666666665186 ),
 .UNSPECIFIED. ) 
 CURVE ( )  GEOMETRIC_REPRESENTATION_ITEM ( )  RATIONAL_B_SPLINE_CURVE ( ( 1.000000000000003331, 0.9238795325112835188, 1.000000000000000000, 0.9238795325112867385, 1.000000000000000000, 0.9238795325112867385, 1.000000000000000000, 0.9238795325112884038, 0.9999999999999983347 ) ) 
 REPRESENTATION_ITEM ( '' )  );
#4107 = CARTESIAN_POINT ( 'NONE',  ( -4.076582343749996618, -36.40625000170699366, 1.688575694911926828 ) ) ;
#4108 = CARTESIAN_POINT ( 'NONE',  ( 2.081899558550498061E-16, -49.68750000000000000, -3.400000000000015898 ) ) ;
#4109 = CARTESIAN_POINT ( 'NONE',  ( 3.399999999999995026, -39.14062500341398732, 1.408326112068503777 ) ) ;
#4110 = CARTESIAN_POINT ( 'NONE',  ( -3.399999999999995470, -54.45312500000000711, -1.408326112068541747 ) ) ;
#4111 = CARTESIAN_POINT ( 'NONE',  ( -2.882579019330972159, -46.17187500170699366, 2.882579019330950842 ) ) ;
#4112 = CARTESIAN_POINT ( 'NONE',  ( -2.882579019330972159, -49.92187500170699366, 2.882579019330950842 ) ) ;
#4113 = CARTESIAN_POINT ( 'NONE',  ( -6.245698675651493936E-16, -63.12500000341399442, 3.399999999999975930 ) ) ;
#4114 = CARTESIAN_POINT ( 'NONE',  ( 4.076582343749994841, -37.18750000170699366, 1.688575694911929936 ) ) ;
#4115 = CARTESIAN_POINT ( 'NONE',  ( -2.882579019330972159, -46.32812500170699366, 2.882579019330950842 ) ) ;
#4116 = CARTESIAN_POINT ( 'NONE',  ( 4.076582343749995729, -43.28125000170698655, -1.688575694911966796 ) ) ;
#4117 = CARTESIAN_POINT ( 'NONE',  ( -2.404163056034258172, -60.78125000000000000, -2.404163056034278600 ) ) ;
#4118 = VERTEX_POINT ( 'NONE', #2049 ) ;
#4119 = ORIENTED_EDGE ( 'NONE', *, *, #4661, .T. ) ;
#4120 = CARTESIAN_POINT ( 'NONE',  ( 3.399999999999995026, -46.64062500341398021, 1.408326112068503777 ) ) ;
#4121 = CARTESIAN_POINT ( 'NONE',  ( 3.399999999999995914, -54.06250000341398732, -1.995304164474380342E-14 ) ) ;
#4122 = CARTESIAN_POINT ( 'NONE',  ( -1.688575694911949698, -62.50000000170700076, 4.076582343749975301 ) ) ;
#4123 = CARTESIAN_POINT ( 'NONE',  ( -6.245698675651493936E-16, -42.81250000000000000, 3.399999999999975930 ) ) ;
#4124 = CARTESIAN_POINT ( 'NONE',  ( 2.404163056034257728, -40.15625000000000711, 2.404163056034239077 ) ) ;
#4125 = AXIS2_PLACEMENT_3D ( 'NONE', #2277, #5601, #1110 ) ;
#4126 = CARTESIAN_POINT ( 'NONE',  ( -1.688575694911949698, -55.00000000170699366, 4.076582343749975301 ) ) ;
#4127 = ADVANCED_FACE ( 'NONE', ( #6043 ), #4151, .T. ) ;
#4128 = CARTESIAN_POINT ( 'NONE',  ( -2.404163056034259061, -34.53125000341398732, 2.404163056034238188 ) ) ;
#4129 = CARTESIAN_POINT ( 'NONE',  ( -7.488560278101070689E-16, -36.01562500170699366, 4.076582343749976189 ) ) ;
#4130 = CARTESIAN_POINT ( 'NONE',  ( 1.408326112068521985, -63.82812500341398732, -3.400000000000015898 ) ) ;
#4131 = CARTESIAN_POINT ( 'NONE',  ( 2.404163056034257728, -53.90625000000000000, 2.404163056034239077 ) ) ;
#4132 = CARTESIAN_POINT ( 'NONE',  ( -3.399999999999995914, -39.37500000000000000, -2.036942155645390229E-14 ) ) ;
#4133 = CARTESIAN_POINT ( 'NONE',  ( -1.738797985022701997, -64.50799429693309150, -3.084124165594553713 ) ) ;
#4134 =( BOUNDED_CURVE ( )  B_SPLINE_CURVE ( 2, ( #5188, #6198, #6130, #5707, #1215, #1638, #3251, #4209, #6234 ),
 .UNSPECIFIED., .F., .F. ) 
 B_SPLINE_CURVE_WITH_KNOTS ( ( 3, 2, 2, 2, 3 ),
 ( 0.3229166666666666852, 0.3281250000000000000, 0.3333333333333333703, 0.3385416666666667407, 0.3437500000000000555 ),
 .UNSPECIFIED. ) 
 CURVE ( )  GEOMETRIC_REPRESENTATION_ITEM ( )  RATIONAL_B_SPLINE_CURVE ( ( 1.000000000000000000, 0.9238795325112867385, 1.000000000000000000, 0.9238795325112867385, 1.000000000000000000, 0.9238795325112867385, 1.000000000000000000, 0.9238795325112859613, 1.000000000000000888 ) ) 
 REPRESENTATION_ITEM ( '' )  );
#4135 = CARTESIAN_POINT ( 'NONE',  ( -4.076582343749995729, -50.15625000170700076, -1.688575694911967240 ) ) ;
#4136 = CARTESIAN_POINT ( 'NONE',  ( -7.488560278101070689E-16, -51.17187500170699366, 4.076582343749976189 ) ) ;
#4137 = DIRECTION ( 'NONE',  ( 0.000000000000000000, 0.000000000000000000, -1.000000000000000000 ) ) ;
#4138 = CARTESIAN_POINT ( 'NONE',  ( -1.408326112068560620, -62.89062500000000711, 3.399999999999937295 ) ) ;
#4139 = CARTESIAN_POINT ( 'NONE',  ( -2.882579019330972159, -37.42187500170699366, 2.882579019330950842 ) ) ;
#4140 = CARTESIAN_POINT ( 'NONE',  ( 2.081899558550498061E-16, -57.18750000000000000, -3.400000000000015898 ) ) ;
#4141 = CARTESIAN_POINT ( 'NONE',  ( 3.399999999999995914, -55.00000000000000000, -1.995304164474380342E-14 ) ) ;
#4142 = EDGE_CURVE ( 'NONE', #2393, #1376, #2978, .T. ) ;
#4143 = CARTESIAN_POINT ( 'NONE',  ( 1.688575694911947256, -61.71875000170700076, -4.076582343750016157 ) ) ;
#4144 = CARTESIAN_POINT ( 'NONE',  ( -1.688575694911949698, -59.84375000170700076, 4.076582343749975301 ) ) ;
#4145 = CARTESIAN_POINT ( 'NONE',  ( -6.154239880565942170E-08, -34.99999999999999289, -3.400000000000015454 ) ) ;
#4146 = CARTESIAN_POINT ( 'NONE',  ( -1.408326112068521319, -64.60937500000000000, -3.400000000000015898 ) ) ;
#4147 = CARTESIAN_POINT ( 'NONE',  ( -3.399999999999995914, -53.12500000000000711, -2.036942155645390229E-14 ) ) ;
#4148 = CARTESIAN_POINT ( 'NONE',  ( 4.076582343749995729, -44.45312500170699366, -1.995304164474380342E-14 ) ) ;
#4149 = CARTESIAN_POINT ( 'NONE',  ( 4.076582343749995729, -51.87500000170700076, -1.688575694911966796 ) ) ;
#4150 =( BOUNDED_CURVE ( )  B_SPLINE_CURVE ( 2, ( #85, #3472, #5496, #6454, #1973, #4585, #2554, #2466, #979 ),
 .UNSPECIFIED., .F., .T. ) 
 B_SPLINE_CURVE_WITH_KNOTS ( ( 3, 2, 2, 2, 3 ),
 ( 0.8854166666666667407, 0.8906250000000001110, 0.8958333333333334814, 0.9010416666666667407, 0.9062500000000001110 ),
 .UNSPECIFIED. ) 
 CURVE ( )  GEOMETRIC_REPRESENTATION_ITEM ( )  RATIONAL_B_SPLINE_CURVE ( ( 0.9999999999999983347, 0.9238795325112884038, 1.000000000000000000, 0.9238795325112867385, 1.000000000000000000, 0.9238795325112867385, 1.000000000000000000, 0.9238795325112850731, 1.000000000000001554 ) ) 
 REPRESENTATION_ITEM ( '' )  );
#4151 = SPHERICAL_SURFACE ( 'NONE', #5316, 7.750000000000000000 ) ;
#4152 = CARTESIAN_POINT ( 'NONE',  ( -4.076582343749995729, -38.98437500170699366, -2.045227899661720714E-14 ) ) ;
#4153 = CARTESIAN_POINT ( 'NONE',  ( -4.076582343749995729, -47.81250000170700076, -1.688575694911967684 ) ) ;
#4154 = CARTESIAN_POINT ( 'NONE',  ( 4.076582343749995729, -40.78125000170698655, -1.688575694911966796 ) ) ;
#4155 = CARTESIAN_POINT ( 'NONE',  ( 2.081899558550498061E-16, -49.68750000000000000, -3.400000000000015898 ) ) ;
#4156 = VERTEX_POINT ( 'NONE', #6108 ) ;
#4157 = ORIENTED_EDGE ( 'NONE', *, *, #1643, .T. ) ;
#4158 = CARTESIAN_POINT ( 'NONE',  ( -6.245698675651493936E-16, -56.56250000000000000, 3.399999999999975930 ) ) ;
#4159 = CARTESIAN_POINT ( 'NONE',  ( -6.245698675651493936E-16, -49.37500000341398732, 3.399999999999975930 ) ) ;
#4160 = CARTESIAN_POINT ( 'NONE',  ( 1.408326112068522651, -46.79687500341398021, 3.399999999999975486 ) ) ;
#4161 = CARTESIAN_POINT ( 'NONE',  ( 2.496186759367024056E-16, -59.29687500170699366, -4.076582343750016157 ) ) ;
#4162 = FACE_OUTER_BOUND ( 'NONE', #5602, .T. ) ;
#4164 = CARTESIAN_POINT ( 'NONE',  ( 2.081899558550498061E-16, -38.43750000000000000, -3.400000000000015898 ) ) ;
#4163 = AXIS2_PLACEMENT_3D ( 'NONE', #178, #5916, #6379 ) ;
#4165 = CARTESIAN_POINT ( 'NONE',  ( 2.882579019330971715, -35.70312500170699366, -2.882579019330991699 ) ) ;
#4166 = CARTESIAN_POINT ( 'NONE',  ( 1.688575694911947256, -58.12500000170699366, -4.076582343750016157 ) ) ;
#4167 = EDGE_CURVE ( 'NONE', #3375, #3033, #6146, .T. ) ;
#4168 = DIRECTION ( 'NONE',  ( -0.000000000000000000, -1.000000000000000000, -0.000000000000000000 ) ) ;
#4169 = CARTESIAN_POINT ( 'NONE',  ( -2.404163056034258172, -61.09375000341398732, -2.404163056034278600 ) ) ;
#4170 = CARTESIAN_POINT ( 'NONE',  ( 4.076582343749995729, -35.70312500170700076, -1.995304164474380342E-14 ) ) ;
#4171 = CARTESIAN_POINT ( 'NONE',  ( -3.399999999999996358, -62.10937500341398021, 1.408326112068500890 ) ) ;
#4172 = CARTESIAN_POINT ( 'NONE',  ( 2.404163056034258616, -53.59375000000000000, -2.404163056034278600 ) ) ;
#4173 = LINE ( 'NONE', #728, #465 ) ;
#4174 = CARTESIAN_POINT ( 'NONE',  ( -4.076582343749995729, -53.90625000170699366, -1.688575694911967240 ) ) ;
#4175 = CARTESIAN_POINT ( 'NONE',  ( 2.882579019330970382, -54.76562500170699366, 2.882579019330952175 ) ) ;
#4176 = CYLINDRICAL_SURFACE ( 'NONE', #5773, 3.399999999999995914 ) ;
#4177 = CARTESIAN_POINT ( 'NONE',  ( 0.000000000000000000, -65.00000000000000000, -1.995304164474380342E-14 ) ) ;
#4178 = CARTESIAN_POINT ( 'NONE',  ( 4.076582343749995729, -38.20312500170700076, -1.995304164474380342E-14 ) ) ;
#4179 = CARTESIAN_POINT ( 'NONE',  ( 2.081899558550498061E-16, -45.93750000000000711, -3.400000000000015898 ) ) ;
#4180 = CARTESIAN_POINT ( 'NONE',  ( -3.399999999999995914, -41.95312500000000000, -1.408326112068541747 ) ) ;
#4181 = AXIS2_PLACEMENT_3D ( 'NONE', #2001, #4957, #4551 ) ;
#4182 = CARTESIAN_POINT ( 'NONE',  ( -4.076582343749995729, -62.65625000170699366, -1.688575694911967240 ) ) ;
#4183 = CARTESIAN_POINT ( 'NONE',  ( 2.404163056034257728, -34.21875000341398021, 2.404163056034239077 ) ) ;
#4184 = CARTESIAN_POINT ( 'NONE',  ( 2.404163056034258616, -63.59375000000000711, -2.404163056034278600 ) ) ;
#4185 = CARTESIAN_POINT ( 'NONE',  ( 2.081899558550498061E-16, -48.43750000000000000, -3.400000000000015898 ) ) ;
#4186 = CARTESIAN_POINT ( 'NONE',  ( -4.076582343749995729, -48.90625000170699366, -1.688575694911967684 ) ) ;
#4187 = CARTESIAN_POINT ( 'NONE',  ( -4.076582343749996618, -52.50000000170699366, 1.688575694911926828 ) ) ;
#4188 = CARTESIAN_POINT ( 'NONE',  ( 3.399999999999995026, -48.82812500000000711, 1.408326112068504221 ) ) ;
#4189 = CARTESIAN_POINT ( 'NONE',  ( -4.076582343749996618, -37.65625000170700076, 1.688575694911926828 ) ) ;
#4190 = CARTESIAN_POINT ( 'NONE',  ( 2.496186759367024056E-16, -45.54687500170699366, -4.076582343750016157 ) ) ;
#4191 = CARTESIAN_POINT ( 'NONE',  ( -1.688575694911949698, -35.00000000170700076, 4.076582343749975301 ) ) ;
#4192 = CARTESIAN_POINT ( 'NONE',  ( -1.408326112068511993, -53.20312500341397310, 3.399999999999986589 ) ) ;
#4193 = ORIENTED_EDGE ( 'NONE', *, *, #412, .F. ) ;
#4194 = VERTEX_POINT ( 'NONE', #2292 ) ;
#4195 = CARTESIAN_POINT ( 'NONE',  ( -3.399999999999996803, -56.79687500000000000, 1.408326112068501335 ) ) ;
#4196 = CARTESIAN_POINT ( 'NONE',  ( -3.399999999999995470, -48.51562500341398021, -1.408326112068541747 ) ) ;
#4197 = CARTESIAN_POINT ( 'NONE',  ( -2.404163056034259061, -48.28125000341398732, 2.404163056034238188 ) ) ;
#4198 = CARTESIAN_POINT ( 'NONE',  ( -4.076582343749995729, -60.31250000170700076, -1.688575694911967240 ) ) ;
#4199 = DIRECTION ( 'NONE',  ( -0.000000000000000000, -1.000000000000000000, -0.000000000000000000 ) ) ;
#4200 = CARTESIAN_POINT ( 'NONE',  ( -7.848253377885661734E-15, -32.95707389530629428, -1.995304164474380342E-14 ) ) ;
#4201 = CARTESIAN_POINT ( 'NONE',  ( -7.488560278101070689E-16, -53.67187500170698655, 4.076582343749976189 ) ) ;
#4202 = CARTESIAN_POINT ( 'NONE',  ( -1.688575694911946590, -61.71875000170699366, -4.076582343750016157 ) ) ;
#4203 = CARTESIAN_POINT ( 'NONE',  ( 2.081899558550498061E-16, -63.75000000341399442, -3.400000000000015898 ) ) ;
#4204 = CARTESIAN_POINT ( 'NONE',  ( -1.688575694911950142, -56.09375000170700076, 4.076582343749975301 ) ) ;
#4205 = CARTESIAN_POINT ( 'NONE',  ( 2.882579019330970382, -34.60937500170699366, 2.882579019330952175 ) ) ;
#4206 = CARTESIAN_POINT ( 'NONE',  ( 2.404163056034257728, -51.40625000000000000, 2.404163056034239077 ) ) ;
#4207 = EDGE_CURVE ( 'NONE', #649, #5541, #5206, .T. ) ;
#4208 = CARTESIAN_POINT ( 'NONE',  ( -1.688575694911950142, -36.25000000170699366, 4.076582343749975301 ) ) ;
#4209 = CARTESIAN_POINT ( 'NONE',  ( 1.408326112068510438, -53.82812500341397310, -3.400000000000027445 ) ) ;
#4210 = ORIENTED_EDGE ( 'NONE', *, *, #5111, .T. ) ;
#4211 = CARTESIAN_POINT ( 'NONE',  ( 1.688575694911947256, -46.71875000170700787, -4.076582343750016157 ) ) ;
#4212 = CARTESIAN_POINT ( 'NONE',  ( 1.688575694911947922, -52.34375000170698655, 4.076582343749975301 ) ) ;
#4213 = CARTESIAN_POINT ( 'NONE',  ( 3.399999999999995914, -34.53125000170699366, -1.995304164474380342E-14 ) ) ;
#4214 = CARTESIAN_POINT ( 'NONE',  ( 3.399999999999995026, -42.57812500000000000, 1.408326112068504221 ) ) ;
#4215 = CARTESIAN_POINT ( 'NONE',  ( -2.404163056034259061, -57.03125000341398021, 2.404163056034238188 ) ) ;
#4216 = CARTESIAN_POINT ( 'NONE',  ( 2.404163056034258616, -43.90625000341398732, -2.404163056034278600 ) ) ;
#4217 = CARTESIAN_POINT ( 'NONE',  ( -1.688575694911946590, -62.81250000170699366, -4.076582343750016157 ) ) ;
#4218 = CARTESIAN_POINT ( 'NONE',  ( -1.408326112068532865, -55.85937500000001421, -3.400000000000004796 ) ) ;
#4219 = CARTESIAN_POINT ( 'NONE',  ( 1.408326112068522651, -62.73437500000000711, 3.399999999999975486 ) ) ;
#4220 = CARTESIAN_POINT ( 'NONE',  ( -2.404163056034259061, -49.21875000000000711, 2.404163056034238188 ) ) ;
#4221 = CARTESIAN_POINT ( 'NONE',  ( -2.882579019330972159, -44.92187500170699366, 2.882579019330950842 ) ) ;
#4222 = CARTESIAN_POINT ( 'NONE',  ( -1.688575694911949698, -52.34375000170699366, 4.076582343749975301 ) ) ;
#4223 = DIRECTION ( 'NONE',  ( -0.000000000000000000, -1.000000000000000000, -0.000000000000000000 ) ) ;
#4224 = CARTESIAN_POINT ( 'NONE',  ( -2.882579019330970826, -42.89062500170699366, -2.882579019330991699 ) ) ;
#4225 = CARTESIAN_POINT ( 'NONE',  ( 1.688575694911947256, -38.12500000170698655, -4.076582343750016157 ) ) ;
#4226 = CARTESIAN_POINT ( 'NONE',  ( -6.245698675651493936E-16, -60.31250000000000711, 3.399999999999975930 ) ) ;
#4227 = VERTEX_POINT ( 'NONE', #3796 ) ;
#4228 = ORIENTED_EDGE ( 'NONE', *, *, #4451, .F. ) ;
#4229 = CC_DESIGN_PERSON_AND_ORGANIZATION_ASSIGNMENT ( #3385, #272, ( #2627 ) ) ;
#4230 = CYLINDRICAL_SURFACE ( 'NONE', #511, 3.399999999999995914 ) ;
#4231 = CARTESIAN_POINT ( 'NONE',  ( -1.408326112068521319, -43.67187500341398732, -3.400000000000015898 ) ) ;
#4232 = CARTESIAN_POINT ( 'NONE',  ( -3.399999999999996358, -45.85937500341398021, 1.408326112068500890 ) ) ;
#4233 = CARTESIAN_POINT ( 'NONE',  ( 1.408326112068521985, -62.26562500000001421, -3.400000000000015898 ) ) ;
#4234 = CARTESIAN_POINT ( 'NONE',  ( -3.399999999999996358, -35.54687500000000711, 1.408326112068500890 ) ) ;
#4235 = LINE ( 'NONE', #6226, #5214 ) ;
#4236 = CARTESIAN_POINT ( 'NONE',  ( 2.882579019330970382, -51.01562500170699366, 2.882579019330952175 ) ) ;
#4237 = CARTESIAN_POINT ( 'NONE',  ( 2.882579019330971715, -63.20312500170699366, -2.882579019330991699 ) ) ;
#4238 = CARTESIAN_POINT ( 'NONE',  ( -3.399999999999995914, -63.43750000341398732, -2.036942155645390229E-14 ) ) ;
#4239 = CARTESIAN_POINT ( 'NONE',  ( -4.076582343749996618, -57.50000000170700076, 1.688575694911926828 ) ) ;
#4240 = CARTESIAN_POINT ( 'NONE',  ( 3.399999999999995026, -62.89062500341398021, 1.408326112068503777 ) ) ;
#4241 = CARTESIAN_POINT ( 'NONE',  ( 3.399999999999995470, -49.92187500000000000, -1.408326112068541525 ) ) ;
#4242 = CARTESIAN_POINT ( 'NONE',  ( -1.122414059389480467, -64.53299322525843706, -3.384002500199776886 ) ) ;
#4243 = ORIENTED_EDGE ( 'NONE', *, *, #4167, .F. ) ;
#4244 = CARTESIAN_POINT ( 'NONE',  ( 1.688575694911947256, -59.21875000170699366, -4.076582343750016157 ) ) ;
#4245 = CARTESIAN_POINT ( 'NONE',  ( -2.882579019330970826, -46.48437500170699366, -2.882579019330991699 ) ) ;
#4246 = CARTESIAN_POINT ( 'NONE',  ( 1.688575694911947922, -51.09375000170699366, 4.076582343749975301 ) ) ;
#4247 = CARTESIAN_POINT ( 'NONE',  ( 2.404163056034258616, -40.15625000341398021, -2.404163056034278600 ) ) ;
#4248 = CARTESIAN_POINT ( 'NONE',  ( 2.404163056034258616, -39.84375000000000000, -2.404163056034278600 ) ) ;
#4249 = CARTESIAN_POINT ( 'NONE',  ( -6.245698675651493936E-16, -55.62500000341398732, 3.399999999999975930 ) ) ;
#4250 = CARTESIAN_POINT ( 'NONE',  ( -4.076582343749996618, -63.75000000170700076, 1.688575694911926828 ) ) ;
#4251 = FACE_OUTER_BOUND ( 'NONE', #3051, .T. ) ;
#4252 = CARTESIAN_POINT ( 'NONE',  ( 2.404163056034258616, -61.09375000000000000, -2.404163056034278600 ) ) ;
#4253 = CARTESIAN_POINT ( 'NONE',  ( 3.399999999999995470, -48.67187500000000711, -1.408326112068541525 ) ) ;
#4254 = CARTESIAN_POINT ( 'NONE',  ( -1.688575694911950142, -46.09375000170700076, 4.076582343749975301 ) ) ;
#4255 = CARTESIAN_POINT ( 'NONE',  ( -1.688575694911946590, -44.06250000170700076, -4.076582343750016157 ) ) ;
#4256 = CARTESIAN_POINT ( 'NONE',  ( 2.081899558550498061E-16, -57.50000000341398732, -3.400000000000015898 ) ) ;
#4257 = CARTESIAN_POINT ( 'NONE',  ( 4.076582343749995729, -44.53125000170699366, -1.688575694911967018 ) ) ;
#4258 = CARTESIAN_POINT ( 'NONE',  ( -4.076582343749995729, -35.23437500170699366, -2.045227899661720714E-14 ) ) ;
#4259 = CARTESIAN_POINT ( 'NONE',  ( -6.245698675651493936E-16, -51.56250000000000711, 3.399999999999975930 ) ) ;
#4260 = ORIENTED_EDGE ( 'NONE', *, *, #1631, .T. ) ;
#4261 = CARTESIAN_POINT ( 'NONE',  ( -2.404163056034259061, -56.71875000000000000, 2.404163056034238188 ) ) ;
#4262 = CARTESIAN_POINT ( 'NONE',  ( -3.399999999999995914, -43.43750000341398021, -2.036942155645390229E-14 ) ) ;
#4263 = CARTESIAN_POINT ( 'NONE',  ( -3.399999999999995470, -48.51562500341398021, -1.408326112068541747 ) ) ;
#4264 = CARTESIAN_POINT ( 'NONE',  ( 2.404163056034258616, -64.84375000000000000, -2.404163056034278600 ) ) ;
#4265 = CARTESIAN_POINT ( 'NONE',  ( -1.688575694911946590, -64.06250000170699366, -4.076582343750016157 ) ) ;
#4266 = EDGE_CURVE ( 'NONE', #6327, #4867, #4322, .T. ) ;
#4267 = CARTESIAN_POINT ( 'NONE',  ( -1.408326112068521763, -43.35937500000000711, -3.400000000000015898 ) ) ;
#4268 = CARTESIAN_POINT ( 'NONE',  ( 3.399999999999995026, -36.32812500000000000, 1.408326112068504221 ) ) ;
#4269 = CARTESIAN_POINT ( 'NONE',  ( 4.076582343749994841, -49.68750000170698655, 1.688575694911929936 ) ) ;
#4270 = CARTESIAN_POINT ( 'NONE',  ( -1.688575694911950142, -61.25000000170699366, 4.076582343749975301 ) ) ;
#4271 = AXIS2_PLACEMENT_3D ( 'NONE', #2856, #3115, #367 ) ;
#4272 = CARTESIAN_POINT ( 'NONE',  ( -3.399999999999995470, -54.76562500341398732, -1.408326112068541747 ) ) ;
#4273 = CARTESIAN_POINT ( 'NONE',  ( -2.404163056034259061, -63.28125000341398732, 2.404163056034238188 ) ) ;
#4274 = CARTESIAN_POINT ( 'NONE',  ( -2.882579019330972159, -54.92187500170700076, 2.882579019330950842 ) ) ;
#4275 = CARTESIAN_POINT ( 'NONE',  ( 3.399999999999995470, -62.73437500341398021, -1.408326112068541525 ) ) ;
#4276 = CARTESIAN_POINT ( 'NONE',  ( 2.404163056034257728, -50.15625000000000000, 2.404163056034239077 ) ) ;
#4277 = LINE ( 'NONE', #4629, #4874 ) ;
#4278 = AXIS2_PLACEMENT_3D ( 'NONE', #4857, #5864, #6259 ) ;
#4279 = EDGE_LOOP ( 'NONE', ( #604, #2850, #549, #1307 ) ) ;
#4280 = CARTESIAN_POINT ( 'NONE',  ( 2.882579019330971715, -49.29687500170700076, -2.882579019330991699 ) ) ;
#4281 = CARTESIAN_POINT ( 'NONE',  ( 2.882579019330971715, -50.70312500170699366, -2.882579019330991699 ) ) ;
#4282 = DATE_TIME_ROLE ( 'creation_date' ) ;
#4283 = CARTESIAN_POINT ( 'NONE',  ( 1.408326112068511327, -57.73437500000000000, 3.399999999999986589 ) ) ;
#4284 = CARTESIAN_POINT ( 'NONE',  ( 1.408326112068522651, -46.79687500341398732, 3.399999999999975486 ) ) ;
#4285 = CARTESIAN_POINT ( 'NONE',  ( 4.076582343749995729, -34.60937500170699366, -1.995304164474380342E-14 ) ) ;
#4286 = DIRECTION ( 'NONE',  ( 0.000000000000000000, 0.000000000000000000, -1.000000000000000000 ) ) ;
#4287 = CARTESIAN_POINT ( 'NONE',  ( 1.408326112068521985, -62.26562500000001421, -3.400000000000015898 ) ) ;
#4288 = CARTESIAN_POINT ( 'NONE',  ( -3.399999999999995470, -50.70312500000000000, -1.408326112068541747 ) ) ;
#4289 = CARTESIAN_POINT ( 'NONE',  ( 2.496186759367024056E-16, -44.14062500170700076, -4.076582343750016157 ) ) ;
#4290 = CARTESIAN_POINT ( 'NONE',  ( -2.882579019330972159, -46.17187500170699366, 2.882579019330950842 ) ) ;
#4291 = CYLINDRICAL_SURFACE ( 'NONE', #2585, 3.399999999999995914 ) ;
#4292 = CARTESIAN_POINT ( 'NONE',  ( -7.488560278101070689E-16, -42.42187500170699366, 4.076582343749976189 ) ) ;
#4293 = CARTESIAN_POINT ( 'NONE',  ( -2.882579019330972159, -38.82812500170698655, 2.882579019330950842 ) ) ;
#4294 = CARTESIAN_POINT ( 'NONE',  ( -3.399999999999995914, -53.43750000341398021, -2.036942155645390229E-14 ) ) ;
#4295 = ORIENTED_EDGE ( 'NONE', *, *, #4383, .F. ) ;
#4296 = CARTESIAN_POINT ( 'NONE',  ( 1.408326112068476244, -44.29687500341398021, 3.400000000000022116 ) ) ;
#4297 = CARTESIAN_POINT ( 'NONE',  ( 3.399999999999995470, -43.98437500341399442, -1.408326112068541525 ) ) ;
#4298 = CARTESIAN_POINT ( 'NONE',  ( 1.408326112068522651, -49.29687500341398021, 3.399999999999975486 ) ) ;
#4299 = CARTESIAN_POINT ( 'NONE',  ( 2.404163056034257728, -62.65625000000000000, 2.404163056034239077 ) ) ;
#4300 = CARTESIAN_POINT ( 'NONE',  ( -1.688575694911946590, -59.06250000170699366, -4.076582343750016157 ) ) ;
#4301 = CARTESIAN_POINT ( 'NONE',  ( -6.245698675651493936E-16, -36.87500000341398021, 3.399999999999975930 ) ) ;
#4302 = CARTESIAN_POINT ( 'NONE',  ( 3.808651545348268472E-15, 1.329783579673954269E-29, 7.750000000000000000 ) ) ;
#4303 = CARTESIAN_POINT ( 'NONE',  ( 1.688575694911947922, -51.09375000170699366, 4.076582343749975301 ) ) ;
#4304 = ORIENTED_EDGE ( 'NONE', *, *, #3943, .T. ) ;
#4305 = EDGE_CURVE ( 'NONE', #4118, #3432, #4796, .T. ) ;
#4306 = CARTESIAN_POINT ( 'NONE',  ( 1.688575694911947922, -59.84375000170698655, 4.076582343749975301 ) ) ;
#4307 = CARTESIAN_POINT ( 'NONE',  ( -6.245698675651493936E-16, -56.87500000341398732, 3.399999999999975930 ) ) ;
#4308 = CARTESIAN_POINT ( 'NONE',  ( 2.404163056034258616, -60.15625000341398732, -2.404163056034278600 ) ) ;
#4309 = CARTESIAN_POINT ( 'NONE',  ( 1.688575694911947256, -57.96875000170699366, -4.076582343750016157 ) ) ;
#4310 = CARTESIAN_POINT ( 'NONE',  ( -1.408326112068521319, -49.60937500000001421, -3.400000000000015898 ) ) ;
#4311 = ORIENTED_EDGE ( 'NONE', *, *, #4806, .F. ) ;
#4312 = SECURITY_CLASSIFICATION ( '', '', #6271 ) ;
#4313 = CARTESIAN_POINT ( 'NONE',  ( -4.076582343749996618, -46.25000000170698655, 1.688575694911926828 ) ) ;
#4314 = CARTESIAN_POINT ( 'NONE',  ( 2.882579019330970382, -46.01562500170699366, 2.882579019330952175 ) ) ;
#4315 = PERSON_AND_ORGANIZATION ( #5315, #4416 ) ;
#4316 = CARTESIAN_POINT ( 'NONE',  ( -6.245698675651493936E-16, -48.12500000341398732, 3.399999999999975930 ) ) ;
#4317 = CARTESIAN_POINT ( 'NONE',  ( 2.404163056034258616, -58.90625000341398732, -2.404163056034278600 ) ) ;
#4318 = CARTESIAN_POINT ( 'NONE',  ( 4.076582343749995729, -58.20312500170699366, -1.995304164474380342E-14 ) ) ;
#4319 = CARTESIAN_POINT ( 'NONE',  ( -2.404163056034259061, -60.46875000000000000, 2.404163056034238188 ) ) ;
#4320 = CARTESIAN_POINT ( 'NONE',  ( 2.496186759367024056E-16, -41.64062500170699366, -4.076582343750016157 ) ) ;
#4321 = CARTESIAN_POINT ( 'NONE',  ( -1.688575694911946590, -45.31250000170698655, -4.076582343750016157 ) ) ;
#4322 = LINE ( 'NONE', #2706, #4899 ) ;
#4323 = CARTESIAN_POINT ( 'NONE',  ( -1.688575694911950142, -41.25000000170699366, 4.076582343749975301 ) ) ;
#4324 = CARTESIAN_POINT ( 'NONE',  ( -4.076582343749995729, -37.81250000170698655, -1.688575694911967240 ) ) ;
#4325 = ORIENTED_EDGE ( 'NONE', *, *, #6006, .T. ) ;
#4326 = CARTESIAN_POINT ( 'NONE',  ( 1.408326112068521985, -40.07812500341398021, -3.400000000000015898 ) ) ;
#4327 = CARTESIAN_POINT ( 'NONE',  ( 2.404163056034257728, -42.96875000341398732, 2.404163056034239077 ) ) ;
#4328 = CARTESIAN_POINT ( 'NONE',  ( 2.081899558550498061E-16, -64.68750000000001421, -3.400000000000015898 ) ) ;
#4329 = CARTESIAN_POINT ( 'NONE',  ( 2.496186759367024056E-16, -61.64062500170699366, -4.076582343750016157 ) ) ;
#4330 = DIRECTION ( 'NONE',  ( -0.000000000000000000, -1.000000000000000000, -0.000000000000000000 ) ) ;
#4331 = CARTESIAN_POINT ( 'NONE',  ( 4.163799117100993164E-16, -35.00000000000000000, 3.399999999999973710 ) ) ;
#4332 = CARTESIAN_POINT ( 'NONE',  ( 1.688575694911947922, -52.34375000170698655, 4.076582343749975301 ) ) ;
#4333 = VERTEX_POINT ( 'NONE', #3192 ) ;
#4334 =( BOUNDED_CURVE ( )  B_SPLINE_CURVE ( 2, ( #3264, #5267, #2772, #4781, #281, #6282, #5793, #3302, #5300 ),
 .UNSPECIFIED., .F., .F. ) 
 B_SPLINE_CURVE_WITH_KNOTS ( ( 3, 2, 2, 2, 3 ),
 ( 0.07291666666666649088, 0.07812499999999988898, 0.08333333333333327320, 0.08854166666666668517, 0.09375000000000006939 ),
 .UNSPECIFIED. ) 
 CURVE ( )  GEOMETRIC_REPRESENTATION_ITEM ( )  RATIONAL_B_SPLINE_CURVE ( ( 1.000000000000002665, 0.9238795325112840739, 1.000000000000000000, 0.9238795325112867385, 1.000000000000000000, 0.9238795325112867385, 1.000000000000000000, 0.9238795325112857393, 1.000000000000001110 ) ) 
 REPRESENTATION_ITEM ( '' )  );
#4335 = CARTESIAN_POINT ( 'NONE',  ( -1.688575694911950142, -62.50000000170699366, 4.076582343749975301 ) ) ;
#4336 = CARTESIAN_POINT ( 'NONE',  ( 3.399999999999995914, -56.56250000341398732, -1.995304164474380342E-14 ) ) ;
#4337 = CARTESIAN_POINT ( 'NONE',  ( 3.399999999999995914, -62.81250000341398732, -1.995304164474380342E-14 ) ) ;
#4338 = CARTESIAN_POINT ( 'NONE',  ( 1.688575694911947922, -58.43750000170700076, 4.076582343749975301 ) ) ;
#4339 = DIRECTION ( 'NONE',  ( 0.000000000000000000, 0.000000000000000000, -1.000000000000000000 ) ) ;
#4340 = CARTESIAN_POINT ( 'NONE',  ( 3.399999999999995026, -50.07812500000000000, 1.408326112068503777 ) ) ;
#4341 = CARTESIAN_POINT ( 'NONE',  ( -2.404163056034259061, -62.03125000341398732, 2.404163056034238188 ) ) ;
#4342 = ADVANCED_FACE ( 'NONE', ( #5200 ), #778, .F. ) ;
#4343 = ORIENTED_EDGE ( 'NONE', *, *, #5605, .F. ) ;
#4344 = CARTESIAN_POINT ( 'NONE',  ( -4.076582343749996618, -45.00000000170699366, 1.688575694911926828 ) ) ;
#4345 = CARTESIAN_POINT ( 'NONE',  ( 1.688575694911947256, -46.87500000170699366, -4.076582343750016157 ) ) ;
#4346 = APPROVAL_ROLE ( '' ) ;
#4347 = CARTESIAN_POINT ( 'NONE',  ( -3.399999999999996803, -48.35937500341399442, 1.408326112068501335 ) ) ;
#4348 = CARTESIAN_POINT ( 'NONE',  ( 2.081899558550498061E-16, -53.75000000341398021, -3.400000000000015898 ) ) ;
#4349 = VECTOR ( 'NONE', #2693, 1000.000000000000000 ) ;
#4350 = CARTESIAN_POINT ( 'NONE',  ( 2.882579019330970382, -55.85937500170700076, 2.882579019330952175 ) ) ;
#4351 = CARTESIAN_POINT ( 'NONE',  ( -6.245698675651493936E-16, -57.81250000000000000, 3.399999999999975930 ) ) ;
#4352 = CARTESIAN_POINT ( 'NONE',  ( 4.076582343749995729, -40.62500000170699366, -1.688575694911967018 ) ) ;
#4353 = CARTESIAN_POINT ( 'NONE',  ( -4.076582343749996618, -47.50000000170699366, 1.688575694911926828 ) ) ;
#4354 = CARTESIAN_POINT ( 'NONE',  ( -1.408326112068500668, -35.39062500000000000, 3.399999999999998579 ) ) ;
#4355 = CARTESIAN_POINT ( 'NONE',  ( -1.688575694911946590, -44.21875000170700076, -4.076582343750016157 ) ) ;
#4356 = CARTESIAN_POINT ( 'NONE',  ( -3.399999999999995914, -62.26562500341398021, -1.408326112068541747 ) ) ;
#4357 = ADVANCED_FACE ( 'NONE', ( #3690 ), #4291, .F. ) ;
#4358 = EDGE_LOOP ( 'NONE', ( #2359, #2549, #337, #6081 ) ) ;
#4359 = CARTESIAN_POINT ( 'NONE',  ( 1.408326112068522651, -43.04687500341400153, 3.399999999999975486 ) ) ;
#4360 = CARTESIAN_POINT ( 'NONE',  ( -6.245698675651493936E-16, -44.37500000341398732, 3.399999999999975930 ) ) ;
#4361 = CARTESIAN_POINT ( 'NONE',  ( -6.245698675651493936E-16, -61.56250000000000000, 3.399999999999975930 ) ) ;
#4362 = CARTESIAN_POINT ( 'NONE',  ( 4.076582343749995729, -60.62500000170699366, -1.688575694911966796 ) ) ;
#4363 = DIRECTION ( 'NONE',  ( 0.000000000000000000, 0.000000000000000000, -1.000000000000000000 ) ) ;
#4364 = CARTESIAN_POINT ( 'NONE',  ( 0.000000000000000000, -65.00000000000000000, -1.995304164474380342E-14 ) ) ;
#4365 = CARTESIAN_POINT ( 'NONE',  ( 4.076582343749995729, -48.28125000170699366, -1.688575694911966796 ) ) ;
#4366 = EDGE_LOOP ( 'NONE', ( #5009, #713, #3198, #287 ) ) ;
#4367 = CARTESIAN_POINT ( 'NONE',  ( 1.688575694911947256, -58.12500000170699366, -4.076582343750016157 ) ) ;
#4368 = CARTESIAN_POINT ( 'NONE',  ( -3.399999999999995914, -55.93750000341398732, -2.036942155645390229E-14 ) ) ;
#4369 = CARTESIAN_POINT ( 'NONE',  ( 3.399999999999995914, -57.81250000341398732, -1.995304164474380342E-14 ) ) ;
#4370 = CARTESIAN_POINT ( 'NONE',  ( -4.076582343749995729, -51.40625000170699366, -1.688575694911967684 ) ) ;
#4371 = ORIENTED_EDGE ( 'NONE', *, *, #4920, .F. ) ;
#4372 = CARTESIAN_POINT ( 'NONE',  ( -1.408326112068521319, -44.60937500000002132, -3.400000000000015898 ) ) ;
#4373 = CYLINDRICAL_SURFACE ( 'NONE', #1435, 3.399999999999995914 ) ;
#4374 =( BOUNDED_CURVE ( )  B_SPLINE_CURVE ( 2, ( #3243, #2819, #4828, #4268, #6325, #5805, #1280, #788, #2304 ),
 .UNSPECIFIED., .F., .T. ) 
 B_SPLINE_CURVE_WITH_KNOTS ( ( 3, 2, 2, 2, 3 ),
 ( 0.9479166666666667407, 0.9531250000000001110, 0.9583333333333334814, 0.9635416666666667407, 0.9687500000000001110 ),
 .UNSPECIFIED. ) 
 CURVE ( )  GEOMETRIC_REPRESENTATION_ITEM ( )  RATIONAL_B_SPLINE_CURVE ( ( 0.9999999999999983347, 0.9238795325112884038, 1.000000000000000000, 0.9238795325112867385, 1.000000000000000000, 0.9238795325112867385, 1.000000000000000000, 0.9238795325112850731, 1.000000000000001554 ) ) 
 REPRESENTATION_ITEM ( '' )  );
#4375 = ORIENTED_EDGE ( 'NONE', *, *, #3541, .T. ) ;
#4376 = VECTOR ( 'NONE', #910, 1000.000000000000114 ) ;
#4377 = CARTESIAN_POINT ( 'NONE',  ( -4.076582343749996618, -43.75000000170698655, 1.688575694911926828 ) ) ;
#4378 = CARTESIAN_POINT ( 'NONE',  ( -4.076582343749995729, -47.73437500170699366, -2.045227899661720714E-14 ) ) ;
#4379 = APPROVAL_STATUS ( 'not_yet_approved' ) ;
#4380 = DIRECTION ( 'NONE',  ( -0.000000000000000000, -1.000000000000000000, -0.000000000000000000 ) ) ;
#4381 = CARTESIAN_POINT ( 'NONE',  ( 2.081899558550498061E-16, -41.25000000341398732, -3.400000000000015898 ) ) ;
#4382 = AXIS2_PLACEMENT_3D ( 'NONE', #5153, #2626, #2205 ) ;
#4383 = EDGE_CURVE ( 'NONE', #5554, #4943, #967, .T. ) ;
#4384 = CARTESIAN_POINT ( 'NONE',  ( 1.688575694911947256, -56.71875000170699366, -4.076582343750016157 ) ) ;
#4385 = CARTESIAN_POINT ( 'NONE',  ( -1.408326112068521319, -60.85937500000000000, -3.400000000000015898 ) ) ;
#4386 = CARTESIAN_POINT ( 'NONE',  ( 4.076582343749994841, -42.03125000170699366, 1.688575694911929936 ) ) ;
#4387 = CARTESIAN_POINT ( 'NONE',  ( 2.882579019330970382, -44.60937500170699366, 2.882579019330952175 ) ) ;
#4388 = EDGE_CURVE ( 'NONE', #5726, #823, #743, .T. ) ;
#4389 = CARTESIAN_POINT ( 'NONE',  ( -3.399999999999995914, -35.62500000000000711, -2.036942155645390229E-14 ) ) ;
#4390 = CARTESIAN_POINT ( 'NONE',  ( 1.688575694911947256, -54.37500000170699366, -4.076582343750016157 ) ) ;
#4391 = CARTESIAN_POINT ( 'NONE',  ( -6.245698675651493936E-16, -40.31250000000000000, 3.399999999999975930 ) ) ;
#4392 = ORIENTED_EDGE ( 'NONE', *, *, #4917, .F. ) ;
#4393 = CARTESIAN_POINT ( 'NONE',  ( -2.404163056034258172, -37.34375000341398732, -2.404163056034278600 ) ) ;
#4394 = CARTESIAN_POINT ( 'NONE',  ( -3.399999999999995914, -43.43750000341398021, -2.036942155645390229E-14 ) ) ;
#4395 = CARTESIAN_POINT ( 'NONE',  ( -3.399999999999995470, -56.95312500000000000, -1.408326112068541747 ) ) ;
#4396 = CARTESIAN_POINT ( 'NONE',  ( -4.076582343749995729, -63.90625000170699366, -1.688575694911967240 ) ) ;
#4397 = CARTESIAN_POINT ( 'NONE',  ( 0.000000000000000000, -35.00000000000000000, -1.995304164474380342E-14 ) ) ;
#4398 = CARTESIAN_POINT ( 'NONE',  ( 4.076582343749995729, -48.35937500170699366, -1.995304164474380342E-14 ) ) ;
#4399 = CARTESIAN_POINT ( 'NONE',  ( -1.408326112068521763, -42.42187500341398732, -3.400000000000015898 ) ) ;
#4400 =( BOUNDED_CURVE ( )  B_SPLINE_CURVE ( 2, ( #3958, #4399, #519, #5956, #3464, #3987, #424, #2969, #5984 ),
 .UNSPECIFIED., .F., .F. ) 
 B_SPLINE_CURVE_WITH_KNOTS ( ( 3, 2, 2, 2, 3 ),
 ( 0.7187500000000000000, 0.7239583333333333703, 0.7291666666666665186, 0.7343749999999998890, 0.7395833333333332593 ),
 .UNSPECIFIED. ) 
 CURVE ( )  GEOMETRIC_REPRESENTATION_ITEM ( )  RATIONAL_B_SPLINE_CURVE ( ( 1.000000000000000000, 0.9238795325112867385, 1.000000000000000000, 0.9238795325112867385, 1.000000000000000000, 0.9238795325112867385, 1.000000000000000000, 0.9238795325112884038, 0.9999999999999983347 ) ) 
 REPRESENTATION_ITEM ( '' )  );
#4401 = ORIENTED_EDGE ( 'NONE', *, *, #5144, .T. ) ;
#4402 = CARTESIAN_POINT ( 'NONE',  ( 1.408326112068521985, -55.07812500341398021, -3.400000000000015898 ) ) ;
#4403 = CARTESIAN_POINT ( 'NONE',  ( 1.408326112068521985, -58.82812500341398732, -3.400000000000015898 ) ) ;
#4404 = CARTESIAN_POINT ( 'NONE',  ( 3.399999999999995026, -36.32812500000000000, 1.408326112068503777 ) ) ;
#4405 = CARTESIAN_POINT ( 'NONE',  ( 4.076582343749995729, -53.12500000170699366, -1.688575694911967018 ) ) ;
#4406 = CARTESIAN_POINT ( 'NONE',  ( 1.408326112068522651, -42.73437500000000711, 3.399999999999975486 ) ) ;
#4407 = CARTESIAN_POINT ( 'NONE',  ( 1.688575694911947256, -64.37500000170700787, -4.076582343750016157 ) ) ;
#4408 = ORIENTED_EDGE ( 'NONE', *, *, #4645, .T. ) ;
#4409 = CARTESIAN_POINT ( 'NONE',  ( 2.081899558550498061E-16, -44.68750000000000711, -3.400000000000015898 ) ) ;
#4410 = CARTESIAN_POINT ( 'NONE',  ( 4.076582343749995729, -40.70312500170699366, -1.995304164474380342E-14 ) ) ;
#4411 = CARTESIAN_POINT ( 'NONE',  ( 1.688575694911947256, -45.62500000170699366, -4.076582343750016157 ) ) ;
#4412 =( BOUNDED_CURVE ( )  B_SPLINE_CURVE ( 2, ( #5160, #2180, #3148, #2732, #733, #2599, #2145, #4138, #1607 ),
 .UNSPECIFIED., .F., .F. ) 
 B_SPLINE_CURVE_WITH_KNOTS ( ( 3, 2, 2, 2, 3 ),
 ( 0.05208333333333314830, 0.05729166666666647700, 0.06249999999999981959, 0.06770833333333314830, 0.07291666666666649088 ),
 .UNSPECIFIED. ) 
 CURVE ( )  GEOMETRIC_REPRESENTATION_ITEM ( )  RATIONAL_B_SPLINE_CURVE ( ( 1.000000000000002665, 0.9238795325112839629, 1.000000000000000000, 0.9238795325112867385, 1.000000000000000000, 0.9238795325112867385, 1.000000000000000000, 0.9238795325112894030, 0.9999999999999973355 ) ) 
 REPRESENTATION_ITEM ( '' )  );
#4413 = CARTESIAN_POINT ( 'NONE',  ( 3.399999999999995914, -46.25000000000000000, -1.995304164474380342E-14 ) ) ;
#4414 = DIRECTION ( 'NONE',  ( -1.000000000000000000, 0.000000000000000000, -0.000000000000000000 ) ) ;
#4415 = CARTESIAN_POINT ( 'NONE',  ( -1.408326112068521763, -46.17187500341398732, -3.400000000000015898 ) ) ;
#4416 = ORGANIZATION ( 'æœª', 'æœª', '' ) ;
#4417 = CARTESIAN_POINT ( 'NONE',  ( 1.688575694911947922, -58.43750000170699366, 4.076582343749975301 ) ) ;
#4418 = CARTESIAN_POINT ( 'NONE',  ( 1.408326112068522651, -56.48437500000001421, 3.399999999999975486 ) ) ;
#4419 = CARTESIAN_POINT ( 'NONE',  ( -7.488560278101070689E-16, -41.01562500170699366, 4.076582343749976189 ) ) ;
#4420 = CARTESIAN_POINT ( 'NONE',  ( -1.688575694911949698, -39.84375000170699366, 4.076582343749975301 ) ) ;
#4421 = CARTESIAN_POINT ( 'NONE',  ( -1.408326112068500668, -51.95312500341398732, 3.399999999999998579 ) ) ;
#4422 = CARTESIAN_POINT ( 'NONE',  ( -1.688575694911950142, -56.25000000170698655, 4.076582343749975301 ) ) ;
#4423 = ORIENTED_EDGE ( 'NONE', *, *, #3488, .T. ) ;
#4424 = CARTESIAN_POINT ( 'NONE',  ( -2.404163056034258172, -36.09375000341398732, -2.404163056034278600 ) ) ;
#4425 = CARTESIAN_POINT ( 'NONE',  ( 3.399999999999995914, -41.56250000341398732, -1.995304164474380342E-14 ) ) ;
#4426 = CARTESIAN_POINT ( 'NONE',  ( -6.245698675651493936E-16, -57.81250000000000000, 3.399999999999975930 ) ) ;
#4427 = CARTESIAN_POINT ( 'NONE',  ( 1.688575694911947256, -60.46875000170700076, -4.076582343750016157 ) ) ;
#4428 = CARTESIAN_POINT ( 'NONE',  ( 2.081899558550498061E-16, -40.00000000341398732, -3.400000000000015898 ) ) ;
#4429 = CARTESIAN_POINT ( 'NONE',  ( -1.688575694911946590, -45.46875000170698655, -4.076582343750016157 ) ) ;
#4430 = CARTESIAN_POINT ( 'NONE',  ( 2.081899558550498061E-16, -55.93750000000000000, -3.400000000000015898 ) ) ;
#4431 = ORIENTED_EDGE ( 'NONE', *, *, #512, .F. ) ;
#4432 = CARTESIAN_POINT ( 'NONE',  ( -4.076582343749995729, -36.56250000170699366, -1.688575694911967240 ) ) ;
#4433 = CARTESIAN_POINT ( 'NONE',  ( -3.399999999999995470, -49.76562500341398732, -1.408326112068541747 ) ) ;
#4434 = CARTESIAN_POINT ( 'NONE',  ( -3.399999999999996358, -57.10937500341398732, 1.408326112068500890 ) ) ;
#4435 = CARTESIAN_POINT ( 'NONE',  ( 3.399999999999995914, -38.75000000000000711, -1.995304164474380342E-14 ) ) ;
#4436 = CARTESIAN_POINT ( 'NONE',  ( 1.688575694911947922, -49.68750000170699366, 4.076582343749975301 ) ) ;
#4437 = CYLINDRICAL_SURFACE ( 'NONE', #3015, 3.399999999999995914 ) ;
#4438 = CARTESIAN_POINT ( 'NONE',  ( -2.404163056034258172, -45.78125000000000000, -2.404163056034278600 ) ) ;
#4439 = CARTESIAN_POINT ( 'NONE',  ( 2.081899558550498061E-16, -50.00000000341398732, -3.400000000000015898 ) ) ;
#4440 = CARTESIAN_POINT ( 'NONE',  ( 4.163799117100996122E-16, -65.00000000000000000, 3.399999999999975930 ) ) ;
#4441 = CARTESIAN_POINT ( 'NONE',  ( 4.076582343749994841, -40.78125000170699366, 1.688575694911929936 ) ) ;
#4442 = CARTESIAN_POINT ( 'NONE',  ( 4.076582343749994841, -47.18750000170698655, 1.688575694911929936 ) ) ;
#4443 = CARTESIAN_POINT ( 'NONE',  ( 2.404163056034258616, -43.59375000000000000, -2.404163056034278600 ) ) ;
#4444 = CARTESIAN_POINT ( 'NONE',  ( 2.081899558550498061E-16, -45.00000000341398732, -3.400000000000015898 ) ) ;
#4445 = CARTESIAN_POINT ( 'NONE',  ( 4.076582343749994841, -58.28125000170700076, 1.688575694911929936 ) ) ;
#4446 = CARTESIAN_POINT ( 'NONE',  ( -1.408326112068523317, -60.39062500000000711, 3.399999999999975042 ) ) ;
#4447 = CARTESIAN_POINT ( 'NONE',  ( 4.076582343749995729, -36.87500000170699366, -1.688575694911967018 ) ) ;
#4448 = CARTESIAN_POINT ( 'NONE',  ( -4.076582343749996618, -41.25000000170698655, 1.688575694911926828 ) ) ;
#4449 = CARTESIAN_POINT ( 'NONE',  ( 1.408326112068542635, -60.54687500341398732, 3.399999999999955058 ) ) ;
#4450 = CARTESIAN_POINT ( 'NONE',  ( -1.688575694911946590, -54.21875000170699366, -4.076582343750016157 ) ) ;
#4451 = EDGE_CURVE ( 'NONE', #6218, #5322, #4334, .T. ) ;
#4452 = ORIENTED_EDGE ( 'NONE', *, *, #5599, .T. ) ;
#4453 = EDGE_CURVE ( 'NONE', #4083, #748, #809, .T. ) ;
#4454 = CARTESIAN_POINT ( 'NONE',  ( -1.408326112068523317, -35.70312500341398021, 3.399999999999975042 ) ) ;
#4455 = CARTESIAN_POINT ( 'NONE',  ( 2.404163056034257728, -41.71875000341398732, 2.404163056034239077 ) ) ;
#4456 = CARTESIAN_POINT ( 'NONE',  ( -3.399999999999995914, -58.12500000000000000, -2.036942155645390229E-14 ) ) ;
#4457 = CARTESIAN_POINT ( 'NONE',  ( -4.076582343749995729, -58.90625000170700076, -1.688575694911967240 ) ) ;
#4458 = CARTESIAN_POINT ( 'NONE',  ( 3.399999999999995914, -45.31250000341398021, -1.995304164474380342E-14 ) ) ;
#4459 = CARTESIAN_POINT ( 'NONE',  ( -4.076582343749995729, -45.23437500170698655, -2.045227899661720714E-14 ) ) ;
#4460 = CARTESIAN_POINT ( 'NONE',  ( 2.081899558550498061E-16, -43.43750000000000711, -3.400000000000015898 ) ) ;
#4461 = EDGE_LOOP ( 'NONE', ( #4631, #2603, #6184, #1002 ) ) ;
#4462 = ADVANCED_FACE ( 'NONE', ( #315 ), #3656, .F. ) ;
#4463 = CARTESIAN_POINT ( 'NONE',  ( 2.882579019330970382, -37.26562500170699366, 2.882579019330952175 ) ) ;
#4464 = CARTESIAN_POINT ( 'NONE',  ( 1.408326112068521985, -52.57812500341398021, -3.400000000000015898 ) ) ;
#4465 = CARTESIAN_POINT ( 'NONE',  ( 2.081899558550498061E-16, -58.75000000341398732, -3.400000000000015898 ) ) ;
#4466 = CARTESIAN_POINT ( 'NONE',  ( 2.081899558550498061E-16, -35.93750000000000000, -3.400000000000015898 ) ) ;
#4467 = CARTESIAN_POINT ( 'NONE',  ( 4.076582343749995729, -50.70312500170700076, -1.995304164474380342E-14 ) ) ;
#4468 = CARTESIAN_POINT ( 'NONE',  ( -3.399999999999996803, -36.79687500000000711, 1.408326112068501335 ) ) ;
#4469 = CARTESIAN_POINT ( 'NONE',  ( -3.399999999999995914, -43.12500000000000000, -2.036942155645390229E-14 ) ) ;
#4470 = CARTESIAN_POINT ( 'NONE',  ( 2.882579019330971715, -60.70312500170699366, -2.882579019330991699 ) ) ;
#4471 = CARTESIAN_POINT ( 'NONE',  ( 2.404163056034258616, -62.65625000341398732, -2.404163056034278600 ) ) ;
#4472 = CARTESIAN_POINT ( 'NONE',  ( 1.688575694911947256, -42.96875000170699366, -4.076582343750016157 ) ) ;
#4473 = CARTESIAN_POINT ( 'NONE',  ( -1.688575694911949698, -42.50000000170699366, 4.076582343749975301 ) ) ;
#4474 = CARTESIAN_POINT ( 'NONE',  ( 3.399999999999995470, -43.67187500000000000, -1.408326112068541525 ) ) ;
#4475 = CARTESIAN_POINT ( 'NONE',  ( -1.408326112068546188, -51.64062499999999289, 3.399999999999951950 ) ) ;
#4476 = CARTESIAN_POINT ( 'NONE',  ( 1.688575694911947256, -56.87500000170699366, -4.076582343750016157 ) ) ;
#4477 = VECTOR ( 'NONE', #5341, 1000.000000000000000 ) ;
#4478 = CARTESIAN_POINT ( 'NONE',  ( -4.076582343749995729, -36.40625000170699366, -1.688575694911967684 ) ) ;
#4479 = CARTESIAN_POINT ( 'NONE',  ( -1.688575694911949698, -43.59375000170698655, 4.076582343749975301 ) ) ;
#4480 = DIRECTION ( 'NONE',  ( -0.000000000000000000, -1.000000000000000000, -0.000000000000000000 ) ) ;
#4481 = CARTESIAN_POINT ( 'NONE',  ( -4.076582343749996618, -53.90625000170699366, 1.688575694911926828 ) ) ;
#4482 = ORIENTED_EDGE ( 'NONE', *, *, #4782, .T. ) ;
#4483 = CARTESIAN_POINT ( 'NONE',  ( -1.408326112068523317, -38.20312500341398021, 3.399999999999975042 ) ) ;
#4484 = CARTESIAN_POINT ( 'NONE',  ( 2.081899558550498061E-16, -35.00000000341398021, -3.400000000000015898 ) ) ;
#4485 = CARTESIAN_POINT ( 'NONE',  ( 1.408326112068521985, -59.76562500000001421, -3.400000000000015898 ) ) ;
#4486 = CARTESIAN_POINT ( 'NONE',  ( -7.488560278101070689E-16, -57.26562500170699366, 4.076582343749976189 ) ) ;
#4487 = DIRECTION ( 'NONE',  ( -0.000000000000000000, -1.000000000000000000, -0.000000000000000000 ) ) ;
#4488 = CARTESIAN_POINT ( 'NONE',  ( -1.688575694911946590, -47.96875000170698655, -4.076582343750016157 ) ) ;
#4489 = CARTESIAN_POINT ( 'NONE',  ( -1.408326112068532865, -54.60937500000001421, -3.400000000000004796 ) ) ;
#4490 = ORIENTED_EDGE ( 'NONE', *, *, #5968, .F. ) ;
#4491 = CARTESIAN_POINT ( 'NONE',  ( 4.076582343749995729, -39.60937500170699366, -1.995304164474380342E-14 ) ) ;
#4492 = CARTESIAN_POINT ( 'NONE',  ( 3.399999999999995914, -54.06250000341398732, -1.995304164474380342E-14 ) ) ;
#4493 = CARTESIAN_POINT ( 'NONE',  ( 1.408326112068522651, -55.54687500341398732, 3.399999999999975486 ) ) ;
#4494 = CARTESIAN_POINT ( 'NONE',  ( -6.245698675651493936E-16, -35.31250000000000000, 3.399999999999975930 ) ) ;
#4495 = CARTESIAN_POINT ( 'NONE',  ( 3.399999999999995914, -61.48437500341398732, -1.408326112068541525 ) ) ;
#4496 = CARTESIAN_POINT ( 'NONE',  ( -3.399999999999996358, -41.79687500000000000, 1.408326112068500890 ) ) ;
#4497 = CARTESIAN_POINT ( 'NONE',  ( 1.688575694911947922, -61.09375000170700076, 4.076582343749975301 ) ) ;
#4498 = ADVANCED_FACE ( 'NONE', ( #2673 ), #4680, .F. ) ;
#4499 = LINE ( 'NONE', #4440, #493 ) ;
#4500 = CARTESIAN_POINT ( 'NONE',  ( 2.882579019330970382, -40.85937500170700076, 2.882579019330952175 ) ) ;
#4501 = CARTESIAN_POINT ( 'NONE',  ( 4.076582343749995729, -43.35937500170698655, -1.995304164474380342E-14 ) ) ;
#4502 = CARTESIAN_POINT ( 'NONE',  ( 3.399999999999995470, -42.42187500000000000, -1.408326112068541525 ) ) ;
#4503 = CARTESIAN_POINT ( 'NONE',  ( 1.408326112068521985, -47.26562500000000711, -3.400000000000015898 ) ) ;
#4504 = CARTESIAN_POINT ( 'NONE',  ( 2.882579019330971715, -56.95312500170698655, -2.882579019330991699 ) ) ;
#4505 = CARTESIAN_POINT ( 'NONE',  ( 4.076582343749995729, -36.95312500170700076, -1.995304164474380342E-14 ) ) ;
#4506 = CARTESIAN_POINT ( 'NONE',  ( -2.882579019330972159, -43.67187500170699366, 2.882579019330950842 ) ) ;
#4507 = DIRECTION ( 'NONE',  ( 0.000000000000000000, 0.000000000000000000, -1.000000000000000000 ) ) ;
#4508 = CARTESIAN_POINT ( 'NONE',  ( 2.496186759367024056E-16, -56.79687500170699366, -4.076582343750016157 ) ) ;
#4509 = ORIENTED_EDGE ( 'NONE', *, *, #3818, .T. ) ;
#4510 = CARTESIAN_POINT ( 'NONE',  ( 4.076582343749995729, -59.45312500170700076, -1.995304164474380342E-14 ) ) ;
#4511 = CARTESIAN_POINT ( 'NONE',  ( 2.404163056034258616, -35.15625000341398732, -2.404163056034278600 ) ) ;
#4512 = CARTESIAN_POINT ( 'NONE',  ( -3.399999999999995470, -36.01562500341398732, -1.408326112068541747 ) ) ;
#4513 = CARTESIAN_POINT ( 'NONE',  ( 1.408326112068522651, -56.48437500000001421, 3.399999999999975486 ) ) ;
#4514 = CARTESIAN_POINT ( 'NONE',  ( 4.076582343749994841, -57.03125000170699366, 1.688575694911929936 ) ) ;
#4515 = CARTESIAN_POINT ( 'NONE',  ( 3.399999999999995914, -44.92187500000000000, -1.408326112068541525 ) ) ;
#4516 = CARTESIAN_POINT ( 'NONE',  ( 4.076582343749994841, -40.93750000170700076, 1.688575694911929936 ) ) ;
#4517 = VERTEX_POINT ( 'NONE', #871 ) ;
#4518 = ORIENTED_EDGE ( 'NONE', *, *, #4976, .T. ) ;
#4519 = CARTESIAN_POINT ( 'NONE',  ( 3.399999999999995470, -50.23437500341398732, -1.408326112068541525 ) ) ;
#4520 = CARTESIAN_POINT ( 'NONE',  ( 2.404163056034258616, -52.65625000341398732, -2.404163056034278600 ) ) ;
#4521 = CARTESIAN_POINT ( 'NONE',  ( -2.404163056034259061, -35.46875000000000000, 2.404163056034238188 ) ) ;
#4522 = CARTESIAN_POINT ( 'NONE',  ( 3.399999999999995026, -61.64062500341399442, 1.408326112068504221 ) ) ;
#4523 = CARTESIAN_POINT ( 'NONE',  ( -2.404163056034258172, -40.78125000000000711, -2.404163056034278600 ) ) ;
#4524 = CARTESIAN_POINT ( 'NONE',  ( -4.076582343749995729, -54.06250000170699366, -1.688575694911967240 ) ) ;
#4525 = CARTESIAN_POINT ( 'NONE',  ( -6.245698675651493936E-16, -63.12500000341399442, 3.399999999999975930 ) ) ;
#4526 = EDGE_CURVE ( 'NONE', #3033, #3832, #1634, .T. ) ;
#4527 = CARTESIAN_POINT ( 'NONE',  ( -4.076582343749995729, -38.82812500170699366, -2.045227899661720714E-14 ) ) ;
#4528 = CARTESIAN_POINT ( 'NONE',  ( 4.076582343749994841, -40.93750000170700076, 1.688575694911929936 ) ) ;
#4529 = EDGE_CURVE ( 'NONE', #4517, #5986, #1720, .T. ) ;
#4530 = CARTESIAN_POINT ( 'NONE',  ( -3.399999999999996358, -41.79687500000000000, 1.408326112068500890 ) ) ;
#4531 = CARTESIAN_POINT ( 'NONE',  ( 3.796234122634726038, -64.77123412263473767, -1.995304164474380342E-14 ) ) ;
#4532 = CARTESIAN_POINT ( 'NONE',  ( -7.488560278101070689E-16, -58.67187500170699366, 4.076582343749976189 ) ) ;
#4533 = CARTESIAN_POINT ( 'NONE',  ( -4.076582343749995729, -37.57812500170700076, -2.045227899661720714E-14 ) ) ;
#4534 = CARTESIAN_POINT ( 'NONE',  ( -4.076582343749995729, -42.65625000170699366, -1.688575694911967240 ) ) ;
#4535 = CARTESIAN_POINT ( 'NONE',  ( -2.404163056034259061, -38.28125000341398021, 2.404163056034238188 ) ) ;
#4536 = CARTESIAN_POINT ( 'NONE',  ( -4.076582343749996618, -51.40625000170699366, 1.688575694911926828 ) ) ;
#4537 = ORIENTED_EDGE ( 'NONE', *, *, #5543, .F. ) ;
#4538 = CARTESIAN_POINT ( 'NONE',  ( 2.882579019330971715, -59.29687500170699366, -2.882579019330991699 ) ) ;
#4539 = CARTESIAN_POINT ( 'NONE',  ( -6.154239880565942170E-08, -34.99999999999999289, -3.400000000000015454 ) ) ;
#4540 = CARTESIAN_POINT ( 'NONE',  ( 1.408326112068522651, -39.29687500341398732, 3.399999999999975486 ) ) ;
#4541 = CARTESIAN_POINT ( 'NONE',  ( 3.399999999999995470, -56.17187500000000711, -1.408326112068541525 ) ) ;
#4542 = CARTESIAN_POINT ( 'NONE',  ( -4.076582343749995729, -58.82812500170700076, -2.045227899661720714E-14 ) ) ;
#4543 = DIRECTION ( 'NONE',  ( -0.000000000000000000, -1.000000000000000000, -0.000000000000000000 ) ) ;
#4544 = CARTESIAN_POINT ( 'NONE',  ( -1.688575694911946590, -40.46875000170698655, -4.076582343750016157 ) ) ;
#4545 = CARTESIAN_POINT ( 'NONE',  ( 2.081899558550498061E-16, -48.75000000341398732, -3.400000000000015898 ) ) ;
#4546 = ORIENTED_EDGE ( 'NONE', *, *, #480, .F. ) ;
#4547 = ORIENTED_EDGE ( 'NONE', *, *, #2925, .T. ) ;
#4548 = CARTESIAN_POINT ( 'NONE',  ( -6.245698675651493936E-16, -54.37500000341398732, 3.399999999999975930 ) ) ;
#4549 = CARTESIAN_POINT ( 'NONE',  ( 2.081899558550498061E-16, -51.25000000341398021, -3.400000000000015898 ) ) ;
#4550 = CARTESIAN_POINT ( 'NONE',  ( -4.076582343749996618, -63.90625000170699366, 1.688575694911926828 ) ) ;
#4551 = DIRECTION ( 'NONE',  ( 0.000000000000000000, 0.000000000000000000, -1.000000000000000000 ) ) ;
#4552 = CARTESIAN_POINT ( 'NONE',  ( -2.404163056034259061, -40.46875000000000000, 2.404163056034238188 ) ) ;
#4553 = CARTESIAN_POINT ( 'NONE',  ( 2.496186759367024056E-16, -56.79687500170699366, -4.076582343750016157 ) ) ;
#4554 = CARTESIAN_POINT ( 'NONE',  ( 0.000000000000000000, -65.00000000000000000, -1.995304164474380342E-14 ) ) ;
#4555 = CARTESIAN_POINT ( 'NONE',  ( 4.076582343749995729, -38.20312500170700076, -1.995304164474380342E-14 ) ) ;
#4556 = CARTESIAN_POINT ( 'NONE',  ( 4.076582343749995729, -44.60937500170698655, -1.995304164474380342E-14 ) ) ;
#4557 = CARTESIAN_POINT ( 'NONE',  ( 3.399999999999995026, -51.32812500000001421, 1.408326112068503777 ) ) ;
#4558 = CARTESIAN_POINT ( 'NONE',  ( 2.404163056034257728, -41.40625000000000711, 2.404163056034239077 ) ) ;
#4559 = CARTESIAN_POINT ( 'NONE',  ( -1.408326112068555958, -52.10937500000000000, -3.399999999999981259 ) ) ;
#4560 = CARTESIAN_POINT ( 'NONE',  ( 1.688575694911947256, -52.96875000170699366, -4.076582343750016157 ) ) ;
#4561 = CARTESIAN_POINT ( 'NONE',  ( 2.882579019330970382, -56.01562500170699366, 2.882579019330952175 ) ) ;
#4562 = CARTESIAN_POINT ( 'NONE',  ( -4.076582343749995729, -38.82812500170699366, -2.045227899661720714E-14 ) ) ;
#4563 = CARTESIAN_POINT ( 'NONE',  ( 2.882579019330970382, -38.35937500170699366, 2.882579019330952175 ) ) ;
#4564 = CARTESIAN_POINT ( 'NONE',  ( 0.000000000000000000, -65.00000000000000000, -1.995304164474380342E-14 ) ) ;
#4565 = CARTESIAN_POINT ( 'NONE',  ( -2.882579019330970826, -51.64062500170699366, -2.882579019330991699 ) ) ;
#4566 =( BOUNDED_CURVE ( )  B_SPLINE_CURVE ( 2, ( #5319, #5406, #6333, #1818, #5375, #3352, #3409, #1944, #3814 ),
 .UNSPECIFIED., .F., .T. ) 
 B_SPLINE_CURVE_WITH_KNOTS ( ( 3, 2, 2, 2, 3 ),
 ( 0.7395833333333332593, 0.7447916666666665186, 0.7500000000000000000, 0.7552083333333333703, 0.7604166666666666297 ),
 .UNSPECIFIED. ) 
 CURVE ( )  GEOMETRIC_REPRESENTATION_ITEM ( )  RATIONAL_B_SPLINE_CURVE ( ( 1.000000000000001554, 0.9238795325112850731, 1.000000000000000000, 0.9238795325112867385, 1.000000000000000000, 0.9238795325112867385, 1.000000000000000000, 0.9238795325112867385, 1.000000000000000000 ) ) 
 REPRESENTATION_ITEM ( '' )  );
#4567 = EDGE_CURVE ( 'NONE', #6114, #5032, #2961, .T. ) ;
#4568 = ORIENTED_EDGE ( 'NONE', *, *, #292, .T. ) ;
#4569 = EDGE_CURVE ( 'NONE', #3382, #649, #3422, .T. ) ;
#4570 = CARTESIAN_POINT ( 'NONE',  ( 0.000000000000000000, -65.00000000000000000, -1.995304164474380342E-14 ) ) ;
#4571 = CARTESIAN_POINT ( 'NONE',  ( -1.408326112068523317, -35.70312500341398021, 3.399999999999975042 ) ) ;
#4572 = CARTESIAN_POINT ( 'NONE',  ( 2.404163056034257728, -55.15625000000000711, 2.404163056034239077 ) ) ;
#4573 = CARTESIAN_POINT ( 'NONE',  ( 2.496186759367024056E-16, -50.39062500170699366, -4.076582343750016157 ) ) ;
#4574 = CARTESIAN_POINT ( 'NONE',  ( 1.688575694911947256, -54.21875000170698655, -4.076582343750016157 ) ) ;
#4575 = CARTESIAN_POINT ( 'NONE',  ( 4.163799117100996122E-16, -65.00000000000000000, 3.399999999999975930 ) ) ;
#4576 = CARTESIAN_POINT ( 'NONE',  ( 2.882579019330971715, -49.45312500170699366, -2.882579019330991699 ) ) ;
#4577 = CARTESIAN_POINT ( 'NONE',  ( -2.882579019330970826, -40.39062500170699366, -2.882579019330991699 ) ) ;
#4578 = CARTESIAN_POINT ( 'NONE',  ( -3.399999999999996803, -53.04687500000000711, 1.408326112068501335 ) ) ;
#4579 = VECTOR ( 'NONE', #2236, 1000.000000000000000 ) ;
#4580 = ORIENTED_EDGE ( 'NONE', *, *, #2616, .F. ) ;
#4581 = ORIENTED_EDGE ( 'NONE', *, *, #2317, .F. ) ;
#4582 = CARTESIAN_POINT ( 'NONE',  ( -3.399999999999995914, -44.68750000341398021, -2.036942155645390229E-14 ) ) ;
#4583 = CARTESIAN_POINT ( 'NONE',  ( 3.399999999999995470, -52.73437500341398021, -1.408326112068541525 ) ) ;
#4584 = CARTESIAN_POINT ( 'NONE',  ( -4.076582343749996618, -61.40625000170699366, 1.688575694911926828 ) ) ;
#4585 = CARTESIAN_POINT ( 'NONE',  ( -3.399999999999996803, -37.10937500341398732, 1.408326112068501335 ) ) ;
#4586 = CARTESIAN_POINT ( 'NONE',  ( -2.404163056034259061, -37.96875000000000000, 2.404163056034238188 ) ) ;
#4587 = CARTESIAN_POINT ( 'NONE',  ( 1.688575694911947922, -56.09375000170700076, 4.076582343749975301 ) ) ;
#4588 = CARTESIAN_POINT ( 'NONE',  ( 0.000000000000000000, -65.00000000000000000, -3.400000000000015898 ) ) ;
#4589 = CARTESIAN_POINT ( 'NONE',  ( 2.882579019330971715, -36.79687500170699366, -2.882579019330991699 ) ) ;
#4590 = CARTESIAN_POINT ( 'NONE',  ( -2.882579019330970826, -41.64062500170699366, -2.882579019330991699 ) ) ;
#4591 = CARTESIAN_POINT ( 'NONE',  ( -3.399999999999996358, -53.04687500000001421, 1.408326112068500890 ) ) ;
#4592 = CARTESIAN_POINT ( 'NONE',  ( 3.399999999999995470, -39.92187500000000000, -1.408326112068541525 ) ) ;
#4593 =( BOUNDED_CURVE ( )  B_SPLINE_CURVE ( 2, ( #3, #1545, #4006, #5539, #567, #6002, #2074, #4069, #1514 ),
 .UNSPECIFIED., .F., .F. ) 
 B_SPLINE_CURVE_WITH_KNOTS ( ( 3, 2, 2, 2, 3 ),
 ( 0.5937500000000000000, 0.5989583333333332593, 0.6041666666666665186, 0.6093749999999997780, 0.6145833333333331483 ),
 .UNSPECIFIED. ) 
 CURVE ( )  GEOMETRIC_REPRESENTATION_ITEM ( )  RATIONAL_B_SPLINE_CURVE ( ( 1.000000000000000000, 0.9238795325112867385, 1.000000000000000000, 0.9238795325112867385, 1.000000000000000000, 0.9238795325112867385, 1.000000000000000000, 0.9238795325112899581, 0.9999999999999967804 ) ) 
 REPRESENTATION_ITEM ( '' )  );
#4594 = AXIS2_PLACEMENT_3D ( 'NONE', #5165, #105, #68 ) ;
#4595 = CARTESIAN_POINT ( 'NONE',  ( -4.076582343749995729, -52.57812500170700076, -2.045227899661720714E-14 ) ) ;
#4596 = CARTESIAN_POINT ( 'NONE',  ( -4.076582343749995729, -55.31250000170699366, -1.688575694911967240 ) ) ;
#4597 = CARTESIAN_POINT ( 'NONE',  ( 1.408326112068544633, -47.57812500341398021, -3.399999999999992806 ) ) ;
#4598 = CYLINDRICAL_SURFACE ( 'NONE', #2029, 3.399999999999995914 ) ;
#4599 = CARTESIAN_POINT ( 'NONE',  ( 4.076582343749995729, -52.10937500170699366, -1.995304164474380342E-14 ) ) ;
#4600 = ORIENTED_EDGE ( 'NONE', *, *, #3488, .F. ) ;
#4601 = CARTESIAN_POINT ( 'NONE',  ( -2.882579019330972159, -35.07812500170699366, 2.882579019330950842 ) ) ;
#4602 = CARTESIAN_POINT ( 'NONE',  ( -6.245698675651493936E-16, -60.62500000341398021, 3.399999999999975930 ) ) ;
#4603 = CARTESIAN_POINT ( 'NONE',  ( 3.399999999999995914, -35.31250000341398732, -1.995304164474380342E-14 ) ) ;
#4604 = CARTESIAN_POINT ( 'NONE',  ( -3.399999999999995470, -51.95312500000000711, -1.408326112068541747 ) ) ;
#4605 = CARTESIAN_POINT ( 'NONE',  ( -4.076582343749996618, -47.50000000170699366, 1.688575694911926828 ) ) ;
#4606 = CARTESIAN_POINT ( 'NONE',  ( -4.076582343749996618, -51.25000000170699366, 1.688575694911926828 ) ) ;
#4607 =( BOUNDED_CURVE ( )  B_SPLINE_CURVE ( 2, ( #3801, #783, #2777, #1769, #5175, #684, #2263, #3766, #1274 ),
 .UNSPECIFIED., .F., .T. ) 
 B_SPLINE_CURVE_WITH_KNOTS ( ( 3, 2, 2, 2, 3 ),
 ( 0.03124999999999979530, 0.03645833333333313442, 0.04166666666666647006, 0.04687499999999980571, 0.05208333333333314830 ),
 .UNSPECIFIED. ) 
 CURVE ( )  GEOMETRIC_REPRESENTATION_ITEM ( )  RATIONAL_B_SPLINE_CURVE ( ( 1.000000000000002887, 0.9238795325112837409, 1.000000000000000000, 0.9238795325112867385, 1.000000000000000000, 0.9238795325112867385, 1.000000000000000000, 0.9238795325112895140, 0.9999999999999972244 ) ) 
 REPRESENTATION_ITEM ( '' )  );
#4608 = CARTESIAN_POINT ( 'NONE',  ( -2.404163056034259061, -63.28125000341398732, 2.404163056034238188 ) ) ;
#4609 = EDGE_CURVE ( 'NONE', #455, #4156, #3453, .T. ) ;
#4610 = CARTESIAN_POINT ( 'NONE',  ( -2.882579019330972159, -40.07812500170698655, 2.882579019330950842 ) ) ;
#4611 = CARTESIAN_POINT ( 'NONE',  ( 4.076582343749995729, -47.03125000170699366, -1.688575694911967018 ) ) ;
#4612 = CARTESIAN_POINT ( 'NONE',  ( -1.688575694911946590, -39.21875000170700076, -4.076582343750016157 ) ) ;
#4613 = CARTESIAN_POINT ( 'NONE',  ( -1.408326112068498670, -60.85937500000000711, -3.400000000000039435 ) ) ;
#4614 = ORIENTED_EDGE ( 'NONE', *, *, #1377, .F. ) ;
#4615 = ORIENTED_EDGE ( 'NONE', *, *, #6463, .F. ) ;
#4616 = CARTESIAN_POINT ( 'NONE',  ( 2.404163056034258616, -45.15625000341398732, -2.404163056034278600 ) ) ;
#4617 = CARTESIAN_POINT ( 'NONE',  ( 1.408326112068521985, -50.07812500341398021, -3.400000000000015898 ) ) ;
#4618 = CARTESIAN_POINT ( 'NONE',  ( 2.882579019330970382, -61.01562500170699366, 2.882579019330952175 ) ) ;
#4619 = DIRECTION ( 'NONE',  ( -0.000000000000000000, -1.000000000000000000, -0.000000000000000000 ) ) ;
#4620 = CARTESIAN_POINT ( 'NONE',  ( -1.408326112068523317, -37.89062500000000711, 3.399999999999975042 ) ) ;
#4621 = CARTESIAN_POINT ( 'NONE',  ( -2.882579019330972159, -58.82812500170699366, 2.882579019330950842 ) ) ;
#4622 = B_SPLINE_CURVE_WITH_KNOTS ( 'NONE', 3,
 ( #3675, #1677, #5672, #1178, #696, #763, #3643, #2210, #4701, #3610, #2759, #4133, #6165, #4242, #1713, #5157, #5222, #3178 ),
 .UNSPECIFIED., .F., .F.,
 ( 4, 2, 2, 2, 2, 2, 2, 2, 4 ),
 ( 2.219919413801552254E-16, 0.0006848157172977636887, 0.001369631434595305333, 0.002054447151892847736, 0.002739262869190389922, 0.003424078586487931675, 0.004108894303785474295, 0.004793710021083015180, 0.005478525738380557800 ),
 .UNSPECIFIED. ) ;
#4623 = CARTESIAN_POINT ( 'NONE',  ( 1.688575694911947922, -63.59375000170697945, 4.076582343749975301 ) ) ;
#4624 = CARTESIAN_POINT ( 'NONE',  ( 1.408326112068521985, -61.32812500341398732, -3.400000000000015898 ) ) ;
#4625 = CARTESIAN_POINT ( 'NONE',  ( -2.882579019330970826, -36.48437500170699366, -2.882579019330991699 ) ) ;
#4626 = CARTESIAN_POINT ( 'NONE',  ( -1.408326112068521319, -52.10937500000000000, -3.400000000000015898 ) ) ;
#4627 = CARTESIAN_POINT ( 'NONE',  ( -1.408326112068521319, -39.60937500000001421, -3.400000000000015898 ) ) ;
#4628 = CARTESIAN_POINT ( 'NONE',  ( 2.882579019330970382, -36.01562500170699366, 2.882579019330952175 ) ) ;
#4629 = CARTESIAN_POINT ( 'NONE',  ( 4.163799117100996122E-16, -65.00000000000000000, 3.399999999999975930 ) ) ;
#4630 = EDGE_CURVE ( 'NONE', #1604, #6004, #792, .T. ) ;
#4631 = ORIENTED_EDGE ( 'NONE', *, *, #5480, .T. ) ;
#4632 = CARTESIAN_POINT ( 'NONE',  ( 4.076582343749995729, -50.62500000170699366, -1.688575694911966796 ) ) ;
#4633 = CARTESIAN_POINT ( 'NONE',  ( -2.882579019330970826, -52.89062500170699366, -2.882579019330991699 ) ) ;
#4634 = CARTESIAN_POINT ( 'NONE',  ( 3.399999999999995914, -47.81250000341398732, -1.995304164474380342E-14 ) ) ;
#4635 = CARTESIAN_POINT ( 'NONE',  ( -4.076582343749995729, -38.82812500170699366, -2.045227899661720714E-14 ) ) ;
#4636 = CARTESIAN_POINT ( 'NONE',  ( 2.404163056034257728, -50.46875000341398732, 2.404163056034239077 ) ) ;
#4637 = CARTESIAN_POINT ( 'NONE',  ( 2.404163056034257728, -46.71875000341398021, 2.404163056034239077 ) ) ;
#4638 = VECTOR ( 'NONE', #2528, 1000.000000000000000 ) ;
#4639 = CARTESIAN_POINT ( 'NONE',  ( 2.496186759367024056E-16, -61.64062500170699366, -4.076582343750016157 ) ) ;
#4640 = CARTESIAN_POINT ( 'NONE',  ( -1.688575694911949698, -36.25000000170698655, 4.076582343749975301 ) ) ;
#4641 = CARTESIAN_POINT ( 'NONE',  ( 0.000000000000000000, -64.37500000000000000, -1.995304164474380342E-14 ) ) ;
#4642 = CARTESIAN_POINT ( 'NONE',  ( -1.408326112068521319, -63.35937500000000000, -3.400000000000015898 ) ) ;
#4643 = CARTESIAN_POINT ( 'NONE',  ( -3.399999999999995914, -54.37500000000000000, -2.036942155645390229E-14 ) ) ;
#4644 = CARTESIAN_POINT ( 'NONE',  ( -4.076582343749995729, -46.32812500170699366, -2.045227899661720714E-14 ) ) ;
#4645 = EDGE_CURVE ( 'NONE', #3729, #3872, #4940, .T. ) ;
#4646 = CARTESIAN_POINT ( 'NONE',  ( -2.882579019330970826, -48.98437500170699366, -2.882579019330991699 ) ) ;
#4647 = CARTESIAN_POINT ( 'NONE',  ( 3.399999999999995026, -45.07812500000000000, 1.408326112068504221 ) ) ;
#4648 = CARTESIAN_POINT ( 'NONE',  ( -1.688575694911950142, -48.75000000170699366, 4.076582343749975301 ) ) ;
#4649 = CARTESIAN_POINT ( 'NONE',  ( -2.882579019330970826, -41.64062500170699366, -2.882579019330991699 ) ) ;
#4650 = ORIENTED_EDGE ( 'NONE', *, *, #942, .F. ) ;
#4651 = ORIENTED_EDGE ( 'NONE', *, *, #6275, .T. ) ;
#4652 = EDGE_CURVE ( 'NONE', #2014, #2393, #3465, .T. ) ;
#4653 = CARTESIAN_POINT ( 'NONE',  ( -2.404163056034259061, -44.53125000341398732, 2.404163056034238188 ) ) ;
#4654 = CARTESIAN_POINT ( 'NONE',  ( -2.404163056034258172, -53.59375000341398732, -2.404163056034278600 ) ) ;
#4655 = CARTESIAN_POINT ( 'NONE',  ( -2.882579019330972159, -61.32812500170699366, 2.882579019330950842 ) ) ;
#4656 = CARTESIAN_POINT ( 'NONE',  ( -6.245698675651493936E-16, -36.87500000341398021, 3.399999999999975930 ) ) ;
#4657 = CARTESIAN_POINT ( 'NONE',  ( 3.399999999999995470, -38.67187500000001421, -1.408326112068541525 ) ) ;
#4659 = CARTESIAN_POINT ( 'NONE',  ( -2.882579019330972159, -35.07812500170699366, 2.882579019330950842 ) ) ;
#4658 = CIRCLE ( 'NONE', #3713, 6.500000000000000000 ) ;
#4660 = CARTESIAN_POINT ( 'NONE',  ( 4.076582343749995729, -54.53125000170699366, -1.688575694911966796 ) ) ;
#4661 = EDGE_CURVE ( 'NONE', #1907, #1497, #1889, .T. ) ;
#4662 = CYLINDRICAL_SURFACE ( 'NONE', #62, 3.399999999999995914 ) ;
#4663 = CARTESIAN_POINT ( 'NONE',  ( 2.081899558550498061E-16, -61.25000000341398021, -3.400000000000015898 ) ) ;
#4664 = CARTESIAN_POINT ( 'NONE',  ( -4.076582343749995729, -36.32812500170700076, -2.045227899661720714E-14 ) ) ;
#4665 = CARTESIAN_POINT ( 'NONE',  ( -3.399999999999995914, -63.43750000341398732, -2.036942155645390229E-14 ) ) ;
#4666 = CARTESIAN_POINT ( 'NONE',  ( -1.408326112068521319, -55.85937500000000000, -3.400000000000015898 ) ) ;
#4667 = CARTESIAN_POINT ( 'NONE',  ( -3.399999999999996803, -61.79687500000000000, 1.408326112068501335 ) ) ;
#4668 = CARTESIAN_POINT ( 'NONE',  ( 4.076582343749995729, -54.37500000170700076, -1.688575694911966796 ) ) ;
#4669 = CARTESIAN_POINT ( 'NONE',  ( -4.076582343749995729, -53.98437500170698655, -2.045227899661720714E-14 ) ) ;
#4670 = CARTESIAN_POINT ( 'NONE',  ( 3.399999999999995914, -40.31250000341398732, -1.995304164474380342E-14 ) ) ;
#4671 = DIRECTION ( 'NONE',  ( 0.000000000000000000, 0.000000000000000000, -1.000000000000000000 ) ) ;
#4672 = CARTESIAN_POINT ( 'NONE',  ( 1.408326112068476244, -46.48437500000000000, 3.400000000000022116 ) ) ;
#4673 = CARTESIAN_POINT ( 'NONE',  ( -3.399999999999996803, -57.10937500341398732, 1.408326112068501335 ) ) ;
#4674 = CARTESIAN_POINT ( 'NONE',  ( 4.076582343749995729, -64.45312500170699366, -1.995304164474380342E-14 ) ) ;
#4675 = CARTESIAN_POINT ( 'NONE',  ( -6.245698675651493936E-16, -44.37500000341398732, 3.399999999999975930 ) ) ;
#4676 = CARTESIAN_POINT ( 'NONE',  ( 2.404163056034258616, -64.84375000000000000, -2.404163056034278600 ) ) ;
#4677 = CARTESIAN_POINT ( 'NONE',  ( 1.408326112068522651, -52.73437500000000000, 3.399999999999975486 ) ) ;
#4678 = CARTESIAN_POINT ( 'NONE',  ( 1.688575694911947922, -47.18750000170699366, 4.076582343749975301 ) ) ;
#4679 = CARTESIAN_POINT ( 'NONE',  ( -4.076582343749995729, -52.65625000170700076, -1.688575694911967240 ) ) ;
#4680 = CYLINDRICAL_SURFACE ( 'NONE', #4163, 3.399999999999995914 ) ;
#4681 = CARTESIAN_POINT ( 'NONE',  ( -4.076582343749995729, -40.23437500170699366, -2.045227899661720714E-14 ) ) ;
#4682 = CARTESIAN_POINT ( 'NONE',  ( 1.688575694911947922, -47.34375000170699366, 4.076582343749975301 ) ) ;
#4683 = CARTESIAN_POINT ( 'NONE',  ( 4.076582343749994841, -35.93750000170699366, 1.688575694911929936 ) ) ;
#4684 = CARTESIAN_POINT ( 'NONE',  ( 4.163799117100996122E-16, -65.00000000000000000, 3.399999999999975930 ) ) ;
#4685 = ORIENTED_EDGE ( 'NONE', *, *, #2885, .F. ) ;
#4686 = ORIENTED_EDGE ( 'NONE', *, *, #3644, .F. ) ;
#4687 = LINE ( 'NONE', #6185, #3347 ) ;
#4688 = ADVANCED_FACE ( 'NONE', ( #3546 ), #2600, .F. ) ;
#4689 = CARTESIAN_POINT ( 'NONE',  ( 3.399999999999995026, -47.89062500341398021, 1.408326112068503777 ) ) ;
#4690 = CARTESIAN_POINT ( 'NONE',  ( -1.408326112068521319, -47.42187500341398732, -3.400000000000015898 ) ) ;
#4691 = CARTESIAN_POINT ( 'NONE',  ( 4.076582343749994841, -63.43750000170699366, 1.688575694911929936 ) ) ;
#4692 = CARTESIAN_POINT ( 'NONE',  ( 0.000000000000000000, -65.00000000000000000, -1.995304164474380342E-14 ) ) ;
#4694 = VECTOR ( 'NONE', #2377, 1000.000000000000000 ) ;
#4693 = CARTESIAN_POINT ( 'NONE',  ( 3.399999999999995026, -35.07812500000000711, 1.408326112068503777 ) ) ;
#4695 = CARTESIAN_POINT ( 'NONE',  ( -4.076582343749995729, -51.48437500170699366, -2.045227899661720714E-14 ) ) ;
#4696 = CARTESIAN_POINT ( 'NONE',  ( 2.882579019330970382, -63.51562500170698655, 2.882579019330952175 ) ) ;
#4697 = CARTESIAN_POINT ( 'NONE',  ( 3.399999999999995914, -64.06250000341398732, -1.995304164474380342E-14 ) ) ;
#4698 = CARTESIAN_POINT ( 'NONE',  ( 4.076582343749995729, -54.37500000170700076, -1.688575694911967018 ) ) ;
#4699 = CARTESIAN_POINT ( 'NONE',  ( -1.688575694911949698, -36.09375000170699366, 4.076582343749975301 ) ) ;
#4700 = CARTESIAN_POINT ( 'NONE',  ( -3.399999999999995914, -51.87500000000000711, -2.036942155645390229E-14 ) ) ;
#4701 = CARTESIAN_POINT ( 'NONE',  ( -2.604438579780110619, -64.46759733732845632, -2.338217587296957056 ) ) ;
#4702 = EDGE_LOOP ( 'NONE', ( #1235, #4423, #2306, #1624 ) ) ;
#4703 = CARTESIAN_POINT ( 'NONE',  ( -4.076582343749995729, -51.40625000170699366, -1.688575694911967240 ) ) ;
#4704 = CARTESIAN_POINT ( 'NONE',  ( -2.882579019330972159, -52.57812500170699366, 2.882579019330950842 ) ) ;
#4705 = CARTESIAN_POINT ( 'NONE',  ( 3.399999999999995914, -47.73437500341398732, -1.408326112068541525 ) ) ;
#4706 = DIRECTION ( 'NONE',  ( -0.000000000000000000, -1.000000000000000000, -0.000000000000000000 ) ) ;
#4707 = AXIS2_PLACEMENT_3D ( 'NONE', #1703, #2684, #1773 ) ;
#4708 = CARTESIAN_POINT ( 'NONE',  ( 3.399999999999995914, -43.98437500341398732, -1.408326112068541525 ) ) ;
#4709 = CARTESIAN_POINT ( 'NONE',  ( -4.076582343749996618, -61.25000000170700076, 1.688575694911926828 ) ) ;
#4710 = DIRECTION ( 'NONE',  ( 0.000000000000000000, 0.000000000000000000, -1.000000000000000000 ) ) ;
#4711 = CARTESIAN_POINT ( 'NONE',  ( -2.404163056034259061, -62.96875000000000711, 2.404163056034238188 ) ) ;
#4712 = CARTESIAN_POINT ( 'NONE',  ( 2.404163056034257728, -48.90625000000000000, 2.404163056034239077 ) ) ;
#4713 = CARTESIAN_POINT ( 'NONE',  ( -4.076582343749995729, -45.15625000170700076, -1.688575694911967684 ) ) ;
#4714 = CARTESIAN_POINT ( 'NONE',  ( 2.882579019330971715, -53.04687500170699366, -2.882579019330991699 ) ) ;
#4715 = CARTESIAN_POINT ( 'NONE',  ( 4.076582343749995729, -42.03125000170698655, -1.688575694911967018 ) ) ;
#4716 = FACE_OUTER_BOUND ( 'NONE', #3365, .T. ) ;
#4717 = CARTESIAN_POINT ( 'NONE',  ( 3.399999999999995026, -51.32812500000000711, 1.408326112068504221 ) ) ;
#4718 = VERTEX_POINT ( 'NONE', #2508 ) ;
#4719 = EDGE_LOOP ( 'NONE', ( #4452, #5109, #4568, #3730, #297, #4820, #1063, #5837, #828, #3809, #14, #581, #4392, #2710, #5625, #4859, #2902, #616, #1488, #5874, #714, #1547, #5490, #3032, #2510, #4882, #1935, #4295, #425, #4802, #4686, #1236, #6183, #5043, #2278, #3989, #334, #5042, #1517, #4600, #5658, #2579, #4537, #1051, #2520, #682, #3395, #5976, #1032, #4228, #4581, #1590, #729 ) ) ;
#4720 = CARTESIAN_POINT ( 'NONE',  ( 2.081899558550498061E-16, -38.75000000341398732, -3.400000000000015898 ) ) ;
#4721 = CARTESIAN_POINT ( 'NONE',  ( 3.399999999999995914, -45.31250000341398021, -1.995304164474380342E-14 ) ) ;
#4722 = CARTESIAN_POINT ( 'NONE',  ( -3.399999999999995470, -46.01562500341398021, -1.408326112068541747 ) ) ;
#4723 = CARTESIAN_POINT ( 'NONE',  ( 1.408326112068521985, -64.76562500000001421, -3.400000000000015898 ) ) ;
#4724 = DIRECTION ( 'NONE',  ( 0.000000000000000000, 0.000000000000000000, -1.000000000000000000 ) ) ;
#4725 = CARTESIAN_POINT ( 'NONE',  ( 3.808651545348268472E-15, 1.329783579673954269E-29, 0.000000000000000000 ) ) ;
#4726 = CARTESIAN_POINT ( 'NONE',  ( 2.496186759367024056E-16, -49.29687500170699366, -4.076582343750016157 ) ) ;
#4727 = APPROVAL_PERSON_ORGANIZATION ( #5325, #5379, #4346 ) ;
#4728 = CARTESIAN_POINT ( 'NONE',  ( -4.076582343749995729, -61.56250000170699366, -1.688575694911967684 ) ) ;
#4729 = CARTESIAN_POINT ( 'NONE',  ( -2.404163056034259061, -60.78125000341398732, 2.404163056034238188 ) ) ;
#4730 = CARTESIAN_POINT ( 'NONE',  ( -1.408326112068521319, -63.67187500341397310, -3.400000000000015898 ) ) ;
#4731 = CARTESIAN_POINT ( 'NONE',  ( 2.882579019330971715, -58.04687500170699366, -2.882579019330991699 ) ) ;
#4732 = CARTESIAN_POINT ( 'NONE',  ( -2.404163056034258172, -63.59375000341398021, -2.404163056034278600 ) ) ;
#4733 = CARTESIAN_POINT ( 'NONE',  ( 3.399999999999995470, -47.42187500000000000, -1.408326112068541525 ) ) ;
#4734 = CARTESIAN_POINT ( 'NONE',  ( -6.245698675651493936E-16, -61.56250000000000000, 3.399999999999975930 ) ) ;
#4735 = ORIENTED_EDGE ( 'NONE', *, *, #4661, .F. ) ;
#4736 = ADVANCED_FACE ( 'NONE', ( #1985 ), #4598, .F. ) ;
#4737 = EDGE_CURVE ( 'NONE', #2347, #1907, #2012, .T. ) ;
#4738 = CARTESIAN_POINT ( 'NONE',  ( -1.688575694911949698, -47.34375000170699366, 4.076582343749975301 ) ) ;
#4739 = CARTESIAN_POINT ( 'NONE',  ( -2.882579019330970826, -51.64062500170699366, -2.882579019330991699 ) ) ;
#4740 = CARTESIAN_POINT ( 'NONE',  ( 2.404163056034257728, -40.46875000341398732, 2.404163056034239077 ) ) ;
#4741 = CARTESIAN_POINT ( 'NONE',  ( 3.399999999999995914, -57.50000000000000000, -1.995304164474380342E-14 ) ) ;
#4742 = CARTESIAN_POINT ( 'NONE',  ( 2.404163056034258616, -54.84375000000000711, -2.404163056034278600 ) ) ;
#4743 = CARTESIAN_POINT ( 'NONE',  ( 2.404163056034257728, -55.46875000341398732, 2.404163056034239077 ) ) ;
#4744 = CARTESIAN_POINT ( 'NONE',  ( 2.496186759367024056E-16, -62.89062500170700076, -4.076582343750016157 ) ) ;
#4745 = CARTESIAN_POINT ( 'NONE',  ( -3.399999999999995914, -55.70312499999999289, -1.408326112068541747 ) ) ;
#4746 = CARTESIAN_POINT ( 'NONE',  ( 3.399999999999995914, -61.25000000000000000, -1.995304164474380342E-14 ) ) ;
#4747 = CARTESIAN_POINT ( 'NONE',  ( 2.081899558550498061E-16, -47.18750000000000000, -3.400000000000015898 ) ) ;
#4748 = CARTESIAN_POINT ( 'NONE',  ( -4.076582343749995729, -47.57812500170699366, -2.045227899661720714E-14 ) ) ;
#4749 = CARTESIAN_POINT ( 'NONE',  ( -1.688575694911946590, -50.31250000170699366, -4.076582343750016157 ) ) ;
#4750 = CARTESIAN_POINT ( 'NONE',  ( 1.408326112068522651, -48.98437500000000000, 3.399999999999975486 ) ) ;
#4751 = CARTESIAN_POINT ( 'NONE',  ( 2.882579019330970382, -43.51562500170699366, 2.882579019330952175 ) ) ;
#4752 = CARTESIAN_POINT ( 'NONE',  ( 4.076582343749995729, -35.78125000170700076, -1.688575694911966796 ) ) ;
#4753 = ORIENTED_EDGE ( 'NONE', *, *, #4737, .F. ) ;
#4754 = CARTESIAN_POINT ( 'NONE',  ( 0.000000000000000000, -65.00000000000000000, -1.995304164474380342E-14 ) ) ;
#4755 = CARTESIAN_POINT ( 'NONE',  ( -2.404163056034258172, -43.59375000341398732, -2.404163056034278600 ) ) ;
#4756 = CARTESIAN_POINT ( 'NONE',  ( 2.404163056034258616, -47.65625000341398732, -2.404163056034278600 ) ) ;
#4757 = CARTESIAN_POINT ( 'NONE',  ( -6.245698675651493936E-16, -49.37500000341398732, 3.399999999999975930 ) ) ;
#4758 = CARTESIAN_POINT ( 'NONE',  ( 2.081899558550498061E-16, -43.75000000341398732, -3.400000000000015898 ) ) ;
#4759 = DIRECTION ( 'NONE',  ( -0.000000000000000000, -1.000000000000000000, -0.000000000000000000 ) ) ;
#4760 = FACE_OUTER_BOUND ( 'NONE', #4366, .T. ) ;
#4761 = CARTESIAN_POINT ( 'NONE',  ( -1.688575694911949698, -50.00000000170698655, 4.076582343749975301 ) ) ;
#4762 = CARTESIAN_POINT ( 'NONE',  ( 4.076582343749994841, -62.18750000170699366, 1.688575694911929936 ) ) ;
#4763 = CARTESIAN_POINT ( 'NONE',  ( 2.404163056034258616, -58.90625000341398732, -2.404163056034278600 ) ) ;
#4764 = CARTESIAN_POINT ( 'NONE',  ( 1.408326112068522651, -60.54687500341398021, 3.399999999999975486 ) ) ;
#4765 = CARTESIAN_POINT ( 'NONE',  ( 2.496186759367024056E-16, -57.89062500170699366, -4.076582343750016157 ) ) ;
#4766 = CARTESIAN_POINT ( 'NONE',  ( -7.488560278101070689E-16, -36.01562500170699366, 4.076582343749976189 ) ) ;
#4767 = CARTESIAN_POINT ( 'NONE',  ( -3.399999999999995914, -46.87500000000000000, -2.036942155645390229E-14 ) ) ;
#4768 = CARTESIAN_POINT ( 'NONE',  ( 2.404163056034258616, -53.59375000000000000, -2.404163056034278600 ) ) ;
#4769 = CARTESIAN_POINT ( 'NONE',  ( -7.488560278101070689E-16, -48.51562500170699366, 4.076582343749976189 ) ) ;
#4770 = CARTESIAN_POINT ( 'NONE',  ( 4.076582343749995729, -52.03125000170698655, -1.688575694911966796 ) ) ;
#4771 = DATE_TIME_ROLE ( 'classification_date' ) ;
#4772 = CARTESIAN_POINT ( 'NONE',  ( 1.408326112068522651, -40.23437500000000000, 3.399999999999975486 ) ) ;
#4773 = FACE_OUTER_BOUND ( 'NONE', #5073, .T. ) ;
#4774 =( BOUNDED_CURVE ( )  B_SPLINE_CURVE ( 2, ( #1031, #2122, #681, #4049, #6047, #5143, #6150, #3031, #4155 ),
 .UNSPECIFIED., .F., .F. ) 
 B_SPLINE_CURVE_WITH_KNOTS ( ( 3, 2, 2, 2, 3 ),
 ( 0.4895833333333332593, 0.4947916666666666297, 0.5000000000000000000, 0.5052083333333333703, 0.5104166666666666297 ),
 .UNSPECIFIED. ) 
 CURVE ( )  GEOMETRIC_REPRESENTATION_ITEM ( )  RATIONAL_B_SPLINE_CURVE ( ( 1.000000000000000888, 0.9238795325112859613, 1.000000000000000000, 0.9238795325112867385, 1.000000000000000000, 0.9238795325112867385, 1.000000000000000000, 0.9238795325112867385, 1.000000000000000000 ) ) 
 REPRESENTATION_ITEM ( '' )  );
#4775 = CARTESIAN_POINT ( 'NONE',  ( -7.488560278101070689E-16, -59.76562500170700076, 4.076582343749976189 ) ) ;
#4776 = CARTESIAN_POINT ( 'NONE',  ( 2.081899558550498061E-16, -58.75000000341398732, -3.400000000000015898 ) ) ;
#4777 = CARTESIAN_POINT ( 'NONE',  ( 2.081899558550498061E-16, -64.68750000000001421, -3.400000000000015898 ) ) ;
#4778 = CARTESIAN_POINT ( 'NONE',  ( -3.399999999999995914, -46.87500000000000000, -2.036942155645390229E-14 ) ) ;
#4779 = CARTESIAN_POINT ( 'NONE',  ( -2.882579019330970826, -40.23437500170700076, -2.882579019330991699 ) ) ;
#4780 = CARTESIAN_POINT ( 'NONE',  ( -1.688575694911946590, -46.56250000170699366, -4.076582343750016157 ) ) ;
#4781 = CARTESIAN_POINT ( 'NONE',  ( 3.399999999999995026, -62.57812500000000711, 1.408326112068504221 ) ) ;
#4782 = EDGE_CURVE ( 'NONE', #1468, #4083, #61, .T. ) ;
#4783 = CARTESIAN_POINT ( 'NONE',  ( 1.688575694911947922, -43.59375000170700076, 4.076582343749975301 ) ) ;
#4784 = CARTESIAN_POINT ( 'NONE',  ( -1.688575694911949698, -38.75000000170698655, 4.076582343749975301 ) ) ;
#4785 = CARTESIAN_POINT ( 'NONE',  ( -6.245698675651493936E-16, -45.31250000000000711, 3.399999999999975930 ) ) ;
#4786 = EDGE_LOOP ( 'NONE', ( #383, #5281, #114, #934 ) ) ;
#4787 = CARTESIAN_POINT ( 'NONE',  ( -6.245698675651493936E-16, -44.37500000341398732, 3.399999999999975930 ) ) ;
#4788 = CARTESIAN_POINT ( 'NONE',  ( -2.404163056034258172, -42.34375000341398732, -2.404163056034278600 ) ) ;
#4789 = CARTESIAN_POINT ( 'NONE',  ( 3.399999999999995470, -45.23437500341398021, -1.408326112068541525 ) ) ;
#4790 = CARTESIAN_POINT ( 'NONE',  ( -3.399999999999995914, -63.12500000000000000, -2.036942155645390229E-14 ) ) ;
#4791 = CARTESIAN_POINT ( 'NONE',  ( 2.882579019330971715, -59.29687500170699366, -2.882579019330991699 ) ) ;
#4792 = CARTESIAN_POINT ( 'NONE',  ( 1.408326112068510438, -56.01562499999999289, -3.400000000000027445 ) ) ;
#4793 = DIRECTION ( 'NONE',  ( -0.000000000000000000, -1.000000000000000000, -0.000000000000000000 ) ) ;
#4794 = CARTESIAN_POINT ( 'NONE',  ( 2.496186759367024056E-16, -51.79687500170698655, -4.076582343750016157 ) ) ;
#4795 = ORIENTED_EDGE ( 'NONE', *, *, #412, .T. ) ;
#4796 =( BOUNDED_CURVE ( )  B_SPLINE_CURVE ( 2, ( #1193, #2740, #2326, #6212, #1691, #3232, #6178, #1231, #4256 ),
 .UNSPECIFIED., .F., .F. ) 
 B_SPLINE_CURVE_WITH_KNOTS ( ( 3, 2, 2, 2, 3 ),
 ( 0.1979166666666665741, 0.2031249999999999167, 0.2083333333333332593, 0.2135416666666666019, 0.2187499999999999445 ),
 .UNSPECIFIED. ) 
 CURVE ( )  GEOMETRIC_REPRESENTATION_ITEM ( )  RATIONAL_B_SPLINE_CURVE ( ( 1.000000000000001110, 0.9238795325112855172, 1.000000000000000000, 0.9238795325112867385, 1.000000000000000000, 0.9238795325112867385, 1.000000000000000000, 0.9238795325112875156, 0.9999999999999992228 ) ) 
 REPRESENTATION_ITEM ( '' )  );
#4797 = CARTESIAN_POINT ( 'NONE',  ( 2.882579019330970382, -62.26562500170699366, 2.882579019330952175 ) ) ;
#4798 = VECTOR ( 'NONE', #5213, 1000.000000000000227 ) ;
#4799 = CARTESIAN_POINT ( 'NONE',  ( -2.404163056034258172, -56.09375000341398732, -2.404163056034278600 ) ) ;
#4800 = CARTESIAN_POINT ( 'NONE',  ( -3.399999999999995470, -61.01562500341398021, -1.408326112068541747 ) ) ;
#4801 = CARTESIAN_POINT ( 'NONE',  ( 1.688575694911947256, -56.71875000170699366, -4.076582343750016157 ) ) ;
#4802 = ORIENTED_EDGE ( 'NONE', *, *, #6064, .F. ) ;
#4803 = CARTESIAN_POINT ( 'NONE',  ( -3.399999999999995914, -48.12500000000000000, -2.036942155645390229E-14 ) ) ;
#4804 = DIRECTION ( 'NONE',  ( 0.000000000000000000, 0.000000000000000000, -1.000000000000000000 ) ) ;
#4805 = AXIS2_PLACEMENT_3D ( 'NONE', #3998, #2497, #3507 ) ;
#4806 = EDGE_CURVE ( 'NONE', #4016, #2054, #2141, .T. ) ;
#4807 = CARTESIAN_POINT ( 'NONE',  ( 2.496186759367024056E-16, -46.64062500170699366, -4.076582343750016157 ) ) ;
#4808 = CARTESIAN_POINT ( 'NONE',  ( -4.076582343749996618, -50.15625000170700076, 1.688575694911926828 ) ) ;
#4809 = CARTESIAN_POINT ( 'NONE',  ( 2.081899558550498061E-16, -39.68750000000000000, -3.400000000000015898 ) ) ;
#4810 = CARTESIAN_POINT ( 'NONE',  ( -1.408326112068498670, -48.35937500000001421, -3.400000000000039435 ) ) ;
#4811 = CARTESIAN_POINT ( 'NONE',  ( 0.000000000000000000, -65.00000000000000000, -1.995304164474380342E-14 ) ) ;
#4812 = CARTESIAN_POINT ( 'NONE',  ( -2.882579019330972159, -59.92187500170699366, 2.882579019330950842 ) ) ;
#4813 = CARTESIAN_POINT ( 'NONE',  ( 3.399999999999995026, -57.57812500000000000, 1.408326112068503777 ) ) ;
#4814 = CARTESIAN_POINT ( 'NONE',  ( 1.688575694911947256, -40.46875000170699366, -4.076582343750016157 ) ) ;
#4815 = CARTESIAN_POINT ( 'NONE',  ( -4.076582343749996618, -45.00000000170699366, 1.688575694911926828 ) ) ;
#4816 = DIRECTION ( 'NONE',  ( -0.000000000000000000, -1.000000000000000000, -0.000000000000000000 ) ) ;
#4817 = CARTESIAN_POINT ( 'NONE',  ( -7.488560278101070689E-16, -44.92187500170699366, 4.076582343749976189 ) ) ;
#4818 = CARTESIAN_POINT ( 'NONE',  ( 2.882579019330970382, -37.26562500170699366, 2.882579019330952175 ) ) ;
#4819 =( BOUNDED_CURVE ( )  B_SPLINE_CURVE ( 2, ( #5879, #837, #1919, #4844, #3823, #1389, #4317, #5910, #5385 ),
 .UNSPECIFIED., .F., .F. ) 
 B_SPLINE_CURVE_WITH_KNOTS ( ( 3, 2, 2, 2, 3 ),
 ( 0.1562499999999998890, 0.1614583333333332316, 0.1666666666666665741, 0.1718749999999999167, 0.1770833333333332593 ),
 .UNSPECIFIED. ) 
 CURVE ( )  GEOMETRIC_REPRESENTATION_ITEM ( )  RATIONAL_B_SPLINE_CURVE ( ( 1.000000000000001554, 0.9238795325112850731, 1.000000000000000000, 0.9238795325112867385, 1.000000000000000000, 0.9238795325112867385, 1.000000000000000000, 0.9238795325112879597, 0.9999999999999987788 ) ) 
 REPRESENTATION_ITEM ( '' )  );
#4820 = ORIENTED_EDGE ( 'NONE', *, *, #5130, .F. ) ;
#4821 = LINE ( 'NONE', #2712, #198 ) ;
#4822 = EDGE_CURVE ( 'NONE', #1315, #1001, #4593, .T. ) ;
#4823 = CARTESIAN_POINT ( 'NONE',  ( -3.399999999999996358, -40.85937500341398021, 1.408326112068500890 ) ) ;
#4824 = CARTESIAN_POINT ( 'NONE',  ( -6.245698675651493936E-16, -45.62500000341398732, 3.399999999999975930 ) ) ;
#4825 = CARTESIAN_POINT ( 'NONE',  ( 2.404163056034258616, -62.34375000000000000, -2.404163056034278600 ) ) ;
#4826 = CARTESIAN_POINT ( 'NONE',  ( -2.882579019330970826, -58.98437500170699366, -2.882579019330991699 ) ) ;
#4827 = FACE_OUTER_BOUND ( 'NONE', #5312, .T. ) ;
#4828 = CARTESIAN_POINT ( 'NONE',  ( 2.404163056034257728, -36.40625000000000000, 2.404163056034239077 ) ) ;
#4829 = CARTESIAN_POINT ( 'NONE',  ( 2.882579019330970382, -52.26562500170699366, 2.882579019330952175 ) ) ;
#4830 = EDGE_LOOP ( 'NONE', ( #1097, #6369, #874, #3920, #2337 ) ) ;
#4831 = CARTESIAN_POINT ( 'NONE',  ( -7.488560278101070689E-16, -61.17187500170698655, 4.076582343749976189 ) ) ;
#4832 = CARTESIAN_POINT ( 'NONE',  ( 2.081899558550498061E-16, -58.75000000341398732, -3.400000000000015898 ) ) ;
#4833 = DIRECTION ( 'NONE',  ( 0.000000000000000000, 0.000000000000000000, -1.000000000000000000 ) ) ;
#4834 = CARTESIAN_POINT ( 'NONE',  ( 4.076582343749995729, -56.87500000170701497, -1.688575694911967018 ) ) ;
#4835 = CARTESIAN_POINT ( 'NONE',  ( -3.399999999999995470, -50.70312500000000000, -1.408326112068541747 ) ) ;
#4836 = CARTESIAN_POINT ( 'NONE',  ( -3.399999999999995914, -59.68750000341398021, -2.036942155645390229E-14 ) ) ;
#4837 =( BOUNDED_CURVE ( )  B_SPLINE_CURVE ( 2, ( #3326, #4772, #2833, #273, #5384, #2318, #4248, #2282, #4843 ),
 .UNSPECIFIED., .F., .F. ) 
 B_SPLINE_CURVE_WITH_KNOTS ( ( 3, 2, 2, 2, 3 ),
 ( 0.8229166666666666297, 0.8281250000000000000, 0.8333333333333333703, 0.8385416666666666297, 0.8437500000000000000 ),
 .UNSPECIFIED. ) 
 CURVE ( )  GEOMETRIC_REPRESENTATION_ITEM ( )  RATIONAL_B_SPLINE_CURVE ( ( 1.000000000000000000, 0.9238795325112867385, 1.000000000000000000, 0.9238795325112867385, 1.000000000000000000, 0.9238795325112867385, 1.000000000000000000, 0.9238795325112867385, 1.000000000000000000 ) ) 
 REPRESENTATION_ITEM ( '' )  );
#4838 = ORIENTED_EDGE ( 'NONE', *, *, #959, .T. ) ;
#4839 = CARTESIAN_POINT ( 'NONE',  ( -4.076582343749995729, -45.15625000170700076, -1.688575694911967240 ) ) ;
#4840 = CARTESIAN_POINT ( 'NONE',  ( -4.076582343749996618, -47.65625000170700076, 1.688575694911926828 ) ) ;
#4841 = PERSON_AND_ORGANIZATION_ROLE ( 'creator' ) ;
#4842 = ADVANCED_FACE ( 'NONE', ( #5509 ), #2566, .F. ) ;
#4843 = CARTESIAN_POINT ( 'NONE',  ( 2.081899558550498061E-16, -39.68750000000000000, -3.400000000000015898 ) ) ;
#4844 = CARTESIAN_POINT ( 'NONE',  ( 3.399999999999995026, -59.14062500341399442, 1.408326112068504221 ) ) ;
#4845 = CARTESIAN_POINT ( 'NONE',  ( 1.688575694911947256, -55.46875000170699366, -4.076582343750016157 ) ) ;
#4846 = CARTESIAN_POINT ( 'NONE',  ( 2.404163056034257728, -60.15625000000000000, 2.404163056034239077 ) ) ;
#4847 = CARTESIAN_POINT ( 'NONE',  ( -1.688575694911950142, -42.34375000170699366, 4.076582343749975301 ) ) ;
#4848 = CARTESIAN_POINT ( 'NONE',  ( 1.688575694911947922, -48.43750000170700076, 4.076582343749975301 ) ) ;
#4849 = CARTESIAN_POINT ( 'NONE',  ( -4.076582343749995729, -41.56250000170699366, -1.688575694911967684 ) ) ;
#4850 = CARTESIAN_POINT ( 'NONE',  ( -1.408326112068523317, -40.39062500000000711, 3.399999999999975042 ) ) ;
#4851 = ORIENTED_EDGE ( 'NONE', *, *, #4630, .T. ) ;
#4852 = CARTESIAN_POINT ( 'NONE',  ( -3.399999999999995470, -42.26562500341399442, -1.408326112068541747 ) ) ;
#4853 = CARTESIAN_POINT ( 'NONE',  ( -3.399999999999995470, -43.51562500341398732, -1.408326112068541747 ) ) ;
#4854 = CARTESIAN_POINT ( 'NONE',  ( -3.399999999999995470, -64.45312500000000000, -1.408326112068541747 ) ) ;
#4855 = CARTESIAN_POINT ( 'NONE',  ( 4.076582343749994841, -62.03125000170700787, 1.688575694911929936 ) ) ;
#4856 = CARTESIAN_POINT ( 'NONE',  ( -6.245698675651493936E-16, -39.37500000341398732, 3.399999999999975930 ) ) ;
#4857 = CARTESIAN_POINT ( 'NONE',  ( 0.000000000000000000, -65.00000000000000000, -1.995304164474380342E-14 ) ) ;
#4858 = CARTESIAN_POINT ( 'NONE',  ( -4.076582343749995729, -46.48437500170699366, -2.045227899661720714E-14 ) ) ;
#4859 = ORIENTED_EDGE ( 'NONE', *, *, #5797, .F. ) ;
#4860 = CARTESIAN_POINT ( 'NONE',  ( -2.882579019330970826, -62.89062500170698655, -2.882579019330991699 ) ) ;
#4861 = CARTESIAN_POINT ( 'NONE',  ( 1.408326112068521985, -57.57812500341398732, -3.400000000000015898 ) ) ;
#4862 = CARTESIAN_POINT ( 'NONE',  ( 1.408326112068521985, -55.07812500341398021, -3.400000000000015898 ) ) ;
#4863 = CARTESIAN_POINT ( 'NONE',  ( 4.076582343749994841, -52.03125000170700076, 1.688575694911929936 ) ) ;
#4864 = CYLINDRICAL_SURFACE ( 'NONE', #933, 3.399999999999995914 ) ;
#4865 = CARTESIAN_POINT ( 'NONE',  ( 1.408326112068522651, -50.23437500000000000, 3.399999999999975486 ) ) ;
#4866 = CYLINDRICAL_SURFACE ( 'NONE', #4271, 3.399999999999995914 ) ;
#4867 = VERTEX_POINT ( 'NONE', #3516 ) ;
#4868 = EDGE_CURVE ( 'NONE', #3696, #5424, #4969, .T. ) ;
#4869 = CARTESIAN_POINT ( 'NONE',  ( -1.688575694911949698, -44.84375000170699366, 4.076582343749975301 ) ) ;
#4870 = CARTESIAN_POINT ( 'NONE',  ( 2.496186759367024056E-16, -49.29687500170699366, -4.076582343750016157 ) ) ;
#4871 = APPROVAL_ROLE ( '' ) ;
#4872 = CARTESIAN_POINT ( 'NONE',  ( 2.404163056034258616, -51.40625000341398732, -2.404163056034278600 ) ) ;
#4873 = CARTESIAN_POINT ( 'NONE',  ( 4.929203366568097207E-16, -65.00000000000000000, 4.024999999999980815 ) ) ;
#4874 = VECTOR ( 'NONE', #1145, 1000.000000000000000 ) ;
#4875 = CARTESIAN_POINT ( 'NONE',  ( 2.882579019330971715, -56.79687500170699366, -2.882579019330991699 ) ) ;
#4876 = CARTESIAN_POINT ( 'NONE',  ( 2.404163056034257728, -57.65625000000000000, 2.404163056034239077 ) ) ;
#4877 = CARTESIAN_POINT ( 'NONE',  ( 4.076582343749995729, -41.87500000170700076, -1.688575694911967018 ) ) ;
#4878 = CARTESIAN_POINT ( 'NONE',  ( -4.076582343749995729, -47.57812500170699366, -2.045227899661720714E-14 ) ) ;
#4879 = CARTESIAN_POINT ( 'NONE',  ( -1.408326112068532865, -52.42187500341399442, -3.400000000000004796 ) ) ;
#4880 = CARTESIAN_POINT ( 'NONE',  ( -4.076582343749995729, -55.23437500170699366, -2.045227899661720714E-14 ) ) ;
#4881 = CARTESIAN_POINT ( 'NONE',  ( 0.000000000000000000, -65.00000000000000000, -3.400000000000015898 ) ) ;
#4882 = ORIENTED_EDGE ( 'NONE', *, *, #5409, .F. ) ;
#4883 = CARTESIAN_POINT ( 'NONE',  ( 1.408326112068522651, -40.54687500341399442, 3.399999999999975486 ) ) ;
#4884 = CARTESIAN_POINT ( 'NONE',  ( 2.404163056034258616, -42.65625000341398732, -2.404163056034278600 ) ) ;
#4885 = CARTESIAN_POINT ( 'NONE',  ( 1.408326112068521985, -57.26562500000001421, -3.400000000000015898 ) ) ;
#4886 = CARTESIAN_POINT ( 'NONE',  ( 1.688575694911947922, -62.18750000170699366, 4.076582343749975301 ) ) ;
#4887 = CYLINDRICAL_SURFACE ( 'NONE', #5506, 3.399999999999995914 ) ;
#4888 = CARTESIAN_POINT ( 'NONE',  ( 2.496186759367024056E-16, -44.29687500170699366, -4.076582343750016157 ) ) ;
#4889 = DIRECTION ( 'NONE',  ( 0.000000000000000000, 0.000000000000000000, -1.000000000000000000 ) ) ;
#4890 = ORIENTED_EDGE ( 'NONE', *, *, #3609, .F. ) ;
#4891 = CARTESIAN_POINT ( 'NONE',  ( -1.408326112068523317, -55.70312500341399442, 3.399999999999975042 ) ) ;
#4892 = CARTESIAN_POINT ( 'NONE',  ( -1.408326112068521319, -58.67187500341398021, -3.400000000000015898 ) ) ;
#4893 = CARTESIAN_POINT ( 'NONE',  ( 4.076582343749995729, -64.53125000170699366, -1.688575694911966796 ) ) ;
#4894 = CARTESIAN_POINT ( 'NONE',  ( 4.076582343749994841, -50.78125000170699366, 1.688575694911929936 ) ) ;
#4895 = CARTESIAN_POINT ( 'NONE',  ( -3.399999999999996358, -64.37499999999998579, 2.034308602092651781E-13 ) ) ;
#4896 = CARTESIAN_POINT ( 'NONE',  ( 1.408326112068522651, -45.23437500000000000, 3.399999999999975486 ) ) ;
#4897 = CARTESIAN_POINT ( 'NONE',  ( 4.076582343749995729, -62.10937500170699366, -1.995304164474380342E-14 ) ) ;
#4898 = ORIENTED_EDGE ( 'NONE', *, *, #995, .F. ) ;
#4899 = VECTOR ( 'NONE', #5722, 1000.000000000000000 ) ;
#4900 = CARTESIAN_POINT ( 'NONE',  ( -1.688575694911946590, -40.31250000170699366, -4.076582343750016157 ) ) ;
#4901 = CARTESIAN_POINT ( 'NONE',  ( 1.688575694911947256, -48.12500000170699366, -4.076582343750016157 ) ) ;
#4902 = CARTESIAN_POINT ( 'NONE',  ( 3.399999999999995026, -46.32812500000000711, 1.408326112068503777 ) ) ;
#4903 = PLANE ( 'NONE',  #5108 ) ;
#4904 = CARTESIAN_POINT ( 'NONE',  ( -3.399999999999995914, -35.93750000341398732, -2.036942155645390229E-14 ) ) ;
#4905 = CARTESIAN_POINT ( 'NONE',  ( -1.688575694911946590, -55.31250000170699366, -4.076582343750016157 ) ) ;
#4906 = CARTESIAN_POINT ( 'NONE',  ( 1.408326112068522651, -57.73437500000000711, 3.399999999999975486 ) ) ;
#4907 = CARTESIAN_POINT ( 'NONE',  ( -2.882579019330970826, -41.48437500170700076, -2.882579019330991699 ) ) ;
#4908 = CARTESIAN_POINT ( 'NONE',  ( 1.688575694911947922, -42.18750000170699366, 4.076582343749975301 ) ) ;
#4909 = CARTESIAN_POINT ( 'NONE',  ( 3.399999999999995026, -61.32812500000000711, 1.408326112068504221 ) ) ;
#4910 = CARTESIAN_POINT ( 'NONE',  ( 4.076582343749994841, -54.68750000170700076, 1.688575694911929936 ) ) ;
#4911 = ORIENTED_EDGE ( 'NONE', *, *, #6479, .F. ) ;
#4912 = CARTESIAN_POINT ( 'NONE',  ( 2.404163056034257728, -37.96875000341398732, 2.404163056034239077 ) ) ;
#4913 = CARTESIAN_POINT ( 'NONE',  ( -1.408326112068523317, -44.45312500341398732, 3.399999999999975042 ) ) ;
#4914 = CARTESIAN_POINT ( 'NONE',  ( 3.399999999999995026, -58.82812500000000711, 1.408326112068503777 ) ) ;
#4915 = CARTESIAN_POINT ( 'NONE',  ( -4.076582343749995729, -61.40625000170700076, -1.688575694911967240 ) ) ;
#4916 = CARTESIAN_POINT ( 'NONE',  ( -3.399999999999995914, -50.70312500000000000, -1.408326112068541747 ) ) ;
#4917 = EDGE_CURVE ( 'NONE', #2480, #6420, #5228, .T. ) ;
#4918 = CARTESIAN_POINT ( 'NONE',  ( 1.688575694911947922, -46.09375000170699366, 4.076582343749975301 ) ) ;
#4919 = CARTESIAN_POINT ( 'NONE',  ( 2.081899558550498061E-16, -54.68750000000000000, -3.400000000000015898 ) ) ;
#4920 = EDGE_CURVE ( 'NONE', #3337, #327, #5609, .T. ) ;
#4921 = ORIENTED_EDGE ( 'NONE', *, *, #2960, .T. ) ;
#4922 = CIRCLE ( 'NONE', #1254, 3.399999999999995914 ) ;
#4923 = CARTESIAN_POINT ( 'NONE',  ( 2.882579019330970382, -38.51562500170699366, 2.882579019330952175 ) ) ;
#4924 = CARTESIAN_POINT ( 'NONE',  ( 2.081899558550498061E-16, -50.00000000341398732, -3.400000000000015898 ) ) ;
#4925 = CARTESIAN_POINT ( 'NONE',  ( -6.245698675651493936E-16, -58.12500000341398732, 3.399999999999975930 ) ) ;
#4926 = CARTESIAN_POINT ( 'NONE',  ( -4.076582343749995729, -63.98437500170699366, -2.045227899661720714E-14 ) ) ;
#4927 = CARTESIAN_POINT ( 'NONE',  ( -2.882579019330972159, -52.42187500170699366, 2.882579019330950842 ) ) ;
#4928 = CARTESIAN_POINT ( 'NONE',  ( 3.399999999999995026, -43.82812500000001421, 1.408326112068503777 ) ) ;
#4929 = CARTESIAN_POINT ( 'NONE',  ( -1.688575694911949698, -61.25000000170700076, 4.076582343749975301 ) ) ;
#4930 = LINE ( 'NONE', #1506, #1827 ) ;
#4931 = CARTESIAN_POINT ( 'NONE',  ( -7.488560278101070689E-16, -41.01562500170699366, 4.076582343749976189 ) ) ;
#4932 = CARTESIAN_POINT ( 'NONE',  ( 2.882579019330970382, -47.26562500170698655, 2.882579019330952175 ) ) ;
#4933 = CARTESIAN_POINT ( 'NONE',  ( 2.404163056034258616, -51.09375000000000000, -2.404163056034278600 ) ) ;
#4934 = DIRECTION ( 'NONE',  ( -0.000000000000000000, -1.000000000000000000, -0.000000000000000000 ) ) ;
#4935 = CC_DESIGN_SECURITY_CLASSIFICATION ( #4312, ( #2627 ) ) ;
#4936 = CARTESIAN_POINT ( 'NONE',  ( -2.882579019330970826, -58.98437500170699366, -2.882579019330991699 ) ) ;
#4937 = CARTESIAN_POINT ( 'NONE',  ( -1.408326112068521319, -59.60937500000000000, -3.400000000000015898 ) ) ;
#4938 = CARTESIAN_POINT ( 'NONE',  ( -4.076582343749996618, -38.75000000170699366, 1.688575694911926828 ) ) ;
#4939 = CARTESIAN_POINT ( 'NONE',  ( 4.076582343749995729, -43.20312500170699366, -1.995304164474380342E-14 ) ) ;
#4940 = LINE ( 'NONE', #2449, #2999 ) ;
#4941 = CARTESIAN_POINT ( 'NONE',  ( 4.076582343749995729, -53.28125000170699366, -1.688575694911967018 ) ) ;
#4942 = EDGE_CURVE ( 'NONE', #416, #5896, #2988, .T. ) ;
#4943 = VERTEX_POINT ( 'NONE', #2699 ) ;
#4944 = CARTESIAN_POINT ( 'NONE',  ( 3.399999999999995026, -39.14062500341398732, 1.408326112068503777 ) ) ;
#4945 = CARTESIAN_POINT ( 'NONE',  ( 1.408326112068521985, -42.57812500341398021, -3.400000000000015898 ) ) ;
#4946 = CARTESIAN_POINT ( 'NONE',  ( 2.081899558550498061E-16, -60.93750000000000711, -3.400000000000015898 ) ) ;
#4947 = CARTESIAN_POINT ( 'NONE',  ( 2.496186759367024056E-16, -56.64062500170699366, -4.076582343750016157 ) ) ;
#4948 = CARTESIAN_POINT ( 'NONE',  ( -1.408326112068534863, -50.39062500000000711, 3.399999999999963940 ) ) ;
#4949 = CARTESIAN_POINT ( 'NONE',  ( -4.076582343749995729, -47.73437500170699366, -2.045227899661720714E-14 ) ) ;
#4950 = CARTESIAN_POINT ( 'NONE',  ( -6.245698675651493936E-16, -41.87500000341398732, 3.399999999999975930 ) ) ;
#4951 = VERTEX_POINT ( 'NONE', #2733 ) ;
#4952 = CARTESIAN_POINT ( 'NONE',  ( -4.076582343749995729, -37.81250000170698655, -1.688575694911967240 ) ) ;
#4953 = CARTESIAN_POINT ( 'NONE',  ( -2.404163056034259061, -49.53125000341398021, 2.404163056034238188 ) ) ;
#4954 = CARTESIAN_POINT ( 'NONE',  ( -3.399999999999995470, -56.01562500341398021, -1.408326112068541747 ) ) ;
#4955 = CARTESIAN_POINT ( 'NONE',  ( 2.404163056034258616, -37.34375000000000000, -2.404163056034278600 ) ) ;
#4956 = CARTESIAN_POINT ( 'NONE',  ( 2.496186759367024056E-16, -51.64062500170699366, -4.076582343750016157 ) ) ;
#4957 = DIRECTION ( 'NONE',  ( -0.000000000000000000, -1.000000000000000000, -0.000000000000000000 ) ) ;
#4958 = CARTESIAN_POINT ( 'NONE',  ( -3.399999999999995914, -41.87500000000000000, -2.036942155645390229E-14 ) ) ;
#4959 = CARTESIAN_POINT ( 'NONE',  ( -7.488560278101070689E-16, -61.17187500170698655, 4.076582343749976189 ) ) ;
#4960 = CARTESIAN_POINT ( 'NONE',  ( 3.399999999999995914, -62.81250000341398732, -1.995304164474380342E-14 ) ) ;
#4961 = CARTESIAN_POINT ( 'NONE',  ( -4.076582343749996618, -42.50000000170699366, 1.688575694911926828 ) ) ;
#4962 = CARTESIAN_POINT ( 'NONE',  ( 4.076582343749994841, -44.68750000170697945, 1.688575694911929936 ) ) ;
#4963 = CARTESIAN_POINT ( 'NONE',  ( -3.399999999999995470, -44.45312500000000711, -1.408326112068541747 ) ) ;
#4964 = CARTESIAN_POINT ( 'NONE',  ( 2.404163056034258616, -47.34375000000000711, -2.404163056034278600 ) ) ;
#4965 = APPLICATION_CONTEXT ( 'configuration controlled 3d designs of mechanical parts and assemblies' ) ;
#4966 = CARTESIAN_POINT ( 'NONE',  ( 4.076582343749995729, -59.37500000170700076, -1.688575694911966796 ) ) ;
#4967 = CARTESIAN_POINT ( 'NONE',  ( 1.408326112068521985, -51.01562500000000000, -3.400000000000015898 ) ) ;
#4968 = CARTESIAN_POINT ( 'NONE',  ( 2.882579019330970382, -35.85937500170699366, 2.882579019330952175 ) ) ;
#4969 = CIRCLE ( 'NONE', #3180, 6.500000000000000000 ) ;
#4970 = CARTESIAN_POINT ( 'NONE',  ( 2.882579019330970382, -43.35937500170699366, 2.882579019330952175 ) ) ;
#4971 = CARTESIAN_POINT ( 'NONE',  ( 3.399999999999995914, -63.98437500341398732, -1.408326112068541525 ) ) ;
#4972 = CARTESIAN_POINT ( 'NONE',  ( 2.882579019330970382, -54.76562500170699366, 2.882579019330952175 ) ) ;
#4973 = ORIENTED_EDGE ( 'NONE', *, *, #5982, .T. ) ;
#4974 = CARTESIAN_POINT ( 'NONE',  ( -3.399999999999996358, -34.60937500341400153, 1.408326112068500890 ) ) ;
#4975 = CARTESIAN_POINT ( 'NONE',  ( -1.408326112068523317, -41.95312500341398732, 3.399999999999975042 ) ) ;
#4976 = EDGE_CURVE ( 'NONE', #219, #3729, #293, .T. ) ;
#4977 = CARTESIAN_POINT ( 'NONE',  ( 3.399999999999995470, -57.42187500000000000, -1.408326112068541525 ) ) ;
#4978 = CARTESIAN_POINT ( 'NONE',  ( -4.076582343749995729, -55.15625000170700787, -1.688575694911967240 ) ) ;
#4979 = DIRECTION ( 'NONE',  ( -0.000000000000000000, -1.000000000000000000, -0.000000000000000000 ) ) ;
#4980 = CARTESIAN_POINT ( 'NONE',  ( 1.688575694911947256, -44.37500000170699366, -4.076582343750016157 ) ) ;
#4981 = CARTESIAN_POINT ( 'NONE',  ( -2.404163056034259061, -40.78125000341398021, 2.404163056034238188 ) ) ;
#4982 = VERTEX_POINT ( 'NONE', #2217 ) ;
#4983 = CARTESIAN_POINT ( 'NONE',  ( -7.488560278101070689E-16, -36.17187500170698655, 4.076582343749976189 ) ) ;
#4984 = CARTESIAN_POINT ( 'NONE',  ( 3.399999999999995026, -52.89062500341398732, 1.408326112068503777 ) ) ;
#4985 = CARTESIAN_POINT ( 'NONE',  ( -2.404163056034259061, -55.78125000341398021, 2.404163056034238188 ) ) ;
#4986 = CARTESIAN_POINT ( 'NONE',  ( 2.404163056034257728, -37.65625000000000000, 2.404163056034239077 ) ) ;
#4987 = CARTESIAN_POINT ( 'NONE',  ( -3.399999999999996358, -43.04687500000000711, 1.408326112068500890 ) ) ;
#4988 = CARTESIAN_POINT ( 'NONE',  ( 2.882579019330970382, -62.26562500170699366, 2.882579019330952175 ) ) ;
#4989 = CARTESIAN_POINT ( 'NONE',  ( -6.245698675651493936E-16, -63.12500000341399442, 3.399999999999975930 ) ) ;
#4990 = AXIS2_PLACEMENT_3D ( 'NONE', #5765, #255, #1805 ) ;
#4991 = CARTESIAN_POINT ( 'NONE',  ( 4.076582343749995729, -41.95312500170699366, -1.995304164474380342E-14 ) ) ;
#4992 = CARTESIAN_POINT ( 'NONE',  ( 2.882579019330970382, -44.76562500170699366, 2.882579019330952175 ) ) ;
#4993 = CARTESIAN_POINT ( 'NONE',  ( -2.404163056034258172, -43.28125000000000000, -2.404163056034278600 ) ) ;
#4994 = CARTESIAN_POINT ( 'NONE',  ( 3.399999999999995026, -47.57812500000000000, 1.408326112068504221 ) ) ;
#4995 = AXIS2_PLACEMENT_3D ( 'NONE', #1648, #5646, #5163 ) ;
#4996 = CARTESIAN_POINT ( 'NONE',  ( -4.076582343749995729, -57.73437500170699366, -2.045227899661720714E-14 ) ) ;
#4997 = CARTESIAN_POINT ( 'NONE',  ( -2.882579019330972159, -37.42187500170699366, 2.882579019330950842 ) ) ;
#4998 = CARTESIAN_POINT ( 'NONE',  ( -2.882579019330970826, -38.98437500170700076, -2.882579019330991699 ) ) ;
#4999 = DIRECTION ( 'NONE',  ( -0.000000000000000000, -1.000000000000000000, -0.000000000000000000 ) ) ;
#5000 = CARTESIAN_POINT ( 'NONE',  ( -2.882579019330970826, -55.39062500170699366, -2.882579019330991699 ) ) ;
#5001 = ORIENTED_EDGE ( 'NONE', *, *, #5446, .F. ) ;
#5002 = CARTESIAN_POINT ( 'NONE',  ( -3.399999999999995914, -35.93750000341398732, -2.036942155645390229E-14 ) ) ;
#5003 = CARTESIAN_POINT ( 'NONE',  ( 3.399999999999995914, -36.56250000341398732, -1.995304164474380342E-14 ) ) ;
#5004 = CARTESIAN_POINT ( 'NONE',  ( -2.404163056034258172, -58.28125000000000000, -2.404163056034278600 ) ) ;
#5005 = CARTESIAN_POINT ( 'NONE',  ( -2.882579019330970826, -56.48437500170700076, -2.882579019330991699 ) ) ;
#5006 = DIRECTION ( 'NONE',  ( -0.000000000000000000, 1.000000000000000000, 2.935685882422288853E-16 ) ) ;
#5007 = CARTESIAN_POINT ( 'NONE',  ( -2.882579019330972159, -40.07812500170698655, 2.882579019330950842 ) ) ;
#5008 = ORIENTED_EDGE ( 'NONE', *, *, #4453, .T. ) ;
#5009 = ORIENTED_EDGE ( 'NONE', *, *, #6063, .T. ) ;
#5010 = EDGE_CURVE ( 'NONE', #416, #2727, #5898, .T. ) ;
#5011 = EDGE_CURVE ( 'NONE', #2370, #2568, #1622, .T. ) ;
#5012 = CARTESIAN_POINT ( 'NONE',  ( 1.688575694911947922, -36.09375000170698655, 4.076582343749975301 ) ) ;
#5013 = CARTESIAN_POINT ( 'NONE',  ( 3.399999999999995470, -51.48437500341399442, -1.408326112068541525 ) ) ;
#5014 = CARTESIAN_POINT ( 'NONE',  ( -2.404163056034259061, -52.03125000341398732, 2.404163056034238188 ) ) ;
#5015 = CARTESIAN_POINT ( 'NONE',  ( -1.408326112068523317, -36.64062500000000711, 3.399999999999975042 ) ) ;
#5016 = CARTESIAN_POINT ( 'NONE',  ( -1.408326112068544189, -37.10937500000000711, -3.399999999999992806 ) ) ;
#5017 = CARTESIAN_POINT ( 'NONE',  ( 3.399999999999995914, -42.50000000000000000, -1.995304164474380342E-14 ) ) ;
#5018 = CARTESIAN_POINT ( 'NONE',  ( -4.076582343749995729, -60.31250000170700076, -1.688575694911967240 ) ) ;
#5019 =( BOUNDED_CURVE ( )  B_SPLINE_CURVE ( 2, ( #1934, #6419, #3927, #5925, #5431, #5488, #1906, #454, #2939 ),
 .UNSPECIFIED., .F., .T. ) 
 B_SPLINE_CURVE_WITH_KNOTS ( ( 3, 2, 2, 2, 3 ),
 ( 0.7812500000000000000, 0.7864583333333333703, 0.7916666666666665186, 0.7968749999999998890, 0.8020833333333332593 ),
 .UNSPECIFIED. ) 
 CURVE ( )  GEOMETRIC_REPRESENTATION_ITEM ( )  RATIONAL_B_SPLINE_CURVE ( ( 1.000000000000000000, 0.9238795325112867385, 1.000000000000000000, 0.9238795325112867385, 1.000000000000000000, 0.9238795325112867385, 1.000000000000000000, 0.9238795325112884038, 0.9999999999999983347 ) ) 
 REPRESENTATION_ITEM ( '' )  );
#5020 = DIRECTION ( 'NONE',  ( -0.000000000000000000, -1.000000000000000000, -0.000000000000000000 ) ) ;
#5021 = CARTESIAN_POINT ( 'NONE',  ( -1.688575694911949698, -34.84375000170699366, 4.076582343749975301 ) ) ;
#5022 = CARTESIAN_POINT ( 'NONE',  ( -4.076582343749995729, -42.81250000170698655, -1.688575694911967240 ) ) ;
#5023 = CARTESIAN_POINT ( 'NONE',  ( -1.408326112068521319, -45.85937500000000000, -3.400000000000015898 ) ) ;
#5024 = CARTESIAN_POINT ( 'NONE',  ( -6.245698675651493936E-16, -57.81250000000000000, 3.399999999999975930 ) ) ;
#5025 = AXIS2_PLACEMENT_3D ( 'NONE', #3009, #5020, #2919 ) ;
#5026 = CARTESIAN_POINT ( 'NONE',  ( -4.076582343749996618, -60.15625000170699366, 1.688575694911926828 ) ) ;
#5027 = CARTESIAN_POINT ( 'NONE',  ( -4.076582343749996618, -35.00000000170701497, 1.688575694911926828 ) ) ;
#5028 = CARTESIAN_POINT ( 'NONE',  ( 4.076582343749995729, -40.62500000170698655, -1.688575694911966796 ) ) ;
#5029 = DIRECTION ( 'NONE',  ( 6.982962677686266711E-15, -1.000000000000000000, 0.000000000000000000 ) ) ;
#5030 = CARTESIAN_POINT ( 'NONE',  ( -1.688575694911946590, -51.71875000170698655, -4.076582343750016157 ) ) ;
#5031 =( BOUNDED_CURVE ( )  B_SPLINE_CURVE ( 2, ( #2345, #4672, #1851, #303, #3782, #169, #2829, #2181, #4179 ),
 .UNSPECIFIED., .F., .F. ) 
 B_SPLINE_CURVE_WITH_KNOTS ( ( 3, 2, 2, 2, 3 ),
 ( 0.6145833333333331483, 0.6197916666666664076, 0.6249999999999997780, 0.6302083333333332593, 0.6354166666666665186 ),
 .UNSPECIFIED. ) 
 CURVE ( )  GEOMETRIC_REPRESENTATION_ITEM ( )  RATIONAL_B_SPLINE_CURVE ( ( 1.000000000000003331, 0.9238795325112835188, 1.000000000000000000, 0.9238795325112867385, 1.000000000000000000, 0.9238795325112867385, 1.000000000000000000, 0.9238795325112884038, 0.9999999999999983347 ) ) 
 REPRESENTATION_ITEM ( '' )  );
#5032 = VERTEX_POINT ( 'NONE', #2764 ) ;
#5033 = CARTESIAN_POINT ( 'NONE',  ( -4.076582343749995729, -61.32812500170699366, -2.045227899661720714E-14 ) ) ;
#5034 = CARTESIAN_POINT ( 'NONE',  ( -3.399999999999995470, -36.01562500341398732, -1.408326112068541747 ) ) ;
#5035 = CARTESIAN_POINT ( 'NONE',  ( -1.408326112068523317, -39.45312500341398021, 3.399999999999975042 ) ) ;
#5036 = CARTESIAN_POINT ( 'NONE',  ( 2.404163056034258616, -56.09375000000000000, -2.404163056034278600 ) ) ;
#5037 = CARTESIAN_POINT ( 'NONE',  ( 2.496186759367024056E-16, -55.39062500170699366, -4.076582343750016157 ) ) ;
#5038 = DIRECTION ( 'NONE',  ( -0.000000000000000000, -1.000000000000000000, -0.000000000000000000 ) ) ;
#5039 = CARTESIAN_POINT ( 'NONE',  ( 1.688575694911947256, -38.12500000170698655, -4.076582343750016157 ) ) ;
#5040 = CARTESIAN_POINT ( 'NONE',  ( 2.882579019330971715, -43.20312500170699366, -2.882579019330991699 ) ) ;
#5041 = CARTESIAN_POINT ( 'NONE',  ( 0.000000000000000000, -65.00000000000000000, -1.908195823574487804E-14 ) ) ;
#5042 = ORIENTED_EDGE ( 'NONE', *, *, #5011, .F. ) ;
#5043 = ORIENTED_EDGE ( 'NONE', *, *, #6213, .F. ) ;
#5044 = CARTESIAN_POINT ( 'NONE',  ( 3.399999999999995026, -51.64062500341398732, 1.408326112068503777 ) ) ;
#5045 = CARTESIAN_POINT ( 'NONE',  ( -1.408326112068523317, -54.45312500341398021, 3.399999999999975042 ) ) ;
#5046 = CARTESIAN_POINT ( 'NONE',  ( 1.688575694911947922, -59.84375000170699366, 4.076582343749975301 ) ) ;
#5047 = CARTESIAN_POINT ( 'NONE',  ( 3.796234122634726038, -64.77123412263473767, -1.995304164474380342E-14 ) ) ;
#5048 = CARTESIAN_POINT ( 'NONE',  ( 1.408326112068521985, -38.51562500000000000, -3.400000000000015898 ) ) ;
#5049 = CARTESIAN_POINT ( 'NONE',  ( -1.688575694911949698, -58.75000000170700076, 4.076582343749975301 ) ) ;
#5050 = CARTESIAN_POINT ( 'NONE',  ( -4.076582343749995729, -63.98437500170699366, -2.045227899661720714E-14 ) ) ;
#5051 = CARTESIAN_POINT ( 'NONE',  ( 2.882579019330970382, -38.35937500170699366, 2.882579019330952175 ) ) ;
#5052 = CARTESIAN_POINT ( 'NONE',  ( -1.688575694911946590, -42.96875000170699366, -4.076582343750016157 ) ) ;
#5053 = CARTESIAN_POINT ( 'NONE',  ( -3.399999999999995470, -43.20312500000000000, -1.408326112068541747 ) ) ;
#5054 = ADVANCED_FACE ( 'NONE', ( #4773 ), #1150, .F. ) ;
#5055 = CARTESIAN_POINT ( 'NONE',  ( 3.399999999999995914, -34.06250000341398732, -1.995304164474380342E-14 ) ) ;
#5056 = EDGE_CURVE ( 'NONE', #4951, #6410, #5727, .T. ) ;
#5057 = CARTESIAN_POINT ( 'NONE',  ( -7.488560278101070689E-16, -49.76562500170699366, 4.076582343749976189 ) ) ;
#5058 = CARTESIAN_POINT ( 'NONE',  ( -2.882579019330970826, -59.14062500170699366, -2.882579019330991699 ) ) ;
#5059 = CARTESIAN_POINT ( 'NONE',  ( 2.496186759367024056E-16, -37.89062500170699366, -4.076582343750016157 ) ) ;
#5060 = CARTESIAN_POINT ( 'NONE',  ( -3.399999999999995914, -44.37500000000000000, -2.036942155645390229E-14 ) ) ;
#5061 = CARTESIAN_POINT ( 'NONE',  ( -7.488560278101070689E-16, -51.17187500170699366, 4.076582343749976189 ) ) ;
#5062 = ORIENTED_EDGE ( 'NONE', *, *, #2817, .T. ) ;
#5063 = CARTESIAN_POINT ( 'NONE',  ( -1.408326112068535974, -61.17187500341398732, -3.400000000000002576 ) ) ;
#5064 = CARTESIAN_POINT ( 'NONE',  ( -3.399999999999995914, -38.43750000341398732, -2.036942155645390229E-14 ) ) ;
#5065 = CARTESIAN_POINT ( 'NONE',  ( 2.081899558550498061E-16, -53.43750000000000000, -3.400000000000015898 ) ) ;
#5066 = CARTESIAN_POINT ( 'NONE',  ( -7.488560278101070689E-16, -49.76562500170699366, 4.076582343749976189 ) ) ;
#5067 = CARTESIAN_POINT ( 'NONE',  ( 4.076582343749995729, -54.45312500170699366, -1.995304164474380342E-14 ) ) ;
#5068 =( BOUNDED_CURVE ( )  B_SPLINE_CURVE ( 2, ( #836, #4283, #6341, #1791, #4741, #6310, #6239, #3789, #1855 ),
 .UNSPECIFIED., .F., .F. ) 
 B_SPLINE_CURVE_WITH_KNOTS ( ( 3, 2, 2, 2, 3 ),
 ( 0.2395833333333332871, 0.2447916666666666019, 0.2499999999999999445, 0.2552083333333332593, 0.2604166666666666297 ),
 .UNSPECIFIED. ) 
 CURVE ( )  GEOMETRIC_REPRESENTATION_ITEM ( )  RATIONAL_B_SPLINE_CURVE ( ( 1.000000000000000888, 0.9238795325112859613, 1.000000000000000000, 0.9238795325112867385, 1.000000000000000000, 0.9238795325112867385, 1.000000000000000000, 0.9238795325112875156, 0.9999999999999992228 ) ) 
 REPRESENTATION_ITEM ( '' )  );
#5069 = CARTESIAN_POINT ( 'NONE',  ( -1.688575694911950142, -40.00000000170698655, 4.076582343749975301 ) ) ;
#5070 = CARTESIAN_POINT ( 'NONE',  ( -2.882579019330970826, -45.39062500170699366, -2.882579019330991699 ) ) ;
#5071 = CARTESIAN_POINT ( 'NONE',  ( -4.076582343749995729, -42.73437500170698655, -2.045227899661720714E-14 ) ) ;
#5072 = CARTESIAN_POINT ( 'NONE',  ( -2.404163056034258172, -58.59375000341398732, -2.404163056034278600 ) ) ;
#5073 = EDGE_LOOP ( 'NONE', ( #3988, #3863, #5110, #617 ) ) ;
#5074 = EDGE_LOOP ( 'NONE', ( #1558, #815, #4260, #4193 ) ) ;
#5075 = CARTESIAN_POINT ( 'NONE',  ( 3.399999999999995914, -49.06250000341398732, -1.995304164474380342E-14 ) ) ;
#5076 = CARTESIAN_POINT ( 'NONE',  ( -6.245698675651493936E-16, -54.37500000341398732, 3.399999999999975930 ) ) ;
#5077 = CARTESIAN_POINT ( 'NONE',  ( 1.688575694911947256, -63.12500000170700076, -4.076582343750016157 ) ) ;
#5078 = CARTESIAN_POINT ( 'NONE',  ( -2.404163056034259061, -36.71875000000000000, 2.404163056034238188 ) ) ;
#5079 = CARTESIAN_POINT ( 'NONE',  ( 0.000000000000000000, -35.00000000000000000, -1.995304164474380342E-14 ) ) ;
#5080 = CARTESIAN_POINT ( 'NONE',  ( -4.076582343749995729, -57.73437500170699366, -2.045227899661720714E-14 ) ) ;
#5081 = LINE ( 'NONE', #1041, #3747 ) ;
#5082 = CARTESIAN_POINT ( 'NONE',  ( 3.399999999999995914, -59.06250000341398732, -1.995304164474380342E-14 ) ) ;
#5083 = CARTESIAN_POINT ( 'NONE',  ( -4.076582343749995729, -37.65625000170699366, -1.688575694911967240 ) ) ;
#5084 = CARTESIAN_POINT ( 'NONE',  ( 1.688575694911947256, -44.37500000170699366, -4.076582343750016157 ) ) ;
#5085 = CARTESIAN_POINT ( 'NONE',  ( 3.399999999999995026, -53.82812500000001421, 1.408326112068503777 ) ) ;
#5086 = CARTESIAN_POINT ( 'NONE',  ( -3.399999999999996358, -40.54687500000000000, 1.408326112068500890 ) ) ;
#5087 = CARTESIAN_POINT ( 'NONE',  ( -1.408326112068523317, -47.89062500000001421, 3.399999999999975042 ) ) ;
#5088 = ORIENTED_EDGE ( 'NONE', *, *, #3818, .F. ) ;
#5089 = CARTESIAN_POINT ( 'NONE',  ( 4.076582343749995729, -53.12500000170698655, -1.688575694911966796 ) ) ;
#5090 = CARTESIAN_POINT ( 'NONE',  ( -4.076582343749995729, -56.48437500170699366, -2.045227899661720714E-14 ) ) ;
#5091 = CARTESIAN_POINT ( 'NONE',  ( -1.408326112068546188, -50.70312500341398732, 3.399999999999951950 ) ) ;
#5092 = CARTESIAN_POINT ( 'NONE',  ( -7.488560278101070689E-16, -37.26562500170699366, 4.076582343749976189 ) ) ;
#5093 = CARTESIAN_POINT ( 'NONE',  ( 2.081899558550498061E-16, -39.68750000000000000, -3.400000000000015898 ) ) ;
#5094 = CARTESIAN_POINT ( 'NONE',  ( 1.688575694911947922, -52.34375000170699366, 4.076582343749975301 ) ) ;
#5095 = VERTEX_POINT ( 'NONE', #5162 ) ;
#5096 = CARTESIAN_POINT ( 'NONE',  ( -4.076582343749995729, -61.40625000170700076, -1.688575694911967684 ) ) ;
#5097 = AXIS2_PLACEMENT_3D ( 'NONE', #3737, #3806, #5735 ) ;
#5098 = DIRECTION ( 'NONE',  ( 0.000000000000000000, 0.000000000000000000, -1.000000000000000000 ) ) ;
#5099 = CARTESIAN_POINT ( 'NONE',  ( -1.408326112068521319, -37.42187500341398021, -3.400000000000015898 ) ) ;
#5100 = CARTESIAN_POINT ( 'NONE',  ( -1.408326112068521319, -55.85937500000000000, -3.400000000000015898 ) ) ;
#5101 = CARTESIAN_POINT ( 'NONE',  ( -2.882579019330970826, -48.98437500170699366, -2.882579019330991699 ) ) ;
#5102 = CARTESIAN_POINT ( 'NONE',  ( 4.076582343749995729, -49.45312500170699366, -1.995304164474380342E-14 ) ) ;
#5103 = LINE ( 'NONE', #4575, #1639 ) ;
#5104 = CARTESIAN_POINT ( 'NONE',  ( 4.076582343749995729, -37.03125000170699366, -1.688575694911967018 ) ) ;
#5105 = CARTESIAN_POINT ( 'NONE',  ( -4.076582343749995729, -49.06250000170699366, -1.688575694911967684 ) ) ;
#5106 = CARTESIAN_POINT ( 'NONE',  ( -1.688575694911946590, -41.71875000170700076, -4.076582343750016157 ) ) ;
#5107 = CARTESIAN_POINT ( 'NONE',  ( -1.408326112068540414, -58.20312500341398021, 3.399999999999957723 ) ) ;
#5108 = AXIS2_PLACEMENT_3D ( 'NONE', #2892, #2414, #4414 ) ;
#5109 = ORIENTED_EDGE ( 'NONE', *, *, #202, .T. ) ;
#5110 = ORIENTED_EDGE ( 'NONE', *, *, #1395, .T. ) ;
#5111 = EDGE_CURVE ( 'NONE', #3432, #4867, #2998, .T. ) ;
#5112 = CARTESIAN_POINT ( 'NONE',  ( -1.408326112068521319, -47.42187500341398732, -3.400000000000015898 ) ) ;
#5113 = CARTESIAN_POINT ( 'NONE',  ( 2.404163056034257728, -51.71875000341398732, 2.404163056034239077 ) ) ;
#5114 = CARTESIAN_POINT ( 'NONE',  ( -2.882579019330972159, -62.57812500170699366, 2.882579019330950842 ) ) ;
#5115 = CARTESIAN_POINT ( 'NONE',  ( 3.399999999999995914, -36.48437500341398732, -1.408326112068541525 ) ) ;
#5116 = CARTESIAN_POINT ( 'NONE',  ( 1.408326112068521985, -36.01562500000000711, -3.400000000000015898 ) ) ;
#5117 = CARTESIAN_POINT ( 'NONE',  ( -7.488560278101070689E-16, -56.17187500170699366, 4.076582343749976189 ) ) ;
#5118 = CARTESIAN_POINT ( 'NONE',  ( -1.688575694911950142, -63.75000000170699366, 4.076582343749975301 ) ) ;
#5119 = CARTESIAN_POINT ( 'NONE',  ( -1.688575694911949698, -38.59375000170698655, 4.076582343749975301 ) ) ;
#5120 = CARTESIAN_POINT ( 'NONE',  ( 2.404163056034258616, -52.34375000000000000, -2.404163056034278600 ) ) ;
#5121 = CARTESIAN_POINT ( 'NONE',  ( 3.399999999999995470, -41.17187500000000000, -1.408326112068541525 ) ) ;
#5122 = FACE_OUTER_BOUND ( 'NONE', #5691, .T. ) ;
#5123 = EDGE_CURVE ( 'NONE', #5541, #1291, #6331, .T. ) ;
#5124 = CARTESIAN_POINT ( 'NONE',  ( 4.076582343749995729, -51.95312500170700076, -1.995304164474380342E-14 ) ) ;
#5125 = CARTESIAN_POINT ( 'NONE',  ( -2.882579019330972159, -53.82812500170699366, 2.882579019330950842 ) ) ;
#5126 = DIRECTION ( 'NONE',  ( -0.000000000000000000, -1.000000000000000000, -0.000000000000000000 ) ) ;
#5127 = CARTESIAN_POINT ( 'NONE',  ( -6.245698675651493936E-16, -42.81250000000000000, 3.399999999999975930 ) ) ;
#5128 = DIRECTION ( 'NONE',  ( -0.000000000000000000, -1.000000000000000000, -0.000000000000000000 ) ) ;
#5129 = CARTESIAN_POINT ( 'NONE',  ( -2.404163056034259061, -39.21875000000000000, 2.404163056034238188 ) ) ;
#5130 = EDGE_CURVE ( 'NONE', #5032, #5541, #571, .T. ) ;
#5131 = CARTESIAN_POINT ( 'NONE',  ( 2.081899558550498061E-16, -55.00000000341398732, -3.400000000000015898 ) ) ;
#5132 = CARTESIAN_POINT ( 'NONE',  ( -7.488560278101070689E-16, -61.01562500170699366, 4.076582343749976189 ) ) ;
#5133 = CARTESIAN_POINT ( 'NONE',  ( 4.076582343749995729, -37.10937500170699366, -1.995304164474380342E-14 ) ) ;
#5134 = CARTESIAN_POINT ( 'NONE',  ( 3.399999999999995026, -35.39062500341398732, 1.408326112068504221 ) ) ;
#5135 = CARTESIAN_POINT ( 'NONE',  ( -3.399999999999995470, -34.76562500341398732, -1.408326112068541747 ) ) ;
#5136 = CARTESIAN_POINT ( 'NONE',  ( -6.245698675651493936E-16, -51.56250000000000711, 3.399999999999975930 ) ) ;
#5137 = CARTESIAN_POINT ( 'NONE',  ( 4.076582343749995729, -46.87500000170699366, -1.688575694911967018 ) ) ;
#5138 = CARTESIAN_POINT ( 'NONE',  ( 2.496186759367024056E-16, -51.64062500170699366, -4.076582343750016157 ) ) ;
#5139 = CYLINDRICAL_SURFACE ( 'NONE', #6139, 6.499999999999999112 ) ;
#5140 = CARTESIAN_POINT ( 'NONE',  ( 1.688575694911947256, -39.37500000170700076, -4.076582343750016157 ) ) ;
#5141 = CARTESIAN_POINT ( 'NONE',  ( 1.688575694911947256, -46.87500000170699366, -4.076582343750016157 ) ) ;
#5142 = CARTESIAN_POINT ( 'NONE',  ( 2.882579019330970382, -42.26562500170699366, 2.882579019330952175 ) ) ;
#5143 = CARTESIAN_POINT ( 'NONE',  ( 3.399999999999995914, -49.92187500000000000, -1.408326112068541525 ) ) ;
#5144 = EDGE_CURVE ( 'NONE', #5432, #683, #2130, .T. ) ;
#5145 = VERTEX_POINT ( 'NONE', #4381 ) ;
#5146 = VERTEX_POINT ( 'NONE', #4873 ) ;
#5147 = CARTESIAN_POINT ( 'NONE',  ( -6.245698675651493936E-16, -46.87500000341398732, 3.399999999999975930 ) ) ;
#5148 = CARTESIAN_POINT ( 'NONE',  ( -3.399999999999995470, -54.76562500341398732, -1.408326112068541747 ) ) ;
#5149 = CARTESIAN_POINT ( 'NONE',  ( -4.076582343749995729, -61.48437500170698655, -2.045227899661720714E-14 ) ) ;
#5150 = CARTESIAN_POINT ( 'NONE',  ( 3.399999999999995914, -58.75000000000000711, -1.995304164474380342E-14 ) ) ;
#5151 = CARTESIAN_POINT ( 'NONE',  ( -1.408326112068523317, -40.39062500000001421, 3.399999999999975042 ) ) ;
#5152 = CARTESIAN_POINT ( 'NONE',  ( 4.076582343749994841, -54.68750000170698655, 1.688575694911929936 ) ) ;
#5153 = CARTESIAN_POINT ( 'NONE',  ( 0.000000000000000000, -65.00000000000000000, -1.995304164474380342E-14 ) ) ;
#5154 = CARTESIAN_POINT ( 'NONE',  ( 4.076582343749995729, -39.37500000170698655, -1.688575694911966796 ) ) ;
#5155 = CARTESIAN_POINT ( 'NONE',  ( 2.081899558550498061E-16, -62.50000000341399442, -3.400000000000015898 ) ) ;
#5156 = CARTESIAN_POINT ( 'NONE',  ( -3.399999999999996358, -51.79687500000000711, 1.408326112068500890 ) ) ;
#5157 = CARTESIAN_POINT ( 'NONE',  ( -0.4547156384057772227, -64.55766121181785877, -3.561112650419919756 ) ) ;
#5158 = CARTESIAN_POINT ( 'NONE',  ( 2.882579019330971715, -54.29687500170699366, -2.882579019330991699 ) ) ;
#5159 = CARTESIAN_POINT ( 'NONE',  ( 2.882579019330971715, -54.45312500170699366, -2.882579019330991699 ) ) ;
#5160 = CARTESIAN_POINT ( 'NONE',  ( 2.081899558550498061E-16, -63.43750000000000711, -3.400000000000015898 ) ) ;
#5161 = DIRECTION ( 'NONE',  ( -0.000000000000000000, 1.000000000000000000, 2.935685882422288853E-16 ) ) ;
#5162 = CARTESIAN_POINT ( 'NONE',  ( 2.081899558550498061E-16, -62.50000000341399442, -3.400000000000015898 ) ) ;
#5163 = DIRECTION ( 'NONE',  ( 0.000000000000000000, 0.000000000000000000, -1.000000000000000000 ) ) ;
#5164 = CARTESIAN_POINT ( 'NONE',  ( 2.496186759367024056E-16, -60.39062500170700076, -4.076582343750016157 ) ) ;
#5165 = CARTESIAN_POINT ( 'NONE',  ( 4.076582343749995729, -64.53125000170699366, -1.995304164474380342E-14 ) ) ;
#5166 = CARTESIAN_POINT ( 'NONE',  ( 3.399999999999995914, -63.75000000000000000, -1.995304164474380342E-14 ) ) ;
#5167 = CARTESIAN_POINT ( 'NONE',  ( 1.408326112068521985, -56.01562500000000000, -3.400000000000015898 ) ) ;
#5168 = CARTESIAN_POINT ( 'NONE',  ( -7.488560278101070689E-16, -48.51562500170699366, 4.076582343749976189 ) ) ;
#5169 = CARTESIAN_POINT ( 'NONE',  ( 4.076582343749995729, -53.12500000170698655, -1.688575694911966796 ) ) ;
#5170 = CARTESIAN_POINT ( 'NONE',  ( 2.882579019330970382, -48.51562500170698655, 2.882579019330952175 ) ) ;
#5171 = CARTESIAN_POINT ( 'NONE',  ( 4.076582343749994841, -37.18750000170699366, 1.688575694911929936 ) ) ;
#5172 = CARTESIAN_POINT ( 'NONE',  ( -3.399999999999995914, -53.20312500000000000, -1.408326112068541747 ) ) ;
#5173 = VERTEX_POINT ( 'NONE', #4348 ) ;
#5174 = ORIENTED_EDGE ( 'NONE', *, *, #4868, .T. ) ;
#5175 = CARTESIAN_POINT ( 'NONE',  ( 3.399999999999995914, -63.75000000000000000, -1.995304164474380342E-14 ) ) ;
#5176 = CARTESIAN_POINT ( 'NONE',  ( 3.399999999999995914, -47.81250000341398732, -1.995304164474380342E-14 ) ) ;
#5177 = CARTESIAN_POINT ( 'NONE',  ( 1.408326112068522651, -48.04687500341398732, 3.399999999999975486 ) ) ;
#5178 = CARTESIAN_POINT ( 'NONE',  ( -4.076582343749995729, -58.98437500170699366, -2.045227899661720714E-14 ) ) ;
#5179 = CARTESIAN_POINT ( 'NONE',  ( 0.000000000000000000, -65.00000000000000000, -1.995304164474380342E-14 ) ) ;
#5180 = CARTESIAN_POINT ( 'NONE',  ( 1.408326112068521985, -39.76562500000000000, -3.400000000000015898 ) ) ;
#5181 = CARTESIAN_POINT ( 'NONE',  ( -4.076582343749995729, -35.23437500170699366, -2.045227899661720714E-14 ) ) ;
#5182 = CARTESIAN_POINT ( 'NONE',  ( -2.882579019330970826, -54.14062500170699366, -2.882579019330991699 ) ) ;
#5183 = CARTESIAN_POINT ( 'NONE',  ( 4.163799117100996122E-16, -65.00000000000000000, 3.399999999999975930 ) ) ;
#5184 = CARTESIAN_POINT ( 'NONE',  ( -3.399999999999995914, -59.68750000341398021, -2.036942155645390229E-14 ) ) ;
#5185 = CARTESIAN_POINT ( 'NONE',  ( 2.404163056034257728, -60.46875000341398732, 2.404163056034239077 ) ) ;
#5186 = CARTESIAN_POINT ( 'NONE',  ( 2.404163056034258616, -63.90625000341398732, -2.404163056034278600 ) ) ;
#5187 = CARTESIAN_POINT ( 'NONE',  ( -2.404163056034259061, -54.21875000000000000, 2.404163056034238188 ) ) ;
#5188 = CARTESIAN_POINT ( 'NONE',  ( -6.245698675651493936E-16, -54.37500000341398732, 3.399999999999975930 ) ) ;
#5189 = CARTESIAN_POINT ( 'NONE',  ( 2.882579019330970382, -50.85937500170699366, 2.882579019330952175 ) ) ;
#5190 = CARTESIAN_POINT ( 'NONE',  ( 4.076582343749995729, -54.53125000170699366, -1.688575694911966796 ) ) ;
#5191 = DIRECTION ( 'NONE',  ( -0.000000000000000000, -1.000000000000000000, -0.000000000000000000 ) ) ;
#5192 = CARTESIAN_POINT ( 'NONE',  ( -6.245698675651493936E-16, -50.62500000341398732, 3.399999999999975930 ) ) ;
#5193 = CARTESIAN_POINT ( 'NONE',  ( -6.245698675651493936E-16, -56.87500000341398732, 3.399999999999975930 ) ) ;
#5194 = CARTESIAN_POINT ( 'NONE',  ( 4.076582343749994841, -62.03125000170700787, 1.688575694911929936 ) ) ;
#5195 = CARTESIAN_POINT ( 'NONE',  ( 4.076582343749995729, -64.45312500170699366, -1.995304164474380342E-14 ) ) ;
#5196 = CARTESIAN_POINT ( 'NONE',  ( -6.245698675651493936E-16, -64.06250000000001421, 3.399999999999975930 ) ) ;
#5197 = CARTESIAN_POINT ( 'NONE',  ( 1.408326112068521985, -51.01562500000000000, -3.400000000000015898 ) ) ;
#5198 = CARTESIAN_POINT ( 'NONE',  ( 2.882579019330970382, -45.85937500170699366, 2.882579019330952175 ) ) ;
#5199 = CARTESIAN_POINT ( 'NONE',  ( 1.688575694911947922, -49.68750000170698655, 4.076582343749975301 ) ) ;
#5200 = FACE_OUTER_BOUND ( 'NONE', #4279, .T. ) ;
#5201 = CARTESIAN_POINT ( 'NONE',  ( -4.076582343749996618, -36.40625000170699366, 1.688575694911926828 ) ) ;
#5202 = CARTESIAN_POINT ( 'NONE',  ( -4.076582343749995729, -46.56250000170698655, -1.688575694911967684 ) ) ;
#5203 = CARTESIAN_POINT ( 'NONE',  ( -4.076582343749996618, -37.65625000170699366, 1.688575694911926828 ) ) ;
#5204 = LINE ( 'NONE', #4684, #2661 ) ;
#5205 = EDGE_LOOP ( 'NONE', ( #4482, #5008, #393, #5624 ) ) ;
#5206 = CIRCLE ( 'NONE', #3209, 3.399999999999993694 ) ;
#5207 = ORIENTED_EDGE ( 'NONE', *, *, #282, .F. ) ;
#5208 = CARTESIAN_POINT ( 'NONE',  ( -6.245698675651493936E-16, -45.31250000000000711, 3.399999999999975930 ) ) ;
#5209 = CARTESIAN_POINT ( 'NONE',  ( -3.399999999999995470, -46.01562500341398021, -1.408326112068541747 ) ) ;
#5210 = CARTESIAN_POINT ( 'NONE',  ( 2.081899558550498061E-16, -47.50000000341398732, -3.400000000000015898 ) ) ;
#5211 = CARTESIAN_POINT ( 'NONE',  ( -3.399999999999995914, -49.68750000341398732, -2.036942155645390229E-14 ) ) ;
#5212 = CARTESIAN_POINT ( 'NONE',  ( 2.081899558550498061E-16, -51.25000000341398021, -3.400000000000015898 ) ) ;
#5214 = VECTOR ( 'NONE', #4793, 1000.000000000000000 ) ;
#5213 = DIRECTION ( 'NONE',  ( 0.8660254037844389297, -0.4999999999999994449, -0.000000000000000000 ) ) ;
#5215 = CARTESIAN_POINT ( 'NONE',  ( -1.688575694911949698, -53.75000000170698655, 4.076582343749975301 ) ) ;
#5216 = EDGE_CURVE ( 'NONE', #4156, #891, #4819, .T. ) ;
#5217 = CARTESIAN_POINT ( 'NONE',  ( -1.688575694911950142, -58.75000000170700076, 4.076582343749975301 ) ) ;
#5218 = CARTESIAN_POINT ( 'NONE',  ( -2.404163056034258172, -61.09375000341398732, -2.404163056034278600 ) ) ;
#5219 = CARTESIAN_POINT ( 'NONE',  ( 4.076582343749995729, -54.45312500170699366, -1.995304164474380342E-14 ) ) ;
#5220 = CARTESIAN_POINT ( 'NONE',  ( 2.404163056034258616, -61.40625000341398732, -2.404163056034278600 ) ) ;
#5221 = CARTESIAN_POINT ( 'NONE',  ( -3.399999999999996358, -50.54687500000001421, 1.408326112068500890 ) ) ;
#5222 = CARTESIAN_POINT ( 'NONE',  ( -0.2284256961491787363, -64.56552591713989386, -3.590525917139106404 ) ) ;
#5223 = ORIENTED_EDGE ( 'NONE', *, *, #5216, .T. ) ;
#5224 = CARTESIAN_POINT ( 'NONE',  ( -2.882579019330970826, -47.73437500170699366, -2.882579019330991699 ) ) ;
#5225 = CARTESIAN_POINT ( 'NONE',  ( -4.076582343749995729, -52.73437500170699366, -2.045227899661720714E-14 ) ) ;
#5226 = CARTESIAN_POINT ( 'NONE',  ( -6.245698675651493936E-16, -56.56250000000000000, 3.399999999999975930 ) ) ;
#5227 = CARTESIAN_POINT ( 'NONE',  ( 3.399999999999995026, -47.89062500341398021, 1.408326112068504221 ) ) ;
#5228 =( BOUNDED_CURVE ( )  B_SPLINE_CURVE ( 2, ( #5093, #635, #538, #2110, #3977, #4105, #5129, #1022, #3019 ),
 .UNSPECIFIED., .F., .F. ) 
 B_SPLINE_CURVE_WITH_KNOTS ( ( 3, 2, 2, 2, 3 ),
 ( 0.8437500000000000000, 0.8489583333333333703, 0.8541666666666665186, 0.8593749999999998890, 0.8645833333333332593 ),
 .UNSPECIFIED. ) 
 CURVE ( )  GEOMETRIC_REPRESENTATION_ITEM ( )  RATIONAL_B_SPLINE_CURVE ( ( 1.000000000000000000, 0.9238795325112867385, 1.000000000000000000, 0.9238795325112867385, 1.000000000000000000, 0.9238795325112867385, 1.000000000000000000, 0.9238795325112884038, 0.9999999999999983347 ) ) 
 REPRESENTATION_ITEM ( '' )  );
#5229 = CARTESIAN_POINT ( 'NONE',  ( 2.882579019330971715, -60.54687500170699366, -2.882579019330991699 ) ) ;
#5230 = CARTESIAN_POINT ( 'NONE',  ( -1.408326112068569280, -45.39062500000000711, 3.399999999999929301 ) ) ;
#5231 = CARTESIAN_POINT ( 'NONE',  ( -3.399999999999995470, -63.20312500000000000, -1.408326112068541747 ) ) ;
#5232 = CARTESIAN_POINT ( 'NONE',  ( 3.399999999999995470, -47.42187500000000000, -1.408326112068541525 ) ) ;
#5233 = CARTESIAN_POINT ( 'NONE',  ( -2.882579019330970826, -46.48437500170699366, -2.882579019330991699 ) ) ;
#5234 = CARTESIAN_POINT ( 'NONE',  ( 1.688575694911947922, -53.43750000170699366, 4.076582343749975301 ) ) ;
#5235 = CARTESIAN_POINT ( 'NONE',  ( 1.408326112068544633, -48.51562500000000000, -3.399999999999992806 ) ) ;
#5236 = CARTESIAN_POINT ( 'NONE',  ( -4.076582343749996618, -41.40625000170698655, 1.688575694911926828 ) ) ;
#5237 = CARTESIAN_POINT ( 'NONE',  ( 3.399999999999995914, -37.73437500341398732, -1.408326112068541525 ) ) ;
#5238 = ORIENTED_EDGE ( 'NONE', *, *, #5782, .F. ) ;
#5239 = ORIENTED_EDGE ( 'NONE', *, *, #6213, .T. ) ;
#5240 = CARTESIAN_POINT ( 'NONE',  ( -1.408326112068523317, -56.64062500000000000, 3.399999999999975042 ) ) ;
#5241 = CARTESIAN_POINT ( 'NONE',  ( -2.404163056034259061, -39.53125000341398021, 2.404163056034238188 ) ) ;
#5242 = CARTESIAN_POINT ( 'NONE',  ( -3.399999999999995914, -48.43750000341398732, -2.036942155645390229E-14 ) ) ;
#5243 = CARTESIAN_POINT ( 'NONE',  ( -2.404163056034258172, -49.84375000341398021, -2.404163056034278600 ) ) ;
#5244 = CARTESIAN_POINT ( 'NONE',  ( 2.081899558550498061E-16, -43.43750000000000711, -3.400000000000015898 ) ) ;
#5245 = CARTESIAN_POINT ( 'NONE',  ( 1.408326112068539082, -59.76562500000000000, -3.399999999999999023 ) ) ;
#5246 = CARTESIAN_POINT ( 'NONE',  ( -2.882579019330972159, -50.07812500170698655, 2.882579019330950842 ) ) ;
#5247 =( BOUNDED_CURVE ( )  B_SPLINE_CURVE ( 2, ( #1373, #227, #1775, #3773, #5771, #6012, #5887, #479, #1489, #1368, #2361, #6351, #875, #2872, #417, #6470, #447, #384, #3396, #6441, #905, #1959, #3085, #3022, #2604, #102, #4038, #3618, #5573, #1052, #570, #67, #4072, #3583, #5610, #4143, #4639, #605, #1087, #5096, #5033, #1119, #3119, #2042, #5132, #139, #6005, #3649, #2149, #1518, #5512, #6037, #1548, #1649, #3549, #541, #5647, #1152, #5542, #3052, #2540, #3151, #510, #2511, #4510, #6, #4538, #4244, #794, #232, #196, #2342, #3248, #3709, #2240, #827, #2756, #4338, #1782, #1817, #2310, #3319, #4731, #4309, #4765, #1710, #5251, #6332, #1849, #4239, #3845, #2207, #5318, #3211, #5841, #2827, #6231, #4834, #1287, #4801, #5778, #1746, #3744, #265, #5704, #3779, #3283, #4204, #760, #1351, #2274, #2690, #5285, #5743, #725, #3351, #5812, #2791, #1250, #6195, #5348, #6301, #4274, #301, #6264, #1212, #1319, #3813, #5219, #4698, #333, #2723, #948, #3587, #3408, #918, #6425, #2375, #397, #2437, #1552, #3553, #1380, #71, #5547, #4405, #1056, #5931, #2945, #3934, #857, #4076, #3378, #2915, #4927, #2406, #6393, #2854, #5374, #4863, #5405, #887, #1911, #1410, #4956, #2572, #2882, #4370, #3056, #364, #2465, #6366, #460, #1943, #3904, #4894, #4467, #5902, #1878, #4043, #4573, #575, #3876, #6074, #2080, #5871, #1584, #430, #5066, #4436, #1443, #3437, #5437, #37, #2047, #6041, #6245, #3156, #5101, #4186, #213, #6176, #6144, #5652, #5168, #1157, #676, #1191, #2738, #1229, #5683, #2671, #176, #1616, #609, #1726, #4748, #4605, #5720, #248, #2255, #4678, #108, #2116, #641, #5137, #2188, #143, #6106, #1689, #5233, #2640, #4644, #3622, #4111, #4254, #3687, #3190, #5198, #707, #1762, #2704, #5578, #1091, #5615, #1654, #6210, #4713, #2154, #2222, #4221, #2608, #3088, #3723, #1124, #3124, #4148, #3654, #3229, #741, #4289, #6280, #5388, #6377, #1268, #410, #3300, #6405, #3827, #3859, #5853, #2836, #5882, #5759, #1362, #346, #2355, #2290, #5358, #5298, #1859, #5824, #900, #4847, #2866, #3361, #869, #4386, #5791, #4877, #1332, #2769, #4320, #2897, #4907, #807, #2420, #3262, #1892, #1798, #4419, #2803, #1301, #3759, #5265, #4352, #3794, #4814, #313, #3331, #4779, #6345, #378, #776, #1830, #3391, #5330, #6314, #2323, #840, #2387, #3885, #1392, #279, #5944, #5474, #1983, #988, #4562, #4938, #2476, #2535, #5914, #4004, #2565, #1455, #3451, #536, #1543, #929, #5059, #2447, #6436, #442, #4533, #5449, #4997, #29, #1954, #3484, #3946, #1484, #4505, #4447, #6000, #1512, #962, #1020, #504, #4478, #3975, #3915, #3420, #2506, #5972, #2956, #4968, #473, #2036, #6465, #1, #4032, #2986, #2010, #3514, #5507, #3017, #5027, #6032, #3544, #5537, #1048, #3047, #566, #1923 ),
 .UNSPECIFIED., .F., .F. ) 
 B_SPLINE_CURVE_WITH_KNOTS ( ( 3, 2, 2, 2, 2, 2, 2, 2, 2, 2, 2, 2, 2, 2, 2, 2, 2, 2, 2, 2, 2, 2, 2, 2, 2, 2, 2, 2, 2, 2, 2, 2, 2, 2, 2, 2, 2, 2, 2, 2, 2, 2, 2, 2, 2, 2, 2, 2, 2, 2, 2, 2, 2, 2, 2, 2, 2, 2, 2, 2, 2, 2, 2, 2, 2, 2, 2, 2, 2, 2, 2, 2, 2, 2, 2, 2, 2, 2, 2, 2, 2, 2, 2, 2, 2, 2, 2, 2, 2, 2, 2, 2, 2, 2, 2, 2, 2, 2, 2, 2, 2, 2, 2, 2, 2, 2, 2, 2, 2, 2, 2, 2, 2, 2, 2, 2, 2, 2, 2, 2, 2, 2, 2, 2, 2, 2, 2, 2, 2, 2, 2, 2, 2, 2, 2, 2, 2, 2, 2, 2, 2, 2, 2, 2, 2, 2, 2, 2, 2, 2, 2, 2, 2, 2, 2, 2, 2, 2, 2, 2, 2, 2, 2, 2, 2, 2, 2, 2, 2, 2, 2, 2, 2, 2, 2, 2, 2, 2, 2, 2, 2, 2, 2, 2, 2, 2, 2, 2, 2, 2, 2, 2, 3 ),
 ( 0.000000000000000000, 0.005208333333333333044, 0.01041666666666666609, 0.01562500000000000000, 0.02083333333333333218, 0.02604166666666666782, 0.03125000000000000000, 0.03645833333333333565, 0.04166666666666666435, 0.04687500000000000000, 0.05208333333333333565, 0.05729166666666666435, 0.06250000000000000000, 0.06770833333333332871, 0.07291666666666667129, 0.07812500000000000000, 0.08333333333333332871, 0.08854166666666667129, 0.09375000000000000000, 0.09895833333333332871, 0.1041666666666666713, 0.1093750000000000000, 0.1145833333333333287, 0.1197916666666666713, 0.1250000000000000000, 0.1302083333333333426, 0.1354166666666666574, 0.1406250000000000000, 0.1458333333333333426, 0.1510416666666666574, 0.1562500000000000000, 0.1614583333333333426, 0.1666666666666666574, 0.1718750000000000000, 0.1770833333333333426, 0.1822916666666666574, 0.1875000000000000000, 0.1927083333333333426, 0.1979166666666666574, 0.2031250000000000000, 0.2083333333333333426, 0.2135416666666666574, 0.2187500000000000000, 0.2239583333333333426, 0.2291666666666666574, 0.2343750000000000000, 0.2395833333333333426, 0.2447916666666666574, 0.2500000000000000000, 0.2552083333333333148, 0.2604166666666666852, 0.2656250000000000000, 0.2708333333333333148, 0.2760416666666666852, 0.2812500000000000000, 0.2864583333333333148, 0.2916666666666666852, 0.2968750000000000000, 0.3020833333333333148, 0.3072916666666666852, 0.3125000000000000000, 0.3177083333333333148, 0.3229166666666666852, 0.3281250000000000000, 0.3333333333333333148, 0.3385416666666666852, 0.3437500000000000000, 0.3489583333333333148, 0.3541666666666666852, 0.3593750000000000000, 0.3645833333333333148, 0.3697916666666666852, 0.3750000000000000000, 0.3802083333333333148, 0.3854166666666666852, 0.3906250000000000000, 0.3958333333333333148, 0.4010416666666666852, 0.4062500000000000000, 0.4114583333333333148, 0.4166666666666666852, 0.4218750000000000000, 0.4270833333333333148, 0.4322916666666666852, 0.4375000000000000000, 0.4427083333333333148, 0.4479166666666666852, 0.4531250000000000000, 0.4583333333333333148, 0.4635416666666666852, 0.4687500000000000000, 0.4739583333333333148, 0.4791666666666666852, 0.4843750000000000000, 0.4895833333333333148, 0.4947916666666666852, 0.5000000000000000000, 0.5052083333333333703, 0.5104166666666666297, 0.5156250000000000000, 0.5208333333333333703, 0.5260416666666666297, 0.5312500000000000000, 0.5364583333333333703, 0.5416666666666666297, 0.5468750000000000000, 0.5520833333333333703, 0.5572916666666666297, 0.5625000000000000000, 0.5677083333333333703, 0.5729166666666666297, 0.5781250000000000000, 0.5833333333333333703, 0.5885416666666666297, 0.5937500000000000000, 0.5989583333333333703, 0.6041666666666666297, 0.6093750000000000000, 0.6145833333333333703, 0.6197916666666666297, 0.6250000000000000000, 0.6302083333333333703, 0.6354166666666666297, 0.6406250000000000000, 0.6458333333333333703, 0.6510416666666666297, 0.6562500000000000000, 0.6614583333333333703, 0.6666666666666666297, 0.6718750000000000000, 0.6770833333333333703, 0.6822916666666666297, 0.6875000000000000000, 0.6927083333333333703, 0.6979166666666666297, 0.7031250000000000000, 0.7083333333333333703, 0.7135416666666666297, 0.7187500000000000000, 0.7239583333333333703, 0.7291666666666666297, 0.7343750000000000000, 0.7395833333333333703, 0.7447916666666666297, 0.7500000000000000000, 0.7552083333333333703, 0.7604166666666666297, 0.7656250000000000000, 0.7708333333333333703, 0.7760416666666666297, 0.7812500000000000000, 0.7864583333333333703, 0.7916666666666666297, 0.7968750000000000000, 0.8020833333333333703, 0.8072916666666666297, 0.8125000000000000000, 0.8177083333333333703, 0.8229166666666666297, 0.8281250000000000000, 0.8333333333333333703, 0.8385416666666666297, 0.8437500000000000000, 0.8489583333333333703, 0.8541666666666666297, 0.8593750000000000000, 0.8645833333333333703, 0.8697916666666666297, 0.8750000000000000000, 0.8802083333333333703, 0.8854166666666666297, 0.8906250000000000000, 0.8958333333333333703, 0.9010416666666666297, 0.9062500000000000000, 0.9114583333333333703, 0.9166666666666666297, 0.9218750000000000000, 0.9270833333333333703, 0.9322916666666666297, 0.9375000000000000000, 0.9427083333333333703, 0.9479166666666666297, 0.9531250000000000000, 0.9583333333333333703, 0.9635416666666666297, 0.9687500000000000000, 0.9739583333333333703, 0.9791666666666666297, 0.9843750000000000000, 0.9895833333333333703, 0.9947916666666666297, 1.000000000000000000 ),
 .UNSPECIFIED. ) 
 CURVE ( )  GEOMETRIC_REPRESENTATION_ITEM ( )  RATIONAL_B_SPLINE_CURVE ( ( 1.000000000000000000, 0.9238795325112867385, 1.000000000000000000, 0.9238795325112867385, 1.000000000000000000, 0.9238795325112867385, 1.000000000000000000, 0.9238795325112867385, 1.000000000000000000, 0.9238795325112867385, 1.000000000000000000, 0.9238795325112867385, 1.000000000000000000, 0.9238795325112867385, 1.000000000000000000, 0.9238795325112867385, 1.000000000000000000, 0.9238795325112867385, 1.000000000000000000, 0.9238795325112867385, 1.000000000000000000, 0.9238795325112867385, 1.000000000000000000, 0.9238795325112867385, 1.000000000000000000, 0.9238795325112867385, 1.000000000000000000, 0.9238795325112867385, 1.000000000000000000, 0.9238795325112867385, 1.000000000000000000, 0.9238795325112867385, 1.000000000000000000, 0.9238795325112867385, 1.000000000000000000, 0.9238795325112867385, 1.000000000000000000, 0.9238795325112867385, 1.000000000000000000, 0.9238795325112867385, 1.000000000000000000, 0.9238795325112867385, 1.000000000000000000, 0.9238795325112867385, 1.000000000000000000, 0.9238795325112867385, 1.000000000000000000, 0.9238795325112867385, 1.000000000000000000, 0.9238795325112867385, 1.000000000000000000, 0.9238795325112867385, 1.000000000000000000, 0.9238795325112867385, 1.000000000000000000, 0.9238795325112867385, 1.000000000000000000, 0.9238795325112867385, 1.000000000000000000, 0.9238795325112867385, 1.000000000000000000, 0.9238795325112867385, 1.000000000000000000, 0.9238795325112867385, 1.000000000000000000, 0.9238795325112867385, 1.000000000000000000, 0.9238795325112867385, 1.000000000000000000, 0.9238795325112867385, 1.000000000000000000, 0.9238795325112867385, 1.000000000000000000, 0.9238795325112867385, 1.000000000000000000, 0.9238795325112867385, 1.000000000000000000, 0.9238795325112867385, 1.000000000000000000, 0.9238795325112867385, 1.000000000000000000, 0.9238795325112867385, 1.000000000000000000, 0.9238795325112867385, 1.000000000000000000, 0.9238795325112867385, 1.000000000000000000, 0.9238795325112867385, 1.000000000000000000, 0.9238795325112867385, 1.000000000000000000, 0.9238795325112867385, 1.000000000000000000, 0.9238795325112867385, 1.000000000000000000, 0.9238795325112867385, 1.000000000000000000, 0.9238795325112867385, 1.000000000000000000, 0.9238795325112867385, 1.000000000000000000, 0.9238795325112867385, 1.000000000000000000, 0.9238795325112867385, 1.000000000000000000, 0.9238795325112867385, 1.000000000000000000, 0.9238795325112867385, 1.000000000000000000, 0.9238795325112867385, 1.000000000000000000, 0.9238795325112867385, 1.000000000000000000, 0.9238795325112867385, 1.000000000000000000, 0.9238795325112867385, 1.000000000000000000, 0.9238795325112867385, 1.000000000000000000, 0.9238795325112867385, 1.000000000000000000, 0.9238795325112867385, 1.000000000000000000, 0.9238795325112867385, 1.000000000000000000, 0.9238795325112867385, 1.000000000000000000, 0.9238795325112867385, 1.000000000000000000, 0.9238795325112867385, 1.000000000000000000, 0.9238795325112867385, 1.000000000000000000, 0.9238795325112867385, 1.000000000000000000, 0.9238795325112867385, 1.000000000000000000, 0.9238795325112867385, 1.000000000000000000, 0.9238795325112867385, 1.000000000000000000, 0.9238795325112867385, 1.000000000000000000, 0.9238795325112867385, 1.000000000000000000, 0.9238795325112867385, 1.000000000000000000, 0.9238795325112867385, 1.000000000000000000, 0.9238795325112867385, 1.000000000000000000, 0.9238795325112867385, 1.000000000000000000, 0.9238795325112867385, 1.000000000000000000, 0.9238795325112867385, 1.000000000000000000, 0.9238795325112867385, 1.000000000000000000, 0.9238795325112867385, 1.000000000000000000, 0.9238795325112867385, 1.000000000000000000, 0.9238795325112867385, 1.000000000000000000, 0.9238795325112867385, 1.000000000000000000, 0.9238795325112867385, 1.000000000000000000, 0.9238795325112867385, 1.000000000000000000, 0.9238795325112867385, 1.000000000000000000, 0.9238795325112867385, 1.000000000000000000, 0.9238795325112867385, 1.000000000000000000, 0.9238795325112867385, 1.000000000000000000, 0.9238795325112867385, 1.000000000000000000, 0.9238795325112867385, 1.000000000000000000, 0.9238795325112867385, 1.000000000000000000, 0.9238795325112867385, 1.000000000000000000, 0.9238795325112867385, 1.000000000000000000, 0.9238795325112867385, 1.000000000000000000, 0.9238795325112867385, 1.000000000000000000, 0.9238795325112867385, 1.000000000000000000, 0.9238795325112867385, 1.000000000000000000, 0.9238795325112867385, 1.000000000000000000, 0.9238795325112867385, 1.000000000000000000, 0.9238795325112867385, 1.000000000000000000, 0.9238795325112867385, 1.000000000000000000, 0.9238795325112867385, 1.000000000000000000, 0.9238795325112867385, 1.000000000000000000, 0.9238795325112867385, 1.000000000000000000, 0.9238795325112867385, 1.000000000000000000, 0.9238795325112867385, 1.000000000000000000, 0.9238795325112867385, 1.000000000000000000, 0.9238795325112867385, 1.000000000000000000, 0.9238795325112867385, 1.000000000000000000, 0.9238795325112867385, 1.000000000000000000, 0.9238795325112867385, 1.000000000000000000, 0.9238795325112867385, 1.000000000000000000, 0.9238795325112867385, 1.000000000000000000, 0.9238795325112867385, 1.000000000000000000, 0.9238795325112867385, 1.000000000000000000, 0.9238795325112867385, 1.000000000000000000, 0.9238795325112867385, 1.000000000000000000, 0.9238795325112867385, 1.000000000000000000, 0.9238795325112867385, 1.000000000000000000, 0.9238795325112867385, 1.000000000000000000, 0.9238795325112867385, 1.000000000000000000, 0.9238795325112867385, 1.000000000000000000, 0.9238795325112867385, 1.000000000000000000, 0.9238795325112867385, 1.000000000000000000, 0.9238795325112867385, 1.000000000000000000, 0.9238795325112867385, 1.000000000000000000, 0.9238795325112867385, 1.000000000000000000, 0.9238795325112867385, 1.000000000000000000, 0.9238795325112867385, 1.000000000000000000, 0.9238795325112867385, 1.000000000000000000, 0.9238795325112867385, 1.000000000000000000, 0.9238795325112867385, 1.000000000000000000, 0.9238795325112867385, 1.000000000000000000, 0.9238795325112867385, 1.000000000000000000, 0.9238795325112867385, 1.000000000000000000, 0.9238795325112867385, 1.000000000000000000, 0.9238795325112867385, 1.000000000000000000, 0.9238795325112867385, 1.000000000000000000, 0.9238795325112867385, 1.000000000000000000, 0.9238795325112867385, 1.000000000000000000, 0.9238795325112867385, 1.000000000000000000, 0.9238795325112867385, 1.000000000000000000, 0.9238795325112867385, 1.000000000000000000, 0.9238795325112867385, 1.000000000000000000, 0.9238795325112867385, 1.000000000000000000, 0.9238795325112867385, 1.000000000000000000, 0.9238795325112867385, 1.000000000000000000, 0.9238795325112867385, 1.000000000000000000, 0.9238795325112867385, 1.000000000000000000, 0.9238795325112867385, 1.000000000000000000, 0.9238795325112867385, 1.000000000000000000, 0.9238795325112867385, 1.000000000000000000, 0.9238795325112867385, 1.000000000000000000, 0.9238795325112867385, 1.000000000000000000, 0.9238795325112867385, 1.000000000000000000, 0.9238795325112867385, 1.000000000000000000, 0.9238795325112867385, 1.000000000000000000, 0.9238795325112867385, 1.000000000000000000, 0.9238795325112867385, 1.000000000000000000, 0.9238795325112867385, 1.000000000000000000, 0.9238795325112867385, 1.000000000000000000, 0.9238795325112867385, 1.000000000000000000, 0.9238795325112867385, 1.000000000000000000, 0.9238795325112867385, 1.000000000000000000, 0.9238795325112867385, 1.000000000000000000, 0.9238795325112867385, 1.000000000000000000, 0.9238795325112867385, 1.000000000000000000, 0.9238795325112867385, 1.000000000000000000, 0.9238795325112867385, 1.000000000000000000, 0.9238795325112867385, 1.000000000000000000, 0.9238795325112867385, 1.000000000000000000, 0.9238795325112867385, 1.000000000000000000, 0.9238795325112867385, 1.000000000000000000, 0.9238795325112867385, 1.000000000000000000, 0.9238795325112867385, 1.000000000000000000, 0.9238795325112867385, 1.000000000000000000, 0.9238795325112867385, 1.000000000000000000, 0.9238795325112867385, 1.000000000000000000, 0.9238795325112867385, 1.000000000000000000, 0.9238795325112867385, 1.000000000000000000, 0.9238795325112867385, 1.000000000000000000, 0.9238795325112867385, 1.000000000000000000, 0.9238795325112867385, 1.000000000000000000, 0.9238795325112867385, 1.000000000000000000, 0.9238795325112867385, 1.000000000000000000, 0.9238795325112867385, 1.000000000000000000, 0.9238795325112867385, 1.000000000000000000, 0.9238795325112867385, 1.000000000000000000, 0.9238795325112867385, 1.000000000000000000, 0.9238795325112867385, 1.000000000000000000, 0.9238795325112867385, 1.000000000000000000 ) ) 
 REPRESENTATION_ITEM ( '' )  );
#5248 = CARTESIAN_POINT ( 'NONE',  ( 4.076582343749995729, -59.60937500170699366, -1.995304164474380342E-14 ) ) ;
#5249 = CARTESIAN_POINT ( 'NONE',  ( 3.399999999999995470, -58.98437500341398021, -1.408326112068541525 ) ) ;
#5250 = CARTESIAN_POINT ( 'NONE',  ( 3.399999999999995026, -61.64062500341399442, 1.408326112068503777 ) ) ;
#5251 = CARTESIAN_POINT ( 'NONE',  ( -2.882579019330970826, -57.73437500170699366, -2.882579019330991699 ) ) ;
#5252 = CARTESIAN_POINT ( 'NONE',  ( 2.496186759367024056E-16, -36.64062500170699366, -4.076582343750016157 ) ) ;
#5253 = CARTESIAN_POINT ( 'NONE',  ( -2.404163056034258172, -48.28125000000000000, -2.404163056034278600 ) ) ;
#5254 = CARTESIAN_POINT ( 'NONE',  ( 2.404163056034257728, -53.90625000000000000, 2.404163056034239077 ) ) ;
#5255 = ORIENTED_EDGE ( 'NONE', *, *, #1938, .F. ) ;
#5256 = EDGE_CURVE ( 'NONE', #3467, #748, #958, .T. ) ;
#5257 = CARTESIAN_POINT ( 'NONE',  ( 4.076582343749994841, -47.03125000170698655, 1.688575694911929936 ) ) ;
#5258 = CARTESIAN_POINT ( 'NONE',  ( 4.076582343749994841, -54.68750000170698655, 1.688575694911929936 ) ) ;
#5259 = CARTESIAN_POINT ( 'NONE',  ( 0.000000000000000000, -65.00000000000000000, -1.995304164474380342E-14 ) ) ;
#5260 = CARTESIAN_POINT ( 'NONE',  ( -3.399999999999995914, -38.12500000000000711, -2.036942155645390229E-14 ) ) ;
#5261 = CARTESIAN_POINT ( 'NONE',  ( 4.076582343749995729, -60.70312500170699366, -1.995304164474380342E-14 ) ) ;
#5262 = CARTESIAN_POINT ( 'NONE',  ( -2.404163056034258172, -55.78125000000000711, -2.404163056034278600 ) ) ;
#5263 = CARTESIAN_POINT ( 'NONE',  ( -2.404163056034258172, -62.03125000000000000, -2.404163056034278600 ) ) ;
#5264 = CARTESIAN_POINT ( 'NONE',  ( -3.399999999999995470, -49.45312500000000000, -1.408326112068541747 ) ) ;
#5265 = CARTESIAN_POINT ( 'NONE',  ( 4.076582343749995729, -40.70312500170699366, -1.995304164474380342E-14 ) ) ;
#5266 = CARTESIAN_POINT ( 'NONE',  ( 4.076582343749995729, -44.37500000170699366, -1.688575694911966796 ) ) ;
#5267 = CARTESIAN_POINT ( 'NONE',  ( 1.408326112068485347, -62.73437500000000711, 3.400000000000013234 ) ) ;
#5268 = CARTESIAN_POINT ( 'NONE',  ( -2.882579019330972159, -42.57812500170699366, 2.882579019330950842 ) ) ;
#5269 = CARTESIAN_POINT ( 'NONE',  ( -7.488560278101070689E-16, -38.67187500170699366, 4.076582343749976189 ) ) ;
#5270 = FACE_OUTER_BOUND ( 'NONE', #15, .T. ) ;
#5271 =( BOUNDED_CURVE ( )  B_SPLINE_CURVE ( 2, ( #3077, #6491, #3575, #4002, #5998, #1510, #3511, #3014, #5024 ),
 .UNSPECIFIED., .F., .F. ) 
 B_SPLINE_CURVE_WITH_KNOTS ( ( 3, 2, 2, 2, 3 ),
 ( 0.2187499999999999445, 0.2239583333333332871, 0.2291666666666666019, 0.2343749999999999445, 0.2395833333333332871 ),
 .UNSPECIFIED. ) 
 CURVE ( )  GEOMETRIC_REPRESENTATION_ITEM ( )  RATIONAL_B_SPLINE_CURVE ( ( 1.000000000000000888, 0.9238795325112859613, 1.000000000000000000, 0.9238795325112867385, 1.000000000000000000, 0.9238795325112867385, 1.000000000000000000, 0.9238795325112875156, 0.9999999999999992228 ) ) 
 REPRESENTATION_ITEM ( '' )  );
#5272 = EDGE_LOOP ( 'NONE', ( #6016, #3062, #5729, #2776 ) ) ;
#5273 = CARTESIAN_POINT ( 'NONE',  ( 2.404163056034258616, -40.15625000341398021, -2.404163056034278600 ) ) ;
#5274 = CARTESIAN_POINT ( 'NONE',  ( 3.399999999999995914, -45.31250000341398021, -1.995304164474380342E-14 ) ) ;
#5275 = CARTESIAN_POINT ( 'NONE',  ( 2.081899558550498061E-16, -63.43750000000000711, -3.400000000000015898 ) ) ;
#5276 = CARTESIAN_POINT ( 'NONE',  ( 2.882579019330970382, -59.60937500170699366, 2.882579019330952175 ) ) ;
#5277 = CARTESIAN_POINT ( 'NONE',  ( 2.404163056034257728, -56.40625000000000711, 2.404163056034239077 ) ) ;
#5278 = EDGE_CURVE ( 'NONE', #6410, #6396, #753, .T. ) ;
#5279 = CYLINDRICAL_SURFACE ( 'NONE', #5736, 3.399999999999995914 ) ;
#5280 = CARTESIAN_POINT ( 'NONE',  ( -7.488560278101070689E-16, -49.92187500170699366, 4.076582343749976189 ) ) ;
#5281 = ORIENTED_EDGE ( 'NONE', *, *, #368, .T. ) ;
#5282 = CARTESIAN_POINT ( 'NONE',  ( 2.496186759367024056E-16, -61.79687500170698655, -4.076582343750016157 ) ) ;
#5283 = CARTESIAN_POINT ( 'NONE',  ( 2.081899558550498061E-16, -56.25000000341398732, -3.400000000000015898 ) ) ;
#5284 = FACE_OUTER_BOUND ( 'NONE', #5074, .T. ) ;
#5285 = CARTESIAN_POINT ( 'NONE',  ( 4.076582343749995729, -55.70312500170699366, -1.995304164474380342E-14 ) ) ;
#5286 = CARTESIAN_POINT ( 'NONE',  ( -2.882579019330972159, -34.92187500170699366, 2.882579019330950842 ) ) ;
#5287 = CARTESIAN_POINT ( 'NONE',  ( 2.081899558550498061E-16, -47.18750000000000000, -3.400000000000015898 ) ) ;
#5288 = LINE ( 'NONE', #860, #4694 ) ;
#5289 = VERTEX_POINT ( 'NONE', #6342 ) ;
#5290 = CARTESIAN_POINT ( 'NONE',  ( -4.076582343749996618, -47.50000000170699366, 1.688575694911926828 ) ) ;
#5291 = CARTESIAN_POINT ( 'NONE',  ( -1.688575694911949698, -46.25000000170698655, 4.076582343749975301 ) ) ;
#5292 = CARTESIAN_POINT ( 'NONE',  ( 2.081899558550498061E-16, -63.43750000000000711, -3.400000000000015898 ) ) ;
#5293 = CARTESIAN_POINT ( 'NONE',  ( 2.404163056034257728, -37.65625000000000000, 2.404163056034239077 ) ) ;
#5294 = EDGE_CURVE ( 'NONE', #3899, #891, #5355, .T. ) ;
#5295 = DIRECTION ( 'NONE',  ( 0.000000000000000000, 0.000000000000000000, -1.000000000000000000 ) ) ;
#5296 = CARTESIAN_POINT ( 'NONE',  ( -2.882579019330970826, -60.23437500170699366, -2.882579019330991699 ) ) ;
#5297 = CARTESIAN_POINT ( 'NONE',  ( -2.404163056034258172, -58.28125000000000000, -2.404163056034278600 ) ) ;
#5298 = CARTESIAN_POINT ( 'NONE',  ( -4.076582343749995729, -42.65625000170699366, -1.688575694911967684 ) ) ;
#5299 = CARTESIAN_POINT ( 'NONE',  ( 4.076582343749995729, -45.62500000170699366, -1.688575694911966796 ) ) ;
#5300 = CARTESIAN_POINT ( 'NONE',  ( 2.081899558550498061E-16, -62.18750000000000000, -3.400000000000015898 ) ) ;
#5301 = CARTESIAN_POINT ( 'NONE',  ( -4.076582343749996618, -42.65625000170699366, 1.688575694911926828 ) ) ;
#5302 = CARTESIAN_POINT ( 'NONE',  ( -1.688575694911946590, -36.71875000170700076, -4.076582343750016157 ) ) ;
#5303 = CARTESIAN_POINT ( 'NONE',  ( -6.245698675651493936E-16, -50.31250000000000000, 3.399999999999975930 ) ) ;
#5304 = ORIENTED_EDGE ( 'NONE', *, *, #235, .T. ) ;
#5305 = CARTESIAN_POINT ( 'NONE',  ( 3.399999999999995914, -39.06250000341398732, -1.995304164474380342E-14 ) ) ;
#5306 = CARTESIAN_POINT ( 'NONE',  ( 3.399999999999995914, -40.31250000341398732, -1.995304164474380342E-14 ) ) ;
#5307 = CARTESIAN_POINT ( 'NONE',  ( -6.245698675651493936E-16, -46.87500000341398732, 3.399999999999975930 ) ) ;
#5308 = CARTESIAN_POINT ( 'NONE',  ( -2.404163056034259061, -64.21875000000000000, 2.404163056034238188 ) ) ;
#5309 = CARTESIAN_POINT ( 'NONE',  ( -4.076582343749995729, -63.82812500170699366, -2.045227899661720714E-14 ) ) ;
#5310 = CARTESIAN_POINT ( 'NONE',  ( -1.408326112068523317, -35.39062500000001421, 3.399999999999975042 ) ) ;
#5311 = CARTESIAN_POINT ( 'NONE',  ( 1.688575694911947922, -53.59375000170700076, 4.076582343749975301 ) ) ;
#5312 = EDGE_LOOP ( 'NONE', ( #3529, #3841, #3345, #4490 ) ) ;
#5313 = ADVANCED_FACE ( 'NONE', ( #5940 ), #1856, .F. ) ;
#5314 = CARTESIAN_POINT ( 'NONE',  ( -2.882579019330972159, -62.57812500170699366, 2.882579019330950842 ) ) ;
#5315 = PERSON ( 'æœª', 'æœª', 'æœª', ('æœª'), ('æœª'), ('æœª') ) ;
#5316 = AXIS2_PLACEMENT_3D ( 'NONE', #5549, #2082, #73 ) ;
#5317 = CARTESIAN_POINT ( 'NONE',  ( -2.404163056034259061, -57.03125000341398021, 2.404163056034238188 ) ) ;
#5318 = CARTESIAN_POINT ( 'NONE',  ( -7.488560278101070689E-16, -57.26562500170699366, 4.076582343749976189 ) ) ;
#5319 = CARTESIAN_POINT ( 'NONE',  ( -6.245698675651493936E-16, -41.87500000341398732, 3.399999999999975930 ) ) ;
#5320 = CARTESIAN_POINT ( 'NONE',  ( 3.399999999999995914, -46.25000000000000000, -1.995304164474380342E-14 ) ) ;
#5321 = CARTESIAN_POINT ( 'NONE',  ( 2.404163056034258616, -50.15625000341398732, -2.404163056034278600 ) ) ;
#5322 = VERTEX_POINT ( 'NONE', #3448 ) ;
#5323 = CARTESIAN_POINT ( 'NONE',  ( -4.076582343749995729, -46.32812500170699366, -2.045227899661720714E-14 ) ) ;
#5324 = CARTESIAN_POINT ( 'NONE',  ( -1.688575694911946590, -49.21875000170699366, -4.076582343750016157 ) ) ;
#5325 = PERSON_AND_ORGANIZATION ( #5315, #4416 ) ;
#5326 = CARTESIAN_POINT ( 'NONE',  ( -3.399999999999996803, -35.85937500341398732, 1.408326112068501335 ) ) ;
#5327 = EDGE_CURVE ( 'NONE', #4943, #6361, #3928, .T. ) ;
#5328 = CARTESIAN_POINT ( 'NONE',  ( -2.882579019330970826, -55.23437500170700076, -2.882579019330991699 ) ) ;
#5329 = CARTESIAN_POINT ( 'NONE',  ( -3.399999999999995914, -58.12500000000000000, -2.036942155645390229E-14 ) ) ;
#5330 = CARTESIAN_POINT ( 'NONE',  ( -7.488560278101070689E-16, -39.76562500170699366, 4.076582343749976189 ) ) ;
#5331 = CARTESIAN_POINT ( 'NONE',  ( 4.076582343749995729, -45.70312500170699366, -1.995304164474380342E-14 ) ) ;
#5332 = CIRCLE ( 'NONE', #2502, 6.499999999999999112 ) ;
#5333 = CARTESIAN_POINT ( 'NONE',  ( -2.404163056034258172, -38.59375000341398732, -2.404163056034278600 ) ) ;
#5334 = CARTESIAN_POINT ( 'NONE',  ( -2.882579019330970826, -40.39062500170699366, -2.882579019330991699 ) ) ;
#5335 = FACE_OUTER_BOUND ( 'NONE', #1367, .T. ) ;
#5336 = ORIENTED_EDGE ( 'NONE', *, *, #45, .T. ) ;
#5337 = CARTESIAN_POINT ( 'NONE',  ( -3.399999999999996358, -43.35937500341398021, 1.408326112068500890 ) ) ;
#5338 = CARTESIAN_POINT ( 'NONE',  ( -6.245698675651493936E-16, -41.87500000341398732, 3.399999999999975930 ) ) ;
#5339 = CARTESIAN_POINT ( 'NONE',  ( -2.404163056034259061, -61.71875000000000000, 2.404163056034238188 ) ) ;
#5340 = CARTESIAN_POINT ( 'NONE',  ( 2.882579019330970382, -63.35937500170699366, 2.882579019330952175 ) ) ;
#5341 = DIRECTION ( 'NONE',  ( -0.000000000000000000, -1.000000000000000000, -0.000000000000000000 ) ) ;
#5342 = DIRECTION ( 'NONE',  ( 1.049727191138617463E-16, -0.5150380749100558209, 0.8571673007021113344 ) ) ;
#5343 = CARTESIAN_POINT ( 'NONE',  ( -4.076582343749996618, -52.65625000170698655, 1.688575694911926828 ) ) ;
#5344 = ORIENTED_EDGE ( 'NONE', *, *, #1245, .F. ) ;
#5345 = CARTESIAN_POINT ( 'NONE',  ( -2.882579019330970826, -60.39062500170699366, -2.882579019330991699 ) ) ;
#5346 = CARTESIAN_POINT ( 'NONE',  ( 2.404163056034258616, -57.65625000341398021, -2.404163056034278600 ) ) ;
#5347 = CARTESIAN_POINT ( 'NONE',  ( 3.399999999999995914, -55.31250000341398732, -1.995304164474380342E-14 ) ) ;
#5348 = CARTESIAN_POINT ( 'NONE',  ( -4.076582343749995729, -55.07812500170699366, -2.045227899661720714E-14 ) ) ;
#5349 = CARTESIAN_POINT ( 'NONE',  ( -3.399999999999995470, -48.20312500000000000, -1.408326112068541747 ) ) ;
#5350 = CARTESIAN_POINT ( 'NONE',  ( -3.399999999999995914, -59.76562500341398732, -1.408326112068541747 ) ) ;
#5351 = ORIENTED_EDGE ( 'NONE', *, *, #4526, .F. ) ;
#5352 = CARTESIAN_POINT ( 'NONE',  ( 1.688575694911947256, -47.96875000170699366, -4.076582343750016157 ) ) ;
#5353 = CARTESIAN_POINT ( 'NONE',  ( 1.688575694911947922, -48.59375000170699366, 4.076582343749975301 ) ) ;
#5354 = CARTESIAN_POINT ( 'NONE',  ( -2.404163056034259061, -37.96875000000000000, 2.404163056034238188 ) ) ;
#5355 = LINE ( 'NONE', #1359, #3498 ) ;
#5356 = CARTESIAN_POINT ( 'NONE',  ( 4.076582343749994841, -59.53125000170699366, 1.688575694911929936 ) ) ;
#5357 = CARTESIAN_POINT ( 'NONE',  ( 3.399999999999995026, -58.82812500000000711, 1.408326112068503777 ) ) ;
#5358 = CARTESIAN_POINT ( 'NONE',  ( -2.882579019330970826, -42.73437500170699366, -2.882579019330991699 ) ) ;
#5359 = CARTESIAN_POINT ( 'NONE',  ( 4.076582343749995729, -46.95312500170699366, -1.995304164474380342E-14 ) ) ;
#5360 = CARTESIAN_POINT ( 'NONE',  ( 1.408326112068542635, -61.48437499999999289, 3.399999999999955058 ) ) ;
#5361 = ADVANCED_FACE ( 'NONE', ( #6062 ), #3540, .F. ) ;
#5362 = CARTESIAN_POINT ( 'NONE',  ( 2.496186759367024056E-16, -43.04687500170699366, -4.076582343750016157 ) ) ;
#5363 = CARTESIAN_POINT ( 'NONE',  ( 2.081899558550498061E-16, -49.68750000000000000, -3.400000000000015898 ) ) ;
#5364 = ORIENTED_EDGE ( 'NONE', *, *, #1185, .T. ) ;
#5365 = CARTESIAN_POINT ( 'NONE',  ( 3.399999999999995470, -40.23437500341398021, -1.408326112068541525 ) ) ;
#5366 = CARTESIAN_POINT ( 'NONE',  ( 3.399999999999995026, -42.89062500341398732, 1.408326112068503777 ) ) ;
#5367 = CARTESIAN_POINT ( 'NONE',  ( 3.399999999999995914, -56.25000000000000000, -1.995304164474380342E-14 ) ) ;
#5368 = CARTESIAN_POINT ( 'NONE',  ( 1.688575694911947256, -61.71875000170700076, -4.076582343750016157 ) ) ;
#5369 = CARTESIAN_POINT ( 'NONE',  ( 2.081899558550498061E-16, -50.93750000000000711, -3.400000000000015898 ) ) ;
#5370 = CARTESIAN_POINT ( 'NONE',  ( -1.688575694911949698, -45.00000000170699366, 4.076582343749975301 ) ) ;
#5371 = CARTESIAN_POINT ( 'NONE',  ( 4.163799117100996122E-16, -65.00000000000000000, 3.399999999999975930 ) ) ;
#5372 = EDGE_LOOP ( 'NONE', ( #2196, #6082, #1346, #520 ) ) ;
#5373 = CARTESIAN_POINT ( 'NONE',  ( -2.404163056034258172, -58.59375000341398732, -2.404163056034278600 ) ) ;
#5374 = CARTESIAN_POINT ( 'NONE',  ( 2.882579019330970382, -52.10937500170699366, 2.882579019330952175 ) ) ;
#5375 = CARTESIAN_POINT ( 'NONE',  ( 3.399999999999995914, -41.56250000341398732, -1.995304164474380342E-14 ) ) ;
#5376 = CARTESIAN_POINT ( 'NONE',  ( -3.399999999999995914, -45.62500000000000000, -2.036942155645390229E-14 ) ) ;
#5377 = FACE_OUTER_BOUND ( 'NONE', #3425, .T. ) ;
#5378 = VERTEX_POINT ( 'NONE', #5055 ) ;
#5379 = APPROVAL ( #4379, 'æœª' ) ;
#5380 = CARTESIAN_POINT ( 'NONE',  ( -2.882579019330970826, -42.73437500170699366, -2.882579019330991699 ) ) ;
#5381 = CARTESIAN_POINT ( 'NONE',  ( -4.076582343749996618, -48.90625000170698655, 1.688575694911926828 ) ) ;
#5382 = PERSON_AND_ORGANIZATION ( #5315, #4416 ) ;
#5383 = CARTESIAN_POINT ( 'NONE',  ( 2.404163056034257728, -46.40625000000000000, 2.404163056034239077 ) ) ;
#5384 = CARTESIAN_POINT ( 'NONE',  ( 3.399999999999995914, -40.00000000000000000, -1.995304164474380342E-14 ) ) ;
#5385 = CARTESIAN_POINT ( 'NONE',  ( 2.081899558550498061E-16, -58.75000000341398732, -3.400000000000015898 ) ) ;
#5386 = CARTESIAN_POINT ( 'NONE',  ( 2.882579019330971715, -58.04687500170699366, -2.882579019330991699 ) ) ;
#5387 = CARTESIAN_POINT ( 'NONE',  ( -1.408326112068523317, -57.89062500000000000, 3.399999999999975042 ) ) ;
#5388 = CARTESIAN_POINT ( 'NONE',  ( -2.882579019330970826, -43.98437500170699366, -2.882579019330991699 ) ) ;
#5389 = CARTESIAN_POINT ( 'NONE',  ( 2.882579019330971715, -44.29687500170699366, -2.882579019330991699 ) ) ;
#5390 = CARTESIAN_POINT ( 'NONE',  ( 3.399999999999995914, -60.31250000341398021, -1.995304164474380342E-14 ) ) ;
#5391 = CARTESIAN_POINT ( 'NONE',  ( -2.882579019330970826, -56.64062500170699366, -2.882579019330991699 ) ) ;
#5392 = ORIENTED_EDGE ( 'NONE', *, *, #561, .T. ) ;
#5393 = CARTESIAN_POINT ( 'NONE',  ( 3.399999999999995470, -36.48437500341398732, -1.408326112068541525 ) ) ;
#5394 = CARTESIAN_POINT ( 'NONE',  ( 1.408326112068521985, -41.32812500341398732, -3.400000000000015898 ) ) ;
#5395 = CARTESIAN_POINT ( 'NONE',  ( -3.399999999999995914, -60.62500000000000000, -2.036942155645390229E-14 ) ) ;
#5396 = CARTESIAN_POINT ( 'NONE',  ( 1.688575694911947922, -59.68750000170699366, 4.076582343749975301 ) ) ;
#5397 = CARTESIAN_POINT ( 'NONE',  ( 3.399999999999995026, -45.39062500341398021, 1.408326112068504221 ) ) ;
#5398 = CARTESIAN_POINT ( 'NONE',  ( 2.882579019330971715, -45.70312500170699366, -2.882579019330991699 ) ) ;
#5399 = CARTESIAN_POINT ( 'NONE',  ( -2.404163056034258172, -54.53125000000000000, -2.404163056034278600 ) ) ;
#5400 = ORIENTED_EDGE ( 'NONE', *, *, #892, .T. ) ;
#5401 = CARTESIAN_POINT ( 'NONE',  ( -4.076582343749996618, -35.15625000170698655, 1.688575694911926828 ) ) ;
#5402 = CARTESIAN_POINT ( 'NONE',  ( -2.404163056034259061, -50.78125000341398732, 2.404163056034238188 ) ) ;
#5403 = CARTESIAN_POINT ( 'NONE',  ( 1.408326112068522651, -59.29687500341398732, 3.399999999999975486 ) ) ;
#5404 = CARTESIAN_POINT ( 'NONE',  ( 3.399999999999995470, -36.17187500000002132, -1.408326112068541525 ) ) ;
#5405 = CARTESIAN_POINT ( 'NONE',  ( 4.076582343749995729, -51.95312500170700076, -1.995304164474380342E-14 ) ) ;
#5406 = CARTESIAN_POINT ( 'NONE',  ( 1.408326112068499780, -41.79687500341399442, 3.399999999999999467 ) ) ;
#5407 = CARTESIAN_POINT ( 'NONE',  ( -6.245698675651493936E-16, -45.31250000000000711, 3.399999999999975930 ) ) ;
#5408 = CARTESIAN_POINT ( 'NONE',  ( 4.076582343749994841, -62.18750000170699366, 1.688575694911929936 ) ) ;
#5409 = EDGE_CURVE ( 'NONE', #6361, #1315, #3676, .T. ) ;
#5410 = VECTOR ( 'NONE', #5038, 1000.000000000000000 ) ;
#5411 = CARTESIAN_POINT ( 'NONE',  ( -6.154239880565942170E-08, -34.99999999999999289, -3.400000000000015454 ) ) ;
#5412 = CARTESIAN_POINT ( 'NONE',  ( -4.076582343749995729, -41.32812500170699366, -2.045227899661720714E-14 ) ) ;
#5413 = CARTESIAN_POINT ( 'NONE',  ( 2.882579019330971715, -48.20312500170699366, -2.882579019330991699 ) ) ;
#5414 = CARTESIAN_POINT ( 'NONE',  ( 2.404163056034257728, -50.15625000000000000, 2.404163056034239077 ) ) ;
#5415 = ADVANCED_FACE ( 'NONE', ( #2562 ), #2532, .F. ) ;
#5416 = CARTESIAN_POINT ( 'NONE',  ( -1.408326112068569280, -45.70312500341400153, 3.399999999999929301 ) ) ;
#5417 = CIRCLE ( 'NONE', #3424, 4.025000000000000355 ) ;
#5418 = CARTESIAN_POINT ( 'NONE',  ( -2.882579019330972159, -57.42187500170699366, 2.882579019330950842 ) ) ;
#5419 = CARTESIAN_POINT ( 'NONE',  ( 1.408326112068521985, -56.01562500000000000, -3.400000000000015898 ) ) ;
#5420 = CARTESIAN_POINT ( 'NONE',  ( 4.163799117100996122E-16, -65.00000000000000000, 3.399999999999975930 ) ) ;
#5421 = CARTESIAN_POINT ( 'NONE',  ( -1.688575694911946590, -42.81250000170699366, -4.076582343750016157 ) ) ;
#5422 = CARTESIAN_POINT ( 'NONE',  ( 3.399999999999995914, -60.23437500341398732, -1.408326112068541525 ) ) ;
#5423 = CARTESIAN_POINT ( 'NONE',  ( 2.496186759367024056E-16, -54.29687500170699366, -4.076582343750016157 ) ) ;
#5424 = VERTEX_POINT ( 'NONE', #2103 ) ;
#5425 = CARTESIAN_POINT ( 'NONE',  ( -3.399999999999995470, -34.76562500341398732, -1.408326112068541747 ) ) ;
#5426 = CARTESIAN_POINT ( 'NONE',  ( 3.399999999999995914, -42.81250000341398021, -1.995304164474380342E-14 ) ) ;
#5427 = CARTESIAN_POINT ( 'NONE',  ( -2.404163056034259061, -59.21875000000000000, 2.404163056034238188 ) ) ;
#5428 = CARTESIAN_POINT ( 'NONE',  ( 1.688575694911947256, -57.96875000170699366, -4.076582343750016157 ) ) ;
#5429 = CARTESIAN_POINT ( 'NONE',  ( 0.000000000000000000, -65.00000000000000000, -4.025000000000020783 ) ) ;
#5430 = CARTESIAN_POINT ( 'NONE',  ( 4.076582343749994841, -48.43750000170698655, 1.688575694911929936 ) ) ;
#5431 = CARTESIAN_POINT ( 'NONE',  ( 3.399999999999995914, -41.25000000000000000, -1.995304164474380342E-14 ) ) ;
#5432 = VERTEX_POINT ( 'NONE', #4099 ) ;
#5433 = CARTESIAN_POINT ( 'NONE',  ( 4.076582343749995729, -38.28125000170698655, -1.688575694911966796 ) ) ;
#5434 = CARTESIAN_POINT ( 'NONE',  ( -1.408326112068523317, -50.70312500341399442, 3.399999999999975042 ) ) ;
#5435 = CARTESIAN_POINT ( 'NONE',  ( 2.404163056034258616, -56.40625000341398021, -2.404163056034278600 ) ) ;
#5436 = CARTESIAN_POINT ( 'NONE',  ( -2.404163056034259061, -39.21875000000000000, 2.404163056034238188 ) ) ;
#5437 = CARTESIAN_POINT ( 'NONE',  ( 4.076582343749995729, -49.45312500170699366, -1.995304164474380342E-14 ) ) ;
#5438 = CARTESIAN_POINT ( 'NONE',  ( 2.404163056034257728, -45.15625000000000000, 2.404163056034239077 ) ) ;
#5439 = CARTESIAN_POINT ( 'NONE',  ( -2.882579019330972159, -63.82812500170699366, 2.882579019330950842 ) ) ;
#5440 = FACE_OUTER_BOUND ( 'NONE', #4085, .T. ) ;
#5441 = CARTESIAN_POINT ( 'NONE',  ( -1.688575694911946590, -42.81250000170699366, -4.076582343750016157 ) ) ;
#5442 = CARTESIAN_POINT ( 'NONE',  ( 2.882579019330970382, -42.26562500170699366, 2.882579019330952175 ) ) ;
#5443 = CARTESIAN_POINT ( 'NONE',  ( -1.408326112068521319, -43.35937500000000711, -3.400000000000015898 ) ) ;
#5444 = CARTESIAN_POINT ( 'NONE',  ( -3.399999999999996803, -51.79687500000000711, 1.408326112068501335 ) ) ;
#5445 =( BOUNDED_CURVE ( )  B_SPLINE_CURVE ( 2, ( #2794, #3149, #6136, #5350, #4836, #6304, #5643, #5608, #1353 ),
 .UNSPECIFIED., .F., .T. ) 
 B_SPLINE_CURVE_WITH_KNOTS ( ( 3, 2, 2, 2, 3 ),
 ( 0.1354166666666665464, 0.1406249999999998890, 0.1458333333333332316, 0.1510416666666665464, 0.1562499999999998890 ),
 .UNSPECIFIED. ) 
 CURVE ( )  GEOMETRIC_REPRESENTATION_ITEM ( )  RATIONAL_B_SPLINE_CURVE ( ( 1.000000000000001554, 0.9238795325112850731, 1.000000000000000000, 0.9238795325112867385, 1.000000000000000000, 0.9238795325112867385, 1.000000000000000000, 0.9238795325112884038, 0.9999999999999983347 ) ) 
 REPRESENTATION_ITEM ( '' )  );
#5446 = EDGE_CURVE ( 'NONE', #2055, #304, #2501, .T. ) ;
#5447 = CARTESIAN_POINT ( 'NONE',  ( -4.076582343749995729, -58.82812500170700076, -2.045227899661720714E-14 ) ) ;
#5448 = CARTESIAN_POINT ( 'NONE',  ( -3.399999999999995914, -55.62500000000000000, -2.036942155645390229E-14 ) ) ;
#5449 = CARTESIAN_POINT ( 'NONE',  ( -4.076582343749996618, -37.50000000170700076, 1.688575694911926828 ) ) ;
#5450 = CARTESIAN_POINT ( 'NONE',  ( 4.076582343749994841, -43.28125000170699366, 1.688575694911929936 ) ) ;
#5451 = CARTESIAN_POINT ( 'NONE',  ( 2.496186759367024056E-16, -53.04687500170698655, -4.076582343750016157 ) ) ;
#5452 = ORIENTED_EDGE ( 'NONE', *, *, #2371, .F. ) ;
#5453 = CARTESIAN_POINT ( 'NONE',  ( -6.245698675651493936E-16, -38.12500000341398021, 3.399999999999975930 ) ) ;
#5454 = CARTESIAN_POINT ( 'NONE',  ( -3.399999999999995470, -41.01562500341398021, -1.408326112068541747 ) ) ;
#5455 = CARTESIAN_POINT ( 'NONE',  ( 3.399999999999995026, -57.57812500000000000, 1.408326112068503777 ) ) ;
#5456 = CARTESIAN_POINT ( 'NONE',  ( 4.076582343749995729, -56.87500000170700076, -1.688575694911966796 ) ) ;
#5457 = CARTESIAN_POINT ( 'NONE',  ( -2.404163056034258172, -47.34375000341398021, -2.404163056034278600 ) ) ;
#5458 = CARTESIAN_POINT ( 'NONE',  ( 2.496186759367024056E-16, -46.79687500170699366, -4.076582343750016157 ) ) ;
#5459 = CARTESIAN_POINT ( 'NONE',  ( -3.399999999999995914, -41.01562500341398732, -1.408326112068541747 ) ) ;
#5460 = EDGE_LOOP ( 'NONE', ( #1131, #5829, #790, #3306 ) ) ;
#5461 = CARTESIAN_POINT ( 'NONE',  ( -2.882579019330972159, -38.82812500170698655, 2.882579019330950842 ) ) ;
#5462 = CARTESIAN_POINT ( 'NONE',  ( 3.399999999999995470, -52.73437500341398021, -1.408326112068541525 ) ) ;
#5463 = CARTESIAN_POINT ( 'NONE',  ( -2.404163056034258172, -56.09375000341398732, -2.404163056034278600 ) ) ;
#5464 = CARTESIAN_POINT ( 'NONE',  ( 3.399999999999995914, -36.25000000000000711, -1.995304164474380342E-14 ) ) ;
#5465 = CARTESIAN_POINT ( 'NONE',  ( 1.649317508604764226, -64.63226218575840676, -3.273262540093647477 ) ) ;
#5466 = CARTESIAN_POINT ( 'NONE',  ( 1.408326112068522651, -41.48437500000000000, 3.399999999999975486 ) ) ;
#5467 = CARTESIAN_POINT ( 'NONE',  ( -4.076582343749995729, -62.73437500170699366, -2.045227899661720714E-14 ) ) ;
#5468 = CARTESIAN_POINT ( 'NONE',  ( 2.081899558550498061E-16, -52.18750000000000000, -3.400000000000015898 ) ) ;
#5469 = CARTESIAN_POINT ( 'NONE',  ( -2.882579019330972159, -39.92187500170699366, 2.882579019330950842 ) ) ;
#5470 = CARTESIAN_POINT ( 'NONE',  ( -2.882579019330970826, -42.89062500170699366, -2.882579019330991699 ) ) ;
#5471 = CARTESIAN_POINT ( 'NONE',  ( -6.245698675651493936E-16, -44.06250000000000711, 3.399999999999975930 ) ) ;
#5472 = DIRECTION ( 'NONE',  ( -0.000000000000000000, -1.000000000000000000, -0.000000000000000000 ) ) ;
#5473 = CARTESIAN_POINT ( 'NONE',  ( -2.882579019330970826, -56.64062500170699366, -2.882579019330991699 ) ) ;
#5474 = CARTESIAN_POINT ( 'NONE',  ( -1.688575694911946590, -39.06250000170699366, -4.076582343750016157 ) ) ;
#5475 = AXIS2_PLACEMENT_3D ( 'NONE', #1803, #5763, #746 ) ;
#5476 = CARTESIAN_POINT ( 'NONE',  ( 2.496186759367024056E-16, -39.14062500170699366, -4.076582343750016157 ) ) ;
#5477 = CARTESIAN_POINT ( 'NONE',  ( -6.245698675651493936E-16, -38.12500000341398021, 3.399999999999975930 ) ) ;
#5478 = CARTESIAN_POINT ( 'NONE',  ( -7.488560278101070689E-16, -54.92187500170699366, 4.076582343749976189 ) ) ;
#5479 =( BOUNDED_CURVE ( )  B_SPLINE_CURVE ( 2, ( #6273, #1754, #1887, #865, #342, #4347, #896, #802, #4316 ),
 .UNSPECIFIED., .F., .F. ) 
 B_SPLINE_CURVE_WITH_KNOTS ( ( 3, 2, 2, 2, 3 ),
 ( 0.5104166666666666297, 0.5156250000000000000, 0.5208333333333333703, 0.5260416666666666297, 0.5312500000000000000 ),
 .UNSPECIFIED. ) 
 CURVE ( )  GEOMETRIC_REPRESENTATION_ITEM ( )  RATIONAL_B_SPLINE_CURVE ( ( 1.000000000000000000, 0.9238795325112867385, 1.000000000000000000, 0.9238795325112867385, 1.000000000000000000, 0.9238795325112867385, 1.000000000000000000, 0.9238795325112867385, 1.000000000000000000 ) ) 
 REPRESENTATION_ITEM ( '' )  );
#5480 = EDGE_CURVE ( 'NONE', #1397, #5749, #2313, .T. ) ;
#5481 = VERTEX_POINT ( 'NONE', #4531 ) ;
#5482 = CARTESIAN_POINT ( 'NONE',  ( -1.408326112068523317, -36.95312500341398021, 3.399999999999975042 ) ) ;
#5483 = CARTESIAN_POINT ( 'NONE',  ( 1.408326112068521985, -37.57812500341398021, -3.400000000000015898 ) ) ;
#5484 = CARTESIAN_POINT ( 'NONE',  ( 3.399999999999995914, -58.75000000000000711, -1.995304164474380342E-14 ) ) ;
#5485 = CARTESIAN_POINT ( 'NONE',  ( -1.688575694911946590, -57.81250000170700787, -4.076582343750016157 ) ) ;
#5486 = CARTESIAN_POINT ( 'NONE',  ( -1.408326112068475577, -63.67187500341398021, -3.400000000000062528 ) ) ;
#5487 = CARTESIAN_POINT ( 'NONE',  ( -4.076582343749995729, -40.23437500170699366, -2.045227899661720714E-14 ) ) ;
#5488 = CARTESIAN_POINT ( 'NONE',  ( 3.399999999999995914, -41.17187500000000000, -1.408326112068541525 ) ) ;
#5489 = ORIENTED_EDGE ( 'NONE', *, *, #6337, .T. ) ;
#5490 = ORIENTED_EDGE ( 'NONE', *, *, #940, .F. ) ;
#5491 = CARTESIAN_POINT ( 'NONE',  ( 2.882579019330970382, -36.01562500170699366, 2.882579019330952175 ) ) ;
#5492 = CARTESIAN_POINT ( 'NONE',  ( 1.408326112068522651, -54.29687500341398021, 3.399999999999975486 ) ) ;
#5493 = CARTESIAN_POINT ( 'NONE',  ( 3.399999999999995026, -51.64062500341398732, 1.408326112068503777 ) ) ;
#5494 = CARTESIAN_POINT ( 'NONE',  ( -1.408326112068523317, -39.14062500000000000, 3.399999999999975042 ) ) ;
#5495 = DIRECTION ( 'NONE',  ( 0.000000000000000000, 0.000000000000000000, 1.000000000000000000 ) ) ;
#5496 = CARTESIAN_POINT ( 'NONE',  ( -2.404163056034258172, -37.34375000341398732, -2.404163056034278600 ) ) ;
#5497 = CARTESIAN_POINT ( 'NONE',  ( 2.081899558550498061E-16, -44.68750000000000711, -3.400000000000015898 ) ) ;
#5498 = CARTESIAN_POINT ( 'NONE',  ( 1.688575694911947256, -63.12500000170700076, -4.076582343750016157 ) ) ;
#5499 = EDGE_CURVE ( 'NONE', #33, #5585, #3601, .T. ) ;
#5500 = CYLINDRICAL_SURFACE ( 'NONE', #1115, 3.399999999999995914 ) ;
#5501 = CARTESIAN_POINT ( 'NONE',  ( 1.688575694911947922, -40.93750000170700076, 4.076582343749975301 ) ) ;
#5502 = CARTESIAN_POINT ( 'NONE',  ( -2.882579019330972159, -41.32812500170698655, 2.882579019330950842 ) ) ;
#5503 = CARTESIAN_POINT ( 'NONE',  ( -1.408326112068523317, -44.14062500000000000, 3.399999999999975042 ) ) ;
#5504 = CARTESIAN_POINT ( 'NONE',  ( 2.081899558550498061E-16, -52.18750000000000000, -3.400000000000015898 ) ) ;
#5505 = CARTESIAN_POINT ( 'NONE',  ( 1.688575694911947922, -57.34375000170699366, 4.076582343749975301 ) ) ;
#5506 = AXIS2_PLACEMENT_3D ( 'NONE', #3956, #4979, #4363 ) ;
#5507 = CARTESIAN_POINT ( 'NONE',  ( -4.076582343749995729, -35.15625000170699366, -1.688575694911967684 ) ) ;
#5508 = CARTESIAN_POINT ( 'NONE',  ( -4.076582343749996618, -42.50000000170699366, 1.688575694911926828 ) ) ;
#5509 = FACE_OUTER_BOUND ( 'NONE', #2123, .T. ) ;
#5510 = CARTESIAN_POINT ( 'NONE',  ( 4.076582343749995729, -57.10937500170699366, -1.995304164474380342E-14 ) ) ;
#5511 = ORIENTED_EDGE ( 'NONE', *, *, #2416, .F. ) ;
#5512 = CARTESIAN_POINT ( 'NONE',  ( 2.882579019330971715, -60.54687500170699366, -2.882579019330991699 ) ) ;
#5513 = CARTESIAN_POINT ( 'NONE',  ( -2.404163056034258172, -38.59375000341398732, -2.404163056034278600 ) ) ;
#5514 = CARTESIAN_POINT ( 'NONE',  ( -3.399999999999996358, -35.85937500341398732, 1.408326112068500890 ) ) ;
#5515 = CARTESIAN_POINT ( 'NONE',  ( -3.399999999999995914, -51.87500000000000711, -2.036942155645390229E-14 ) ) ;
#5516 = CARTESIAN_POINT ( 'NONE',  ( -2.882579019330972159, -58.67187500170699366, 2.882579019330950842 ) ) ;
#5517 = LINE ( 'NONE', #6076, #1224 ) ;
#5518 = CARTESIAN_POINT ( 'NONE',  ( 2.882579019330971715, -39.45312500170698655, -2.882579019330991699 ) ) ;
#5519 = CARTESIAN_POINT ( 'NONE',  ( -1.688575694911946590, -42.96875000170699366, -4.076582343750016157 ) ) ;
#5520 = CARTESIAN_POINT ( 'NONE',  ( 3.399999999999995914, -48.98437500341399442, -1.408326112068541525 ) ) ;
#5521 = ORIENTED_EDGE ( 'NONE', *, *, #2134, .F. ) ;
#5522 = ORIENTED_EDGE ( 'NONE', *, *, #5934, .F. ) ;
#5523 = EDGE_CURVE ( 'NONE', #4718, #5145, #1481, .T. ) ;
#5524 = CARTESIAN_POINT ( 'NONE',  ( 2.404163056034258616, -50.15625000341398732, -2.404163056034278600 ) ) ;
#5525 = CARTESIAN_POINT ( 'NONE',  ( -3.399999999999995470, -53.51562500341398732, -1.408326112068541747 ) ) ;
#5526 = CARTESIAN_POINT ( 'NONE',  ( 2.404163056034257728, -38.90625000000000000, 2.404163056034239077 ) ) ;
#5527 = CARTESIAN_POINT ( 'NONE',  ( 3.756747215699762776, -64.75551817717224878, -0.4875908425774591604 ) ) ;
#5528 = CARTESIAN_POINT ( 'NONE',  ( 2.081899558550498061E-16, -39.68750000000000000, -3.400000000000015898 ) ) ;
#5529 = CARTESIAN_POINT ( 'NONE',  ( 2.882579019330970382, -58.51562500170699366, 2.882579019330952175 ) ) ;
#5530 = CARTESIAN_POINT ( 'NONE',  ( -4.076582343749995729, -64.06250000170699366, -1.688575694911967684 ) ) ;
#5531 = CARTESIAN_POINT ( 'NONE',  ( -4.076582343749995729, -37.57812500170700076, -2.045227899661720714E-14 ) ) ;
#5532 = CARTESIAN_POINT ( 'NONE',  ( 4.076582343749994841, -42.18750000170698655, 1.688575694911929936 ) ) ;
#5533 = CARTESIAN_POINT ( 'NONE',  ( -1.408326112068523317, -41.64062500000000000, 3.399999999999975042 ) ) ;
#5534 = CARTESIAN_POINT ( 'NONE',  ( 1.408326112068522651, -47.73437500000000000, 3.399999999999975486 ) ) ;
#5535 = CARTESIAN_POINT ( 'NONE',  ( 4.076582343749994841, -50.78125000170699366, 1.688575694911929936 ) ) ;
#5536 = CARTESIAN_POINT ( 'NONE',  ( 4.076582343749994841, -59.68750000170699366, 1.688575694911929936 ) ) ;
#5537 = CARTESIAN_POINT ( 'NONE',  ( -7.488560278101070689E-16, -34.76562500170699366, 4.076582343749976189 ) ) ;
#5538 = CARTESIAN_POINT ( 'NONE',  ( -4.076582343749995729, -40.15625000170699366, -1.688575694911967240 ) ) ;
#5539 = CARTESIAN_POINT ( 'NONE',  ( -3.399999999999995914, -46.95312500000000000, -1.408326112068541747 ) ) ;
#5540 = CARTESIAN_POINT ( 'NONE',  ( 1.688575694911947922, -51.09375000170699366, 4.076582343749975301 ) ) ;
#5541 = VERTEX_POINT ( 'NONE', #1078 ) ;
#5542 = CARTESIAN_POINT ( 'NONE',  ( -2.882579019330972159, -59.92187500170699366, 2.882579019330950842 ) ) ;
#5543 = EDGE_CURVE ( 'NONE', #3899, #351, #5271, .T. ) ;
#5544 = FACE_OUTER_BOUND ( 'NONE', #2451, .T. ) ;
#5545 = CARTESIAN_POINT ( 'NONE',  ( 3.399999999999995470, -38.98437500341398732, -1.408326112068541525 ) ) ;
#5546 = CARTESIAN_POINT ( 'NONE',  ( -2.404163056034258172, -55.78125000000000711, -2.404163056034278600 ) ) ;
#5547 = CARTESIAN_POINT ( 'NONE',  ( 4.076582343749995729, -53.20312500170700076, -1.995304164474380342E-14 ) ) ;
#5548 = CARTESIAN_POINT ( 'NONE',  ( 4.076582343749995729, -55.62500000170699366, -1.688575694911966796 ) ) ;
#5549 = CARTESIAN_POINT ( 'NONE',  ( 3.808651545348268472E-15, 1.329783579673954269E-29, 0.000000000000000000 ) ) ;
#5550 = CARTESIAN_POINT ( 'NONE',  ( 4.076582343749994841, -38.43750000170699366, 1.688575694911929936 ) ) ;
#5551 = CARTESIAN_POINT ( 'NONE',  ( 4.076582343749995729, -48.35937500170699366, -1.995304164474380342E-14 ) ) ;
#5552 = CARTESIAN_POINT ( 'NONE',  ( 1.688575694911947922, -43.59375000170698655, 4.076582343749975301 ) ) ;
#5553 = CARTESIAN_POINT ( 'NONE',  ( -1.408326112068500668, -52.89062500000000711, 3.399999999999998579 ) ) ;
#5554 = VERTEX_POINT ( 'NONE', #533 ) ;
#5555 = VERTEX_POINT ( 'NONE', #27 ) ;
#5556 = CARTESIAN_POINT ( 'NONE',  ( 2.081899558550498061E-16, -45.00000000341398732, -3.400000000000015898 ) ) ;
#5557 = CARTESIAN_POINT ( 'NONE',  ( -1.408326112068523317, -50.70312500341399442, 3.399999999999975042 ) ) ;
#5558 = CARTESIAN_POINT ( 'NONE',  ( -4.076582343749995729, -62.81250000170699366, -1.688575694911967240 ) ) ;
#5559 = CARTESIAN_POINT ( 'NONE',  ( 2.974848675465000980, -64.68937128678413728, -2.237177735915486743 ) ) ;
#5560 = CARTESIAN_POINT ( 'NONE',  ( -3.399999999999995470, -40.70312500000000711, -1.408326112068541747 ) ) ;
#5561 = CARTESIAN_POINT ( 'NONE',  ( 2.882579019330971715, -55.70312500170698655, -2.882579019330991699 ) ) ;
#5562 = CARTESIAN_POINT ( 'NONE',  ( 4.076582343749995729, -64.53125000170699366, -1.688575694911967018 ) ) ;
#5563 = CARTESIAN_POINT ( 'NONE',  ( -1.688575694911949698, -36.09375000170699366, 4.076582343749975301 ) ) ;
#5564 = CARTESIAN_POINT ( 'NONE',  ( -1.688575694911949698, -41.25000000170698655, 4.076582343749975301 ) ) ;
#5565 = CARTESIAN_POINT ( 'NONE',  ( -3.399999999999995470, -55.70312500000000711, -1.408326112068541747 ) ) ;
#5566 = CARTESIAN_POINT ( 'NONE',  ( -3.399999999999996358, -43.04687500000000711, 1.408326112068500890 ) ) ;
#5567 = CARTESIAN_POINT ( 'NONE',  ( 2.404163056034257728, -47.65625000000000000, 2.404163056034239077 ) ) ;
#5568 = CARTESIAN_POINT ( 'NONE',  ( 4.076582343749995729, -53.20312500170700076, -1.995304164474380342E-14 ) ) ;
#5569 = CARTESIAN_POINT ( 'NONE',  ( 2.882579019330971715, -55.70312500170698655, -2.882579019330991699 ) ) ;
#5570 = DIRECTION ( 'NONE',  ( 0.000000000000000000, 0.000000000000000000, 1.000000000000000000 ) ) ;
#5571 = CARTESIAN_POINT ( 'NONE',  ( -4.076582343749995729, -50.31250000170700076, -1.688575694911967684 ) ) ;
#5572 = ORIENTED_EDGE ( 'NONE', *, *, #2371, .T. ) ;
#5573 = CARTESIAN_POINT ( 'NONE',  ( -7.488560278101070689E-16, -62.26562500170699366, 4.076582343749976189 ) ) ;
#5574 = VECTOR ( 'NONE', #13, 1000.000000000000000 ) ;
#5575 = DIRECTION ( 'NONE',  ( 0.000000000000000000, -2.935685882422288853E-16, 1.000000000000000000 ) ) ;
#5576 = CARTESIAN_POINT ( 'NONE',  ( 3.399999999999995026, -35.39062500341398732, 1.408326112068503777 ) ) ;
#5577 = CARTESIAN_POINT ( 'NONE',  ( 2.081899558550498061E-16, -52.18750000000000000, -3.400000000000015898 ) ) ;
#5578 = CARTESIAN_POINT ( 'NONE',  ( 2.882579019330971715, -45.54687500170699366, -2.882579019330991699 ) ) ;
#5579 = CARTESIAN_POINT ( 'NONE',  ( -2.882579019330972159, -51.17187500170699366, 2.882579019330950842 ) ) ;
#5580 = CARTESIAN_POINT ( 'NONE',  ( 2.404163056034257728, -45.15625000000000000, 2.404163056034239077 ) ) ;
#5581 = CARTESIAN_POINT ( 'NONE',  ( 4.076582343749995729, -37.10937500170699366, -1.995304164474380342E-14 ) ) ;
#5582 = CARTESIAN_POINT ( 'NONE',  ( -1.688575694911950142, -50.00000000170699366, 4.076582343749975301 ) ) ;
#5583 = CARTESIAN_POINT ( 'NONE',  ( -4.076582343749995729, -41.48437500170699366, -2.045227899661720714E-14 ) ) ;
#5584 = LINE ( 'NONE', #3558, #5574 ) ;
#5585 = VERTEX_POINT ( 'NONE', #2034 ) ;
#5586 = ORIENTED_EDGE ( 'NONE', *, *, #5797, .T. ) ;
#5587 = CARTESIAN_POINT ( 'NONE',  ( -1.408326112068523317, -48.20312500341399442, 3.399999999999975042 ) ) ;
#5588 = CARTESIAN_POINT ( 'NONE',  ( 3.399999999999995026, -52.89062500341398732, 1.408326112068503777 ) ) ;
#5589 = CARTESIAN_POINT ( 'NONE',  ( -2.882579019330970826, -61.64062500170699366, -2.882579019330991699 ) ) ;
#5590 = CARTESIAN_POINT ( 'NONE',  ( 0.2411908175709808755, -64.58113242167887336, -3.606132421679707267 ) ) ;
#5591 = CARTESIAN_POINT ( 'NONE',  ( 1.408326112068522651, -37.73437500000000711, 3.399999999999975486 ) ) ;
#5592 = DIRECTION ( 'NONE',  ( -0.000000000000000000, 1.000000000000000000, 2.935685882422288853E-16 ) ) ;
#5593 = CARTESIAN_POINT ( 'NONE',  ( 4.076582343749995729, -58.35937500170699366, -1.995304164474380342E-14 ) ) ;
#5594 = EDGE_CURVE ( 'NONE', #6218, #1376, #1540, .T. ) ;
#5595 = CARTESIAN_POINT ( 'NONE',  ( -2.882579019330972159, -63.82812500170699366, 2.882579019330950842 ) ) ;
#5596 = CARTESIAN_POINT ( 'NONE',  ( -2.882579019330970826, -37.73437500170699366, -2.882579019330991699 ) ) ;
#5597 = CARTESIAN_POINT ( 'NONE',  ( -2.882579019330972159, -40.07812500170698655, 2.882579019330950842 ) ) ;
#5598 = CARTESIAN_POINT ( 'NONE',  ( -2.404163056034258172, -53.28125000000000000, -2.404163056034278600 ) ) ;
#5599 = EDGE_CURVE ( 'NONE', #5585, #4194, #4622, .T. ) ;
#5600 = CARTESIAN_POINT ( 'NONE',  ( -1.408326112068521319, -40.85937500000000711, -3.400000000000015898 ) ) ;
#5601 = DIRECTION ( 'NONE',  ( -0.000000000000000000, -1.000000000000000000, -0.000000000000000000 ) ) ;
#5602 = EDGE_LOOP ( 'NONE', ( #550, #5985, #2076, #831, #4547, #3595, #1526, #2810, #4921, #5223, #6199, #2089, #4210, #5304, #4157, #5364, #4325, #3236, #1255, #254, #4851, #3848, #66, #3630, #6151, #3197, #521, #5807, #1405, #6469, #2229, #2460, #764, #3611, #201, #5572, #1696, #5336, #2378, #650, #4375, #6350, #4119, #2519, #3288, #4795, #4401, #992, #1660, #4037, #3929 ) ) ;
#5603 = CARTESIAN_POINT ( 'NONE',  ( -4.076582343749995729, -51.32812500170700076, -2.045227899661720714E-14 ) ) ;
#5604 = CARTESIAN_POINT ( 'NONE',  ( 4.076582343749994841, -57.18750000170699366, 1.688575694911929936 ) ) ;
#5605 = EDGE_CURVE ( 'NONE', #4071, #1132, #4173, .T. ) ;
#5606 = CARTESIAN_POINT ( 'NONE',  ( -2.404163056034259061, -50.78125000341398732, 2.404163056034238188 ) ) ;
#5607 = CARTESIAN_POINT ( 'NONE',  ( 1.688575694911947922, -37.18750000170699366, 4.076582343749975301 ) ) ;
#5608 = CARTESIAN_POINT ( 'NONE',  ( -1.408326112068546188, -59.45312500341398021, 3.399999999999951950 ) ) ;
#5609 = LINE ( 'NONE', #3116, #6101 ) ;
#5610 = CARTESIAN_POINT ( 'NONE',  ( 2.882579019330971715, -61.79687500170699366, -2.882579019330991699 ) ) ;
#5611 = CARTESIAN_POINT ( 'NONE',  ( -2.882579019330970826, -37.89062500170699366, -2.882579019330991699 ) ) ;
#5612 = CARTESIAN_POINT ( 'NONE',  ( -3.399999999999995914, -61.01562500341398021, -1.408326112068541747 ) ) ;
#5613 = CARTESIAN_POINT ( 'NONE',  ( 1.408326112068521985, -36.32812500341398021, -3.400000000000015898 ) ) ;
#5614 = CARTESIAN_POINT ( 'NONE',  ( -2.404163056034259061, -54.21875000000000000, 2.404163056034238188 ) ) ;
#5615 = CARTESIAN_POINT ( 'NONE',  ( 2.496186759367024056E-16, -45.39062500170700076, -4.076582343750016157 ) ) ;
#5616 = CARTESIAN_POINT ( 'NONE',  ( 2.496186759367024056E-16, -49.14062500170699366, -4.076582343750016157 ) ) ;
#5617 = PRODUCT_DEFINITION_SHAPE ( 'NONE', 'NONE',  #1211 ) ;
#5618 = DIRECTION ( 'NONE',  ( 0.000000000000000000, -2.935685882422288853E-16, 1.000000000000000000 ) ) ;
#5619 = CARTESIAN_POINT ( 'NONE',  ( 1.688575694911947922, -38.59375000170699366, 4.076582343749975301 ) ) ;
#5620 = CARTESIAN_POINT ( 'NONE',  ( 4.076582343749995729, -45.85937500170698655, -1.995304164474380342E-14 ) ) ;
#5621 = CARTESIAN_POINT ( 'NONE',  ( 2.496186759367024056E-16, -41.79687500170699366, -4.076582343750016157 ) ) ;
#5622 = CARTESIAN_POINT ( 'NONE',  ( -3.399999999999995914, -58.51562500341398732, -1.408326112068541747 ) ) ;
#5623 = VECTOR ( 'NONE', #4380, 1000.000000000000000 ) ;
#5624 = ORIENTED_EDGE ( 'NONE', *, *, #4036, .F. ) ;
#5625 = ORIENTED_EDGE ( 'NONE', *, *, #2817, .F. ) ;
#5626 = CARTESIAN_POINT ( 'NONE',  ( -2.404163056034258172, -46.09375000341398021, -2.404163056034278600 ) ) ;
#5627 = CARTESIAN_POINT ( 'NONE',  ( -2.404163056034259061, -50.78125000341398732, 2.404163056034238188 ) ) ;
#5628 = CARTESIAN_POINT ( 'NONE',  ( 1.688575694911947256, -60.62500000170699366, -4.076582343750016157 ) ) ;
#5629 = DIRECTION ( 'NONE',  ( 0.8660254037844389297, 0.4999999999999994449, 0.000000000000000000 ) ) ;
#5630 = CARTESIAN_POINT ( 'NONE',  ( -3.399999999999995914, -40.62500000000000000, -2.036942155645390229E-14 ) ) ;
#5631 = CARTESIAN_POINT ( 'NONE',  ( 1.688575694911947922, -54.84375000170698655, 4.076582343749975301 ) ) ;
#5632 = CARTESIAN_POINT ( 'NONE',  ( -2.404163056034259061, -55.78125000341398021, 2.404163056034238188 ) ) ;
#5633 = CARTESIAN_POINT ( 'NONE',  ( 3.399999999999995026, -60.39062500341398732, 1.408326112068503777 ) ) ;
#5634 = CARTESIAN_POINT ( 'NONE',  ( 2.882579019330971715, -35.54687500170699366, -2.882579019330991699 ) ) ;
#5635 = CARTESIAN_POINT ( 'NONE',  ( -2.882579019330970826, -36.48437500170699366, -2.882579019330991699 ) ) ;
#5636 = CARTESIAN_POINT ( 'NONE',  ( -6.245698675651493936E-16, -51.56250000000000711, 3.399999999999975930 ) ) ;
#5637 = CARTESIAN_POINT ( 'NONE',  ( 1.408326112068521985, -41.01562500000000000, -3.400000000000015898 ) ) ;
#5638 = CARTESIAN_POINT ( 'NONE',  ( -2.404163056034258172, -62.03125000000000000, -2.404163056034278600 ) ) ;
#5639 = CARTESIAN_POINT ( 'NONE',  ( 1.688575694911947256, -54.21875000170698655, -4.076582343750016157 ) ) ;
#5640 = CARTESIAN_POINT ( 'NONE',  ( -7.488560278101070689E-16, -54.92187500170699366, 4.076582343749976189 ) ) ;
#5641 = APPLICATION_PROTOCOL_DEFINITION ( 'international standard', 'config_control_design', 1994, #1283 ) ;
#5642 = CARTESIAN_POINT ( 'NONE',  ( -2.404163056034258172, -51.09375000341398732, -2.404163056034278600 ) ) ;
#5643 = CARTESIAN_POINT ( 'NONE',  ( -2.404163056034259061, -59.53125000341398732, 2.404163056034238188 ) ) ;
#5644 = CARTESIAN_POINT ( 'NONE',  ( 1.408326112068522651, -55.23437500000000000, 3.399999999999975486 ) ) ;
#5645 = EDGE_CURVE ( 'NONE', #1383, #5173, #4134, .T. ) ;
#5646 = DIRECTION ( 'NONE',  ( -0.000000000000000000, -1.000000000000000000, -0.000000000000000000 ) ) ;
#5647 = CARTESIAN_POINT ( 'NONE',  ( -4.076582343749995729, -60.07812500170699366, -2.045227899661720714E-14 ) ) ;
#5648 = CARTESIAN_POINT ( 'NONE',  ( 2.882579019330971715, -63.04687500170700076, -2.882579019330991699 ) ) ;
#5649 = FACE_OUTER_BOUND ( 'NONE', #2970, .T. ) ;
#5650 = CARTESIAN_POINT ( 'NONE',  ( -3.399999999999995914, -34.68750000341398732, -2.036942155645390229E-14 ) ) ;
#5651 = CARTESIAN_POINT ( 'NONE',  ( 1.408326112068521985, -54.76562500000000711, -3.400000000000015898 ) ) ;
#5652 = CARTESIAN_POINT ( 'NONE',  ( -1.688575694911950142, -48.59375000170699366, 4.076582343749975301 ) ) ;
#5653 = CARTESIAN_POINT ( 'NONE',  ( 2.496186759367024056E-16, -52.89062500170699366, -4.076582343750016157 ) ) ;
#5654 = CARTESIAN_POINT ( 'NONE',  ( 0.000000000000000000, -65.00000000000000000, -1.995304164474380342E-14 ) ) ;
#5655 = CARTESIAN_POINT ( 'NONE',  ( 4.076582343749995729, -45.78125000170699366, -1.688575694911967018 ) ) ;
#5656 = CARTESIAN_POINT ( 'NONE',  ( -4.076582343749996618, -35.15625000170698655, 1.688575694911926828 ) ) ;
#5657 = CARTESIAN_POINT ( 'NONE',  ( 3.399999999999995914, -49.06250000341398732, -1.995304164474380342E-14 ) ) ;
#5658 = ORIENTED_EDGE ( 'NONE', *, *, #965, .F. ) ;
#5659 = EDGE_LOOP ( 'NONE', ( #183, #582, #3164, #5001 ) ) ;
#5660 = FACE_OUTER_BOUND ( 'NONE', #6217, .T. ) ;
#5661 = CARTESIAN_POINT ( 'NONE',  ( -3.399999999999996358, -48.35937500341398021, 1.408326112068500890 ) ) ;
#5662 = CARTESIAN_POINT ( 'NONE',  ( -3.399999999999995470, -49.76562500341398732, -1.408326112068541747 ) ) ;
#5663 = CARTESIAN_POINT ( 'NONE',  ( -2.882579019330970826, -59.14062500170699366, -2.882579019330991699 ) ) ;
#5664 = CARTESIAN_POINT ( 'NONE',  ( -3.399999999999995914, -43.51562500341398732, -1.408326112068541747 ) ) ;
#5665 = CARTESIAN_POINT ( 'NONE',  ( 3.399999999999995026, -38.82812500000000711, 1.408326112068503777 ) ) ;
#5666 = CARTESIAN_POINT ( 'NONE',  ( 2.882579019330971715, -54.45312500170699366, -2.882579019330991699 ) ) ;
#5667 = FACE_OUTER_BOUND ( 'NONE', #2857, .T. ) ;
#5668 = CARTESIAN_POINT ( 'NONE',  ( 2.404163056034258616, -60.15625000341398732, -2.404163056034278600 ) ) ;
#5669 = CARTESIAN_POINT ( 'NONE',  ( -2.882579019330972159, -34.92187500170699366, 2.882579019330950842 ) ) ;
#5670 = CARTESIAN_POINT ( 'NONE',  ( -2.404163056034259061, -62.03125000341398732, 2.404163056034238188 ) ) ;
#5671 = CARTESIAN_POINT ( 'NONE',  ( -3.399999999999995470, -51.95312500000000711, -1.408326112068541747 ) ) ;
#5672 = CARTESIAN_POINT ( 'NONE',  ( -3.393081429682044181, -64.39143919597842114, -0.4594220204637926575 ) ) ;
#5673 = CARTESIAN_POINT ( 'NONE',  ( -2.882579019330972159, -51.17187500170699366, 2.882579019330950842 ) ) ;
#5674 = CARTESIAN_POINT ( 'NONE',  ( -4.076582343749995729, -52.81250000170699366, -1.688575694911967240 ) ) ;
#5675 = CARTESIAN_POINT ( 'NONE',  ( -1.408326112068504221, -59.60937500000000000, -3.400000000000032774 ) ) ;
#5676 = CARTESIAN_POINT ( 'NONE',  ( 2.081899558550498061E-16, -38.43750000000000000, -3.400000000000015898 ) ) ;
#5677 = DIRECTION ( 'NONE',  ( -0.000000000000000000, -1.000000000000000000, -0.000000000000000000 ) ) ;
#5678 = CARTESIAN_POINT ( 'NONE',  ( -1.688575694911949698, -63.59375000170700787, 4.076582343749975301 ) ) ;
#5679 = CARTESIAN_POINT ( 'NONE',  ( 0.000000000000000000, -65.00000000000000000, -3.400000000000015898 ) ) ;
#5680 = EDGE_CURVE ( 'NONE', #5322, #4517, #1163, .T. ) ;
#5681 = CARTESIAN_POINT ( 'NONE',  ( -3.399999999999995914, -61.87500000000000000, -2.036942155645390229E-14 ) ) ;
#5682 = CARTESIAN_POINT ( 'NONE',  ( -1.408326112068521319, -48.35937500000000000, -3.400000000000015898 ) ) ;
#5683 = CARTESIAN_POINT ( 'NONE',  ( 2.882579019330971715, -48.04687500170700076, -2.882579019330991699 ) ) ;
#5684 = CARTESIAN_POINT ( 'NONE',  ( 2.882579019330971715, -50.54687500170699366, -2.882579019330991699 ) ) ;
#5685 = CARTESIAN_POINT ( 'NONE',  ( 2.081899558550498061E-16, -48.43750000000000000, -3.400000000000015898 ) ) ;
#5686 = EDGE_CURVE ( 'NONE', #5032, #683, #4277, .T. ) ;
#5687 = CARTESIAN_POINT ( 'NONE',  ( -2.882579019330970826, -36.64062500170699366, -2.882579019330991699 ) ) ;
#5688 = CARTESIAN_POINT ( 'NONE',  ( 4.076582343749995729, -48.28125000170699366, -1.688575694911967018 ) ) ;
#5689 = CARTESIAN_POINT ( 'NONE',  ( -4.076582343749996618, -36.40625000170699366, 1.688575694911926828 ) ) ;
#5690 = CARTESIAN_POINT ( 'NONE',  ( 3.399999999999995914, -52.42187500000000000, -1.408326112068541525 ) ) ;
#5691 = EDGE_LOOP ( 'NONE', ( #400, #1282, #3001 ) ) ;
#5692 = VERTEX_POINT ( 'NONE', #5747 ) ;
#5693 = CARTESIAN_POINT ( 'NONE',  ( -6.245698675651493936E-16, -39.37500000341398732, 3.399999999999975930 ) ) ;
#5694 = CARTESIAN_POINT ( 'NONE',  ( 3.399999999999995914, -46.56250000341398732, -1.995304164474380342E-14 ) ) ;
#5695 = CARTESIAN_POINT ( 'NONE',  ( -3.399999999999996358, -48.35937500341398021, 1.408326112068500890 ) ) ;
#5696 = CARTESIAN_POINT ( 'NONE',  ( -7.488560278101070689E-16, -59.92187500170699366, 4.076582343749976189 ) ) ;
#5697 = FACE_OUTER_BOUND ( 'NONE', #4786, .T. ) ;
#5698 = CARTESIAN_POINT ( 'NONE',  ( 3.399999999999995914, -56.25000000000000000, -1.995304164474380342E-14 ) ) ;
#5699 = FACE_BOUND ( 'NONE', #5858, .T. ) ;
#5700 = CARTESIAN_POINT ( 'NONE',  ( -4.076582343749996618, -50.15625000170700076, 1.688575694911926828 ) ) ;
#5701 =( BOUNDED_CURVE ( )  B_SPLINE_CURVE ( 2, ( #5814, #5843, #4636, #136, #1322, #3322, #5321, #3008, #4439 ),
 .UNSPECIFIED., .F., .F. ) 
 B_SPLINE_CURVE_WITH_KNOTS ( ( 3, 2, 2, 2, 3 ),
 ( 0.4479166666666665741, 0.4531249999999998890, 0.4583333333333332038, 0.4635416666666665741, 0.4687499999999998890 ),
 .UNSPECIFIED. ) 
 CURVE ( )  GEOMETRIC_REPRESENTATION_ITEM ( )  RATIONAL_B_SPLINE_CURVE ( ( 1.000000000000001554, 0.9238795325112850731, 1.000000000000000000, 0.9238795325112867385, 1.000000000000000000, 0.9238795325112867385, 1.000000000000000000, 0.9238795325112884038, 0.9999999999999983347 ) ) 
 REPRESENTATION_ITEM ( '' )  );
#5702 = CARTESIAN_POINT ( 'NONE',  ( -4.076582343749995729, -60.31250000170700076, -1.688575694911967684 ) ) ;
#5703 = CARTESIAN_POINT ( 'NONE',  ( 2.404163056034257728, -62.96875000341398021, 2.404163056034239077 ) ) ;
#5704 = CARTESIAN_POINT ( 'NONE',  ( -4.076582343749995729, -56.32812500170699366, -2.045227899661720714E-14 ) ) ;
#5705 = CARTESIAN_POINT ( 'NONE',  ( 3.399999999999995026, -61.64062500341399442, 1.408326112068503777 ) ) ;
#5706 = CARTESIAN_POINT ( 'NONE',  ( -6.245698675651493936E-16, -47.81250000000000000, 3.399999999999975930 ) ) ;
#5707 = CARTESIAN_POINT ( 'NONE',  ( 3.399999999999995026, -54.14062500341398021, 1.408326112068504221 ) ) ;
#5708 = VERTEX_POINT ( 'NONE', #663 ) ;
#5709 = CARTESIAN_POINT ( 'NONE',  ( 1.688575694911947922, -44.68750000170698655, 4.076582343749975301 ) ) ;
#5710 = CARTESIAN_POINT ( 'NONE',  ( 2.882579019330971715, -51.95312500170699366, -2.882579019330991699 ) ) ;
#5711 = CARTESIAN_POINT ( 'NONE',  ( -2.404163056034258172, -59.53125000000000000, -2.404163056034278600 ) ) ;
#5712 = CARTESIAN_POINT ( 'NONE',  ( 2.404163056034258616, -42.34375000000000000, -2.404163056034278600 ) ) ;
#5713 = CARTESIAN_POINT ( 'NONE',  ( -1.688575694911949698, -37.34375000170698655, 4.076582343749975301 ) ) ;
#5714 = CARTESIAN_POINT ( 'NONE',  ( 0.000000000000000000, -65.00000000000000000, -3.400000000000015898 ) ) ;
#5715 = CARTESIAN_POINT ( 'NONE',  ( 1.408326112068568170, -43.82812500341399442, -3.399999999999969713 ) ) ;
#5716 = CARTESIAN_POINT ( 'NONE',  ( 2.882579019330970382, -62.10937500170699366, 2.882579019330952175 ) ) ;
#5717 = CARTESIAN_POINT ( 'NONE',  ( -6.245698675651493936E-16, -55.31250000000000000, 3.399999999999975930 ) ) ;
#5718 = CARTESIAN_POINT ( 'NONE',  ( -2.404163056034259061, -61.71875000000000000, 2.404163056034238188 ) ) ;
#5719 = CARTESIAN_POINT ( 'NONE',  ( -1.408326112068523317, -47.89062500000001421, 3.399999999999975042 ) ) ;
#5720 = CARTESIAN_POINT ( 'NONE',  ( -2.882579019330972159, -47.42187500170700076, 2.882579019330950842 ) ) ;
#5721 = CARTESIAN_POINT ( 'NONE',  ( 4.076582343749995729, -50.70312500170700076, -1.995304164474380342E-14 ) ) ;
#5722 = DIRECTION ( 'NONE',  ( -0.000000000000000000, -1.000000000000000000, -0.000000000000000000 ) ) ;
#5723 = CARTESIAN_POINT ( 'NONE',  ( -4.076582343749996618, -43.90625000170698655, 1.688575694911926828 ) ) ;
#5724 = CARTESIAN_POINT ( 'NONE',  ( 1.688575694911947256, -36.87500000170697945, -4.076582343750016157 ) ) ;
#5725 = CARTESIAN_POINT ( 'NONE',  ( -3.399999999999996803, -53.35937500341399442, 1.408326112068501335 ) ) ;
#5726 = VERTEX_POINT ( 'NONE', #1253 ) ;
#5727 =( BOUNDED_CURVE ( )  B_SPLINE_CURVE ( 2, ( #1719, #4284, #4637, #242, #6274, #1792, #3150, #3294, #1684 ),
 .UNSPECIFIED., .F., .F. ) 
 B_SPLINE_CURVE_WITH_KNOTS ( ( 3, 2, 2, 2, 3 ),
 ( 0.5729166666666666297, 0.5781250000000000000, 0.5833333333333333703, 0.5885416666666666297, 0.5937500000000000000 ),
 .UNSPECIFIED. ) 
 CURVE ( )  GEOMETRIC_REPRESENTATION_ITEM ( )  RATIONAL_B_SPLINE_CURVE ( ( 1.000000000000000000, 0.9238795325112867385, 1.000000000000000000, 0.9238795325112867385, 1.000000000000000000, 0.9238795325112867385, 1.000000000000000000, 0.9238795325112867385, 1.000000000000000000 ) ) 
 REPRESENTATION_ITEM ( '' )  );
#5728 = VECTOR ( 'NONE', #3804, 1000.000000000000000 ) ;
#5729 = ORIENTED_EDGE ( 'NONE', *, *, #6128, .F. ) ;
#5730 = DIRECTION ( 'NONE',  ( -0.000000000000000000, -1.000000000000000000, -0.000000000000000000 ) ) ;
#5731 = CARTESIAN_POINT ( 'NONE',  ( -1.408326112068523317, -41.95312500341398732, 3.399999999999975042 ) ) ;
#5732 = CARTESIAN_POINT ( 'NONE',  ( -6.245698675651493936E-16, -49.37500000341398732, 3.399999999999975930 ) ) ;
#5733 = LINE ( 'NONE', #5802, #5728 ) ;
#5734 = CARTESIAN_POINT ( 'NONE',  ( 2.404163056034258616, -36.40625000341398732, -2.404163056034278600 ) ) ;
#5736 = AXIS2_PLACEMENT_3D ( 'NONE', #4364, #2783, #3277 ) ;
#5735 = DIRECTION ( 'NONE',  ( 0.000000000000000000, 0.000000000000000000, -1.000000000000000000 ) ) ;
#5737 = CYLINDRICAL_SURFACE ( 'NONE', #4278, 3.399999999999995914 ) ;
#5738 = CARTESIAN_POINT ( 'NONE',  ( -4.076582343749995729, -52.81250000170699366, -1.688575694911967240 ) ) ;
#5739 = EDGE_CURVE ( 'NONE', #6319, #2617, #1669, .T. ) ;
#5740 = CARTESIAN_POINT ( 'NONE',  ( 4.076582343749995729, -60.78125000170699366, -1.688575694911967018 ) ) ;
#5741 = CARTESIAN_POINT ( 'NONE',  ( -6.245698675651493936E-16, -59.37500000341398732, 3.399999999999975930 ) ) ;
#5742 = CARTESIAN_POINT ( 'NONE',  ( -1.408326112068523317, -61.95312500341398732, 3.399999999999975042 ) ) ;
#5743 = CARTESIAN_POINT ( 'NONE',  ( 4.076582343749995729, -55.62500000170699366, -1.688575694911967018 ) ) ;
#5744 = CARTESIAN_POINT ( 'NONE',  ( -4.076582343749995729, -35.07812500170700076, -2.045227899661720714E-14 ) ) ;
#5745 = ADVANCED_FACE ( 'NONE', ( #5122 ), #1936, .F. ) ;
#5746 = CARTESIAN_POINT ( 'NONE',  ( -2.404163056034258172, -50.78125000000000000, -2.404163056034278600 ) ) ;
#5747 = CARTESIAN_POINT ( 'NONE',  ( 2.081899558550498061E-16, -61.25000000341398021, -3.400000000000015898 ) ) ;
#5748 =( BOUNDED_CURVE ( )  B_SPLINE_CURVE ( 2, ( #606, #5063, #1188, #5612, #572, #638, #2569, #3187, #4602 ),
 .UNSPECIFIED., .F., .T. ) 
 B_SPLINE_CURVE_WITH_KNOTS ( ( 3, 2, 2, 2, 3 ),
 ( 0.09375000000000006939, 0.09895833333333339810, 0.1041666666666667546, 0.1093750000000000833, 0.1145833333333334259 ),
 .UNSPECIFIED. ) 
 CURVE ( )  GEOMETRIC_REPRESENTATION_ITEM ( )  RATIONAL_B_SPLINE_CURVE ( ( 0.9999999999999990008, 0.9238795325112877377, 1.000000000000000000, 0.9238795325112867385, 1.000000000000000000, 0.9238795325112867385, 1.000000000000000000, 0.9238795325112852952, 1.000000000000001332 ) ) 
 REPRESENTATION_ITEM ( '' )  );
#5749 = VERTEX_POINT ( 'NONE', #2631 ) ;
#5750 = CARTESIAN_POINT ( 'NONE',  ( -4.076582343749995729, -47.65625000170700076, -1.688575694911967240 ) ) ;
#5751 = CARTESIAN_POINT ( 'NONE',  ( 1.688575694911947922, -54.84375000170698655, 4.076582343749975301 ) ) ;
#5752 = DIRECTION ( 'NONE',  ( -0.000000000000000000, 1.000000000000000000, -0.000000000000000000 ) ) ;
#5753 = CARTESIAN_POINT ( 'NONE',  ( 3.399999999999995026, -51.64062500341399442, 1.408326112068504221 ) ) ;
#5754 = CARTESIAN_POINT ( 'NONE',  ( -2.404163056034258172, -42.03125000000000711, -2.404163056034278600 ) ) ;
#5755 = CLOSED_SHELL ( 'NONE', ( #6374, #6272, #2649, #5361, #1111, #1292, #810, #955, #5415, #2040, #4498, #3080, #4342, #1437, #4688, #2125, #2174, #1729, #644, #5821, #3213, #4842, #3466, #209, #4736, #3296, #1516, #2346, #1221, #4357, #2806, #2839, #5313, #22, #5054, #3512, #890, #6449, #1723, #3207, #1482, #6413, #78, #407, #6305, #464, #4462, #1077, #5745, #694, #4127, #3478, #1861, #3855, #1835, #2863, #489, #664, #2788, #2687, #3289, #3334, #477 ) ) ;
#5756 = CARTESIAN_POINT ( 'NONE',  ( -4.076582343749995729, -63.90625000170699366, -1.688575694911967240 ) ) ;
#5757 = CARTESIAN_POINT ( 'NONE',  ( 3.399999999999995026, -34.14062500341398021, 1.408326112068503777 ) ) ;
#5758 = CARTESIAN_POINT ( 'NONE',  ( 2.404163056034258616, -47.34375000000000711, -2.404163056034278600 ) ) ;
#5759 = CARTESIAN_POINT ( 'NONE',  ( 4.076582343749995729, -43.12500000170699366, -1.688575694911967018 ) ) ;
#5760 = CARTESIAN_POINT ( 'NONE',  ( 4.076582343749995729, -48.12500000170699366, -1.688575694911966796 ) ) ;
#5761 = CARTESIAN_POINT ( 'NONE',  ( 1.688575694911947922, -41.09375000170699366, 4.076582343749975301 ) ) ;
#5762 = CARTESIAN_POINT ( 'NONE',  ( -2.882579019330970826, -37.89062500170699366, -2.882579019330991699 ) ) ;
#5763 = DIRECTION ( 'NONE',  ( -0.000000000000000000, -1.000000000000000000, -0.000000000000000000 ) ) ;
#5764 = ORIENTED_EDGE ( 'NONE', *, *, #1778, .T. ) ;
#5765 = CARTESIAN_POINT ( 'NONE',  ( 0.000000000000000000, -65.00000000000000000, -1.995304164474380342E-14 ) ) ;
#5766 = CARTESIAN_POINT ( 'NONE',  ( 2.081899558550498061E-16, -43.75000000341398732, -3.400000000000015898 ) ) ;
#5767 = CARTESIAN_POINT ( 'NONE',  ( -1.408326112068521319, -48.67187500341398732, -3.400000000000015898 ) ) ;
#5768 = CARTESIAN_POINT ( 'NONE',  ( -6.245698675651493936E-16, -64.06250000000001421, 3.399999999999975930 ) ) ;
#5769 = CARTESIAN_POINT ( 'NONE',  ( -1.688575694911946590, -62.81250000170699366, -4.076582343750016157 ) ) ;
#5770 = CARTESIAN_POINT ( 'NONE',  ( -3.399999999999995914, -43.12500000000000000, -2.036942155645390229E-14 ) ) ;
#5771 = CARTESIAN_POINT ( 'NONE',  ( 2.496186759367024056E-16, -64.14062500170700787, -4.076582343750016157 ) ) ;
#5772 = CARTESIAN_POINT ( 'NONE',  ( -2.882579019330970826, -51.64062500170699366, -2.882579019330991699 ) ) ;
#5773 = AXIS2_PLACEMENT_3D ( 'NONE', #3679, #5191, #6133 ) ;
#5774 = ORIENTED_EDGE ( 'NONE', *, *, #6297, .T. ) ;
#5775 = CARTESIAN_POINT ( 'NONE',  ( 1.688575694911947256, -63.12500000170700076, -4.076582343750016157 ) ) ;
#5776 = CARTESIAN_POINT ( 'NONE',  ( -2.404163056034259061, -54.53125000341398732, 2.404163056034238188 ) ) ;
#5777 = CARTESIAN_POINT ( 'NONE',  ( 3.399999999999995026, -60.39062500341398732, 1.408326112068503777 ) ) ;
#5778 = CARTESIAN_POINT ( 'NONE',  ( 2.496186759367024056E-16, -56.64062500170699366, -4.076582343750016157 ) ) ;
#5779 = CARTESIAN_POINT ( 'NONE',  ( 2.496186759367024056E-16, -35.39062500170699366, -4.076582343750016157 ) ) ;
#5780 = CARTESIAN_POINT ( 'NONE',  ( 1.408326112068522651, -47.73437500000000711, 3.399999999999975486 ) ) ;
#5781 = CYLINDRICAL_SURFACE ( 'NONE', #597, 3.399999999999995914 ) ;
#5782 = EDGE_CURVE ( 'NONE', #6252, #5555, #2879, .T. ) ;
#5783 = ORIENTED_EDGE ( 'NONE', *, *, #5499, .F. ) ;
#5784 = CARTESIAN_POINT ( 'NONE',  ( 2.496186759367024056E-16, -49.14062500170699366, -4.076582343750016157 ) ) ;
#5785 = CARTESIAN_POINT ( 'NONE',  ( -4.076582343749995729, -50.31250000170699366, -1.688575694911967240 ) ) ;
#5786 = COORDINATED_UNIVERSAL_TIME_OFFSET ( 8, 0, .AHEAD. ) ;
#5787 = CARTESIAN_POINT ( 'NONE',  ( -6.245698675651493936E-16, -37.81250000000000000, 3.399999999999975930 ) ) ;
#5788 = CARTESIAN_POINT ( 'NONE',  ( 2.404163056034257728, -55.15625000000000711, 2.404163056034239077 ) ) ;
#5789 = CARTESIAN_POINT ( 'NONE',  ( 4.076582343749995729, -63.12500000170700076, -1.688575694911966796 ) ) ;
#5790 = CARTESIAN_POINT ( 'NONE',  ( 3.399999999999995914, -65.00000000000000000, -1.995304164474380342E-14 ) ) ;
#5791 = CARTESIAN_POINT ( 'NONE',  ( 4.076582343749995729, -41.95312500170699366, -1.995304164474380342E-14 ) ) ;
#5792 = CARTESIAN_POINT ( 'NONE',  ( -2.882579019330970826, -46.48437500170699366, -2.882579019330991699 ) ) ;
#5793 = CARTESIAN_POINT ( 'NONE',  ( 2.404163056034258616, -62.34375000000000000, -2.404163056034278600 ) ) ;
#5794 = CARTESIAN_POINT ( 'NONE',  ( 2.882579019330971715, -40.70312500170698655, -2.882579019330991699 ) ) ;
#5795 = CARTESIAN_POINT ( 'NONE',  ( 1.688575694911947922, -34.84375000170698655, 4.076582343749975301 ) ) ;
#5796 = CARTESIAN_POINT ( 'NONE',  ( -1.408326112068532865, -53.67187500341398732, -3.400000000000004796 ) ) ;
#5797 = EDGE_CURVE ( 'NONE', #2727, #4718, #5019, .T. ) ;
#5798 = ORIENTED_EDGE ( 'NONE', *, *, #995, .T. ) ;
#5799 = CARTESIAN_POINT ( 'NONE',  ( 3.399999999999995914, -44.06250000341398021, -1.995304164474380342E-14 ) ) ;
#5800 = CARTESIAN_POINT ( 'NONE',  ( 1.408326112068521985, -42.57812500341398021, -3.400000000000015898 ) ) ;
#5801 = CARTESIAN_POINT ( 'NONE',  ( 3.399999999999995914, -49.06250000341398732, -1.995304164474380342E-14 ) ) ;
#5802 = CARTESIAN_POINT ( 'NONE',  ( 4.163799117100996122E-16, -65.00000000000000000, 3.399999999999975930 ) ) ;
#5803 = CARTESIAN_POINT ( 'NONE',  ( -1.688575694911949698, -63.59375000170700787, 4.076582343749975301 ) ) ;
#5804 = CARTESIAN_POINT ( 'NONE',  ( 1.408326112068522651, -56.48437500000001421, 3.399999999999975486 ) ) ;
#5805 = CARTESIAN_POINT ( 'NONE',  ( 3.399999999999995914, -36.17187500000002132, -1.408326112068541525 ) ) ;
#5806 = CARTESIAN_POINT ( 'NONE',  ( 2.882579019330971715, -50.70312500170699366, -2.882579019330991699 ) ) ;
#5807 = ORIENTED_EDGE ( 'NONE', *, *, #2298, .T. ) ;
#5808 = CARTESIAN_POINT ( 'NONE',  ( 2.496186759367024056E-16, -59.29687500170699366, -4.076582343750016157 ) ) ;
#5809 = CARTESIAN_POINT ( 'NONE',  ( -1.408326112068523317, -54.45312500341398021, 3.399999999999975042 ) ) ;
#5810 = FACE_OUTER_BOUND ( 'NONE', #5372, .T. ) ;
#5811 = AXIS2_PLACEMENT_3D ( 'NONE', #734, #5677, #274 ) ;
#5812 = CARTESIAN_POINT ( 'NONE',  ( 2.496186759367024056E-16, -55.39062500170699366, -4.076582343750016157 ) ) ;
#5813 = CARTESIAN_POINT ( 'NONE',  ( -2.404163056034259061, -46.71875000000000000, 2.404163056034238188 ) ) ;
#5814 = CARTESIAN_POINT ( 'NONE',  ( -6.245698675651493936E-16, -50.62500000341398732, 3.399999999999975930 ) ) ;
#5815 = ORIENTED_EDGE ( 'NONE', *, *, #5446, .T. ) ;
#5816 = EDGE_CURVE ( 'NONE', #5145, #2401, #5935, .T. ) ;
#5817 = CARTESIAN_POINT ( 'NONE',  ( 1.688575694911947256, -45.46875000170699366, -4.076582343750016157 ) ) ;
#5818 = CARTESIAN_POINT ( 'NONE',  ( -4.076582343749995729, -48.98437500170699366, -2.045227899661720714E-14 ) ) ;
#5819 = CARTESIAN_POINT ( 'NONE',  ( -1.408326112068544189, -38.35937500000000000, -3.399999999999992806 ) ) ;
#5820 = CARTESIAN_POINT ( 'NONE',  ( 1.408326112068545299, -35.23437500000000000, 3.399999999999952394 ) ) ;
#5821 = ADVANCED_FACE ( 'NONE', ( #3431 ), #5866, .F. ) ;
#5822 = CARTESIAN_POINT ( 'NONE',  ( -4.076582343749996618, -57.50000000170699366, 1.688575694911926828 ) ) ;
#5823 = CARTESIAN_POINT ( 'NONE',  ( -2.404163056034259061, -59.21875000000000000, 2.404163056034238188 ) ) ;
#5824 = CARTESIAN_POINT ( 'NONE',  ( -4.076582343749996618, -42.50000000170699366, 1.688575694911926828 ) ) ;
#5825 = CARTESIAN_POINT ( 'NONE',  ( 1.688575694911947922, -45.93750000170700076, 4.076582343749975301 ) ) ;
#5826 = CARTESIAN_POINT ( 'NONE',  ( 2.081899558550498061E-16, -38.75000000341398732, -3.400000000000015898 ) ) ;
#5827 = CARTESIAN_POINT ( 'NONE',  ( -4.076582343749995729, -42.73437500170698655, -2.045227899661720714E-14 ) ) ;
#5828 = CARTESIAN_POINT ( 'NONE',  ( 0.000000000000000000, -65.00000000000000000, -1.995304164474380342E-14 ) ) ;
#5829 = ORIENTED_EDGE ( 'NONE', *, *, #2417, .T. ) ;
#5830 = CARTESIAN_POINT ( 'NONE',  ( 3.399999999999995470, -42.73437500341398021, -1.408326112068541525 ) ) ;
#5831 = CARTESIAN_POINT ( 'NONE',  ( 3.399999999999995026, -40.39062500341398732, 1.408326112068503777 ) ) ;
#5832 = CARTESIAN_POINT ( 'NONE',  ( 2.081899558550498061E-16, -50.00000000341398732, -3.400000000000015898 ) ) ;
#5833 = CARTESIAN_POINT ( 'NONE',  ( -4.076582343749995729, -62.65625000170699366, -1.688575694911967240 ) ) ;
#5834 = CARTESIAN_POINT ( 'NONE',  ( -2.404163056034259061, -35.46875000000000000, 2.404163056034238188 ) ) ;
#5835 = CARTESIAN_POINT ( 'NONE',  ( 2.404163056034258616, -38.59375000000000000, -2.404163056034278600 ) ) ;
#5836 = CARTESIAN_POINT ( 'NONE',  ( 1.688575694911947256, -53.12500000170698655, -4.076582343750016157 ) ) ;
#5837 = ORIENTED_EDGE ( 'NONE', *, *, #1976, .F. ) ;
#5838 = CARTESIAN_POINT ( 'NONE',  ( -2.882579019330972159, -58.82812500170699366, 2.882579019330950842 ) ) ;
#5839 = CARTESIAN_POINT ( 'NONE',  ( 3.399999999999995914, -57.81250000341398732, -1.995304164474380342E-14 ) ) ;
#5840 = CARTESIAN_POINT ( 'NONE',  ( -6.245698675651493936E-16, -60.62500000341398021, 3.399999999999975930 ) ) ;
#5841 = CARTESIAN_POINT ( 'NONE',  ( 2.882579019330970382, -57.10937500170699366, 2.882579019330952175 ) ) ;
#5842 = CARTESIAN_POINT ( 'NONE',  ( -3.399999999999995914, -50.62500000000000000, -2.036942155645390229E-14 ) ) ;
#5843 = CARTESIAN_POINT ( 'NONE',  ( 1.408326112068499780, -50.54687500341398732, 3.399999999999999467 ) ) ;
#5844 = VERTEX_POINT ( 'NONE', #4950 ) ;
#5845 = EDGE_CURVE ( 'NONE', #4083, #2055, #3637, .T. ) ;
#5846 = CARTESIAN_POINT ( 'NONE',  ( -1.688575694911946590, -49.06250000170699366, -4.076582343750016157 ) ) ;
#5847 = CARTESIAN_POINT ( 'NONE',  ( -1.688575694911946590, -45.46875000170698655, -4.076582343750016157 ) ) ;
#5848 = PERSON_AND_ORGANIZATION ( #5315, #4416 ) ;
#5849 = CARTESIAN_POINT ( 'NONE',  ( -1.408326112068500668, -37.89062500000000000, 3.399999999999998579 ) ) ;
#5850 = DIRECTION ( 'NONE',  ( 0.000000000000000000, 0.000000000000000000, -1.000000000000000000 ) ) ;
#5851 = CARTESIAN_POINT ( 'NONE',  ( -4.076582343749995729, -57.57812500170699366, -2.045227899661720714E-14 ) ) ;
#5852 = CARTESIAN_POINT ( 'NONE',  ( -3.399999999999996358, -58.04687500000001421, 1.408326112068500890 ) ) ;
#5853 = CARTESIAN_POINT ( 'NONE',  ( 2.882579019330970382, -43.35937500170699366, 2.882579019330952175 ) ) ;
#5854 = CARTESIAN_POINT ( 'NONE',  ( 4.076582343749994841, -47.03125000170698655, 1.688575694911929936 ) ) ;
#5855 = CARTESIAN_POINT ( 'NONE',  ( -6.245698675651493936E-16, -60.62500000341398021, 3.399999999999975930 ) ) ;
#5856 = CARTESIAN_POINT ( 'NONE',  ( -4.076582343749995729, -43.98437500170698655, -2.045227899661720714E-14 ) ) ;
#5857 = CARTESIAN_POINT ( 'NONE',  ( -3.399999999999996803, -40.54687500000000000, 1.408326112068501335 ) ) ;
#5858 = EDGE_LOOP ( 'NONE', ( #1777, #2932 ) ) ;
#5859 = CARTESIAN_POINT ( 'NONE',  ( 3.399999999999995470, -41.48437500341399442, -1.408326112068541525 ) ) ;
#5860 = CARTESIAN_POINT ( 'NONE',  ( 1.408326112068522651, -44.29687500341398021, 3.399999999999975486 ) ) ;
#5861 = CARTESIAN_POINT ( 'NONE',  ( -2.404163056034259061, -57.96875000000000000, 2.404163056034238188 ) ) ;
#5862 = CARTESIAN_POINT ( 'NONE',  ( -2.882579019330970826, -62.73437500170699366, -2.882579019330991699 ) ) ;
#5863 = CARTESIAN_POINT ( 'NONE',  ( -3.399999999999996803, -50.54687500000001421, 1.408326112068501335 ) ) ;
#5864 = DIRECTION ( 'NONE',  ( -0.000000000000000000, -1.000000000000000000, -0.000000000000000000 ) ) ;
#5865 = CARTESIAN_POINT ( 'NONE',  ( -7.488560278101070689E-16, -48.67187500170699366, 4.076582343749976189 ) ) ;
#5866 = CYLINDRICAL_SURFACE ( 'NONE', #1837, 3.399999999999995914 ) ;
#5867 = ORIENTED_EDGE ( 'NONE', *, *, #5845, .T. ) ;
#5868 = PRODUCT_RELATED_PRODUCT_CATEGORY ( 'detail', '', ( #3104 ) ) ;
#5869 = CARTESIAN_POINT ( 'NONE',  ( -1.688575694911946590, -57.96875000170699366, -4.076582343750016157 ) ) ;
#5870 = CARTESIAN_POINT ( 'NONE',  ( 2.081899558550498061E-16, -57.50000000341398732, -3.400000000000015898 ) ) ;
#5871 = CARTESIAN_POINT ( 'NONE',  ( -4.076582343749996618, -50.00000000170700076, 1.688575694911926828 ) ) ;
#5872 = CARTESIAN_POINT ( 'NONE',  ( 1.408326112068521985, -41.01562500000000000, -3.400000000000015898 ) ) ;
#5873 = CARTESIAN_POINT ( 'NONE',  ( -2.882579019330970826, -64.14062500170699366, -2.882579019330991699 ) ) ;
#5874 = ORIENTED_EDGE ( 'NONE', *, *, #5845, .F. ) ;
#5875 = CARTESIAN_POINT ( 'NONE',  ( 2.882579019330970382, -42.10937500170700076, 2.882579019330952175 ) ) ;
#5876 = CARTESIAN_POINT ( 'NONE',  ( -4.076582343749995729, -49.06250000170698655, -1.688575694911967240 ) ) ;
#5877 = CARTESIAN_POINT ( 'NONE',  ( -1.408326112068523317, -46.64062500000000711, 3.399999999999975042 ) ) ;
#5878 = CARTESIAN_POINT ( 'NONE',  ( 2.404163056034257728, -51.71875000341398732, 2.404163056034239077 ) ) ;
#5879 = CARTESIAN_POINT ( 'NONE',  ( -6.245698675651493936E-16, -59.37500000341398732, 3.399999999999975930 ) ) ;
#5880 = CARTESIAN_POINT ( 'NONE',  ( 2.496186759367024056E-16, -55.39062500170699366, -4.076582343750016157 ) ) ;
#5881 = CARTESIAN_POINT ( 'NONE',  ( -2.404163056034258172, -57.03125000000000711, -2.404163056034278600 ) ) ;
#5882 = CARTESIAN_POINT ( 'NONE',  ( 4.076582343749995729, -43.20312500170699366, -1.995304164474380342E-14 ) ) ;
#5883 = CARTESIAN_POINT ( 'NONE',  ( 4.076582343749995729, -44.45312500170699366, -1.995304164474380342E-14 ) ) ;
#5884 = CARTESIAN_POINT ( 'NONE',  ( -6.245698675651493936E-16, -35.31250000000000000, 3.399999999999975930 ) ) ;
#5885 = CARTESIAN_POINT ( 'NONE',  ( 2.496186759367024056E-16, -55.54687500170699366, -4.076582343750016157 ) ) ;
#5886 = ORIENTED_EDGE ( 'NONE', *, *, #2317, .T. ) ;
#5887 = CARTESIAN_POINT ( 'NONE',  ( -2.882579019330970826, -63.98437500170699366, -2.882579019330991699 ) ) ;
#5888 = EDGE_CURVE ( 'NONE', #2568, #6319, #3217, .T. ) ;
#5889 = CARTESIAN_POINT ( 'NONE',  ( 3.399999999999995914, -39.06250000341398732, -1.995304164474380342E-14 ) ) ;
#5890 = CARTESIAN_POINT ( 'NONE',  ( -3.399999999999995914, -42.18750000341398021, -2.036942155645390229E-14 ) ) ;
#5891 = CARTESIAN_POINT ( 'NONE',  ( 3.399999999999995470, -59.92187500000000711, -1.408326112068541525 ) ) ;
#5892 = CARTESIAN_POINT ( 'NONE',  ( 4.076582343749995729, -60.70312500170699366, -1.995304164474380342E-14 ) ) ;
#5893 = CARTESIAN_POINT ( 'NONE',  ( -3.399999999999995914, -39.76562500341398732, -1.408326112068541747 ) ) ;
#5894 = CARTESIAN_POINT ( 'NONE',  ( -1.688575694911946590, -46.71875000170699366, -4.076582343750016157 ) ) ;
#5895 = CARTESIAN_POINT ( 'NONE',  ( 1.408326112068511327, -49.29687500341397310, 3.399999999999986589 ) ) ;
#5896 = VERTEX_POINT ( 'NONE', #2909 ) ;
#5897 = CARTESIAN_POINT ( 'NONE',  ( 2.882579019330971715, -39.45312500170698655, -2.882579019330991699 ) ) ;
#5898 =( BOUNDED_CURVE ( )  B_SPLINE_CURVE ( 2, ( #6171, #6137, #5754, #4180, #1647, #770, #3718, #1260, #1223 ),
 .UNSPECIFIED., .F., .F. ) 
 B_SPLINE_CURVE_WITH_KNOTS ( ( 3, 2, 2, 2, 3 ),
 ( 0.7604166666666666297, 0.7656250000000000000, 0.7708333333333333703, 0.7760416666666666297, 0.7812500000000000000 ),
 .UNSPECIFIED. ) 
 CURVE ( )  GEOMETRIC_REPRESENTATION_ITEM ( )  RATIONAL_B_SPLINE_CURVE ( ( 1.000000000000000000, 0.9238795325112867385, 1.000000000000000000, 0.9238795325112867385, 1.000000000000000000, 0.9238795325112867385, 1.000000000000000000, 0.9238795325112867385, 1.000000000000000000 ) ) 
 REPRESENTATION_ITEM ( '' )  );
#5899 = CARTESIAN_POINT ( 'NONE',  ( 1.408326112068522651, -55.54687500341398732, 3.399999999999975486 ) ) ;
#5900 = CARTESIAN_POINT ( 'NONE',  ( 1.408326112068522651, -56.79687500341398021, 3.399999999999975486 ) ) ;
#5901 = CARTESIAN_POINT ( 'NONE',  ( -1.408326112068521319, -35.85937500000000000, -3.400000000000015898 ) ) ;
#5902 = CARTESIAN_POINT ( 'NONE',  ( 4.076582343749995729, -50.62500000170700076, -1.688575694911967018 ) ) ;
#5903 = CARTESIAN_POINT ( 'NONE',  ( -2.404163056034259061, -64.21875000000000000, 2.404163056034238188 ) ) ;
#5904 = CARTESIAN_POINT ( 'NONE',  ( -3.399999999999996358, -45.54687500000000711, 1.408326112068500890 ) ) ;
#5905 = CARTESIAN_POINT ( 'NONE',  ( 2.882579019330970382, -63.51562500170698655, 2.882579019330952175 ) ) ;
#5906 = DIRECTION ( 'NONE',  ( 0.000000000000000000, 0.000000000000000000, -1.000000000000000000 ) ) ;
#5907 = CARTESIAN_POINT ( 'NONE',  ( -4.076582343749995729, -42.57812500170699366, -2.045227899661720714E-14 ) ) ;
#5908 = CARTESIAN_POINT ( 'NONE',  ( 2.882579019330971715, -49.45312500170699366, -2.882579019330991699 ) ) ;
#5909 = CARTESIAN_POINT ( 'NONE',  ( 2.404163056034258616, -48.59375000000000711, -2.404163056034278600 ) ) ;
#5910 = CARTESIAN_POINT ( 'NONE',  ( 1.408326112068539082, -58.82812500341398732, -3.399999999999999023 ) ) ;
#5911 =( BOUNDED_CURVE ( )  B_SPLINE_CURVE ( 2, ( #3223, #1222, #1577, #5227, #4634, #4705, #134, #4597, #1718 ),
 .UNSPECIFIED., .F., .F. ) 
 B_SPLINE_CURVE_WITH_KNOTS ( ( 3, 2, 2, 2, 3 ),
 ( 0.5312500000000000000, 0.5364583333333333703, 0.5416666666666665186, 0.5468749999999998890, 0.5520833333333332593 ),
 .UNSPECIFIED. ) 
 CURVE ( )  GEOMETRIC_REPRESENTATION_ITEM ( )  RATIONAL_B_SPLINE_CURVE ( ( 1.000000000000000000, 0.9238795325112867385, 1.000000000000000000, 0.9238795325112867385, 1.000000000000000000, 0.9238795325112867385, 1.000000000000000000, 0.9238795325112884038, 0.9999999999999983347 ) ) 
 REPRESENTATION_ITEM ( '' )  );
#5912 = CARTESIAN_POINT ( 'NONE',  ( 4.076582343749995729, -56.95312500170699366, -1.995304164474380342E-14 ) ) ;
#5913 = CARTESIAN_POINT ( 'NONE',  ( 3.399999999999995914, -56.25000000000000000, -1.995304164474380342E-14 ) ) ;
#5914 = CARTESIAN_POINT ( 'NONE',  ( -7.488560278101070689E-16, -38.51562500170699366, 4.076582343749976189 ) ) ;
#5915 = CARTESIAN_POINT ( 'NONE',  ( -1.688575694911949698, -42.34375000170699366, 4.076582343749975301 ) ) ;
#5916 = DIRECTION ( 'NONE',  ( -0.000000000000000000, -1.000000000000000000, -0.000000000000000000 ) ) ;
#5917 = CARTESIAN_POINT ( 'NONE',  ( 2.882579019330970382, -57.26562500170698655, 2.882579019330952175 ) ) ;
#5918 = ORIENTED_EDGE ( 'NONE', *, *, #512, .T. ) ;
#5919 = CARTESIAN_POINT ( 'NONE',  ( -1.408326112068521319, -36.17187500341398732, -3.400000000000015898 ) ) ;
#5920 = CARTESIAN_POINT ( 'NONE',  ( 2.404163056034258616, -40.15625000341398021, -2.404163056034278600 ) ) ;
#5921 = CARTESIAN_POINT ( 'NONE',  ( 3.399999999999995026, -60.07812500000000000, 1.408326112068503777 ) ) ;
#5922 = CARTESIAN_POINT ( 'NONE',  ( -2.882579019330970826, -53.98437500170699366, -2.882579019330991699 ) ) ;
#5923 = CARTESIAN_POINT ( 'NONE',  ( 2.081899558550498061E-16, -45.00000000341398732, -3.400000000000015898 ) ) ;
#5924 = CARTESIAN_POINT ( 'NONE',  ( -1.688575694911949698, -48.75000000170698655, 4.076582343749975301 ) ) ;
#5925 = CARTESIAN_POINT ( 'NONE',  ( 3.399999999999995026, -41.32812500000000000, 1.408326112068504221 ) ) ;
#5926 = ORIENTED_EDGE ( 'NONE', *, *, #5123, .T. ) ;
#5927 = CARTESIAN_POINT ( 'NONE',  ( 4.076582343749994841, -39.68750000170699366, 1.688575694911929936 ) ) ;
#5928 = CARTESIAN_POINT ( 'NONE',  ( 2.081899558550498061E-16, -53.75000000341398021, -3.400000000000015898 ) ) ;
#5929 = CARTESIAN_POINT ( 'NONE',  ( 3.399999999999995914, -56.56250000341398732, -1.995304164474380342E-14 ) ) ;
#5930 = CARTESIAN_POINT ( 'NONE',  ( -1.408326112068521319, -37.10937500000000711, -3.400000000000015898 ) ) ;
#5931 = CARTESIAN_POINT ( 'NONE',  ( 1.688575694911947256, -52.96875000170700076, -4.076582343750016157 ) ) ;
#5932 = CARTESIAN_POINT ( 'NONE',  ( -1.408326112068521319, -42.10937500000001421, -3.400000000000015898 ) ) ;
#5933 = CARTESIAN_POINT ( 'NONE',  ( 4.076582343749995729, -60.78125000170699366, -1.688575694911966796 ) ) ;
#5934 = EDGE_CURVE ( 'NONE', #5896, #5844, #4400, .T. ) ;
#5935 =( BOUNDED_CURVE ( )  B_SPLINE_CURVE ( 2, ( #2487, #1467, #1434, #5459, #1404, #882, #4981, #3496, #3871 ),
 .UNSPECIFIED., .F., .F. ) 
 B_SPLINE_CURVE_WITH_KNOTS ( ( 3, 2, 2, 2, 3 ),
 ( 0.7604166666666666297, 0.7656250000000000000, 0.7708333333333333703, 0.7760416666666666297, 0.7812500000000000000 ),
 .UNSPECIFIED. ) 
 CURVE ( )  GEOMETRIC_REPRESENTATION_ITEM ( )  RATIONAL_B_SPLINE_CURVE ( ( 1.000000000000000000, 0.9238795325112867385, 1.000000000000000000, 0.9238795325112867385, 1.000000000000000000, 0.9238795325112867385, 1.000000000000000000, 0.9238795325112867385, 1.000000000000000000 ) ) 
 REPRESENTATION_ITEM ( '' )  );
#5936 = FACE_OUTER_BOUND ( 'NONE', #2678, .T. ) ;
#5937 = CARTESIAN_POINT ( 'NONE',  ( 4.076582343749995729, -43.20312500170699366, -1.995304164474380342E-14 ) ) ;
#5938 = CARTESIAN_POINT ( 'NONE',  ( -4.076582343749995729, -46.56250000170698655, -1.688575694911967240 ) ) ;
#5939 = CARTESIAN_POINT ( 'NONE',  ( -6.245698675651493936E-16, -45.31250000000000711, 3.399999999999975930 ) ) ;
#5940 = FACE_OUTER_BOUND ( 'NONE', #4018, .T. ) ;
#5941 = AXIS2_PLACEMENT_3D ( 'NONE', #2587, #5592, #1103 ) ;
#5942 = CARTESIAN_POINT ( 'NONE',  ( 1.688575694911947922, -57.18750000170700076, 4.076582343749975301 ) ) ;
#5943 = CARTESIAN_POINT ( 'NONE',  ( -2.404163056034259061, -56.71875000000000000, 2.404163056034238188 ) ) ;
#5944 = CARTESIAN_POINT ( 'NONE',  ( 2.496186759367024056E-16, -39.14062500170699366, -4.076582343750016157 ) ) ;
#5945 = CARTESIAN_POINT ( 'NONE',  ( 2.496186759367024056E-16, -42.89062500170700076, -4.076582343750016157 ) ) ;
#5946 = CARTESIAN_POINT ( 'NONE',  ( -3.399999999999995914, -52.18750000341398732, -2.036942155645390229E-14 ) ) ;
#5947 = CARTESIAN_POINT ( 'NONE',  ( 4.076582343749994841, -53.43750000170699366, 1.688575694911929936 ) ) ;
#5948 =( BOUNDED_CURVE ( )  B_SPLINE_CURVE ( 2, ( #542, #2151, #4073, #5134, #6071, #1053, #1154, #6038, #4145 ),
 .UNSPECIFIED., .F., .F. ) 
 B_SPLINE_CURVE_WITH_KNOTS ( ( 3, 2, 2, 2, 3 ),
 ( 0.9479166666666667407, 0.9531250000000001110, 0.9583333333333334814, 0.9635416666666666297, 0.9687500001231755808 ),
 .UNSPECIFIED. ) 
 CURVE ( )  GEOMETRIC_REPRESENTATION_ITEM ( )  RATIONAL_B_SPLINE_CURVE ( ( 0.9999999999999983347, 0.9238795325112884038, 1.000000000000000000, 0.9238795325112867385, 1.000000000000000000, 0.9238795325112867385, 1.000000000000000000, 0.9238795325112867385, 1.000000000000000000 ) ) 
 REPRESENTATION_ITEM ( '' )  );
#5949 = VERTEX_POINT ( 'NONE', #4430 ) ;
#5950 = CARTESIAN_POINT ( 'NONE',  ( -2.404163056034259061, -38.28125000341398021, 2.404163056034238188 ) ) ;
#5951 = CARTESIAN_POINT ( 'NONE',  ( -3.399999999999995914, -44.68750000341398021, -2.036942155645390229E-14 ) ) ;
#5952 = CARTESIAN_POINT ( 'NONE',  ( 1.408326112068521985, -61.01562500000000000, -3.400000000000015898 ) ) ;
#5953 = CARTESIAN_POINT ( 'NONE',  ( 1.688575694911947922, -55.93750000170699366, 4.076582343749975301 ) ) ;
#5954 = CARTESIAN_POINT ( 'NONE',  ( -3.399999999999995914, -39.68750000341398732, -2.036942155645390229E-14 ) ) ;
#5955 = CARTESIAN_POINT ( 'NONE',  ( 4.076582343749995729, -44.53125000170698655, -1.688575694911966796 ) ) ;
#5956 = CARTESIAN_POINT ( 'NONE',  ( -3.399999999999995914, -42.26562500341399442, -1.408326112068541747 ) ) ;
#5957 = EDGE_LOOP ( 'NONE', ( #5255, #5774, #3748, #4580 ) ) ;
#5958 = CARTESIAN_POINT ( 'NONE',  ( 1.688575694911947922, -38.59375000170698655, 4.076582343749975301 ) ) ;
#5959 = CARTESIAN_POINT ( 'NONE',  ( -1.408326112068523317, -53.20312500341398732, 3.399999999999975042 ) ) ;
#5960 = CARTESIAN_POINT ( 'NONE',  ( 2.404163056034258616, -57.65625000341398021, -2.404163056034278600 ) ) ;
#5961 = CARTESIAN_POINT ( 'NONE',  ( -2.404163056034258172, -35.78125000000000000, -2.404163056034278600 ) ) ;
#5962 = CARTESIAN_POINT ( 'NONE',  ( 2.404163056034257728, -61.71875000341398732, 2.404163056034239077 ) ) ;
#5963 = CARTESIAN_POINT ( 'NONE',  ( -1.408326112068523317, -42.89062500000001421, 3.399999999999975042 ) ) ;
#5964 = CARTESIAN_POINT ( 'NONE',  ( 2.496186759367024056E-16, -60.54687500170699366, -4.076582343750016157 ) ) ;
#5965 = CARTESIAN_POINT ( 'NONE',  ( -3.399999999999995914, -34.68750000341398732, -2.036942155645390229E-14 ) ) ;
#5966 = CARTESIAN_POINT ( 'NONE',  ( 2.496186759367024056E-16, -40.39062500170699366, -4.076582343750016157 ) ) ;
#5967 = CARTESIAN_POINT ( 'NONE',  ( 1.688575694911947922, -41.09375000170698655, 4.076582343749975301 ) ) ;
#5968 = EDGE_CURVE ( 'NONE', #3661, #4982, #1247, .T. ) ;
#5969 = CARTESIAN_POINT ( 'NONE',  ( -1.408326112068521319, -44.60937500000002132, -3.400000000000015898 ) ) ;
#5970 = CARTESIAN_POINT ( 'NONE',  ( -3.399999999999995914, -48.20312500000000000, -1.408326112068541747 ) ) ;
#5971 = CARTESIAN_POINT ( 'NONE',  ( 1.688575694911947922, -58.59375000170700076, 4.076582343749975301 ) ) ;
#5972 = CARTESIAN_POINT ( 'NONE',  ( -7.488560278101070689E-16, -36.01562500170699366, 4.076582343749976189 ) ) ;
#5973 = CARTESIAN_POINT ( 'NONE',  ( -2.882579019330970826, -42.73437500170699366, -2.882579019330991699 ) ) ;
#5974 = CARTESIAN_POINT ( 'NONE',  ( -3.399999999999995914, -44.45312500000000000, -1.408326112068541747 ) ) ;
#5975 = CARTESIAN_POINT ( 'NONE',  ( 2.882579019330970382, -56.01562500170699366, 2.882579019330952175 ) ) ;
#5976 = ORIENTED_EDGE ( 'NONE', *, *, #4529, .F. ) ;
#5977 = CARTESIAN_POINT ( 'NONE',  ( 1.408326112068522651, -36.79687500341398021, 3.399999999999975486 ) ) ;
#5978 = CARTESIAN_POINT ( 'NONE',  ( -3.399999999999996358, -39.60937500341398732, 1.408326112068500890 ) ) ;
#5979 = CARTESIAN_POINT ( 'NONE',  ( -1.408326112068523317, -56.64062500000000000, 3.399999999999975042 ) ) ;
#5980 = CARTESIAN_POINT ( 'NONE',  ( 1.688575694911947256, -56.71875000170699366, -4.076582343750016157 ) ) ;
#5981 = CARTESIAN_POINT ( 'NONE',  ( -1.408326112068523317, -39.45312500341398021, 3.399999999999975042 ) ) ;
#5982 = EDGE_CURVE ( 'NONE', #6361, #4227, #5584, .T. ) ;
#5983 = CARTESIAN_POINT ( 'NONE',  ( 1.688575694911947256, -46.87500000170699366, -4.076582343750016157 ) ) ;
#5984 = CARTESIAN_POINT ( 'NONE',  ( -6.245698675651493936E-16, -41.87500000341398732, 3.399999999999975930 ) ) ;
#5985 = ORIENTED_EDGE ( 'NONE', *, *, #4652, .T. ) ;
#5986 = VERTEX_POINT ( 'NONE', #149 ) ;
#5987 = CARTESIAN_POINT ( 'NONE',  ( 2.882579019330971715, -36.95312500170699366, -2.882579019330991699 ) ) ;
#5988 = CARTESIAN_POINT ( 'NONE',  ( 3.399999999999995914, -50.31250000341398732, -1.995304164474380342E-14 ) ) ;
#5989 = CARTESIAN_POINT ( 'NONE',  ( -3.399999999999995914, -53.43750000341398021, -2.036942155645390229E-14 ) ) ;
#5990 = CARTESIAN_POINT ( 'NONE',  ( 3.399999999999995914, -35.00000000000000000, -1.995304164474380342E-14 ) ) ;
#5991 = CARTESIAN_POINT ( 'NONE',  ( 3.571416484108210554, -64.73100472219981327, -1.187787832381964392 ) ) ;
#5992 = CARTESIAN_POINT ( 'NONE',  ( 2.404163056034257728, -43.90625000000000000, 2.404163056034239077 ) ) ;
#5993 = CARTESIAN_POINT ( 'NONE',  ( 3.399999999999995914, -64.53125000170699366, -1.995304164474380342E-14 ) ) ;
#5994 = DIRECTION ( 'NONE',  ( -0.000000000000000000, -1.000000000000000000, -0.000000000000000000 ) ) ;
#5995 = CARTESIAN_POINT ( 'NONE',  ( 4.076582343749995729, -44.45312500170699366, -1.995304164474380342E-14 ) ) ;
#5996 = CARTESIAN_POINT ( 'NONE',  ( 2.882579019330971715, -41.95312500170698655, -2.882579019330991699 ) ) ;
#5997 = CARTESIAN_POINT ( 'NONE',  ( -2.404163056034259061, -42.96875000000000000, 2.404163056034238188 ) ) ;
#5998 = CARTESIAN_POINT ( 'NONE',  ( -3.399999999999995914, -58.12500000000000000, -2.036942155645390229E-14 ) ) ;
#5999 = CARTESIAN_POINT ( 'NONE',  ( -2.882579019330970826, -57.89062500170698655, -2.882579019330991699 ) ) ;
#6000 = CARTESIAN_POINT ( 'NONE',  ( 2.882579019330971715, -36.79687500170699366, -2.882579019330991699 ) ) ;
#6001 = CARTESIAN_POINT ( 'NONE',  ( 1.688575694911947256, -41.71875000170700076, -4.076582343750016157 ) ) ;
#6002 = CARTESIAN_POINT ( 'NONE',  ( -3.399999999999996803, -46.79687500000000000, 1.408326112068501335 ) ) ;
#6003 = CARTESIAN_POINT ( 'NONE',  ( 4.076582343749994841, -57.18750000170699366, 1.688575694911929936 ) ) ;
#6004 = VERTEX_POINT ( 'NONE', #4015 ) ;
#6005 = CARTESIAN_POINT ( 'NONE',  ( 2.882579019330970382, -60.85937500170699366, 2.882579019330952175 ) ) ;
#6006 = EDGE_CURVE ( 'NONE', #1995, #1383, #1419, .T. ) ;
#6007 = CARTESIAN_POINT ( 'NONE',  ( 1.408326112068522651, -39.29687500341398732, 3.399999999999975486 ) ) ;
#6008 = CARTESIAN_POINT ( 'NONE',  ( 2.081899558550498061E-16, -37.50000000341398021, -3.400000000000015898 ) ) ;
#6009 = CARTESIAN_POINT ( 'NONE',  ( 1.408326112068521985, -52.26562500000001421, -3.400000000000015898 ) ) ;
#6010 = CARTESIAN_POINT ( 'NONE',  ( 2.882579019330971715, -58.04687500170699366, -2.882579019330991699 ) ) ;
#6011 = CARTESIAN_POINT ( 'NONE',  ( 0.000000000000000000, -3.816391647148974819E-15, 6.499999999999999112 ) ) ;
#6012 = CARTESIAN_POINT ( 'NONE',  ( -1.688575694911946590, -64.06250000170699366, -4.076582343750016157 ) ) ;
#6013 = CARTESIAN_POINT ( 'NONE',  ( 2.882579019330970382, -43.51562500170699366, 2.882579019330952175 ) ) ;
#6014 = CARTESIAN_POINT ( 'NONE',  ( -3.399999999999995914, -54.68750000341398732, -2.036942155645390229E-14 ) ) ;
#6015 = EDGE_LOOP ( 'NONE', ( #2160, #5400 ) ) ;
#6016 = ORIENTED_EDGE ( 'NONE', *, *, #5543, .T. ) ;
#6017 = CARTESIAN_POINT ( 'NONE',  ( -1.408326112068521319, -52.42187500341399442, -3.400000000000015898 ) ) ;
#6018 = CARTESIAN_POINT ( 'NONE',  ( 2.081899558550498061E-16, -50.00000000341398732, -3.400000000000015898 ) ) ;
#6019 = CARTESIAN_POINT ( 'NONE',  ( 2.496186759367024056E-16, -64.29687500170699366, -4.076582343750016157 ) ) ;
#6020 = CARTESIAN_POINT ( 'NONE',  ( -1.238049829315975456E-11, -64.57311706131696383, -3.598117061316978837 ) ) ;
#6021 = CARTESIAN_POINT ( 'NONE',  ( -3.399999999999995914, -36.87500000000000711, -2.036942155645390229E-14 ) ) ;
#6022 = CARTESIAN_POINT ( 'NONE',  ( 4.076582343749995729, -58.28125000170699366, -1.688575694911966796 ) ) ;
#6023 = CARTESIAN_POINT ( 'NONE',  ( 1.408326112068522651, -34.29687500341398021, 3.399999999999975486 ) ) ;
#6024 = CARTESIAN_POINT ( 'NONE',  ( -1.688575694911946590, -37.81250000170698655, -4.076582343750016157 ) ) ;
#6025 = CARTESIAN_POINT ( 'NONE',  ( 1.688575694911947922, -44.84375000170698655, 4.076582343749975301 ) ) ;
#6026 = CARTESIAN_POINT ( 'NONE',  ( -1.408326112068523317, -42.89062500000001421, 3.399999999999975042 ) ) ;
#6027 = CARTESIAN_POINT ( 'NONE',  ( -6.245698675651493936E-16, -51.56250000000000711, 3.399999999999975930 ) ) ;
#6028 = AXIS2_PLACEMENT_3D ( 'NONE', #4397, #6417, #1904 ) ;
#6029 = CARTESIAN_POINT ( 'NONE',  ( 2.496186759367024056E-16, -52.89062500170699366, -4.076582343750016157 ) ) ;
#6030 = CARTESIAN_POINT ( 'NONE',  ( -4.076582343749996618, -56.40625000170699366, 1.688575694911926828 ) ) ;
#6031 = VECTOR ( 'NONE', #2203, 1000.000000000000000 ) ;
#6032 = CARTESIAN_POINT ( 'NONE',  ( -2.882579019330972159, -34.92187500170699366, 2.882579019330950842 ) ) ;
#6033 = CARTESIAN_POINT ( 'NONE',  ( -7.488560278101070689E-16, -42.26562500170699366, 4.076582343749976189 ) ) ;
#6034 = CARTESIAN_POINT ( 'NONE',  ( -3.399999999999996803, -44.29687500000000000, 1.408326112068501335 ) ) ;
#6035 = CARTESIAN_POINT ( 'NONE',  ( -2.882579019330970826, -52.89062500170699366, -2.882579019330991699 ) ) ;
#6036 = ORIENTED_EDGE ( 'NONE', *, *, #959, .F. ) ;
#6037 = CARTESIAN_POINT ( 'NONE',  ( 1.688575694911947256, -60.46875000170700076, -4.076582343750016157 ) ) ;
#6038 = CARTESIAN_POINT ( 'NONE',  ( 1.408326112068521985, -35.07812500341398732, -3.400000000000015898 ) ) ;
#6039 = CARTESIAN_POINT ( 'NONE',  ( -2.404163056034258172, -37.34375000341398732, -2.404163056034278600 ) ) ;
#6040 = CARTESIAN_POINT ( 'NONE',  ( -3.399999999999996358, -54.29687500000000000, 1.408326112068500890 ) ) ;
#6041 = CARTESIAN_POINT ( 'NONE',  ( 1.688575694911947256, -49.21875000170699366, -4.076582343750016157 ) ) ;
#6042 = CARTESIAN_POINT ( 'NONE',  ( -7.488560278101070689E-16, -54.76562500170699366, 4.076582343749976189 ) ) ;
#6043 = FACE_OUTER_BOUND ( 'NONE', #6113, .T. ) ;
#6044 = CARTESIAN_POINT ( 'NONE',  ( -4.076582343749995729, -37.73437500170699366, -2.045227899661720714E-14 ) ) ;
#6045 = CARTESIAN_POINT ( 'NONE',  ( 1.688575694911947256, -45.62500000170699366, -4.076582343750016157 ) ) ;
#6046 = CARTESIAN_POINT ( 'NONE',  ( 4.076582343749995729, -39.53125000170698655, -1.688575694911966796 ) ) ;
#6047 = CARTESIAN_POINT ( 'NONE',  ( 3.399999999999995914, -50.00000000000000000, -1.995304164474380342E-14 ) ) ;
#6048 = ORIENTED_EDGE ( 'NONE', *, *, #2595, .T. ) ;
#6049 = ORIENTED_EDGE ( 'NONE', *, *, #3541, .F. ) ;
#6050 = CARTESIAN_POINT ( 'NONE',  ( -6.245698675651493936E-16, -45.62500000341398732, 3.399999999999975930 ) ) ;
#6051 = CARTESIAN_POINT ( 'NONE',  ( -3.399999999999996358, -53.35937500341398732, 1.408326112068500890 ) ) ;
#6052 = CARTESIAN_POINT ( 'NONE',  ( 4.076582343749995729, -60.85937500170698655, -1.995304164474380342E-14 ) ) ;
#6053 = CARTESIAN_POINT ( 'NONE',  ( 3.399999999999995914, -56.56250000341398732, -1.995304164474380342E-14 ) ) ;
#6054 = CARTESIAN_POINT ( 'NONE',  ( -3.399999999999996358, -40.54687500000000000, 1.408326112068500890 ) ) ;
#6055 = CARTESIAN_POINT ( 'NONE',  ( -4.076582343749996618, -35.15625000170699366, 1.688575694911926828 ) ) ;
#6056 = CARTESIAN_POINT ( 'NONE',  ( 1.688575694911947256, -56.87500000170699366, -4.076582343750016157 ) ) ;
#6057 = CARTESIAN_POINT ( 'NONE',  ( -6.245698675651493936E-16, -55.62500000341398732, 3.399999999999975930 ) ) ;
#6058 = CARTESIAN_POINT ( 'NONE',  ( -4.076582343749995729, -36.40625000170699366, -1.688575694911967240 ) ) ;
#6059 = CARTESIAN_POINT ( 'NONE',  ( 2.882579019330971715, -43.20312500170699366, -2.882579019330991699 ) ) ;
#6060 = CARTESIAN_POINT ( 'NONE',  ( 3.399999999999995914, -52.50000000000000711, -1.995304164474380342E-14 ) ) ;
#6061 = CARTESIAN_POINT ( 'NONE',  ( 2.404163056034257728, -43.90625000000000000, 2.404163056034239077 ) ) ;
#6062 = FACE_OUTER_BOUND ( 'NONE', #1836, .T. ) ;
#6063 = EDGE_CURVE ( 'NONE', #2617, #4071, #1921, .T. ) ;
#6064 = EDGE_CURVE ( 'NONE', #6252, #2870, #4774, .T. ) ;
#6065 = CARTESIAN_POINT ( 'NONE',  ( 4.076582343749994841, -54.53125000170699366, 1.688575694911929936 ) ) ;
#6066 = CARTESIAN_POINT ( 'NONE',  ( -7.488560278101070689E-16, -56.17187500170699366, 4.076582343749976189 ) ) ;
#6067 = CARTESIAN_POINT ( 'NONE',  ( -6.245698675651493936E-16, -43.12500000341398732, 3.399999999999975930 ) ) ;
#6068 = DIRECTION ( 'NONE',  ( -0.000000000000000000, -1.000000000000000000, -0.000000000000000000 ) ) ;
#6069 = CARTESIAN_POINT ( 'NONE',  ( 2.496186759367024056E-16, -50.54687500170699366, -4.076582343750016157 ) ) ;
#6070 = EDGE_LOOP ( 'NONE', ( #3879, #2262, #488, #4614 ) ) ;
#6071 = CARTESIAN_POINT ( 'NONE',  ( 3.399999999999995914, -35.31250000341398732, -1.995304164474380342E-14 ) ) ;
#6072 = CARTESIAN_POINT ( 'NONE',  ( -3.399999999999996358, -37.10937500341398732, 1.408326112068500890 ) ) ;
#6073 = CARTESIAN_POINT ( 'NONE',  ( -1.408326112068523317, -54.14062499999999289, 3.399999999999975042 ) ) ;
#6074 = CARTESIAN_POINT ( 'NONE',  ( -4.076582343749995729, -50.15625000170700076, -1.688575694911967684 ) ) ;
#6075 = CARTESIAN_POINT ( 'NONE',  ( 2.882579019330970382, -50.85937500170699366, 2.882579019330952175 ) ) ;
#6076 = CARTESIAN_POINT ( 'NONE',  ( 3.738291171874995822, -64.25781250256049759, -1.995304164474380342E-14 ) ) ;
#6077 = CARTESIAN_POINT ( 'NONE',  ( -4.076582343749996618, -38.90625000170699366, 1.688575694911926828 ) ) ;
#6078 = CARTESIAN_POINT ( 'NONE',  ( -2.882579019330972159, -47.57812500170699366, 2.882579019330950842 ) ) ;
#6079 = CARTESIAN_POINT ( 'NONE',  ( -7.488560278101070689E-16, -43.67187500170699366, 4.076582343749976189 ) ) ;
#6080 = CARTESIAN_POINT ( 'NONE',  ( -2.404163056034259061, -54.53125000341398732, 2.404163056034238188 ) ) ;
#6081 = ORIENTED_EDGE ( 'NONE', *, *, #1034, .F. ) ;
#6082 = ORIENTED_EDGE ( 'NONE', *, *, #1560, .F. ) ;
#6083 = CARTESIAN_POINT ( 'NONE',  ( 3.399999999999995470, -47.73437500341398732, -1.408326112068541525 ) ) ;
#6084 = CARTESIAN_POINT ( 'NONE',  ( -2.404163056034259061, -54.53125000341398732, 2.404163056034238188 ) ) ;
#6085 = CARTESIAN_POINT ( 'NONE',  ( -7.488560278101070689E-16, -62.42187500170699366, 4.076582343749976189 ) ) ;
#6086 = CARTESIAN_POINT ( 'NONE',  ( 3.647928244992197921, -64.73924089959662354, -0.9595341859922160710 ) ) ;
#6087 = CARTESIAN_POINT ( 'NONE',  ( 3.399999999999995914, -40.00000000000000000, -1.995304164474380342E-14 ) ) ;
#6088 = CARTESIAN_POINT ( 'NONE',  ( -2.882579019330970826, -55.39062500170699366, -2.882579019330991699 ) ) ;
#6089 = EDGE_CURVE ( 'NONE', #5424, #3696, #4658, .T. ) ;
#6090 = CARTESIAN_POINT ( 'NONE',  ( 4.076582343749995729, -64.60937500170699366, -1.995304164474380342E-14 ) ) ;
#6091 = CARTESIAN_POINT ( 'NONE',  ( 1.688575694911947256, -35.46875000170699366, -4.076582343750016157 ) ) ;
#6092 = CARTESIAN_POINT ( 'NONE',  ( 1.688575694911947922, -39.84375000170699366, 4.076582343749975301 ) ) ;
#6093 = CARTESIAN_POINT ( 'NONE',  ( 2.404163056034257728, -52.65625000000000000, 2.404163056034239077 ) ) ;
#6094 = CARTESIAN_POINT ( 'NONE',  ( -3.399999999999995914, -40.62500000000000000, -2.036942155645390229E-14 ) ) ;
#6095 = CARTESIAN_POINT ( 'NONE',  ( -6.245698675651493936E-16, -47.81250000000000000, 3.399999999999975930 ) ) ;
#6096 = CARTESIAN_POINT ( 'NONE',  ( 2.882579019330970382, -53.35937500170699366, 2.882579019330952175 ) ) ;
#6097 = CARTESIAN_POINT ( 'NONE',  ( 2.882579019330971715, -59.45312500170699366, -2.882579019330991699 ) ) ;
#6098 =( BOUNDED_CURVE ( )  B_SPLINE_CURVE ( 2, ( #615, #4613, #4117, #6112, #3628, #1130, #3130, #2295, #4226 ),
 .UNSPECIFIED., .F., .F. ) 
 B_SPLINE_CURVE_WITH_KNOTS ( ( 3, 2, 2, 2, 3 ),
 ( 0.1354166666666665464, 0.1406249999999998890, 0.1458333333333332316, 0.1510416666666665464, 0.1562499999999998890 ),
 .UNSPECIFIED. ) 
 CURVE ( )  GEOMETRIC_REPRESENTATION_ITEM ( )  RATIONAL_B_SPLINE_CURVE ( ( 1.000000000000001554, 0.9238795325112850731, 1.000000000000000000, 0.9238795325112867385, 1.000000000000000000, 0.9238795325112867385, 1.000000000000000000, 0.9238795325112884038, 0.9999999999999983347 ) ) 
 REPRESENTATION_ITEM ( '' )  );
#6099 = CARTESIAN_POINT ( 'NONE',  ( -1.688575694911946590, -37.81250000170698655, -4.076582343750016157 ) ) ;
#6100 = DIRECTION ( 'NONE',  ( 0.000000000000000000, 0.000000000000000000, -1.000000000000000000 ) ) ;
#6101 = VECTOR ( 'NONE', #4480, 1000.000000000000000 ) ;
#6102 = CARTESIAN_POINT ( 'NONE',  ( -1.688575694911949698, -35.00000000170700076, 4.076582343749975301 ) ) ;
#6103 = CARTESIAN_POINT ( 'NONE',  ( -1.408326112068521763, -49.60937500000001421, -3.400000000000015898 ) ) ;
#6104 = CARTESIAN_POINT ( 'NONE',  ( 2.081899558550498061E-16, -38.75000000341398732, -3.400000000000015898 ) ) ;
#6105 = CARTESIAN_POINT ( 'NONE',  ( -2.404163056034259061, -52.96875000000000000, 2.404163056034238188 ) ) ;
#6106 = CARTESIAN_POINT ( 'NONE',  ( 2.496186759367024056E-16, -46.64062500170699366, -4.076582343750016157 ) ) ;
#6107 = CARTESIAN_POINT ( 'NONE',  ( -7.488560278101070689E-16, -49.76562500170699366, 4.076582343749976189 ) ) ;
#6108 = CARTESIAN_POINT ( 'NONE',  ( -6.245698675651493936E-16, -59.37500000341398732, 3.399999999999975930 ) ) ;
#6109 = CARTESIAN_POINT ( 'NONE',  ( 2.496186759367024056E-16, -36.79687500170698655, -4.076582343750016157 ) ) ;
#6110 = CARTESIAN_POINT ( 'NONE',  ( -4.076582343749995729, -47.73437500170699366, -2.045227899661720714E-14 ) ) ;
#6111 = CARTESIAN_POINT ( 'NONE',  ( -4.076582343749995729, -38.98437500170699366, -2.045227899661720714E-14 ) ) ;
#6112 = CARTESIAN_POINT ( 'NONE',  ( -3.399999999999995914, -60.70312500000001421, -1.408326112068541747 ) ) ;
#6113 = EDGE_LOOP ( 'NONE', ( #5207, #4311 ) ) ;
#6114 = VERTEX_POINT ( 'NONE', #2053 ) ;
#6115 =( BOUNDED_CURVE ( )  B_SPLINE_CURVE ( 2, ( #5127, #1149, #2216, #4214, #6203, #3717, #5712, #1388, #769 ),
 .UNSPECIFIED., .F., .F. ) 
 B_SPLINE_CURVE_WITH_KNOTS ( ( 3, 2, 2, 2, 3 ),
 ( 0.7395833333333332593, 0.7447916666666665186, 0.7500000000000000000, 0.7552083333333333703, 0.7604166666666666297 ),
 .UNSPECIFIED. ) 
 CURVE ( )  GEOMETRIC_REPRESENTATION_ITEM ( )  RATIONAL_B_SPLINE_CURVE ( ( 1.000000000000001554, 0.9238795325112850731, 1.000000000000000000, 0.9238795325112867385, 1.000000000000000000, 0.9238795325112867385, 1.000000000000000000, 0.9238795325112867385, 1.000000000000000000 ) ) 
 REPRESENTATION_ITEM ( '' )  );
#6116 = CARTESIAN_POINT ( 'NONE',  ( 2.404163056034258616, -47.65625000341398732, -2.404163056034278600 ) ) ;
#6117 = CARTESIAN_POINT ( 'NONE',  ( -2.404163056034258172, -54.84375000341398732, -2.404163056034278600 ) ) ;
#6118 = CARTESIAN_POINT ( 'NONE',  ( 4.076582343749995729, -63.35937500170699366, -1.995304164474380342E-14 ) ) ;
#6119 = CARTESIAN_POINT ( 'NONE',  ( -6.245698675651493936E-16, -59.06250000000000711, 3.399999999999975930 ) ) ;
#6120 = CARTESIAN_POINT ( 'NONE',  ( 2.081899558550498061E-16, -37.18750000000000000, -3.400000000000015898 ) ) ;
#6121 = CARTESIAN_POINT ( 'NONE',  ( 4.076582343749994841, -57.18750000170699366, 1.688575694911929936 ) ) ;
#6122 = CARTESIAN_POINT ( 'NONE',  ( 3.399999999999995914, -52.73437500341398732, -1.408326112068541525 ) ) ;
#6123 = CARTESIAN_POINT ( 'NONE',  ( 2.404163056034257728, -60.46875000341398732, 2.404163056034239077 ) ) ;
#6124 = CARTESIAN_POINT ( 'NONE',  ( 4.076582343749994841, -35.78125000170700076, 1.688575694911929936 ) ) ;
#6125 = CARTESIAN_POINT ( 'NONE',  ( -6.245698675651493936E-16, -63.12500000341399442, 3.399999999999975930 ) ) ;
#6126 = CARTESIAN_POINT ( 'NONE',  ( -2.404163056034258172, -55.78125000000000711, -2.404163056034278600 ) ) ;
#6127 = CARTESIAN_POINT ( 'NONE',  ( -3.399999999999996358, -39.29687500000000711, 1.408326112068500890 ) ) ;
#6128 = EDGE_CURVE ( 'NONE', #891, #4118, #2584, .T. ) ;
#6129 = CARTESIAN_POINT ( 'NONE',  ( 4.076582343749994841, -35.93750000170699366, 1.688575694911929936 ) ) ;
#6130 = CARTESIAN_POINT ( 'NONE',  ( 2.404163056034257728, -54.21875000341398732, 2.404163056034239077 ) ) ;
#6131 = CARTESIAN_POINT ( 'NONE',  ( -2.882579019330970826, -51.48437500170699366, -2.882579019330991699 ) ) ;
#6132 = CARTESIAN_POINT ( 'NONE',  ( -7.488560278101070689E-16, -52.42187500170698655, 4.076582343749976189 ) ) ;
#6133 = DIRECTION ( 'NONE',  ( 0.000000000000000000, 0.000000000000000000, -1.000000000000000000 ) ) ;
#6134 = CARTESIAN_POINT ( 'NONE',  ( 1.408326112068499780, -43.04687500341399442, 3.399999999999999467 ) ) ;
#6135 = CARTESIAN_POINT ( 'NONE',  ( 1.688575694911947256, -36.71875000170700076, -4.076582343750016157 ) ) ;
#6136 = CARTESIAN_POINT ( 'NONE',  ( -2.404163056034258172, -59.84375000341398732, -2.404163056034278600 ) ) ;
#6137 = CARTESIAN_POINT ( 'NONE',  ( -1.408326112068521763, -42.10937500000002842, -3.400000000000015898 ) ) ;
#6138 =( BOUNDED_CURVE ( )  B_SPLINE_CURVE ( 2, ( #2809, #6182, #2743, #2709, #318, #5237, #2194, #3196, #3764 ),
 .UNSPECIFIED., .F., .F. ) 
 B_SPLINE_CURVE_WITH_KNOTS ( ( 3, 2, 2, 2, 3 ),
 ( 0.8645833333333332593, 0.8697916666666665186, 0.8750000000000000000, 0.8802083333333334814, 0.8854166666666667407 ),
 .UNSPECIFIED. ) 
 CURVE ( )  GEOMETRIC_REPRESENTATION_ITEM ( )  RATIONAL_B_SPLINE_CURVE ( ( 1.000000000000001554, 0.9238795325112850731, 1.000000000000000000, 0.9238795325112867385, 1.000000000000000000, 0.9238795325112867385, 1.000000000000000000, 0.9238795325112850731, 1.000000000000001554 ) ) 
 REPRESENTATION_ITEM ( '' )  );
#6139 = AXIS2_PLACEMENT_3D ( 'NONE', #1523, #5006, #5618 ) ;
#6140 = CARTESIAN_POINT ( 'NONE',  ( 4.076582343749995729, -64.37500000170700787, -1.688575694911966796 ) ) ;
#6141 = DIRECTION ( 'NONE',  ( -0.000000000000000000, -1.000000000000000000, -0.000000000000000000 ) ) ;
#6142 = CARTESIAN_POINT ( 'NONE',  ( -3.399999999999995914, -63.12500000000000000, -2.036942155645390229E-14 ) ) ;
#6143 = CARTESIAN_POINT ( 'NONE',  ( -2.404163056034259061, -51.71875000000000000, 2.404163056034238188 ) ) ;
#6144 = CARTESIAN_POINT ( 'NONE',  ( -2.882579019330972159, -48.67187500170700076, 2.882579019330950842 ) ) ;
#6145 = CARTESIAN_POINT ( 'NONE',  ( 2.882579019330971715, -51.79687500170699366, -2.882579019330991699 ) ) ;
#6146 = LINE ( 'NONE', #998, #1532 ) ;
#6147 = CARTESIAN_POINT ( 'NONE',  ( -7.488560278101070689E-16, -38.67187500170699366, 4.076582343749976189 ) ) ;
#6148 = CARTESIAN_POINT ( 'NONE',  ( 2.496186759367024056E-16, -46.79687500170699366, -4.076582343750016157 ) ) ;
#6149 = CARTESIAN_POINT ( 'NONE',  ( 2.882579019330971715, -40.70312500170698655, -2.882579019330991699 ) ) ;
#6150 = CARTESIAN_POINT ( 'NONE',  ( 2.404163056034258616, -49.84375000000000711, -2.404163056034278600 ) ) ;
#6151 = ORIENTED_EDGE ( 'NONE', *, *, #2729, .T. ) ;
#6152 = ORIENTED_EDGE ( 'NONE', *, *, #1133, .T. ) ;
#6153 = DIRECTION ( 'NONE',  ( -0.000000000000000000, 1.000000000000000000, 2.935685882422288853E-16 ) ) ;
#6154 = CARTESIAN_POINT ( 'NONE',  ( 2.081899558550498061E-16, -48.75000000341398732, -3.400000000000015898 ) ) ;
#6155 = CARTESIAN_POINT ( 'NONE',  ( 3.399999999999995914, -47.81250000341398732, -1.995304164474380342E-14 ) ) ;
#6156 = CARTESIAN_POINT ( 'NONE',  ( 2.882579019330971715, -59.45312500170699366, -2.882579019330991699 ) ) ;
#6157 = CARTESIAN_POINT ( 'NONE',  ( 4.076582343749995729, -64.45312500170699366, -1.995304164474380342E-14 ) ) ;
#6158 = CARTESIAN_POINT ( 'NONE',  ( -3.399999999999996358, -39.29687500000000711, 1.408326112068500890 ) ) ;
#6159 = CARTESIAN_POINT ( 'NONE',  ( -2.882579019330972159, -57.57812500170698655, 2.882579019330950842 ) ) ;
#6160 =( BOUNDED_CURVE ( )  B_SPLINE_CURVE ( 2, ( #2557, #2589, #1536, #3139, #1072, #6122, #3072, #52, #2170 ),
 .UNSPECIFIED., .F., .F. ) 
 B_SPLINE_CURVE_WITH_KNOTS ( ( 3, 2, 2, 2, 3 ),
 ( 0.3645833333333333703, 0.3697916666666667407, 0.3750000000000000555, 0.3802083333333333703, 0.3854166666666667407 ),
 .UNSPECIFIED. ) 
 CURVE ( )  GEOMETRIC_REPRESENTATION_ITEM ( )  RATIONAL_B_SPLINE_CURVE ( ( 0.9999999999999992228, 0.9238795325112875156, 1.000000000000000000, 0.9238795325112867385, 1.000000000000000000, 0.9238795325112867385, 1.000000000000000000, 0.9238795325112859613, 1.000000000000000888 ) ) 
 REPRESENTATION_ITEM ( '' )  );
#6161 = CARTESIAN_POINT ( 'NONE',  ( -3.399999999999995470, -61.01562500341398021, -1.408326112068541747 ) ) ;
#6162 = CARTESIAN_POINT ( 'NONE',  ( 4.076582343749995729, -35.62500000170700076, -1.688575694911966796 ) ) ;
#6163 = CARTESIAN_POINT ( 'NONE',  ( -1.408326112068521319, -62.42187500341399442, -3.400000000000015898 ) ) ;
#6164 = CARTESIAN_POINT ( 'NONE',  ( 1.408326112068522651, -55.23437500000000000, 3.399999999999975486 ) ) ;
#6165 = CARTESIAN_POINT ( 'NONE',  ( -1.538875920453261381, -64.51636960601283022, -3.197675724480061099 ) ) ;
#6166 = EDGE_CURVE ( 'NONE', #5986, #3375, #6098, .T. ) ;
#6167 = CARTESIAN_POINT ( 'NONE',  ( -2.882579019330972159, -52.42187500170699366, 2.882579019330950842 ) ) ;
#6168 = CARTESIAN_POINT ( 'NONE',  ( 4.076582343749995729, -53.35937500170699366, -1.995304164474380342E-14 ) ) ;
#6169 = CARTESIAN_POINT ( 'NONE',  ( -6.245698675651493936E-16, -47.81250000000000000, 3.399999999999975930 ) ) ;
#6170 = CARTESIAN_POINT ( 'NONE',  ( 2.404163056034257728, -42.96875000341398732, 2.404163056034239077 ) ) ;
#6171 = CARTESIAN_POINT ( 'NONE',  ( 2.081899558550498061E-16, -42.18750000000000000, -3.400000000000015898 ) ) ;
#6172 = CARTESIAN_POINT ( 'NONE',  ( 1.688575694911947922, -62.18750000170699366, 4.076582343749975301 ) ) ;
#6173 = CARTESIAN_POINT ( 'NONE',  ( 3.399999999999995914, -34.06250000341398732, -1.995304164474380342E-14 ) ) ;
#6174 = CARTESIAN_POINT ( 'NONE',  ( 3.399999999999995026, -62.57812499999999289, 1.408326112068503777 ) ) ;
#6175 = CARTESIAN_POINT ( 'NONE',  ( -2.404163056034258172, -50.78125000000000000, -2.404163056034278600 ) ) ;
#6176 = CARTESIAN_POINT ( 'NONE',  ( -4.076582343749996618, -48.75000000170700076, 1.688575694911926828 ) ) ;
#6177 = CARTESIAN_POINT ( 'NONE',  ( 2.882579019330970382, -53.35937500170699366, 2.882579019330952175 ) ) ;
#6178 = CARTESIAN_POINT ( 'NONE',  ( 2.404163056034258616, -57.65625000341398021, -2.404163056034278600 ) ) ;
#6179 = CARTESIAN_POINT ( 'NONE',  ( -2.882579019330972159, -37.57812500170699366, 2.882579019330950842 ) ) ;
#6180 = CARTESIAN_POINT ( 'NONE',  ( -4.076582343749996618, -50.15625000170700076, 1.688575694911926828 ) ) ;
#6181 = CARTESIAN_POINT ( 'NONE',  ( 1.688575694911947922, -36.09375000170698655, 4.076582343749975301 ) ) ;
#6182 = CARTESIAN_POINT ( 'NONE',  ( 1.408326112068499780, -38.04687500341399442, 3.399999999999999467 ) ) ;
#6183 = ORIENTED_EDGE ( 'NONE', *, *, #5480, .F. ) ;
#6184 = ORIENTED_EDGE ( 'NONE', *, *, #4630, .F. ) ;
#6185 = CARTESIAN_POINT ( 'NONE',  ( 0.000000000000000000, -65.00000000000000000, -3.400000000000015898 ) ) ;
#6186 = CARTESIAN_POINT ( 'NONE',  ( 1.408326112068522651, -48.04687500341398732, 3.399999999999975486 ) ) ;
#6187 = CARTESIAN_POINT ( 'NONE',  ( -1.408326112068523317, -46.95312500341398732, 3.399999999999975042 ) ) ;
#6188 = CARTESIAN_POINT ( 'NONE',  ( -2.882579019330972159, -63.82812500170699366, 2.882579019330950842 ) ) ;
#6189 = DIRECTION ( 'NONE',  ( 0.000000000000000000, 0.000000000000000000, -1.000000000000000000 ) ) ;
#6190 = FACE_OUTER_BOUND ( 'NONE', #1750, .T. ) ;
#6191 = CARTESIAN_POINT ( 'NONE',  ( 1.688575694911947922, -34.84375000170698655, 4.076582343749975301 ) ) ;
#6192 = CARTESIAN_POINT ( 'NONE',  ( 4.076582343749995729, -50.78125000170699366, -1.688575694911966796 ) ) ;
#6193 = CARTESIAN_POINT ( 'NONE',  ( 4.076582343749995729, -59.53125000170699366, -1.688575694911967018 ) ) ;
#6194 = CARTESIAN_POINT ( 'NONE',  ( 3.399999999999995026, -62.89062500341398021, 1.408326112068503777 ) ) ;
#6195 = CARTESIAN_POINT ( 'NONE',  ( -4.076582343749995729, -55.15625000170700787, -1.688575694911967684 ) ) ;
#6196 = CARTESIAN_POINT ( 'NONE',  ( 2.404163056034257728, -61.71875000341398732, 2.404163056034239077 ) ) ;
#6197 = CARTESIAN_POINT ( 'NONE',  ( 3.399999999999995914, -48.75000000000000000, -1.995304164474380342E-14 ) ) ;
#6198 = CARTESIAN_POINT ( 'NONE',  ( 1.408326112068522651, -54.29687500341398732, 3.399999999999975486 ) ) ;
#6199 = ORIENTED_EDGE ( 'NONE', *, *, #6128, .T. ) ;
#6200 = CARTESIAN_POINT ( 'NONE',  ( -1.688575694911949698, -46.09375000170699366, 4.076582343749975301 ) ) ;
#6201 = CARTESIAN_POINT ( 'NONE',  ( 2.882579019330970382, -52.26562500170699366, 2.882579019330952175 ) ) ;
#6202 = CARTESIAN_POINT ( 'NONE',  ( -3.399999999999996803, -59.29687500000000000, 1.408326112068501335 ) ) ;
#6203 = CARTESIAN_POINT ( 'NONE',  ( 3.399999999999995914, -42.50000000000000000, -1.995304164474380342E-14 ) ) ;
#6204 = CARTESIAN_POINT ( 'NONE',  ( 4.076582343749995729, -36.87500000170698655, -1.688575694911966796 ) ) ;
#6205 = DIRECTION ( 'NONE',  ( -0.000000000000000000, -1.000000000000000000, -0.000000000000000000 ) ) ;
#6206 = CARTESIAN_POINT ( 'NONE',  ( -4.076582343749995729, -61.40625000170700076, -1.688575694911967240 ) ) ;
#6207 = DIRECTION ( 'NONE',  ( -0.000000000000000000, 1.000000000000000000, 2.935685882422288853E-16 ) ) ;
#6208 = CARTESIAN_POINT ( 'NONE',  ( 3.399999999999995470, -62.42187500000000711, -1.408326112068541525 ) ) ;
#6209 = CARTESIAN_POINT ( 'NONE',  ( -3.399999999999996358, -50.54687500000001421, 1.408326112068500890 ) ) ;
#6210 = CARTESIAN_POINT ( 'NONE',  ( -2.882579019330970826, -45.23437500170699366, -2.882579019330991699 ) ) ;
#6211 = CARTESIAN_POINT ( 'NONE',  ( 4.076582343749995729, -49.37500000170700787, -1.688575694911966796 ) ) ;
#6212 = CARTESIAN_POINT ( 'NONE',  ( 3.399999999999995026, -57.89062500341398732, 1.408326112068504221 ) ) ;
#6213 = EDGE_CURVE ( 'NONE', #4071, #1397, #103, .T. ) ;
#6214 = CARTESIAN_POINT ( 'NONE',  ( -4.076582343749995729, -45.31250000170699366, -1.688575694911967684 ) ) ;
#6215 = CARTESIAN_POINT ( 'NONE',  ( -7.488560278101070689E-16, -34.92187500170698655, 4.076582343749976189 ) ) ;
#6216 = CARTESIAN_POINT ( 'NONE',  ( 2.404163056034257728, -52.65625000000000000, 2.404163056034239077 ) ) ;
#6217 = EDGE_LOOP ( 'NONE', ( #3132, #4651, #6049, #4431 ) ) ;
#6218 = VERTEX_POINT ( 'NONE', #253 ) ;
#6219 = CARTESIAN_POINT ( 'NONE',  ( 0.000000000000000000, -65.00000000000000000, -1.995304164474380342E-14 ) ) ;
#6220 = EDGE_CURVE ( 'NONE', #1497, #3872, #6138, .T. ) ;
#6221 = CARTESIAN_POINT ( 'NONE',  ( -3.399999999999995470, -43.51562500341398732, -1.408326112068541747 ) ) ;
#6222 = CARTESIAN_POINT ( 'NONE',  ( -2.404163056034259061, -49.53125000341398021, 2.404163056034238188 ) ) ;
#6223 = CARTESIAN_POINT ( 'NONE',  ( 2.404163056034257728, -61.40625000000000000, 2.404163056034239077 ) ) ;
#6224 = CARTESIAN_POINT ( 'NONE',  ( 3.399999999999995914, -58.67187500000000000, -1.408326112068541525 ) ) ;
#6225 = CARTESIAN_POINT ( 'NONE',  ( 3.399999999999995914, -35.00000000000000000, -1.995304164474380342E-14 ) ) ;
#6226 = CARTESIAN_POINT ( 'NONE',  ( 0.000000000000000000, -65.00000000000000000, -3.400000000000015898 ) ) ;
#6227 = CARTESIAN_POINT ( 'NONE',  ( 4.076582343749995729, -50.85937500170699366, -1.995304164474380342E-14 ) ) ;
#6228 = CARTESIAN_POINT ( 'NONE',  ( -1.688575694911946590, -62.96875000170698655, -4.076582343750016157 ) ) ;
#6229 = CARTESIAN_POINT ( 'NONE',  ( 1.408326112068522651, -59.29687500341398732, 3.399999999999975486 ) ) ;
#6230 = CARTESIAN_POINT ( 'NONE',  ( -6.245698675651493936E-16, -63.12500000341399442, 3.399999999999975930 ) ) ;
#6231 = CARTESIAN_POINT ( 'NONE',  ( 4.076582343749995729, -56.95312500170699366, -1.995304164474380342E-14 ) ) ;
#6232 = CARTESIAN_POINT ( 'NONE',  ( 4.076582343749995729, -35.70312500170700076, -1.995304164474380342E-14 ) ) ;
#6233 = CARTESIAN_POINT ( 'NONE',  ( 2.081899558550498061E-16, -49.68750000000000000, -3.400000000000015898 ) ) ;
#6234 = CARTESIAN_POINT ( 'NONE',  ( 2.081899558550498061E-16, -53.75000000341398021, -3.400000000000015898 ) ) ;
#6235 = ORIENTED_EDGE ( 'NONE', *, *, #2602, .T. ) ;
#6236 = CARTESIAN_POINT ( 'NONE',  ( -2.882579019330972159, -46.17187500170699366, 2.882579019330950842 ) ) ;
#6237 = CARTESIAN_POINT ( 'NONE',  ( 1.688575694911947256, -54.37500000170699366, -4.076582343750016157 ) ) ;
#6238 = CARTESIAN_POINT ( 'NONE',  ( 1.408326112068544633, -40.07812500341397310, -3.399999999999992806 ) ) ;
#6239 = CARTESIAN_POINT ( 'NONE',  ( 2.404163056034258616, -57.34375000000000000, -2.404163056034278600 ) ) ;
#6240 = CARTESIAN_POINT ( 'NONE',  ( 1.408326112068545299, -37.73437500000000000, 3.399999999999952394 ) ) ;
#6241 = CARTESIAN_POINT ( 'NONE',  ( 1.688575694911947256, -61.71875000170700076, -4.076582343750016157 ) ) ;
#6242 = CARTESIAN_POINT ( 'NONE',  ( 4.076582343749995729, -34.45312500170699366, -1.995304164474380342E-14 ) ) ;
#6243 = CARTESIAN_POINT ( 'NONE',  ( 3.399999999999995914, -34.06250000341398732, -1.995304164474380342E-14 ) ) ;
#6244 = CARTESIAN_POINT ( 'NONE',  ( -6.245698675651493936E-16, -49.06250000000000000, 3.399999999999975930 ) ) ;
#6245 = CARTESIAN_POINT ( 'NONE',  ( 2.496186759367024056E-16, -49.14062500170699366, -4.076582343750016157 ) ) ;
#6246 = CARTESIAN_POINT ( 'NONE',  ( -2.882579019330970826, -45.23437500170699366, -2.882579019330991699 ) ) ;
#6247 = CARTESIAN_POINT ( 'NONE',  ( 3.399999999999995914, -48.75000000000000000, -1.995304164474380342E-14 ) ) ;
#6248 = CARTESIAN_POINT ( 'NONE',  ( -4.076582343749995729, -45.23437500170698655, -2.045227899661720714E-14 ) ) ;
#6249 = CYLINDRICAL_SURFACE ( 'NONE', #1013, 3.399999999999995914 ) ;
#6250 = CARTESIAN_POINT ( 'NONE',  ( 3.399999999999995914, -51.25000000000000711, -1.995304164474380342E-14 ) ) ;
#6251 = VECTOR ( 'NONE', #4816, 1000.000000000000000 ) ;
#6252 = VERTEX_POINT ( 'NONE', #5303 ) ;
#6253 = CARTESIAN_POINT ( 'NONE',  ( 1.408326112068522651, -39.29687500341398732, 3.399999999999975486 ) ) ;
#6254 = CARTESIAN_POINT ( 'NONE',  ( -3.399999999999995470, -41.01562500341398021, -1.408326112068541747 ) ) ;
#6255 = CARTESIAN_POINT ( 'NONE',  ( 3.399999999999995026, -49.14062500341398732, 1.408326112068503777 ) ) ;
#6256 = CARTESIAN_POINT ( 'NONE',  ( -1.408326112068521319, -64.60937500000000000, -3.400000000000015898 ) ) ;
#6257 = CARTESIAN_POINT ( 'NONE',  ( -2.882579019330970826, -63.98437500170699366, -2.882579019330991699 ) ) ;
#6258 = PLANE ( 'NONE',  #1756 ) ;
#6259 = DIRECTION ( 'NONE',  ( 0.000000000000000000, 0.000000000000000000, -1.000000000000000000 ) ) ;
#6260 = CARTESIAN_POINT ( 'NONE',  ( -4.076582343749995729, -48.98437500170699366, -2.045227899661720714E-14 ) ) ;
#6261 = CARTESIAN_POINT ( 'NONE',  ( -4.076582343749996618, -60.15625000170699366, 1.688575694911926828 ) ) ;
#6262 = CARTESIAN_POINT ( 'NONE',  ( -3.399999999999995914, -54.68750000341398732, -2.036942155645390229E-14 ) ) ;
#6263 = CARTESIAN_POINT ( 'NONE',  ( -3.399999999999995470, -63.51562500341398732, -1.408326112068541747 ) ) ;
#6264 = CARTESIAN_POINT ( 'NONE',  ( -7.488560278101070689E-16, -54.76562500170699366, 4.076582343749976189 ) ) ;
#6265 = CARTESIAN_POINT ( 'NONE',  ( -1.688575694911946590, -36.56250000170699366, -4.076582343750016157 ) ) ;
#6266 = CARTESIAN_POINT ( 'NONE',  ( 3.399999999999995914, -50.00000000000000000, -1.995304164474380342E-14 ) ) ;
#6267 = FACE_OUTER_BOUND ( 'NONE', #3379, .T. ) ;
#6268 = EDGE_LOOP ( 'NONE', ( #2195, #2087 ) ) ;
#6269 = CARTESIAN_POINT ( 'NONE',  ( 1.688575694911947256, -49.21875000170699366, -4.076582343750016157 ) ) ;
#6270 = CARTESIAN_POINT ( 'NONE',  ( 1.688575694911947256, -50.62500000170698655, -4.076582343750016157 ) ) ;
#6271 = SECURITY_CLASSIFICATION_LEVEL ( 'unclassified' ) ;
#6272 = ADVANCED_FACE ( 'NONE', ( #182 ), #813, .F. ) ;
#6273 = CARTESIAN_POINT ( 'NONE',  ( 2.081899558550498061E-16, -48.75000000341398732, -3.400000000000015898 ) ) ;
#6274 = CARTESIAN_POINT ( 'NONE',  ( 3.399999999999995914, -46.56250000341398732, -1.995304164474380342E-14 ) ) ;
#6275 = EDGE_CURVE ( 'NONE', #6420, #3817, #5204, .T. ) ;
#6276 = CARTESIAN_POINT ( 'NONE',  ( -7.488560278101070689E-16, -61.01562500170699366, 4.076582343749976189 ) ) ;
#6277 = CARTESIAN_POINT ( 'NONE',  ( -3.399999999999995914, -45.70312500000000000, -1.408326112068541747 ) ) ;
#6278 = CARTESIAN_POINT ( 'NONE',  ( -3.399999999999995470, -64.45312500000000000, -1.408326112068541747 ) ) ;
#6279 = CARTESIAN_POINT ( 'NONE',  ( 3.399999999999995026, -47.57812500000000000, 1.408326112068503777 ) ) ;
#6280 = CARTESIAN_POINT ( 'NONE',  ( -1.688575694911946590, -44.06250000170700076, -4.076582343750016157 ) ) ;
#6281 = CARTESIAN_POINT ( 'NONE',  ( -7.488560278101070689E-16, -47.26562500170699366, 4.076582343749976189 ) ) ;
#6282 = CARTESIAN_POINT ( 'NONE',  ( 3.399999999999995914, -62.42187500000000000, -1.408326112068541525 ) ) ;
#6283 = CARTESIAN_POINT ( 'NONE',  ( 1.688575694911947922, -42.34375000170699366, 4.076582343749975301 ) ) ;
#6284 = CARTESIAN_POINT ( 'NONE',  ( -4.076582343749996618, -38.90625000170698655, 1.688575694911926828 ) ) ;
#6285 = VERTEX_POINT ( 'NONE', #4785 ) ;
#6286 = CARTESIAN_POINT ( 'NONE',  ( 3.399999999999995026, -44.14062500341397310, 1.408326112068504221 ) ) ;
#6287 = EDGE_CURVE ( 'NONE', #5173, #1132, #330, .T. ) ;
#6288 = CARTESIAN_POINT ( 'NONE',  ( -2.404163056034258172, -41.09375000341398732, -2.404163056034278600 ) ) ;
#6289 = CARTESIAN_POINT ( 'NONE',  ( 1.408326112068521985, -48.82812500341398732, -3.400000000000015898 ) ) ;
#6290 = CARTESIAN_POINT ( 'NONE',  ( 3.399999999999995026, -62.57812499999999289, 1.408326112068503777 ) ) ;
#6291 = CARTESIAN_POINT ( 'NONE',  ( 4.076582343749995729, -63.20312500170699366, -1.995304164474380342E-14 ) ) ;
#6292 = CARTESIAN_POINT ( 'NONE',  ( -6.245698675651493936E-16, -40.31250000000000000, 3.399999999999975930 ) ) ;
#6293 = CARTESIAN_POINT ( 'NONE',  ( -6.245698675651493936E-16, -60.31250000000000711, 3.399999999999975930 ) ) ;
#6294 = CARTESIAN_POINT ( 'NONE',  ( -4.076582343749995729, -50.31250000170699366, -1.688575694911967240 ) ) ;
#6295 = AXIS2_PLACEMENT_3D ( 'NONE', #308, #5495, #2350 ) ;
#6296 = EDGE_LOOP ( 'NONE', ( #5886, #904, #569, #6036 ) ) ;
#6297 = EDGE_CURVE ( 'NONE', #5749, #3337, #3857, .T. ) ;
#6298 = CARTESIAN_POINT ( 'NONE',  ( 2.882579019330970382, -61.01562500170699366, 2.882579019330952175 ) ) ;
#6299 = CARTESIAN_POINT ( 'NONE',  ( 1.408326112068522651, -56.79687500341398021, 3.399999999999975486 ) ) ;
#6300 = DIRECTION ( 'NONE',  ( -0.000000000000000000, -1.000000000000000000, -0.000000000000000000 ) ) ;
#6301 = CARTESIAN_POINT ( 'NONE',  ( -4.076582343749996618, -55.00000000170699366, 1.688575694911926828 ) ) ;
#6302 = ORIENTED_EDGE ( 'NONE', *, *, #6006, .F. ) ;
#6303 = CARTESIAN_POINT ( 'NONE',  ( -2.404163056034259061, -47.96875000000000711, 2.404163056034238188 ) ) ;
#6304 = CARTESIAN_POINT ( 'NONE',  ( -3.399999999999996803, -59.60937500341398021, 1.408326112068501335 ) ) ;
#6305 = ADVANCED_FACE ( 'NONE', ( #5270 ), #167, .F. ) ;
#6306 = ORIENTED_EDGE ( 'NONE', *, *, #3900, .F. ) ;
#6307 = CARTESIAN_POINT ( 'NONE',  ( 4.076582343749994841, -45.78125000170698655, 1.688575694911929936 ) ) ;
#6308 = CARTESIAN_POINT ( 'NONE',  ( 2.882579019330970382, -49.76562500170698655, 2.882579019330952175 ) ) ;
#6309 = CALENDAR_DATE ( 2026, 20, 5 ) ;
#6310 = CARTESIAN_POINT ( 'NONE',  ( 3.399999999999995914, -57.42187500000000000, -1.408326112068541525 ) ) ;
#6311 = CARTESIAN_POINT ( 'NONE',  ( -1.408326112068498670, -44.92187500341399442, -3.400000000000039435 ) ) ;
#6312 = CARTESIAN_POINT ( 'NONE',  ( -4.076582343749995729, -58.90625000170700076, -1.688575694911967240 ) ) ;
#6313 = CARTESIAN_POINT ( 'NONE',  ( 2.404163056034258616, -57.34375000000000000, -2.404163056034278600 ) ) ;
#6314 = CARTESIAN_POINT ( 'NONE',  ( 1.688575694911947922, -39.68750000170699366, 4.076582343749975301 ) ) ;
#6315 = CARTESIAN_POINT ( 'NONE',  ( -4.076582343749995729, -45.15625000170700076, -1.688575694911967240 ) ) ;
#6316 = CARTESIAN_POINT ( 'NONE',  ( 2.404163056034258616, -60.15625000341398732, -2.404163056034278600 ) ) ;
#6317 = CARTESIAN_POINT ( 'NONE',  ( 1.688575694911947256, -40.62500000170699366, -4.076582343750016157 ) ) ;
#6318 = CARTESIAN_POINT ( 'NONE',  ( 4.076582343749995729, -38.28125000170698655, -1.688575694911966796 ) ) ;
#6319 = VERTEX_POINT ( 'NONE', #3222 ) ;
#6320 = CARTESIAN_POINT ( 'NONE',  ( -6.245698675651493936E-16, -44.37500000341398732, 3.399999999999975930 ) ) ;
#6321 = CARTESIAN_POINT ( 'NONE',  ( 3.399999999999995026, -41.64062500341398021, 1.408326112068503777 ) ) ;
#6322 = CARTESIAN_POINT ( 'NONE',  ( -3.399999999999995470, -61.95312500000000711, -1.408326112068541747 ) ) ;
#6323 = CARTESIAN_POINT ( 'NONE',  ( -2.882579019330970826, -60.23437500170699366, -2.882579019330991699 ) ) ;
#6324 = CARTESIAN_POINT ( 'NONE',  ( -2.404163056034258172, -43.28125000000000000, -2.404163056034278600 ) ) ;
#6325 = CARTESIAN_POINT ( 'NONE',  ( 3.399999999999995914, -36.25000000000000711, -1.995304164474380342E-14 ) ) ;
#6326 = CARTESIAN_POINT ( 'NONE',  ( 2.882579019330970382, -53.51562500170699366, 2.882579019330952175 ) ) ;
#6327 = VERTEX_POINT ( 'NONE', #5226 ) ;
#6328 = CARTESIAN_POINT ( 'NONE',  ( -2.882579019330972159, -60.07812500170699366, 2.882579019330950842 ) ) ;
#6329 = CARTESIAN_POINT ( 'NONE',  ( -2.404163056034259061, -58.28125000341398732, 2.404163056034238188 ) ) ;
#6330 = CARTESIAN_POINT ( 'NONE',  ( 3.399999999999995470, -63.98437500341398732, -1.408326112068541525 ) ) ;
#6331 = CIRCLE ( 'NONE', #363, 3.399999999999993694 ) ;
#6332 = CARTESIAN_POINT ( 'NONE',  ( -4.076582343749995729, -57.65625000170699366, -1.688575694911967684 ) ) ;
#6333 = CARTESIAN_POINT ( 'NONE',  ( 2.404163056034257728, -41.71875000341398732, 2.404163056034239077 ) ) ;
#6334 = CARTESIAN_POINT ( 'NONE',  ( 2.081899558550498061E-16, -48.43750000000000000, -3.400000000000015898 ) ) ;
#6335 = LINE ( 'NONE', #3847, #2895 ) ;
#6336 = ORIENTED_EDGE ( 'NONE', *, *, #1636, .T. ) ;
#6337 = EDGE_CURVE ( 'NONE', #2424, #455, #2088, .T. ) ;
#6338 = CARTESIAN_POINT ( 'NONE',  ( -2.882579019330972159, -44.92187500170699366, 2.882579019330950842 ) ) ;
#6339 = CARTESIAN_POINT ( 'NONE',  ( -1.688575694911946590, -46.71875000170699366, -4.076582343750016157 ) ) ;
#6340 = DATE_AND_TIME ( #1386, #1898 ) ;
#6341 = CARTESIAN_POINT ( 'NONE',  ( 2.404163056034257728, -57.65625000000000000, 2.404163056034239077 ) ) ;
#6342 = CARTESIAN_POINT ( 'NONE',  ( -6.245698675651493936E-16, -61.87500000341398732, 3.399999999999975930 ) ) ;
#6343 = CARTESIAN_POINT ( 'NONE',  ( 1.688575694911947922, -54.68750000170698655, 4.076582343749975301 ) ) ;
#6344 = CARTESIAN_POINT ( 'NONE',  ( 2.081899558550498061E-16, -57.18750000000000000, -3.400000000000015898 ) ) ;
#6345 = CARTESIAN_POINT ( 'NONE',  ( -4.076582343749995729, -40.15625000170699366, -1.688575694911967684 ) ) ;
#6346 = CARTESIAN_POINT ( 'NONE',  ( -2.882579019330972159, -47.42187500170700076, 2.882579019330950842 ) ) ;
#6347 = CARTESIAN_POINT ( 'NONE',  ( 3.399999999999995914, -61.17187500000000000, -1.408326112068541525 ) ) ;
#6348 = CARTESIAN_POINT ( 'NONE',  ( 2.496186759367024056E-16, -44.29687500170699366, -4.076582343750016157 ) ) ;
#6349 = CARTESIAN_POINT ( 'NONE',  ( -3.399999999999995914, -40.62500000000000000, -2.036942155645390229E-14 ) ) ;
#6350 = ORIENTED_EDGE ( 'NONE', *, *, #1034, .T. ) ;
#6351 = CARTESIAN_POINT ( 'NONE',  ( -1.688575694911950142, -63.59375000170700076, 4.076582343749975301 ) ) ;
#6352 = CARTESIAN_POINT ( 'NONE',  ( -1.408326112068521319, -41.17187500341398732, -3.400000000000015898 ) ) ;
#6353 = CARTESIAN_POINT ( 'NONE',  ( -2.404163056034258172, -43.59375000341398732, -2.404163056034278600 ) ) ;
#6354 = CARTESIAN_POINT ( 'NONE',  ( -1.408326112068521319, -63.35937500000000000, -3.400000000000015898 ) ) ;
#6355 = CARTESIAN_POINT ( 'NONE',  ( -1.688575694911946590, -60.31250000170700076, -4.076582343750016157 ) ) ;
#6356 = CARTESIAN_POINT ( 'NONE',  ( 2.081899558550498061E-16, -47.50000000341398732, -3.400000000000015898 ) ) ;
#6357 = CARTESIAN_POINT ( 'NONE',  ( 3.399999999999995914, -64.06250000341398732, -1.995304164474380342E-14 ) ) ;
#6358 = CARTESIAN_POINT ( 'NONE',  ( 2.496186759367024056E-16, -48.04687500170699366, -4.076582343750016157 ) ) ;
#6359 = CARTESIAN_POINT ( 'NONE',  ( 1.408326112068510438, -53.51562500000000711, -3.400000000000027445 ) ) ;
#6360 = VECTOR ( 'NONE', #3703, 1000.000000000000227 ) ;
#6361 = VERTEX_POINT ( 'NONE', #6169 ) ;
#6362 = CARTESIAN_POINT ( 'NONE',  ( 2.882579019330971715, -58.20312500170699366, -2.882579019330991699 ) ) ;
#6363 = AXIS2_PLACEMENT_3D ( 'NONE', #195, #6300, #4833 ) ;
#6364 = CARTESIAN_POINT ( 'NONE',  ( -3.399999999999996358, -55.85937500341398732, 1.408326112068500890 ) ) ;
#6365 = CARTESIAN_POINT ( 'NONE',  ( -2.404163056034258172, -57.34375000341398021, -2.404163056034278600 ) ) ;
#6366 = CARTESIAN_POINT ( 'NONE',  ( -1.688575694911950142, -51.09375000170699366, 4.076582343749975301 ) ) ;
#6367 = CARTESIAN_POINT ( 'NONE',  ( 3.399999999999995470, -41.17187500000000000, -1.408326112068541525 ) ) ;
#6368 = CARTESIAN_POINT ( 'NONE',  ( -4.076582343749996618, -62.65625000170699366, 1.688575694911926828 ) ) ;
#6369 = ORIENTED_EDGE ( 'NONE', *, *, #3893, .F. ) ;
#6370 = CARTESIAN_POINT ( 'NONE',  ( 2.882579019330971715, -40.54687500170699366, -2.882579019330991699 ) ) ;
#6371 = CARTESIAN_POINT ( 'NONE',  ( 4.076582343749995729, -49.53125000170698655, -1.688575694911966796 ) ) ;
#6372 = CARTESIAN_POINT ( 'NONE',  ( -6.245698675651493936E-16, -35.31250000000000000, 3.399999999999975930 ) ) ;
#6373 =( BOUNDED_CURVE ( )  B_SPLINE_CURVE ( 2, ( #1343, #5804, #5277, #3276, #5698, #324, #2782, #4792, #294 ),
 .UNSPECIFIED., .F., .F. ) 
 B_SPLINE_CURVE_WITH_KNOTS ( ( 3, 2, 2, 2, 3 ),
 ( 0.2812500000000000000, 0.2864583333333333148, 0.2916666666666667407, 0.2968750000000000555, 0.3020833333333333703 ),
 .UNSPECIFIED. ) 
 CURVE ( )  GEOMETRIC_REPRESENTATION_ITEM ( )  RATIONAL_B_SPLINE_CURVE ( ( 1.000000000000000000, 0.9238795325112867385, 1.000000000000000000, 0.9238795325112867385, 1.000000000000000000, 0.9238795325112867385, 1.000000000000000000, 0.9238795325112859613, 1.000000000000000888 ) ) 
 REPRESENTATION_ITEM ( '' )  );
#6374 = ADVANCED_FACE ( 'NONE', ( #3114 ), #1186, .F. ) ;
#6375 = CARTESIAN_POINT ( 'NONE',  ( 1.688575694911947256, -59.21875000170700076, -4.076582343750016157 ) ) ;
#6376 = CARTESIAN_POINT ( 'NONE',  ( 1.408326112068522651, -60.23437500000000000, 3.399999999999975486 ) ) ;
#6377 = CARTESIAN_POINT ( 'NONE',  ( -4.076582343749995729, -43.90625000170699366, -1.688575694911967684 ) ) ;
#6378 = CARTESIAN_POINT ( 'NONE',  ( 4.076582343749994841, -44.53125000170698655, 1.688575694911929936 ) ) ;
#6379 = DIRECTION ( 'NONE',  ( 0.000000000000000000, 0.000000000000000000, -1.000000000000000000 ) ) ;
#6380 = CARTESIAN_POINT ( 'NONE',  ( -2.882579019330972159, -55.07812500170699366, 2.882579019330950842 ) ) ;
#6381 = DIRECTION ( 'NONE',  ( 0.000000000000000000, 0.000000000000000000, -1.000000000000000000 ) ) ;
#6382 = ORIENTED_EDGE ( 'NONE', *, *, #2454, .T. ) ;
#6383 = CARTESIAN_POINT ( 'NONE',  ( 1.408326112068521985, -36.32812500341398021, -3.400000000000015898 ) ) ;
#6384 = CARTESIAN_POINT ( 'NONE',  ( -3.399999999999996358, -43.35937500341398021, 1.408326112068500890 ) ) ;
#6385 = CARTESIAN_POINT ( 'NONE',  ( 3.399999999999995914, -60.00000000000000711, -1.995304164474380342E-14 ) ) ;
#6386 = CARTESIAN_POINT ( 'NONE',  ( -1.688575694911946590, -61.56250000170699366, -4.076582343750016157 ) ) ;
#6387 = CARTESIAN_POINT ( 'NONE',  ( 0.000000000000000000, -65.00000000000000000, 6.499999999999980460 ) ) ;
#6388 = CARTESIAN_POINT ( 'NONE',  ( 1.688575694911947256, -48.12500000170699366, -4.076582343750016157 ) ) ;
#6389 = ORIENTED_EDGE ( 'NONE', *, *, #5056, .F. ) ;
#6390 = CARTESIAN_POINT ( 'NONE',  ( -2.404163056034258172, -58.59375000341398732, -2.404163056034278600 ) ) ;
#6391 = CARTESIAN_POINT ( 'NONE',  ( -3.399999999999995914, -57.18750000341398732, -2.036942155645390229E-14 ) ) ;
#6392 = CARTESIAN_POINT ( 'NONE',  ( 2.081899558550498061E-16, -37.18750000000000000, -3.400000000000015898 ) ) ;
#6393 = CARTESIAN_POINT ( 'NONE',  ( -7.488560278101070689E-16, -52.26562500170699366, 4.076582343749976189 ) ) ;
#6394 = CARTESIAN_POINT ( 'NONE',  ( -2.404163056034259061, -42.96875000000000000, 2.404163056034238188 ) ) ;
#6395 = CARTESIAN_POINT ( 'NONE',  ( -7.488560278101070689E-16, -63.67187500170700076, 4.076582343749976189 ) ) ;
#6396 = VERTEX_POINT ( 'NONE', #133 ) ;
#6397 = CARTESIAN_POINT ( 'NONE',  ( 0.000000000000000000, -65.00000000000000000, -1.995304164474380342E-14 ) ) ;
#6398 = CARTESIAN_POINT ( 'NONE',  ( -1.688575694911949698, -43.59375000170698655, 4.076582343749975301 ) ) ;
#6399 = CARTESIAN_POINT ( 'NONE',  ( -4.076582343749995729, -45.31250000170698655, -1.688575694911967240 ) ) ;
#6400 = CARTESIAN_POINT ( 'NONE',  ( -2.404163056034259061, -46.71875000000000000, 2.404163056034238188 ) ) ;
#6401 = CARTESIAN_POINT ( 'NONE',  ( -6.245698675651493936E-16, -41.56250000000000000, 3.399999999999975930 ) ) ;
#6402 = CARTESIAN_POINT ( 'NONE',  ( -3.399999999999995914, -46.01562500341398021, -1.408326112068541747 ) ) ;
#6403 = CARTESIAN_POINT ( 'NONE',  ( 4.076582343749995729, -58.12500000170699366, -1.688575694911966796 ) ) ;
#6404 = CARTESIAN_POINT ( 'NONE',  ( 3.399999999999995470, -59.92187500000000711, -1.408326112068541525 ) ) ;
#6405 = CARTESIAN_POINT ( 'NONE',  ( -1.688575694911950142, -43.59375000170700076, 4.076582343749975301 ) ) ;
#6406 = CARTESIAN_POINT ( 'NONE',  ( -4.076582343749995729, -43.82812500170699366, -2.045227899661720714E-14 ) ) ;
#6407 = CARTESIAN_POINT ( 'NONE',  ( -6.245698675651493936E-16, -51.87500000341398021, 3.399999999999975930 ) ) ;
#6408 = CARTESIAN_POINT ( 'NONE',  ( -1.688575694911946590, -56.71875000170699366, -4.076582343750016157 ) ) ;
#6409 =( BOUNDED_CURVE ( )  B_SPLINE_CURVE ( 2, ( #3752, #3387, #5878, #5753, #2248, #3822, #4872, #1358, #1296 ),
 .UNSPECIFIED., .F., .F. ) 
 B_SPLINE_CURVE_WITH_KNOTS ( ( 3, 2, 2, 2, 3 ),
 ( 0.4062500000000001110, 0.4114583333333334259, 0.4166666666666668517, 0.4218750000000001665, 0.4270833333333334814 ),
 .UNSPECIFIED. ) 
 CURVE ( )  GEOMETRIC_REPRESENTATION_ITEM ( )  RATIONAL_B_SPLINE_CURVE ( ( 0.9999999999999983347, 0.9238795325112884038, 1.000000000000000000, 0.9238795325112867385, 1.000000000000000000, 0.9238795325112867385, 1.000000000000000000, 0.9238795325112842960, 1.000000000000002442 ) ) 
 REPRESENTATION_ITEM ( '' )  );
#6410 = VERTEX_POINT ( 'NONE', #2247 ) ;
#6411 = CARTESIAN_POINT ( 'NONE',  ( 3.399999999999995470, -35.23437500341398732, -1.408326112068541525 ) ) ;
#6412 = CARTESIAN_POINT ( 'NONE',  ( 3.399999999999995914, -40.31250000341398732, -1.995304164474380342E-14 ) ) ;
#6413 = ADVANCED_FACE ( 'NONE', ( #205 ), #4176, .F. ) ;
#6414 = CARTESIAN_POINT ( 'NONE',  ( 3.399999999999995914, -57.50000000000000000, -1.995304164474380342E-14 ) ) ;
#6415 = CARTESIAN_POINT ( 'NONE',  ( 2.882579019330970382, -60.85937500170699366, 2.882579019330952175 ) ) ;
#6416 = AXIS2_PLACEMENT_3D ( 'NONE', #4025, #1298, #5295 ) ;
#6417 = DIRECTION ( 'NONE',  ( -0.000000000000000000, -1.000000000000000000, -0.000000000000000000 ) ) ;
#6418 = CARTESIAN_POINT ( 'NONE',  ( -7.488560278101070689E-16, -47.42187500170699366, 4.076582343749976189 ) ) ;
#6419 = CARTESIAN_POINT ( 'NONE',  ( 1.408326112068522651, -41.48437500000000000, 3.399999999999975486 ) ) ;
#6420 = VERTEX_POINT ( 'NONE', #3147 ) ;
#6421 = CARTESIAN_POINT ( 'NONE',  ( 2.496186759367024056E-16, -39.29687500170699366, -4.076582343750016157 ) ) ;
#6422 = CARTESIAN_POINT ( 'NONE',  ( -3.399999999999996358, -49.60937500341398732, 1.408326112068500890 ) ) ;
#6423 = CARTESIAN_POINT ( 'NONE',  ( -2.404163056034258172, -59.84375000341398732, -2.404163056034278600 ) ) ;
#6424 = CARTESIAN_POINT ( 'NONE',  ( -1.408326112068521319, -38.35937500000000000, -3.400000000000015898 ) ) ;
#6425 = CARTESIAN_POINT ( 'NONE',  ( -4.076582343749995729, -53.82812500170699366, -2.045227899661720714E-14 ) ) ;
#6426 = CARTESIAN_POINT ( 'NONE',  ( 1.408326112068521985, -43.51562500000000711, -3.400000000000015898 ) ) ;
#6427 = CARTESIAN_POINT ( 'NONE',  ( -2.882579019330970826, -61.64062500170699366, -2.882579019330991699 ) ) ;
#6428 = AXIS2_PLACEMENT_3D ( 'NONE', #2038, #4999, #6100 ) ;
#6429 = CARTESIAN_POINT ( 'NONE',  ( 0.000000000000000000, -65.00000000000000000, -3.400000000000015898 ) ) ;
#6430 = CARTESIAN_POINT ( 'NONE',  ( 1.688575694911947256, -40.46875000170698655, -4.076582343750016157 ) ) ;
#6431 = CARTESIAN_POINT ( 'NONE',  ( 4.076582343749995729, -47.10937500170699366, -1.995304164474380342E-14 ) ) ;
#6432 = CARTESIAN_POINT ( 'NONE',  ( 3.399999999999995026, -41.32812500000000711, 1.408326112068503777 ) ) ;
#6433 = CARTESIAN_POINT ( 'NONE',  ( -3.399999999999995914, -44.76562500341398021, -1.408326112068541747 ) ) ;
#6434 = CARTESIAN_POINT ( 'NONE',  ( -7.488560278101070689E-16, -56.01562500170699366, 4.076582343749976189 ) ) ;
#6435 = CARTESIAN_POINT ( 'NONE',  ( -3.399999999999995470, -58.20312500000000711, -1.408326112068541747 ) ) ;
#6436 = CARTESIAN_POINT ( 'NONE',  ( -2.882579019330970826, -37.73437500170699366, -2.882579019330991699 ) ) ;
#6437 = CARTESIAN_POINT ( 'NONE',  ( 4.076582343749994841, -42.03125000170698655, 1.688575694911929936 ) ) ;
#6438 = CARTESIAN_POINT ( 'NONE',  ( 2.404163056034257728, -61.40625000000000000, 2.404163056034239077 ) ) ;
#6439 = CARTESIAN_POINT ( 'NONE',  ( 2.882579019330971715, -53.20312500170699366, -2.882579019330991699 ) ) ;
#6440 = EDGE_LOOP ( 'NONE', ( #1968, #79, #861, #1199 ) ) ;
#6441 = CARTESIAN_POINT ( 'NONE',  ( 1.688575694911947256, -62.96875000170700076, -4.076582343750016157 ) ) ;
#6442 = CARTESIAN_POINT ( 'NONE',  ( 1.408326112068522651, -35.54687500341399442, 3.399999999999975486 ) ) ;
#6443 = CARTESIAN_POINT ( 'NONE',  ( 2.081899558550498061E-16, -41.25000000341398732, -3.400000000000015898 ) ) ;
#6444 = CARTESIAN_POINT ( 'NONE',  ( 2.404163056034257728, -60.15625000000000000, 2.404163056034239077 ) ) ;
#6445 = CARTESIAN_POINT ( 'NONE',  ( 4.076582343749995729, -56.95312500170699366, -1.995304164474380342E-14 ) ) ;
#6446 = LINE ( 'NONE', #3461, #3418 ) ;
#6447 = CARTESIAN_POINT ( 'NONE',  ( -4.076582343749996618, -45.15625000170700076, 1.688575694911926828 ) ) ;
#6448 = EDGE_LOOP ( 'NONE', ( #5344, #6152, #4838, #2910, #1697, #5392 ) ) ;
#6449 = ADVANCED_FACE ( 'NONE', ( #732 ), #1148, .F. ) ;
#6450 = CARTESIAN_POINT ( 'NONE',  ( -2.882579019330970826, -36.64062500170699366, -2.882579019330991699 ) ) ;
#6451 = CARTESIAN_POINT ( 'NONE',  ( -1.408326112068523317, -51.95312500341398732, 3.399999999999975042 ) ) ;
#6452 = CARTESIAN_POINT ( 'NONE',  ( -3.399999999999996358, -58.35937500341399442, 1.408326112068500890 ) ) ;
#6453 = CARTESIAN_POINT ( 'NONE',  ( -2.404163056034258172, -37.03125000000000000, -2.404163056034278600 ) ) ;
#6454 = CARTESIAN_POINT ( 'NONE',  ( -3.399999999999995914, -37.26562500341399442, -1.408326112068541747 ) ) ;
#6455 = CARTESIAN_POINT ( 'NONE',  ( -2.404163056034259061, -41.71875000000000000, 2.404163056034238188 ) ) ;
#6456 = CARTESIAN_POINT ( 'NONE',  ( -4.076582343749996618, -63.90625000170699366, 1.688575694911926828 ) ) ;
#6457 = VECTOR ( 'NONE', #4330, 1000.000000000000000 ) ;
#6458 = CARTESIAN_POINT ( 'NONE',  ( -1.408326112068521763, -34.92187500341398021, -3.400000000000015898 ) ) ;
#6459 = CARTESIAN_POINT ( 'NONE',  ( 4.076582343749995729, -41.87500000170699366, -1.688575694911966796 ) ) ;
#6460 = CARTESIAN_POINT ( 'NONE',  ( -2.882579019330972159, -45.07812500170699366, 2.882579019330950842 ) ) ;
#6461 = CARTESIAN_POINT ( 'NONE',  ( 3.399999999999995026, -45.07812500000000000, 1.408326112068503777 ) ) ;
#6462 = DIRECTION ( 'NONE',  ( -0.000000000000000000, -1.000000000000000000, -0.000000000000000000 ) ) ;
#6463 = EDGE_CURVE ( 'NONE', #5541, #5378, #1181, .T. ) ;
#6464 = CARTESIAN_POINT ( 'NONE',  ( -2.882579019330970826, -55.39062500170699366, -2.882579019330991699 ) ) ;
#6465 = CARTESIAN_POINT ( 'NONE',  ( 4.076582343749995729, -35.62500000170700076, -1.688575694911967018 ) ) ;
#6466 = CARTESIAN_POINT ( 'NONE',  ( 1.688575694911947922, -40.93750000170700076, 4.076582343749975301 ) ) ;
#6467 = CARTESIAN_POINT ( 'NONE',  ( -2.404163056034258172, -44.53125000000000000, -2.404163056034278600 ) ) ;
#6468 = CARTESIAN_POINT ( 'NONE',  ( 4.076582343749995729, -55.85937500170699366, -1.995304164474380342E-14 ) ) ;
#6469 = ORIENTED_EDGE ( 'NONE', *, *, #5056, .T. ) ;
#6470 = CARTESIAN_POINT ( 'NONE',  ( 4.076582343749994841, -63.28125000170699366, 1.688575694911929936 ) ) ;
#6471 = CARTESIAN_POINT ( 'NONE',  ( -1.408326112068523317, -34.45312500341398732, 3.399999999999975042 ) ) ;
#6472 = CARTESIAN_POINT ( 'NONE',  ( -2.404163056034258172, -39.84375000341398732, -2.404163056034278600 ) ) ;
#6473 = CARTESIAN_POINT ( 'NONE',  ( 2.404163056034257728, -57.65625000000000000, 2.404163056034239077 ) ) ;
#6474 = CARTESIAN_POINT ( 'NONE',  ( 2.882579019330971715, -54.29687500170699366, -2.882579019330991699 ) ) ;
#6475 = CARTESIAN_POINT ( 'NONE',  ( 2.081899558550498061E-16, -60.00000000341398732, -3.400000000000015898 ) ) ;
#6476 = CARTESIAN_POINT ( 'NONE',  ( -2.882579019330972159, -45.07812500170699366, 2.882579019330950842 ) ) ;
#6477 = CARTESIAN_POINT ( 'NONE',  ( -3.399999999999995914, -54.37500000000000000, -2.036942155645390229E-14 ) ) ;
#6478 = ORIENTED_EDGE ( 'NONE', *, *, #3482, .F. ) ;
#6479 = EDGE_CURVE ( 'NONE', #2401, #3237, #4094, .T. ) ;
#6480 = CARTESIAN_POINT ( 'NONE',  ( -1.688575694911946590, -37.96875000170698655, -4.076582343750016157 ) ) ;
#6481 = CARTESIAN_POINT ( 'NONE',  ( -3.399999999999995914, -50.93750000341398732, -2.036942155645390229E-14 ) ) ;
#6482 = CARTESIAN_POINT ( 'NONE',  ( 2.404163056034257728, -55.46875000341398732, 2.404163056034239077 ) ) ;
#6483 = CARTESIAN_POINT ( 'NONE',  ( 2.081899558550498061E-16, -38.43750000000000000, -3.400000000000015898 ) ) ;
#6484 = CARTESIAN_POINT ( 'NONE',  ( 3.374511235963893352, -64.71433015955325629, -1.628971493005694660 ) ) ;
#6485 = CARTESIAN_POINT ( 'NONE',  ( 3.399999999999995026, -41.32812500000000711, 1.408326112068503777 ) ) ;
#6486 = CARTESIAN_POINT ( 'NONE',  ( -1.688575694911946590, -60.46875000170700076, -4.076582343750016157 ) ) ;
#6487 = CARTESIAN_POINT ( 'NONE',  ( 4.163799117100993164E-16, -35.00000000000000000, 3.399999999999973710 ) ) ;
#6488 = CARTESIAN_POINT ( 'NONE',  ( -7.488560278101070689E-16, -39.76562500170699366, 4.076582343749976189 ) ) ;
#6489 = CARTESIAN_POINT ( 'NONE',  ( 4.076582343749995729, -42.03125000170697945, -1.688575694911966796 ) ) ;
#6490 = CARTESIAN_POINT ( 'NONE',  ( -3.399999999999995914, -45.62500000000000000, -2.036942155645390229E-14 ) ) ;
#6491 = CARTESIAN_POINT ( 'NONE',  ( -1.408326112068509994, -58.35937500000000000, -3.400000000000027445 ) ) ;
#6492 = MANIFOLD_SOLID_BREP ( '\X2\87ba7eb97ebf\X0\1', #5755 ) ;
#6493 = CARTESIAN_POINT ( 'NONE',  ( 4.076582343749995729, -58.35937500170699366, -1.995304164474380342E-14 ) ) ;
ENDSEC;
END-ISO-10303-21;
